episode_id,country,commodity,lpi,scenario_type,total_severity,disruption_types,stochastic_opt_recovery_days,stochastic_opt_recovered,stochastic_opt_dipped,stochastic_opt_total_cost,stochastic_opt_service_cov,stochastic_opt_mean_service,stochastic_opt_min_service,stochastic_opt_switch_used,stochastic_opt_actions,rl_s0_recovery_days,rl_s0_recovered,rl_s0_dipped,rl_s0_total_cost,rl_s0_service_cov,rl_s0_mean_service,rl_s0_min_service,rl_s0_switch_used,rl_s0_actions,crl_s0_recovery_days,crl_s0_recovered,crl_s0_dipped,crl_s0_total_cost,crl_s0_service_cov,crl_s0_mean_service,crl_s0_min_service,crl_s0_switch_used,crl_s0_actions,rl_s1_recovery_days,rl_s1_recovered,rl_s1_dipped,rl_s1_total_cost,rl_s1_service_cov,rl_s1_mean_service,rl_s1_min_service,rl_s1_switch_used,rl_s1_actions,crl_s1_recovery_days,crl_s1_recovered,crl_s1_dipped,crl_s1_total_cost,crl_s1_service_cov,crl_s1_mean_service,crl_s1_min_service,crl_s1_switch_used,crl_s1_actions,rl_s2_recovery_days,rl_s2_recovered,rl_s2_dipped,rl_s2_total_cost,rl_s2_service_cov,rl_s2_mean_service,rl_s2_min_service,rl_s2_switch_used,rl_s2_actions,crl_s2_recovery_days,crl_s2_recovered,crl_s2_dipped,crl_s2_total_cost,crl_s2_service_cov,crl_s2_mean_service,crl_s2_min_service,crl_s2_switch_used,crl_s2_actions,rl_s3_recovery_days,rl_s3_recovered,rl_s3_dipped,rl_s3_total_cost,rl_s3_service_cov,rl_s3_mean_service,rl_s3_min_service,rl_s3_switch_used,rl_s3_actions,crl_s3_recovery_days,crl_s3_recovered,crl_s3_dipped,crl_s3_total_cost,crl_s3_service_cov,crl_s3_mean_service,crl_s3_min_service,crl_s3_switch_used,crl_s3_actions,rl_s4_recovery_days,rl_s4_recovered,rl_s4_dipped,rl_s4_total_cost,rl_s4_service_cov,rl_s4_mean_service,rl_s4_min_service,rl_s4_switch_used,rl_s4_actions,crl_s4_recovery_days,crl_s4_recovered,crl_s4_dipped,crl_s4_total_cost,crl_s4_service_cov,crl_s4_mean_service,crl_s4_min_service,crl_s4_switch_used,crl_s4_actions,rl_only_recovery_days,crl_recovery_days,rl_only_total_cost,crl_total_cost,rl_only_service_cov,crl_service_cov,rl_only_mean_service,crl_mean_service,rl_only_min_service,crl_min_service,rl_only_switch_used,crl_switch_used
0,Malawi,Contraceptive,2.586,single,2,Port_Closure,0.0,True,False,332563.06,0.0,1.0,1.0,0,0000000000000000000000000000000000000000,0.0,True,False,379561.93,0.0,1.0,1.0,1,1111111111111111111111111111111111111111,0.0,True,False,388188.39,0.0,1.0,1.0,1,1111111111111111111111111111111111111111,0.0,True,False,400919.19,0.0,1.0,1.0,1,3333333333333333333333333333333333333333,0.0,True,False,388001.07,0.0,1.0,1.0,1,1111111111111111111111111111111111111111,0.0,True,False,327822.89,0.0,1.0,1.0,0,0000000000000000000000000000000000000000,0.0,True,False,358578.88,0.0,1.0,1.0,1,0000000000001111111111111111111111111111,0.0,True,False,368725.45,0.0,1.0,1.0,1,1111111111111111111111111111111111111111,0.0,True,False,382837.66,0.0,1.0,1.0,1,1111111111111111111111111111111111111111,0.0,True,False,379980.42,0.0,1.0,1.0,1,3333333333333333333333333333333000000000,0.0,True,False,398904.64,0.0,1.0,1.0,1,1111111111111111111111111111111111111111,0.0,0.0,371401.976,383302.128,0.0,0.0,1.0,1.0,1.0,1.0,0.8,1.0
1,Zambia,Contraceptive,2.526,dual,7,COVID_Lockdown+Port_Closure,83.0,True,True,474447.52,0.2194,0.9612,0.0,0,0000000000000000000000000000200000020000,0.0,True,False,374821.36,0.0,1.0,1.0,1,1111111111111111111111111111111111111111,84.0,True,True,402657.88,0.0997,0.9917,0.0904,1,1111111111111111111111111111111111111111,84.0,True,True,529174.81,0.3549,0.9023,0.0,1,3333333333333333333333333333333333333333,96.0,True,True,447808.66,0.18,0.9718,0.0,1,1111111111111111111111111111111111111113,35.0,True,True,368966.87,0.2753,0.9756,0.0,0,0000000000000000000000000000000000000000,0.0,True,False,374961.83,0.0,1.0,1.0,1,0000000000001111111111111111111111111111,0.0,True,False,391947.36,0.0,1.0,1.0,1,1111111111111111111111111111111111111111,0.0,True,False,391932.51,0.0,1.0,1.0,1,1111111111111111111111111111111111111111,76.0,True,True,509855.26,0.3459,0.916,0.0,1,3333333333333333333333030000000000000000,85.0,True,True,460238.34,0.2117,0.961,0.0,1,1111111111111111111111111111111111111111,39.0,53.0,434953.132,415519.844,0.1952,0.0983,0.9588,0.9849,0.4,0.4181,0.8,1.0
2,Ethiopia,HIV_ARV,2.581,compound,9,Conflict+Flood+Port_Closure,0.0,True,False,400070.26,0.0,1.0,1.0,1,0000000000000000000002000000200000020000,0.0,True,False,286507.26,0.0,0.9998,0.9828,1,1111111111111111111111111111111111110000,0.0,True,False,305773.42,0.0,0.9998,0.9828,1,1111111111111111111111111111111111111111,104.0,True,True,359431.48,0.0587,0.993,0.4421,1,3333333333333333333333333333333333333333,104.0,True,True,378625.2,0.1472,0.976,0.0,1,1111111111111111111111111111111113333333,0.0,True,False,300953.81,0.0,0.9998,0.9828,0,0000000000000000000000000000000000000000,0.0,True,False,286507.26,0.0,0.9998,0.9828,1,0000000000111111111111111111111111111111,0.0,True,False,300953.81,0.0,0.9998,0.9828,1,1111111111111111111111111111111111111111,0.0,True,False,300955.99,0.0,0.9998,0.9828,1,1111111111111111111111111111111111111111,104.0,True,True,359431.48,0.0587,0.993,0.4421,1,3333333333333333333333300000000000000000,0.0,True,False,310605.06,0.0,0.9998,0.9828,1,1111111111111111111111111111111111111111,41.6,20.8,321455.568,316493.386,0.0235,0.0294,0.9971,0.995,0.7665,0.7862,0.8,1.0
3,Malawi,Maternal_Health,2.586,single,3,Port_Closure,0.0,True,False,345729.93,0.0,1.0,1.0,0,0000000000000000000000000000000000000000,0.0,True,False,406291.2,0.0,1.0,1.0,1,1111111111111111111111111111111111111111,0.0,True,False,430280.96,0.0,1.0,1.0,1,1111111111111111111111111111111111111111,0.0,True,False,442528.94,0.0,1.0,1.0,1,3333333333333333333333333333333333333333,0.0,True,False,469925.55,0.0,1.0,1.0,1,1111111111111111111111111111111111111111,0.0,True,False,361400.62,0.0,1.0,1.0,0,0000000000000000000000000000000000000000,0.0,True,False,382911.93,0.0,1.0,1.0,1,0000000000000111111111111111111111111111,0.0,True,False,418319.87,0.0,1.0,1.0,1,1111111111111111111111111111111111111111,0.0,True,False,424319.68,0.0,1.0,1.0,1,1111111111111111111111111111111111111111,0.0,True,False,447214.88,0.0,1.0,1.0,1,3333333333333333333333333333000000000000,0.0,True,False,454260.84,0.0,1.0,1.0,1,1111111111111111111111111111111111111111,0.0,0.0,415151.102,432339.792,0.0,0.0,1.0,1.0,1.0,1.0,0.8,1.0
4,Kenya,Contraceptive,2.815,dual,8,COVID_Lockdown+Flood,110.0,False,True,553656.7,0.253,0.9307,0.0,1,0000000000000030000003000000200000020000,110.0,False,True,392119.78,0.2379,0.9424,0.0,1,1111111111111111111111111111111101100000,110.0,False,True,405140.26,0.2719,0.9277,0.0,1,1111111111111111111111111111111111111111,110.0,False,True,541749.47,0.3631,0.8722,0.0,1,3333333333333333333333333333333333333333,54.0,True,True,439066.49,0.2632,0.963,0.0,1,1111111111111111111111111111133333333333,110.0,False,True,393610.04,0.2732,0.9287,0.0,0,0000000000000000000000000000000000000000,110.0,False,True,397273.69,0.2379,0.9424,0.0,1,0000000000000000001111111111111111111111,110.0,False,True,393610.04,0.2732,0.9287,0.0,1,1111111111111111111111111111111111111111,110.0,False,True,387979.08,0.2523,0.936,0.0,1,1111111111111111111111111111111111111111,110.0,False,True,541749.47,0.3631,0.8722,0.0,1,3333333333333333333333333333333300000000,110.0,False,True,405140.26,0.2719,0.9277,0.0,1,1111111111111111111111111111111111111111,110.0,98.8,452567.76,406919.956,0.3021,0.2594,0.9088,0.9394,0.0,0.0,0.8,1.0
5,Malawi,Contraceptive,2.586,compound,12,COVID_Lockdown+Flood+Port_Closure,110.0,False,True,642724.82,0.4144,0.8369,0.0,1,0000000000000000000002000000200000020000,101.0,True,True,417204.68,0.2625,0.9346,0.0,1,1111111111111111111111111111110100011111,110.0,False,True,463413.91,0.3689,0.8726,0.0,1,1111111111111111111111111111111111111111,110.0,False,True,941053.91,0.5326,0.7685,0.0,1,3333333333333333333333333322222222223333,103.0,True,True,449831.47,0.158,0.9722,0.0,1,1111111111111111111111111111133333333333,110.0,False,True,474784.17,0.4069,0.8495,0.0,0,0000000000000000000000000000000000000000,110.0,False,True,426339.14,0.3112,0.9061,0.0,1,0000000000111111111111111111111111111111,110.0,False,True,422789.91,0.3057,0.9088,0.0,1,1111111111111111111111111111111111111111,110.0,False,True,422789.91,0.3057,0.9088,0.0,1,1111111111111111111111111111111111111111,110.0,False,True,552619.82,0.4089,0.8465,0.0,1,3333333333333333333330000000000000000000,110.0,False,True,450248.21,0.3048,0.9055,0.0,1,1111111111111111111111111111111111111111,108.2,108.6,561690.498,442524.528,0.3833,0.2897,0.8616,0.913,0.0,0.0,0.8,1.0
6,Zambia,LLIN,2.526,single,5,Conflict,0.0,True,False,390295.2,0.0,1.0,1.0,0,0000000000000030000003000000300000030000,0.0,True,False,373551.54,0.0,1.0,1.0,1,1111111111111111111111111111111111111111,0.0,True,False,396733.99,0.0,1.0,1.0,1,1111111111111111111111111111111111111111,0.0,True,False,404906.66,0.0,1.0,1.0,1,3333333333333333333333333333333333333333,0.0,True,False,459740.52,0.0,1.0,1.0,1,1111111111111111111111111111111111111111,0.0,True,False,328251.18,0.0,1.0,1.0,0,0000000000000000000000000000000000000000,0.0,True,False,398177.91,0.0,1.0,1.0,1,0000000000000111111111111111111111111111,0.0,True,False,385171.34,0.0,1.0,1.0,1,1111111111111111111111111111111111111111,0.0,True,False,390991.23,0.0,1.0,1.0,1,1111111111111111111111111111111111111111,109.0,True,True,391975.95,0.0648,0.9939,0.3245,1,3333333333333333333333333333333333000000,0.0,True,False,409682.58,0.0,1.0,1.0,1,1111111111111111111111111111111111111111,21.8,0.0,376771.334,411065.246,0.013,0.0,0.9988,1.0,0.8649,1.0,0.8,1.0
7,Ethiopia,LLIN,2.581,dual,7,COVID_Lockdown+Port_Closure,61.0,True,True,530573.93,0.3202,0.942,0.0,0,0000000000000000000002000000200000020000,0.0,True,False,381112.36,0.0,1.0,1.0,1,1111111111111111111111111111111111111111,107.0,True,True,464006.86,0.2443,0.9408,0.0,1,1111111111111111111111111111111111111111,108.0,True,True,672325.09,0.5088,0.7889,0.0,1,3333333333333333333333333333333333333333,102.0,True,True,489606.3,0.1956,0.9648,0.0,1,1111111111111111111111111111111111111113,40.0,True,True,433111.02,0.4237,0.942,0.0,0,0000000000000000000000000000000000000000,110.0,False,True,452748.38,0.2661,0.9304,0.0,1,0000000000111111111111111111111111111111,108.0,True,True,406675.7,0.0972,0.99,0.0,1,1111111111111111111111111111111111111111,108.0,True,True,412591.06,0.0972,0.99,0.0,1,1111111111111111111111111111111111111111,55.0,True,True,543623.75,0.4158,0.9219,0.0,1,3333333333333333333333000000000000000000,0.0,True,False,405969.32,0.0,1.0,1.0,1,1111111111111111111111111111111111111111,62.2,85.4,487369.584,444984.384,0.2891,0.1606,0.9286,0.9652,0.2,0.2,0.8,1.0
8,Kenya,Malaria_RDT,2.815,compound,12,COVID_Lockdown+Conflict+Flood,40.0,True,True,460560.19,0.4587,0.9319,0.0,1,0000000000000000000000000000200000010000,107.0,True,True,493083.13,0.3757,0.869,0.0,1,1111111111111111111111111111111111111000,109.0,True,True,520582.5,0.3727,0.8696,0.0,1,1111111111111111111111111111111111111111,109.0,True,True,540329.57,0.3701,0.8746,0.0,1,3333333333333333333333333333333333333333,109.0,True,True,513558.46,0.2294,0.9441,0.0,1,1111111111111111111111111111111111113333,108.0,True,True,493893.05,0.3714,0.8723,0.0,0,0000000000000000000000000000000000000000,107.0,True,True,394617.84,0.142,0.978,0.0,1,0000000000101111111111111111111111111111,109.0,True,True,528259.21,0.373,0.8694,0.0,1,1111111111111111111111111111111111111111,109.0,True,True,528259.21,0.373,0.8694,0.0,1,1111111111111111111111111111111111111111,109.0,True,True,526085.04,0.3567,0.881,0.0,1,3333333333333333333333333333333000000000,109.0,True,True,523605.27,0.3475,0.881,0.0,1,1111111111111111111111111111111111111111,108.4,108.6,516330.0,496124.656,0.3694,0.2929,0.8733,0.9084,0.0,0.0,0.8,1.0
9,Mozambique,Malaria_RDT,2.581,single,5,COVID_Lockdown,44.0,True,True,365717.05,0.2069,0.9827,0.0,0,0000000000000030000003000000300000030000,0.0,True,False,345590.07,0.0,1.0,1.0,1,1111111111111111111111111111111111111111,0.0,True,False,353607.44,0.0,1.0,1.0,1,1111111111111111111111111111111111111111,108.0,True,True,438735.16,0.2248,0.9489,0.0,1,3333333333333333333333333333333333333333,0.0,True,False,391964.32,0.0,1.0,1.0,1,1111111111111111111111111111111111111111,42.0,True,True,326927.42,0.2461,0.9739,0.0,0,0000000000000000000000000000000000000000,110.0,False,True,353715.48,0.1861,0.9587,0.0,1,0000000000000000011111111111111111111111,0.0,True,False,343547.13,0.0,1.0,1.0,1,1111111111111111111111111111111111111111,0.0,True,False,348593.33,0.0,1.0,1.0,1,1111111111111111111111111111111111111111,39.0,True,True,409480.09,0.3873,0.9518,0.0,1,3333333333333333333333333333333330000000,107.0,True,True,356790.16,0.0508,0.9936,0.5268,1,1111111111111111111111111111111111111111,37.8,43.4,372855.974,360934.146,0.1716,0.0474,0.9749,0.9905,0.4,0.7054,0.8,1.0
10,Nigeria,Maternal_Health,2.6,dual,8,COVID_Lockdown+Flood,55.0,True,True,524817.63,0.3331,0.9449,0.0,1,0000000000000030000001000000200000010000,110.0,False,True,396866.15,0.1773,0.9651,0.0,1,1111111111111111111111111111111111111111,110.0,False,True,464287.57,0.2228,0.9499,0.0,1,1111111111111111111111111111111111111111,89.0,True,True,589418.75,0.4483,0.8553,0.0,1,3333333333333333333333333333333333333333,110.0,False,True,473004.78,0.1761,0.967,0.0,1,1111111111111111111111111111111111111111,54.0,True,True,440919.62,0.4685,0.9079,0.0,0,0000000000000000000000000000000000000000,107.0,True,True,383289.1,0.118,0.9847,0.0,1,0000000000000000111111111111111111111111,110.0,False,True,441855.37,0.179,0.9669,0.0,1,1111111111111111111111111111111111111111,110.0,False,True,432457.59,0.1689,0.97,0.0,1,1111111111111111111111111111111111111111,56.0,True,True,518704.9,0.4544,0.9058,0.0,1,3333333333333333333333333333330000000000,109.0,True,True,451408.45,0.1702,0.9703,0.0,1,1111111111111111111111111111111111111111,83.8,109.2,477552.958,440889.498,0.3455,0.1712,0.9202,0.9684,0.0,0.0,0.8,1.0
11,Ethiopia,Malaria_RDT,2.581,compound,10,Conflict+Flood+Port_Closure,0.0,True,False,471152.56,0.0,1.0,1.0,1,0000000000000000000000000000200000020000,0.0,True,False,386146.1,0.0,1.0,1.0,1,1111111111111111111111111111111111000000,0.0,True,False,386035.5,0.0,1.0,1.0,1,1111111111111111111111111111111111111111,0.0,True,False,444144.98,0.0,1.0,1.0,1,3333333333333333333333333333333333333333,0.0,True,False,427620.18,0.0,1.0,1.0,1,1111111111111111111111111111111333333333,0.0,True,False,380280.87,0.0,1.0,1.0,0,0000000000000000000000000000000000000000,0.0,True,False,362781.95,0.0,1.0,1.0,1,0000000000111111111111111111111111111111,0.0,True,False,380280.87,0.0,1.0,1.0,1,1111111111111111111111111111111111111111,0.0,True,False,380258.81,0.0,1.0,1.0,1,1111111111111111111111111111111111111111,0.0,True,False,444144.98,0.0,1.0,1.0,1,3333333333333333333333300000000000000000,0.0,True,False,391874.2,0.0,1.0,1.0,1,1111111111111111111111111111111111111111,0.0,0.0,406999.56,389714.128,0.0,0.0,1.0,1.0,1.0,1.0,0.8,1.0
12,Zambia,Malaria_RDT,2.526,single,5,Conflict,0.0,True,False,385168.25,0.0,1.0,1.0,0,0000000000000030000003000000300000030000,0.0,True,False,315779.99,0.0,1.0,1.0,1,1111111111111111111111111111111111111111,0.0,True,False,335733.71,0.0,1.0,1.0,1,1111111111111111111111111111111111111111,0.0,True,False,395429.95,0.0,1.0,1.0,1,3333333333333333333333333333333333333333,0.0,True,False,378613.31,0.0,1.0,1.0,1,1111111111111111111111111111111111133333,0.0,True,False,325730.73,0.0,1.0,1.0,0,0000000000000000000000000000000000000000,0.0,True,False,315779.99,0.0,1.0,1.0,1,0000000000000011111111111111111111111111,0.0,True,False,325730.73,0.0,1.0,1.0,1,1111111111111111111111111111111111111111,0.0,True,False,330728.84,0.0,1.0,1.0,1,1111111111111111111111111111111111111111,0.0,True,False,395429.95,0.0,1.0,1.0,1,3333333333333333333333333333333333000000,0.0,True,False,340648.81,0.0,1.0,1.0,1,1111111111111111111111111111111111111111,0.0,0.0,351620.27,340300.932,0.0,0.0,1.0,1.0,1.0,1.0,0.8,1.0
13,Nigeria,LLIN,2.6,dual,8,COVID_Lockdown+Port_Closure,97.0,True,True,579617.78,0.2498,0.9387,0.0,0,0000000000000000000000000000200000020000,0.0,True,False,386420.88,0.0,1.0,1.0,1,1111111111111111111111111111111111111111,0.0,True,False,414064.88,0.0,1.0,1.0,1,1111111111111111111111111111111111111111,98.0,True,True,541056.27,0.3156,0.9171,0.0,1,3333333333333333333333333333333333333333,0.0,True,False,481927.04,0.0,1.0,1.0,1,1111111111111111111111111111111111111111,43.0,True,True,440697.87,0.4041,0.9437,0.0,0,0000000000000000000000000000000000000000,43.0,True,True,455075.65,0.24,0.9765,0.0,1,0000000000001111111111111111111111111111,0.0,True,False,402102.5,0.0,1.0,1.0,1,1111111111111111111111111111111111111111,0.0,True,False,402102.5,0.0,1.0,1.0,1,1111111111111111111111111111111111111111,41.0,True,True,487455.15,0.3709,0.9547,0.0,1,3333333333333333333333300000000000000000,0.0,True,False,426269.29,0.0,1.0,1.0,1,1111111111111111111111111111111111111111,36.4,8.6,451546.534,435887.872,0.2181,0.048,0.9631,0.9953,0.4,0.8,0.8,1.0
14,Ethiopia,LLIN,2.581,compound,11,Conflict+Flood+Port_Closure,0.0,True,False,552961.02,0.0,1.0,1.0,1,0000000000000000000001000000200000030000,0.0,True,False,372948.03,0.0,1.0,1.0,1,1111111111111111111111111111111111111111,0.0,True,False,402481.71,0.0,1.0,1.0,1,1111111111111111111111111111111111111111,74.0,True,True,450158.67,0.2666,0.9484,0.0,1,3333333333333333333333333333333333333333,0.0,True,False,454533.21,0.0,1.0,1.0,1,1111111111111111111111111111111111111113,38.0,True,True,313605.85,0.1286,0.9928,0.2135,0,0000000000000000000000000000000000000000,0.0,True,False,388407.36,0.0,1.0,1.0,1,0000000000111111111111111111111111111111,0.0,True,False,384775.94,0.0,1.0,1.0,1,1111111111111111111111111111111111111111,0.0,True,False,378782.97,0.0,1.0,1.0,1,1111111111111111111111111111111111111111,48.0,True,True,429979.37,0.3214,0.9536,0.0,1,3333333333333333333333000000000000000000,0.0,True,False,411824.61,0.0,1.0,1.0,1,1111111111111111111111111111111111111111,32.0,0.0,390293.572,407205.972,0.1433,0.0,0.979,1.0,0.4427,1.0,0.8,1.0
15,Ethiopia,HIV_ARV,2.581,single,3,Port_Closure,0.0,True,False,331926.09,0.0,1.0,1.0,0,0000000000000000000000000000000000000000,0.0,True,False,390949.76,0.0,1.0,1.0,1,1111111111111111111111111111111111111111,0.0,True,False,399779.57,0.0,1.0,1.0,1,1111111111111111111111111111111111111111,0.0,True,False,387131.23,0.0,1.0,1.0,1,3333333333333333333333333333333333333333,0.0,True,False,421714.28,0.0,1.0,1.0,1,1111111111111111111111111111111111111111,0.0,True,False,322210.93,0.0,1.0,1.0,0,0000000000000000000000000000000000000000,0.0,True,False,383656.39,0.0,1.0,1.0,1,0000000000011111111111111111111111111111,0.0,True,False,416489.42,0.0,1.0,1.0,1,1111111111111111111111111111111111111111,0.0,True,False,388676.17,0.0,1.0,1.0,1,1111111111111111111111111111111111111111,0.0,True,False,404302.96,0.0,1.0,1.0,1,3333333333333333333333333333300000000000,0.0,True,False,399376.91,0.0,1.0,1.0,1,1111111111111111111111111111111111111111,0.0,0.0,384216.86,398640.664,0.0,0.0,1.0,1.0,1.0,1.0,0.8,1.0
16,Zambia,Maternal_Health,2.526,dual,6,Flood+Port_Closure,0.0,True,False,357078.24,0.0,1.0,1.0,1,0000000000000000000000000000200000010000,0.0,True,False,345754.7,0.0,1.0,1.0,1,1111111111111111111111111111111111111111,0.0,True,False,345672.06,0.0,1.0,1.0,1,1111111111111111111111111111111111111111,0.0,True,False,399623.82,0.0,1.0,1.0,1,3333333333333333333333333333333333333333,0.0,True,False,387654.32,0.0,1.0,1.0,1,1111111111111111111111111111133333333333,0.0,True,False,335504.83,0.0,1.0,1.0,0,0000000000000000000000000000000000000000,0.0,True,False,350857.79,0.0,1.0,1.0,1,0000000000011111111111111111111111111111,0.0,True,False,335504.83,0.0,1.0,1.0,1,1111111111111111111111111111111111111111,0.0,True,False,340607.93,0.0,1.0,1.0,1,1111111111111111111111111111111111111111,0.0,True,False,399623.82,0.0,1.0,1.0,1,3333333333333333333333333000000000000000,0.0,True,False,350710.05,0.0,1.0,1.0,1,1111111111111111111111111111111111111111,0.0,0.0,363202.4,355100.43,0.0,0.0,1.0,1.0,1.0,1.0,0.8,1.0
17,Mozambique,LLIN,2.581,compound,12,COVID_Lockdown+Conflict+Port_Closure,74.0,True,True,584853.08,0.4425,0.882,0.0,1,0000000000000000000002000000200000020000,36.0,True,True,436328.1,0.5794,0.9153,0.0,1,1111111111111111111111111111000000000000,103.0,True,True,458374.8,0.3446,0.8976,0.0,1,1111111111111111111111111111111111111111,104.0,True,True,792232.56,0.4806,0.8119,0.0,1,3333333333333333333333333333333223222233,103.0,True,True,540579.57,0.4133,0.8552,0.0,1,1111111111111111111111111113333333333333,104.0,True,True,475388.25,0.3569,0.8895,0.0,0,0000000000000000000000000000000000000000,36.0,True,True,436328.1,0.5794,0.9153,0.0,1,0000000000111111111111111111111111111111,104.0,True,True,480279.64,0.3569,0.8895,0.0,1,1111111111111111111111111111111111111111,104.0,True,True,480279.64,0.3569,0.8895,0.0,1,1111111111111111111111111111111111111111,104.0,True,True,550260.61,0.3793,0.8662,0.0,1,3333333333333333333333000000000000000000,103.0,True,True,458374.8,0.3446,0.8976,0.0,1,1111111111111111111111111111111111111111,90.4,89.8,546897.832,474787.382,0.4306,0.4078,0.8745,0.891,0.0,0.0,0.8,1.0
18,Mozambique,Contraceptive,2.581,single,4,Conflict,0.0,True,False,352305.14,0.0,1.0,1.0,0,0000000000000000000003000000300000030000,0.0,True,False,288014.12,0.0,1.0,1.0,1,1111111111111111111111111111111111111111,0.0,True,False,306008.6,0.0,1.0,1.0,1,1111111111111111111111111111111111111111,0.0,True,False,362341.85,0.0,1.0,1.0,1,3333333333333333333333333333333333333333,0.0,True,False,345900.63,0.0,1.0,1.0,1,1111111111111111111111111111111111133333,0.0,True,False,301496.74,0.0,1.0,1.0,0,0000000000000000000000000000000000000000,0.0,True,False,288014.12,0.0,1.0,1.0,1,0000000000000011111111111111111111111111,0.0,True,False,301510.75,0.0,1.0,1.0,1,1111111111111111111111111111111111111111,0.0,True,False,301496.74,0.0,1.0,1.0,1,1111111111111111111111111111111111111111,0.0,True,False,362341.85,0.0,1.0,1.0,1,3333333333333333333333333333333333300000,0.0,True,False,310426.31,0.0,1.0,1.0,1,1111111111111111111111111111111111111111,0.0,0.0,323141.062,310369.28,0.0,0.0,1.0,1.0,1.0,1.0,0.8,1.0
19,Kenya,LLIN,2.815,dual,7,COVID_Lockdown+Port_Closure,84.0,True,True,468293.24,0.1265,0.9842,0.0,0,0000000000000000000000000000200000020000,0.0,True,False,359530.09,0.0,1.0,1.0,1,1111111111111111111111111111111111111111,0.0,True,False,395277.33,0.0,1.0,1.0,1,1111111111111111111111111111111111111111,82.0,True,True,445344.88,0.1429,0.9805,0.0,1,3333333333333333333333333333333333333333,0.0,True,False,471668.12,0.0,1.0,1.0,1,1111111111111111111111111111111111111111,96.0,True,True,346497.88,0.1046,0.9886,0.0,0,0000000000000000000000000000000000000000,0.0,True,False,368777.63,0.0,1.0,1.0,1,0000000000000111111111111111111111111111,0.0,True,False,383743.79,0.0,1.0,1.0,1,1111111111111111111111111111111111111111,0.0,True,False,383743.74,0.0,1.0,1.0,1,1111111111111111111111111111111111111111,55.0,True,True,419099.9,0.1531,0.9861,0.0,1,3333333333333333333333333030000000000000,0.0,True,False,416190.63,0.0,1.0,1.0,1,1111111111111111111111111111111111111111,46.6,0.0,390843.308,407131.49,0.0801,0.0,0.991,1.0,0.4,1.0,0.8,1.0
20,Malawi,Maternal_Health,2.586,compound,11,COVID_Lockdown+Flood+Port_Closure,59.0,True,True,657783.59,0.5364,0.8711,0.0,1,0000000000000000000002000000200000020000,38.0,True,True,566772.97,0.7851,0.8649,0.0,1,1111111111111111111111111000000000000000,38.0,True,True,587709.57,0.7851,0.8649,0.0,1,1111111111111111111111111111111111111111,103.0,True,True,1077619.96,0.6067,0.7385,0.0,1,3333333333333333333333333222222222333333,103.0,True,True,587214.99,0.3999,0.8629,0.0,1,1111111111111111111111133333333333333333,103.0,True,True,586265.51,0.413,0.8584,0.0,0,0000000000000000000000000000000000000000,38.0,True,True,566772.97,0.7851,0.8649,0.0,1,0000000000111111111111111111111111111111,103.0,True,True,591502.05,0.413,0.8584,0.0,1,1111111111111111111111111111111111111111,38.0,True,True,582473.03,0.7851,0.8649,0.0,1,1111111111111111111111111111111111111111,103.0,True,True,623645.7,0.4141,0.8539,0.0,1,3333333333333333333330000000000000000000,38.0,True,True,592915.85,0.7851,0.8649,0.0,1,1111111111111111111111111111111111111111,90.0,51.0,689161.238,583417.282,0.5264,0.7081,0.8348,0.8645,0.0,0.0,0.8,1.0
21,Zambia,Maternal_Health,2.526,single,5,COVID_Lockdown,76.0,True,True,531925.97,0.3314,0.9261,0.0,1,0000000000000030000003000000000000010000,0.0,True,False,408637.22,0.0,1.0,1.0,1,1111111111111111111111111111111111111111,0.0,True,False,414444.83,0.0,1.0,1.0,1,1111111111111111111111111111111111111111,76.0,True,True,559204.94,0.3765,0.9062,0.0,1,3333333333333333333333333333333333333333,75.0,True,True,503262.2,0.2673,0.9543,0.0,1,1111111111111111111111111111111111111111,74.0,True,True,385195.35,0.1634,0.978,0.0,0,0000000000000000000000000000000000000000,104.0,True,True,480456.61,0.256,0.9393,0.0,1,0000000000000000011111111111111111111111,0.0,True,False,390935.14,0.0,1.0,1.0,1,1111111111111111111111111111111111111111,0.0,True,False,402737.86,0.0,1.0,1.0,1,1111111111111111111111111111111111111111,55.0,True,True,493114.16,0.3252,0.9479,0.0,1,3333333333333333333333333333333330000000,0.0,True,False,426044.2,0.0,1.0,1.0,1,1111111111111111111111111111111111111111,41.0,35.8,447417.362,445389.14,0.173,0.1047,0.9664,0.9787,0.4,0.6,0.8,1.0
22,Kenya,Malaria_RDT,2.815,dual,7,Conflict+Flood,0.0,True,False,372216.82,0.0,1.0,1.0,0,0000000000000030000003000000300000030000,0.0,True,False,393145.95,0.0,1.0,1.0,1,1111111111111111111111111111111111111111,0.0,True,False,399959.02,0.0,1.0,1.0,1,1111111111111111111111111111111111111111,0.0,True,False,409455.39,0.0,1.0,1.0,1,3333333333333333333333333333333333333333,0.0,True,False,443454.79,0.0,1.0,1.0,1,1111111111111111111111111111111111111111,0.0,True,False,315558.03,0.0,1.0,1.0,0,0000000000000000000000000000000000000000,0.0,True,False,382141.64,0.0,1.0,1.0,1,0000000000000011111111111111111111111111,0.0,True,False,390846.02,0.0,1.0,1.0,1,1111111110111111111111111111111111111111,0.0,True,False,385082.55,0.0,1.0,1.0,1,1111111111111111111111111111111111111111,0.0,True,False,390964.3,0.0,1.0,1.0,1,3333333333333333333333333333333333000000,0.0,True,False,405510.38,0.0,1.0,1.0,1,1111111111111111111111111111111111111111,0.0,0.0,379993.938,403229.676,0.0,0.0,1.0,1.0,1.0,1.0,0.8,1.0
23,Ethiopia,HIV_ARV,2.581,compound,12,Conflict+Flood+Port_Closure,108.0,True,True,478505.86,0.2235,0.9488,0.0,0,0000000000000000000002000000200000020000,33.0,True,True,336452.95,0.4274,0.9517,0.0,1,1111111111111111111111111111100000000000,33.0,True,True,360525.26,0.4274,0.9517,0.0,1,1111111111111111111111111111111111111111,54.0,True,True,404789.14,0.3687,0.9363,0.0,1,3333333333333333333333333333333333333333,55.0,True,True,397992.25,0.3495,0.9379,0.0,1,1111111111111111111111111111333333333333,33.0,True,True,346103.24,0.4274,0.9517,0.0,0,0000000000000000000000000000000000000000,33.0,True,True,336452.95,0.4274,0.9517,0.0,1,0000000000111111111111111111111111111111,33.0,True,True,346108.28,0.4274,0.9517,0.0,1,1111111111111111111111111111111111111111,33.0,True,True,346103.24,0.4274,0.9517,0.0,1,1111111111111111111111111111111111111111,54.0,True,True,404789.14,0.3687,0.9363,0.0,1,3333333333333333333333000000000000000000,33.0,True,True,360574.9,0.4274,0.9517,0.0,1,1111111111111111111111111111111111111111,41.4,37.4,367648.55,360329.72,0.4039,0.4118,0.9455,0.9489,0.0,0.0,0.8,1.0
24,Malawi,LLIN,2.586,single,3,Port_Closure,0.0,True,False,335530.26,0.0,1.0,1.0,0,0000000000000000000000000000000000000000,0.0,True,False,386953.4,0.0,1.0,1.0,1,1111111111111111111111111111111111111111,0.0,True,False,414405.26,0.0,1.0,1.0,1,1111111111111111111111111111111111111111,0.0,True,False,442910.28,0.0,1.0,1.0,1,3333333333333333333333333333333333333333,0.0,True,False,445195.3,0.0,1.0,1.0,1,1111111111111111111111111111111111111111,0.0,True,False,351078.5,0.0,1.0,1.0,0,0000000000000000000000000000000000000000,0.0,True,False,392876.08,0.0,1.0,1.0,1,0000000000011111111111111111111111111111,0.0,True,False,404813.49,0.0,1.0,1.0,1,1111111111111111111111111111111111111111,0.0,True,False,404813.94,0.0,1.0,1.0,1,1111111111111111111111111111111111111111,0.0,True,False,435635.59,0.0,1.0,1.0,1,3333333333333333333333333333030000000000,0.0,True,False,417729.52,0.0,1.0,1.0,1,1111111111111111111111111111111111111111,0.0,0.0,404278.252,415004.02,0.0,0.0,1.0,1.0,1.0,1.0,0.8,1.0
25,Nigeria,LLIN,2.6,dual,6,Flood+Port_Closure,0.0,True,False,446414.44,0.0,1.0,1.0,1,0000000000000000000001000000300000030000,0.0,True,False,396688.75,0.0,1.0,1.0,1,1111111111111111111111111111111111111111,0.0,True,False,408596.8,0.0,1.0,1.0,1,1111111111111111111111111111111111111111,0.0,True,False,406913.65,0.0,1.0,1.0,1,3333333333333333333333333333333333333333,0.0,True,False,414286.27,0.0,1.0,1.0,1,1111111111111111111111111111111111111111,0.0,True,False,322534.76,0.0,1.0,1.0,0,0000000000000000000000000000000000000000,0.0,True,False,393247.74,0.0,1.0,1.0,1,0000000000011111111111111111111111111111,0.0,True,False,408708.71,0.0,1.0,1.0,1,1111111111111111111111111111111111111111,0.0,True,False,414731.51,0.0,1.0,1.0,1,1111111111111111111111111111111111111111,0.0,True,False,383236.88,0.0,1.0,1.0,1,3333333333333333333333300000000000000000,0.0,True,False,414565.86,0.0,1.0,1.0,1,1111111111111111111111111111111111111111,0.0,0.0,383616.55,409085.636,0.0,0.0,1.0,1.0,1.0,1.0,0.8,1.0
26,Kenya,HIV_ARV,2.815,compound,11,Conflict+Flood+Port_Closure,0.0,True,False,468410.55,0.0,1.0,1.0,0,0000000000000000000000000000200000020000,0.0,True,False,356526.43,0.0,1.0,1.0,1,1111111111111111111111111111111111111111,0.0,True,False,377330.19,0.0,1.0,1.0,1,1111111111011111111111111111111111111111,110.0,False,True,398175.45,0.1791,0.9583,0.0,1,3333333333333333333333333333333333333333,0.0,True,False,449502.6,0.0,1.0,1.0,1,1111111111011111111111111111111111111113,0.0,True,False,318316.61,0.0,1.0,1.0,0,0000000000000000000000000000000000000000,0.0,True,False,375924.36,0.0,1.0,1.0,1,0000000000011111111111111111111111111111,0.0,True,False,377417.55,0.0,1.0,1.0,1,1111111111111111111111111111111111111111,0.0,True,False,377384.37,0.0,1.0,1.0,1,1111111111011111111111111111111111111111,43.0,True,True,381420.17,0.1949,0.9818,0.0,1,3333333333333333333333300000000000000000,0.0,True,False,407607.47,0.0,1.0,1.0,1,1111111111011111111111111111111111111111,30.6,0.0,366371.242,397549.798,0.0748,0.0,0.988,1.0,0.6,1.0,0.8,1.0
27,Uganda,Maternal_Health,2.575,single,3,Port_Closure,0.0,True,False,352769.95,0.0,1.0,1.0,0,0000000000000000000000000000000000000000,0.0,True,False,373887.68,0.0,1.0,1.0,1,1111111111111111111111111111111111111111,0.0,True,False,389755.64,0.0,1.0,1.0,1,1111111111111111111111111111111111111111,0.0,True,False,417904.99,0.0,1.0,1.0,1,3333333333333333333333333333333333333333,0.0,True,False,401613.4,0.0,1.0,1.0,1,1111111111111111111111111111111111111111,0.0,True,False,368746.19,0.0,1.0,1.0,0,0000000000000000000000000000000000000000,0.0,True,False,400092.39,0.0,1.0,1.0,1,0000000000001111111111111111111111111111,0.0,True,False,383663.5,0.0,1.0,1.0,1,1111111111111111111111111111111111111111,0.0,True,False,389786.69,0.0,1.0,1.0,1,1111111111111111111111111111111111111111,0.0,True,False,455904.21,0.0,1.0,1.0,1,3333333333333333333333333333033000000000,0.0,True,False,408043.58,0.0,1.0,1.0,1,1111111111111111111111111111111111111111,0.0,0.0,400021.314,397858.34,0.0,0.0,1.0,1.0,1.0,1.0,0.8,1.0
28,Ghana,HIV_ARV,2.5,dual,8,Conflict+Port_Closure,0.0,True,False,362660.39,0.0,1.0,1.0,0,0000000000000000000000000000300000030000,0.0,True,False,383070.68,0.0,1.0,1.0,1,1111111111111111111111111111111111111111,0.0,True,False,403187.64,0.0,1.0,1.0,1,1111111111111111111111111111111111111111,0.0,True,False,400052.43,0.0,1.0,1.0,1,3333333333333333333333333333333333333333,0.0,True,False,477760.0,0.0,1.0,1.0,1,1111111111111111111111111111111111111111,0.0,True,False,341717.68,0.0,1.0,1.0,0,0000000000000000000000000000000000000000,0.0,True,False,412376.72,0.0,1.0,1.0,1,0000000000111111111111111111111111111111,0.0,True,False,394268.33,0.0,1.0,1.0,1,1111111111111111111111111111111111111111,0.0,True,False,405476.74,0.0,1.0,1.0,1,1111111111111111111111111111111111111111,0.0,True,False,409958.51,0.0,1.0,1.0,1,3333333333333333333333333330000000000000,0.0,True,False,438192.35,0.0,1.0,1.0,1,1111111111111111111111111111111111111111,0.0,0.0,385813.526,427398.69,0.0,0.0,1.0,1.0,1.0,1.0,0.8,1.0
29,Uganda,Malaria_RDT,2.575,compound,12,COVID_Lockdown+Conflict+Port_Closure,37.0,True,True,465650.18,0.3457,0.9639,0.0,0,0000000000000000000000000000200000020000,0.0,True,False,367881.63,0.0,1.0,1.0,1,1111111111111111111111111111111111111111,0.0,True,False,403168.44,0.0,1.0,1.0,1,1111111111111111111111111111111111111111,68.0,True,True,548831.93,0.4292,0.8967,0.0,1,3333333333333333333333333333333333333333,0.0,True,False,428955.61,0.0,1.0,1.0,1,1111111111111111111111111111111111111333,37.0,True,True,389333.86,0.3457,0.9639,0.0,0,0000000000000000000000000000000000000000,107.0,True,True,392635.78,0.1621,0.9736,0.0,1,0000000000111111111111111111111111111111,0.0,True,False,391783.02,0.0,1.0,1.0,1,1111111111111111111111111111111111111111,0.0,True,False,391774.38,0.0,1.0,1.0,1,1111111111111111111111111111111111111111,76.0,True,True,573886.32,0.4452,0.878,0.0,1,3333333333333333333333300000000000000000,0.0,True,False,417898.67,0.0,1.0,1.0,1,1111111111111111111111111111111111111111,36.2,21.4,454343.352,406886.576,0.244,0.0324,0.9477,0.9947,0.4,0.8,0.8,1.0
30,Nigeria,HIV_ARV,2.6,single,4,Flood,0.0,True,False,403642.61,0.0,1.0,1.0,0,0000000000000000000000000000000000030000,0.0,True,False,379514.24,0.0,1.0,1.0,1,1111111111111111111111111111111111111111,0.0,True,False,404158.07,0.0,1.0,1.0,1,1111111111111111111111111111111111111111,0.0,True,False,454561.44,0.0,1.0,1.0,1,3333333333333333333333333333333333333333,0.0,True,False,423820.44,0.0,1.0,1.0,1,1111111111111111111111111111111111111111,0.0,True,False,351229.79,0.0,1.0,1.0,0,0000000000000000000000000000000000000000,0.0,True,False,403496.13,0.0,1.0,1.0,1,0000000000000001111111111111111111111111,0.0,True,False,385635.73,0.0,1.0,1.0,1,1111111111111111111111111111111111111111,0.0,True,False,397960.05,0.0,1.0,1.0,1,1111111111111111111111111111111111111111,0.0,True,False,442951.63,0.0,1.0,1.0,1,3333333333333333333333333333333333300000,110.0,False,True,417570.96,0.1139,0.9834,0.0,1,1111111111111111111111111111111111111111,0.0,22.0,402778.566,409401.13,0.0,0.0228,1.0,0.9967,1.0,0.8,0.8,1.0
31,Zambia,HIV_ARV,2.526,dual,5,Flood+Port_Closure,0.0,True,False,379103.66,0.0,1.0,1.0,1,0000000000000000000002000000200000020000,0.0,True,False,291118.35,0.0,1.0,1.0,1,1111111111111111111111111111111111111110,0.0,True,False,309648.45,0.0,1.0,1.0,1,1111111111111111111111111111111111111111,0.0,True,False,356673.16,0.0,1.0,1.0,1,3333333333333333333333333333333333333333,0.0,True,False,354355.12,0.0,1.0,1.0,1,1111111111111111111111111313333333333333,0.0,True,False,300417.61,0.0,1.0,1.0,0,0000000000000000000000000000000000000000,0.0,True,False,291118.35,0.0,1.0,1.0,1,0000000000111111111111111111111111111111,0.0,True,False,305077.49,0.0,1.0,1.0,1,1111111111111111111111111111111111111111,0.0,True,False,305038.56,0.0,1.0,1.0,1,1111111111111111111111111111111111111111,0.0,True,False,356673.16,0.0,1.0,1.0,1,3333333333333333333333333300000000000000,0.0,True,False,314313.33,0.0,1.0,1.0,1,1111111111111111111111111111111111111111,0.0,0.0,321991.954,314894.762,0.0,0.0,1.0,1.0,1.0,1.0,0.8,1.0
32,Ethiopia,HIV_ARV,2.581,compound,10,Conflict+Flood+Port_Closure,0.0,True,False,385797.45,0.0,1.0,1.0,0,0000000000000000000000000000200000020000,0.0,True,False,293976.61,0.0,1.0,1.0,1,1111111111111111111111111111111111111000,0.0,True,False,318087.17,0.0,1.0,1.0,1,1111111111111111111111111111111111111111,83.0,True,True,411478.47,0.2566,0.9457,0.0,1,3333333333333333333333333333333333333333,0.0,True,False,355241.11,0.0,0.9997,0.9677,1,1111111111111111111111111111111133333333,0.0,True,False,303627.31,0.0,1.0,1.0,0,0000000000000000000000000000000000000000,0.0,True,False,293976.61,0.0,1.0,1.0,1,0000000000111111111111111111111111111111,0.0,True,False,303627.31,0.0,1.0,1.0,1,1111111111111111111111111111111111111111,0.0,True,False,308458.94,0.0,1.0,1.0,1,1111111111111111111111111111111111111111,83.0,True,True,411478.47,0.2566,0.9457,0.0,1,3333333333333333333333000000000000000000,0.0,True,False,318107.4,0.0,1.0,1.0,1,1111111111111111111111111111111111111111,33.2,0.0,344837.634,318774.246,0.1026,0.0,0.9783,0.9999,0.6,0.9935,0.8,1.0
33,Mozambique,HIV_ARV,2.581,single,2,Port_Closure,0.0,True,False,319467.05,0.0,1.0,1.0,0,0000000000000000000000000000000000000000,0.0,True,False,363229.4,0.0,1.0,1.0,1,1111111111111111111111111111111111111111,0.0,True,False,375380.17,0.0,1.0,1.0,1,1111111111111111111111111111111111111111,0.0,True,False,424678.11,0.0,1.0,1.0,1,3333333333333333333333333333333333333333,0.0,True,False,441650.86,0.0,1.0,1.0,1,1111111111111111111111111111111111111111,0.0,True,False,333945.25,0.0,1.0,1.0,0,0000000000000000000000000000000000000000,0.0,True,False,355580.73,0.0,1.0,1.0,1,0000000000111111111111111111111111111111,0.0,True,False,364328.43,0.0,1.0,1.0,1,1111111111111111111111111111111111111111,0.0,True,False,375442.57,0.0,1.0,1.0,1,1111111111111111111111111111111111111111,0.0,True,False,403050.11,0.0,1.0,1.0,1,3333333333333333333333333333000000000000,0.0,True,False,389725.85,0.0,1.0,1.0,1,1111111111111111111111111111111111111111,0.0,0.0,377846.26,387556.036,0.0,0.0,1.0,1.0,1.0,1.0,0.8,1.0
34,Zambia,HIV_ARV,2.526,dual,6,Flood+Port_Closure,0.0,True,False,350776.2,0.0,1.0,1.0,1,0000000000000000000001000000100000030000,0.0,True,False,297065.82,0.0,1.0,1.0,1,1111111111111111111111111111111111111111,0.0,True,False,315686.25,0.0,1.0,1.0,1,1111111111111111111111111111111111111111,106.0,True,True,356067.4,0.0345,0.9968,0.6443,1,3333333333333333333333333333333333333333,0.0,True,False,350588.86,0.0,1.0,1.0,1,1111111111111111111111111111111333333333,0.0,True,False,311007.37,0.0,1.0,1.0,0,0000000000000000000000000000000000000000,0.0,True,False,297065.82,0.0,1.0,1.0,1,0000000000001111111111111111111111111111,0.0,True,False,311007.37,0.0,1.0,1.0,1,1111111111111111111111111111111111111111,0.0,True,False,311020.78,0.0,1.0,1.0,1,1111111111111111111111111111111111111111,106.0,True,True,356067.4,0.0345,0.9968,0.6443,1,3333333333333333333333330000000000000000,0.0,True,False,320342.33,0.0,1.0,1.0,1,1111111111111111111111111111111111111111,42.4,0.0,326243.072,318940.808,0.0138,0.0,0.9987,1.0,0.8577,1.0,0.8,1.0
35,Zambia,HIV_ARV,2.526,compound,12,COVID_Lockdown+Conflict+Port_Closure,110.0,False,True,567738.61,0.3016,0.9017,0.0,0,0000000000000000000002000000200000020000,0.0,True,False,345488.08,0.0,1.0,1.0,1,1111111111111111111111111111111111111111,110.0,False,True,361311.49,0.1089,0.9851,0.0,1,1111111111111111111111111111111111111111,60.0,True,True,549208.97,0.4815,0.8885,0.0,1,3333333333333333333333333333333333332333,0.0,True,False,424953.41,0.0,1.0,1.0,1,1111111111111111111111111111111111113333,44.0,True,True,435807.35,0.5029,0.9083,0.0,0,0000000000000000000000000000000000000000,0.0,True,False,345374.04,0.0,1.0,1.0,1,0000000000111111111111111111111111111111,0.0,True,False,348655.97,0.0,1.0,1.0,1,1111111111111111111111111111111111111111,0.0,True,False,359379.49,0.0,1.0,1.0,1,1111111111111111111111111111111111111111,95.0,True,True,487572.16,0.3502,0.8963,0.0,1,3333333333333333333333000000000000000000,0.0,True,False,367822.47,0.0,1.0,1.0,1,1111111111111111111111111111111111111111,39.8,22.0,433346.506,371768.18,0.2669,0.0218,0.9386,0.997,0.4,0.8,0.8,1.0
36,Zambia,Maternal_Health,2.526,single,4,Conflict,0.0,True,False,400796.38,0.0,1.0,1.0,0,0000000000000030000003000000300000030000,0.0,True,False,389753.92,0.0,1.0,1.0,1,1111111111111111111111111111111111111111,0.0,True,False,407389.52,0.0,1.0,1.0,1,1111111111111111111111111111111111111111,0.0,True,False,432134.52,0.0,1.0,1.0,1,3333333333333333333333333333333333333333,0.0,True,False,449631.62,0.0,1.0,1.0,1,1111111111111111111111111111111111111111,0.0,True,False,343303.2,0.0,1.0,1.0,0,0000000000000000000000000000000000000000,0.0,True,False,336707.01,0.0,1.0,1.0,1,0000000000000011111111111111111111111111,0.0,True,False,401472.86,0.0,1.0,1.0,1,1111111111111111111111111111111111111111,0.0,True,False,395604.68,0.0,1.0,1.0,1,1111111111111111111111111111111111111111,0.0,True,False,421049.04,0.0,1.0,1.0,1,3333333333333333333333333333333333000000,0.0,True,False,422578.16,0.0,1.0,1.0,1,1111111111111111111111111111111111111111,0.0,0.0,397542.708,402382.198,0.0,0.0,1.0,1.0,1.0,1.0,0.8,1.0
37,Nigeria,Maternal_Health,2.6,dual,5,Flood+Port_Closure,0.0,True,False,340435.08,0.0,1.0,1.0,1,0000000000000010000000000000000000000000,0.0,True,False,340435.08,0.0,1.0,1.0,1,1111111111111111111111111111111111111111,0.0,True,False,315596.14,0.0,1.0,1.0,1,1111111111111111111111111111111111111111,0.0,True,False,368574.12,0.0,1.0,1.0,1,3333333333333333333333333333333333333333,0.0,True,False,358154.56,0.0,1.0,1.0,1,1111111111111111111111111111111113333333,0.0,True,False,310643.88,0.0,1.0,1.0,0,0000000000000000000000000000000000000000,0.0,True,False,300785.41,0.0,1.0,1.0,1,0000000000001111111111111111111111111111,0.0,True,False,310643.88,0.0,1.0,1.0,1,1111111111111111111111111111111111111111,0.0,True,False,310643.88,0.0,1.0,1.0,1,1111111111111111111111111111111111111111,0.0,True,False,368574.12,0.0,1.0,1.0,1,3333333333333333333333330300000000000000,0.0,True,False,325453.95,0.0,1.0,1.0,1,1111111111111111111111111111111111111111,0.0,0.0,339774.216,322126.788,0.0,0.0,1.0,1.0,1.0,1.0,0.8,1.0
38,Uganda,Maternal_Health,2.575,compound,11,COVID_Lockdown+Conflict+Port_Closure,109.0,True,True,560686.2,0.2829,0.9177,0.0,0,0000000000000000000002000000200000020000,110.0,False,True,458476.57,0.2865,0.9118,0.0,1,1111111111111111111111111111000000000000,42.0,True,True,475205.54,0.4937,0.9146,0.0,1,1111111111111111111111111111111111111111,110.0,False,True,619866.77,0.3976,0.8517,0.0,1,3333333333333333333333333333333333333333,110.0,False,True,577512.03,0.3601,0.8767,0.0,1,1111111111111111111111111111333333333333,110.0,False,True,469230.21,0.2889,0.9103,0.0,0,0000000000000000000000000000000000000000,110.0,False,True,458476.57,0.2865,0.9118,0.0,1,0000000000111111111111111111111111111111,110.0,False,True,469230.21,0.2889,0.9103,0.0,1,1111111111111111111111111111111111111111,110.0,False,True,469230.21,0.2889,0.9103,0.0,1,1111111111111111111111111111111111111111,110.0,False,True,619866.77,0.3976,0.8517,0.0,1,3333333333333333333333000000000000000000,42.0,True,True,480534.47,0.4937,0.9146,0.0,1,1111111111111111111111111111111111111111,110.0,82.8,527334.106,492191.764,0.3319,0.3846,0.8872,0.9056,0.0,0.0,0.8,1.0
39,Zambia,Contraceptive,2.526,single,5,COVID_Lockdown,108.0,True,True,491473.8,0.2832,0.9212,0.0,1,0000000000000030000003000000300000000000,0.0,True,False,370860.47,0.0,1.0,1.0,1,1111111111111111111111111111111111111111,0.0,True,False,404079.89,0.0,1.0,1.0,1,1111111111111111111111111111111111111111,108.0,True,True,496634.45,0.2785,0.9189,0.0,1,3333333333333333333333333333333333333333,0.0,True,False,412897.2,0.0,1.0,1.0,1,1111111111111111111111111111111111111111,102.0,True,True,363071.79,0.1763,0.9693,0.0,0,0000000000000000000000000000000000000000,0.0,True,False,378541.67,0.0,1.0,1.0,1,0000000000000000011111111111111111111111,0.0,True,False,377738.0,0.0,1.0,1.0,1,1111111111111111111111111111111111111111,0.0,True,False,383457.15,0.0,1.0,1.0,1,1111111111111111111111111111111111111111,81.0,True,True,466002.46,0.2516,0.9502,0.0,1,3333333333333333333333333333333333000000,0.0,True,False,392326.22,0.0,1.0,1.0,1,1111111111111111111111111111111111111111,58.2,0.0,414861.434,394260.426,0.1413,0.0,0.9677,1.0,0.4,1.0,0.8,1.0
40,Zambia,LLIN,2.526,dual,7,Conflict+Flood,0.0,True,False,379597.17,0.0,1.0,1.0,1,0000000000000030000003000000100000030000,0.0,True,False,309514.16,0.0,1.0,1.0,1,1111111111111111111111111111111111111111,0.0,True,False,334783.62,0.0,1.0,1.0,1,1111111111111111111111111111111111111111,0.0,True,False,390103.22,0.0,1.0,1.0,1,3333333333333333333333333333333333333333,0.0,True,False,375639.41,0.0,1.0,1.0,1,1111111111111111111111111111111113333333,0.0,True,False,319604.23,0.0,1.0,1.0,0,0000000000000000000000000000000000000000,0.0,True,False,309514.16,0.0,1.0,1.0,1,0000000000000011111111111111111111111111,0.0,True,False,324663.91,0.0,1.0,1.0,1,1111111111111111111111111111111111111111,0.0,True,False,324659.91,0.0,1.0,1.0,1,1111111111111111111111111111111111111111,0.0,True,False,390103.22,0.0,1.0,1.0,1,3333333333333333333333333333333330000000,0.0,True,False,334763.82,0.0,1.0,1.0,1,1111111111111111111111111111111111111111,0.0,0.0,346797.748,335872.184,0.0,0.0,1.0,1.0,1.0,1.0,0.8,1.0
41,Ghana,HIV_ARV,2.5,compound,11,COVID_Lockdown+Flood+Port_Closure,35.0,True,True,514455.67,0.4344,0.9478,0.0,1,0000000000000000000000000000200000020000,37.0,True,True,417633.75,0.5065,0.9296,0.0,1,1111111111111111111111111111000000000000,37.0,True,True,437032.62,0.5065,0.9296,0.0,1,1111111111111111111111111111111111111111,49.0,True,True,521269.51,0.4815,0.9111,0.0,1,3333333333333333333333333333333333333333,48.0,True,True,448951.22,0.4163,0.9331,0.0,1,1111111111111111111111111333333333333333,37.0,True,True,427376.35,0.5065,0.9296,0.0,0,0000000000000000000000000000000000000000,37.0,True,True,417633.75,0.5065,0.9296,0.0,1,0000000000000111111111111111111111111111,37.0,True,True,427376.35,0.5065,0.9296,0.0,1,1111111111111111111111111111111111111111,37.0,True,True,432264.78,0.5065,0.9296,0.0,1,1111111111111111111111111111111111111111,49.0,True,True,521269.51,0.4815,0.9111,0.0,1,3333333333333333333333330000000000000000,37.0,True,True,437032.62,0.5065,0.9296,0.0,1,1111111111111111111111111111111111111111,41.8,39.2,462985.094,434582.998,0.4965,0.4885,0.9222,0.9303,0.0,0.0,0.8,1.0
42,Uganda,HIV_ARV,2.575,single,2,Port_Closure,0.0,True,False,342818.81,0.0,1.0,1.0,1,0000000000000010000000000000000000000000,0.0,True,False,342818.81,0.0,1.0,1.0,1,1111111111111111111111111111111111111111,0.0,True,False,363254.6,0.0,1.0,1.0,1,1111111111111111111111111111111111111111,0.0,True,False,418930.74,0.0,1.0,1.0,1,3333333333333333333333333333333333333333,0.0,True,False,406281.57,0.0,1.0,1.0,1,1111111111111111111111111111111111113133,0.0,True,False,353030.23,0.0,1.0,1.0,0,0000000000000000000000000000000000000000,0.0,True,False,342818.81,0.0,1.0,1.0,1,0000000000000111111111111111111111111111,0.0,True,False,353030.23,0.0,1.0,1.0,1,1111111111111111111111111111111111111111,0.0,True,False,358158.18,0.0,1.0,1.0,1,1111111111111111111111111111111111111111,0.0,True,False,418930.74,0.0,1.0,1.0,1,3333333333333333333333333333333000000000,0.0,True,False,373510.5,0.0,1.0,1.0,1,1111111111111111111111111111111111111111,0.0,0.0,377348.15,368804.732,0.0,0.0,1.0,1.0,1.0,1.0,0.8,1.0
43,Kenya,LLIN,2.815,dual,8,COVID_Lockdown+Flood,86.0,True,True,570230.0,0.3693,0.9036,0.0,1,0000000000000030000003000000200000020000,84.0,True,True,430636.51,0.3348,0.9208,0.0,1,1111111111111111111111111111111110100100,85.0,True,True,444639.31,0.354,0.9117,0.0,1,1111111111111111111111111111111111111111,86.0,True,True,474467.9,0.2924,0.9317,0.0,1,3333333333333333333333333333333333333333,85.0,True,True,439040.79,0.2959,0.9353,0.0,1,1111111111111111111111111111113333333333,110.0,False,True,464660.51,0.3324,0.8963,0.0,0,0000000000000000000000000000000000000000,84.0,True,True,430636.51,0.3348,0.9208,0.0,1,0000000000000000000111111111111111111111,110.0,False,True,445435.65,0.3109,0.9073,0.0,1,1111111111111111111111111111111111111111,110.0,False,True,445435.65,0.3109,0.9073,0.0,1,1111111111111111111111111111111111111111,86.0,True,True,474467.9,0.2924,0.9317,0.0,1,3333333333333333333333333333333330000000,110.0,False,True,445435.65,0.3109,0.9073,0.0,1,1111111111111111111111111111111111111111,95.2,94.8,457933.694,441037.582,0.3126,0.3213,0.9176,0.9165,0.0,0.0,0.8,1.0
44,Ethiopia,LLIN,2.581,compound,12,COVID_Lockdown+Conflict+Port_Closure,109.0,True,True,684407.49,0.4957,0.7942,0.0,1,0000000000000000000002000000300000020000,108.0,True,True,425834.14,0.2384,0.9428,0.0,1,1111111111111111111111111111111111111111,108.0,True,True,433337.98,0.2235,0.9506,0.0,1,1111111111111111111111111111111111111111,109.0,True,True,585071.81,0.3868,0.8558,0.0,1,3333333333333333333333333333333333333333,0.0,True,False,469222.68,0.0,1.0,1.0,1,1111111111111111111111111111111111113333,39.0,True,True,509947.09,0.6462,0.8911,0.0,0,0000000000000000000000000000000000000000,33.0,True,True,426253.23,0.3024,0.9709,0.0,1,0000000000111111111111111111111111111111,108.0,True,True,445701.43,0.2424,0.94,0.0,1,1111111111111111111111111111111111111111,108.0,True,True,451616.79,0.2424,0.94,0.0,1,1111111111111111111111111111111111111111,108.0,True,True,551184.31,0.3818,0.8627,0.0,1,3333333333333333333333000000000000000000,109.0,True,True,465675.22,0.1995,0.9591,0.0,1,1111111111111111111111111111111111111111,94.4,71.6,503547.756,449221.18,0.3791,0.1936,0.8985,0.9641,0.0,0.2,0.8,1.0
45,Ghana,HIV_ARV,2.5,single,2,Port_Closure,0.0,True,False,327254.19,0.0,1.0,1.0,0,0000000000000000000000000000000000000000,0.0,True,False,373405.26,0.0,1.0,1.0,1,1111111111111111111111111111111111111111,0.0,True,False,404783.93,0.0,1.0,1.0,1,1111111111111111111111111111111111111111,0.0,True,False,404507.5,0.0,1.0,1.0,1,3333333333333333333333333333333333333333,0.0,True,False,403872.19,0.0,1.0,1.0,1,1111111111111111111111111111111111111111,0.0,True,False,341903.38,0.0,1.0,1.0,0,0000000000000000000000000000000000000000,0.0,True,False,375956.76,0.0,1.0,1.0,1,0000000000001111111111111111111111111111,0.0,True,False,393631.38,0.0,1.0,1.0,1,1111111111111111111111111111111111111111,0.0,True,False,399253.08,0.0,1.0,1.0,1,1111111111111111111111111111111111111111,0.0,True,False,424221.97,0.0,1.0,1.0,1,3333333333333333333333333333333300000000,0.0,True,False,427203.57,0.0,1.0,1.0,1,1111111111111111111111111111111111111111,0.0,0.0,387533.898,402213.906,0.0,0.0,1.0,1.0,1.0,1.0,0.8,1.0
46,Kenya,Contraceptive,2.815,dual,8,COVID_Lockdown+Port_Closure,55.0,True,True,618358.63,0.3983,0.9254,0.0,1,0000000000000000000000000000200000020000,43.0,True,True,399770.39,0.3199,0.9575,0.0,1,1111111111111111111111111111111000000000,89.0,True,True,431098.93,0.2402,0.9491,0.0,1,1111111111111111111111111111111111111111,63.0,True,True,483322.34,0.2835,0.9547,0.0,1,3333333333333333333333333333333333333333,97.0,True,True,540319.25,0.3528,0.8926,0.0,1,1111111111111111111111111113333333333333,109.0,True,True,418876.39,0.2105,0.9503,0.0,0,0000000000000000000000000000000000000000,43.0,True,True,399770.39,0.3199,0.9575,0.0,1,0000000000000111111111111111111111111111,96.0,True,True,437934.82,0.2437,0.9428,0.0,1,1111111111111111111111111111111111111111,96.0,True,True,437934.82,0.2437,0.9428,0.0,1,1111111111111111111111111111111111111111,63.0,True,True,483322.34,0.2835,0.9547,0.0,1,3333333333333333333333330000000000000000,89.0,True,True,431098.93,0.2402,0.9491,0.0,1,1111111111111111111111111111111111111111,74.8,82.8,444645.256,448044.464,0.2682,0.2794,0.952,0.9382,0.0,0.0,0.8,1.0
47,Malawi,Malaria_RDT,2.586,compound,11,COVID_Lockdown+Conflict+Port_Closure,81.0,True,True,531740.14,0.2704,0.9442,0.0,1,0000000000000000000000000000200000020000,0.0,True,False,395394.28,0.0,1.0,1.0,1,1111111111111111111111111111111111111111,0.0,True,False,410934.06,0.0,1.0,1.0,1,1111111111111111111111111111111111111111,99.0,True,True,583384.35,0.3498,0.8874,0.0,1,3333333333333333333333333333333333333333,0.0,True,False,480993.52,0.0,1.0,1.0,1,1111111111111111111111111111111113333333,35.0,True,True,408179.55,0.4106,0.9525,0.0,0,0000000000000000000000000000000000000000,110.0,False,True,416625.91,0.1454,0.9752,0.0,1,0000000000111111111111111111111111111111,0.0,True,False,405038.62,0.0,1.0,1.0,1,1111111111111111111111111111111111111111,0.0,True,False,411068.85,0.0,1.0,1.0,1,1111111111111111111111111111111111111111,75.0,True,True,531045.72,0.357,0.9147,0.0,1,3333333333333333333333330000000000000000,0.0,True,False,420616.92,0.0,1.0,1.0,1,1111111111111111111111111111111111111111,41.8,22.0,464608.504,428047.852,0.2235,0.0291,0.9509,0.995,0.4,0.8,0.8,1.0
48,Mozambique,Malaria_RDT,2.581,single,3,Flood,0.0,True,False,349510.02,0.0,1.0,1.0,0,0000000000000030000003000000300000030000,0.0,True,False,317823.9,0.0,1.0,1.0,1,1111111111111111111111111111111111111111,106.0,True,True,322413.83,0.0996,0.9891,0.0,1,1111111111111111111111111111111111111111,0.0,True,False,368022.34,0.0,1.0,1.0,1,3333333333333333333333333333333333333333,0.0,True,False,382385.54,0.0,1.0,1.0,1,1111111111111111111111111111111111111111,0.0,True,False,295034.7,0.0,1.0,1.0,0,0000000000000000000000000000000000000000,0.0,True,False,310867.25,0.0,1.0,1.0,1,0000000000000000011111111111111111111111,0.0,True,False,317796.31,0.0,1.0,1.0,1,1111111111111111111111111111111111111111,0.0,True,False,322842.51,0.0,1.0,1.0,1,1111111111111111111111111111111111111111,0.0,True,False,368558.33,0.0,1.0,1.0,1,3333333333333333333333333333333333330030,106.0,True,True,331767.25,0.0147,0.9986,0.8483,1,1111111111111111111111111111111111111111,0.0,42.4,333447.116,334055.276,0.0,0.0229,1.0,0.9975,1.0,0.7697,0.8,1.0
49,Zambia,HIV_ARV,2.526,dual,7,COVID_Lockdown+Port_Closure,69.0,True,True,434219.66,0.2666,0.956,0.0,1,0000000000000000000000000000300000010000,0.0,True,False,353853.39,0.0,1.0,1.0,1,1111111111111111111111111111111111111111,0.0,True,False,375284.79,0.0,1.0,1.0,1,1111111111111111111111111111111111111111,70.0,True,True,502434.7,0.4469,0.8874,0.0,1,3333333333333333333333333333333333333333,0.0,True,False,421559.81,0.0,1.0,1.0,1,1111111111111111111111111111111111111133,102.0,True,True,331622.8,0.1308,0.9817,0.0,0,0000000000000000000000000000000000000000,0.0,True,False,354497.85,0.0,1.0,1.0,1,0000000000001111111111111111111111111111,0.0,True,False,369877.72,0.0,1.0,1.0,1,1111111111111111111111111111111111111111,0.0,True,False,369877.72,0.0,1.0,1.0,1,1111111111111111111111111111111111111111,108.0,True,True,504658.3,0.3195,0.8971,0.0,1,3333333333333333333333303000000000000000,75.0,True,True,392010.63,0.1151,0.9889,0.047,1,1111111111111111111111111111111111111111,56.0,15.0,412489.382,382646.16,0.1794,0.023,0.9532,0.9978,0.4,0.8094,0.8,1.0
50,Nigeria,LLIN,2.6,compound,11,COVID_Lockdown+Flood+Port_Closure,110.0,False,True,705769.37,0.377,0.8655,0.0,1,0000000000000000000002000000200000020000,38.0,True,True,451468.92,0.2925,0.9707,0.0,1,1111111111111111111111111111111111111111,38.0,True,True,485215.92,0.2925,0.9707,0.0,1,1111111111111111111111111111111111111111,109.0,True,True,1229587.58,0.5131,0.7854,0.0,1,3333333333333333333333332222222222223333,102.0,True,True,498621.42,0.1849,0.9642,0.0,1,1111111111111111111111111111111111113333,38.0,True,True,546776.82,0.6807,0.8871,0.0,0,0000000000000000000000000000000000000000,100.0,True,True,458490.46,0.2857,0.9249,0.0,1,0000000000111111111111111111111111111111,38.0,True,True,467159.82,0.2925,0.9707,0.0,1,1111111111111111111111111111111111111111,38.0,True,True,473177.34,0.2925,0.9707,0.0,1,1111111111111111111111111111111111111111,90.0,True,True,627974.49,0.4345,0.8603,0.0,1,3333333333333333333000000000000000000000,38.0,True,True,503333.04,0.2925,0.9707,0.0,1,1111111111111111111111111111111111111111,62.6,63.2,664593.526,483767.636,0.4427,0.2696,0.8948,0.9602,0.0,0.0,0.8,1.0
51,Ghana,Maternal_Health,2.5,single,4,Conflict,0.0,True,False,369704.07,0.0,1.0,1.0,0,0000000000000030000003000000300000030000,0.0,True,False,399760.28,0.0,1.0,1.0,1,1111111111111111111111111111111111111111,0.0,True,False,405239.95,0.0,1.0,1.0,1,1111111111111111111111111111111111111111,0.0,True,False,405529.37,0.0,1.0,1.0,1,3333333333333333333333333333333333333333,0.0,True,False,452953.29,0.0,1.0,1.0,1,1111111111111111111111111111111111111111,0.0,True,False,309041.59,0.0,1.0,1.0,0,0000000000000000000000000000000000000000,0.0,True,False,360709.77,0.0,1.0,1.0,1,0000000000111111111111111111111111111111,0.0,True,False,383068.93,0.0,1.0,1.0,1,1111111111111111111111111111111111111111,0.0,True,False,388617.93,0.0,1.0,1.0,1,1111111111111111111111111111111111111111,0.0,True,False,383894.41,0.0,1.0,1.0,1,3333333333333333333333333333333333300000,0.0,True,False,397206.86,0.0,1.0,1.0,1,1111111111111111111111111111111111111111,0.0,0.0,376258.916,400945.56,0.0,0.0,1.0,1.0,1.0,1.0,0.8,1.0
52,Mozambique,Contraceptive,2.581,dual,6,Conflict+Port_Closure,0.0,True,False,333620.07,0.0,1.0,1.0,0,0000000000000000000000000000000000030000,0.0,True,False,297360.64,0.0,1.0,1.0,1,1111111111111111111111111111111111111111,0.0,True,False,301757.04,0.0,1.0,1.0,1,1111111111111111111111111111111111111111,0.0,True,False,337861.04,0.0,1.0,1.0,1,3333333333333333333333333333333333333333,0.0,True,False,332928.63,0.0,1.0,1.0,1,1111111111111111111111111111111111333333,0.0,True,False,292815.47,0.0,1.0,1.0,0,0000000000000000000000000000000000000000,0.0,True,False,279306.01,0.0,1.0,1.0,1,0000000000111111111111111111111111111111,0.0,True,False,292815.47,0.0,1.0,1.0,1,1111111111111111111111111111111111111111,0.0,True,False,292790.79,0.0,1.0,1.0,1,1111111111111111111111111111111111111111,0.0,True,False,337861.04,0.0,1.0,1.0,1,3333333333333333333333333330000000000000,0.0,True,False,301734.78,0.0,1.0,1.0,1,1111111111111111111111111111111111111111,0.0,0.0,311742.732,301703.45,0.0,0.0,1.0,1.0,1.0,1.0,0.8,1.0
53,Mozambique,Contraceptive,2.581,compound,11,Conflict+Flood+Port_Closure,110.0,False,True,466736.41,0.189,0.9557,0.0,1,0000000000000000000002000000200000020000,0.0,True,False,309868.45,0.0,1.0,1.0,1,1111111111111111111111111111111111111111,0.0,True,False,348351.48,0.0,1.0,1.0,1,1111111111111111111111111111111111111111,77.0,True,True,398332.54,0.2733,0.9472,0.0,1,3333333333333333333333333333333333333333,0.0,True,False,370112.32,0.0,1.0,1.0,1,1111111111111111111111111111111111111333,37.0,True,True,319324.4,0.304,0.9686,0.0,0,0000000000000000000000000000000000000000,0.0,True,False,321467.67,0.0,1.0,1.0,1,0000000000111111111111111111111111111111,0.0,True,False,318179.98,0.0,1.0,1.0,1,1111111111111111111111111111111111111111,0.0,True,False,318179.98,0.0,1.0,1.0,1,1111111111111111111111111111111111111111,63.0,True,True,372799.5,0.2699,0.9587,0.0,1,3333333333333333333333300000000000000000,0.0,True,False,393297.06,0.0,1.0,1.0,1,1111111111111111111111111111111111111111,35.4,0.0,343700.974,350281.702,0.1694,0.0,0.9749,1.0,0.4,1.0,0.8,1.0
54,Malawi,Malaria_RDT,2.586,single,2,Port_Closure,0.0,True,False,372758.61,0.0,1.0,1.0,1,0000000000000000000001000000000000000000,0.0,True,False,372758.61,0.0,1.0,1.0,1,1111111111111111111111111111111111111111,0.0,True,False,372683.05,0.0,1.0,1.0,1,1111111111111111111111111111111111111111,0.0,True,False,435248.8,0.0,1.0,1.0,1,3333333333333333333333333333333333333333,0.0,True,False,416971.56,0.0,1.0,1.0,1,1111111111111111111111111111111111111333,0.0,True,False,362223.52,0.0,1.0,1.0,0,0000000000000000000000000000000000000000,0.0,True,False,351775.49,0.0,1.0,1.0,1,0000000000000111111111111111111111111111,0.0,True,False,362256.61,0.0,1.0,1.0,1,1111111111111111111111111111111111111111,0.0,True,False,362223.52,0.0,1.0,1.0,1,1111111111111111111111111111111111111111,0.0,True,False,435248.8,0.0,1.0,1.0,1,3333333333333333333333333333033000000000,0.0,True,False,383130.55,0.0,1.0,1.0,1,1111111111111111111111111111111111111111,0.0,0.0,393547.268,377356.834,0.0,0.0,1.0,1.0,1.0,1.0,0.8,1.0
55,Ghana,HIV_ARV,2.5,dual,8,Conflict+Flood,0.0,True,False,364119.9,0.0,1.0,1.0,0,0000000000000030000003000000300000030000,0.0,True,False,360895.81,0.0,1.0,1.0,1,1111111111111111111111111111111111111111,0.0,True,False,375354.39,0.0,1.0,1.0,1,1111111111111111111111111111111111111111,101.0,True,True,441913.39,0.2873,0.9237,0.0,1,3333333333333333333333333333333333333333,0.0,True,False,406707.73,0.0,1.0,1.0,1,1111111111111111111111111111111111111111,0.0,True,False,302995.17,0.0,1.0,1.0,0,0000000000000000000000000000000000000000,0.0,True,False,354972.96,0.0,1.0,1.0,1,0000000000100011111111111111111111111111,0.0,True,False,360838.09,0.0,1.0,1.0,1,1111111111111111111111111111111111111111,0.0,True,False,360838.09,0.0,1.0,1.0,1,1111111111111111111111111111111111111111,0.0,True,False,353852.26,0.0,0.9989,0.875,1,3333333333333333333333333333333300000000,0.0,True,False,386575.03,0.0,1.0,1.0,1,1111111111111111111111111111111111111111,20.2,0.0,364098.944,376889.64,0.0575,0.0,0.9845,1.0,0.775,1.0,0.8,1.0
56,Nigeria,HIV_ARV,2.6,compound,11,COVID_Lockdown+Flood+Port_Closure,70.0,True,True,688177.1,0.3928,0.9105,0.0,1,0000000000000000000000000000200000020000,108.0,True,True,533174.64,0.3144,0.9042,0.0,1,1111111111111111111111111111000000000000,110.0,False,True,564804.85,0.3102,0.905,0.0,1,1111111111111111111111111111111111111111,110.0,False,True,599523.5,0.3446,0.8865,0.0,1,3333333333333333333333333333333333333333,110.0,False,True,551988.4,0.3074,0.9064,0.0,1,1111111111111111111111111133333333333333,110.0,False,True,557399.97,0.3304,0.8939,0.0,0,0000000000000000000000000000000000000000,108.0,True,True,543929.18,0.3144,0.9042,0.0,1,0000000000111111111111111111111111111111,110.0,False,True,562777.24,0.3304,0.8939,0.0,1,1111111111111111111111111111111111111111,110.0,False,True,578019.88,0.3344,0.8894,0.0,1,1111111111111111111111111111111111111111,110.0,False,True,599523.5,0.3446,0.8865,0.0,1,3333333333333333333330000000000000000000,109.0,True,True,584198.81,0.3066,0.9041,0.0,1,1111111111111111111111111111111111111111,109.6,109.4,570479.77,564588.224,0.3329,0.3146,0.893,0.9018,0.0,0.0,0.8,1.0
57,Malawi,Malaria_RDT,2.586,single,3,Flood,0.0,True,False,416512.57,0.0,1.0,1.0,0,0000000000000030000003000000300000030000,0.0,True,False,361044.58,0.0,1.0,1.0,1,1111111111111111111111111111111111111111,0.0,True,False,366204.98,0.0,1.0,1.0,1,1111111111111111111111111111111111111111,0.0,True,False,418338.72,0.0,1.0,1.0,1,3333333333333333333333333333333333333333,0.0,True,False,402422.25,0.0,1.0,1.0,1,1111111111111111111111111111111111111133,0.0,True,False,381983.84,0.0,1.0,1.0,0,0000000000000000000000000000000000000000,0.0,True,False,366288.26,0.0,1.0,1.0,1,0000000000000000011111111111111111111111,0.0,True,False,381983.84,0.0,1.0,1.0,1,1111111111111111111111111111111111111111,0.0,True,False,355716.42,0.0,1.0,1.0,1,1111111111111111111111111111111111111111,0.0,True,False,418338.72,0.0,1.0,1.0,1,3333333333333333333333333333333333333300,0.0,True,False,366287.68,0.0,1.0,1.0,1,1111111111111111111111111111111111111111,0.0,0.0,392337.94,371383.918,0.0,0.0,1.0,1.0,1.0,1.0,0.8,1.0
58,Uganda,LLIN,2.575,dual,7,Conflict+Flood,0.0,True,False,364667.6,0.0,1.0,1.0,1,0000000000000010000003000000100000030000,0.0,True,False,316831.06,0.0,1.0,1.0,1,1111111111111111111111111111111111111111,0.0,True,False,316726.17,0.0,1.0,1.0,1,1111111111111111111111111111111111111111,0.0,True,False,375045.87,0.0,1.0,1.0,1,3333333333333333333333333333333333333333,0.0,True,False,360711.51,0.0,1.0,1.0,1,1111111111111111111111111111113333333333,0.0,True,False,311921.79,0.0,1.0,1.0,0,0000000000000000000000000000000000000000,0.0,True,False,321661.63,0.0,1.0,1.0,1,0000000000000011111111111111111111111111,0.0,True,False,311921.79,0.0,1.0,1.0,1,1111111111111111111111111111111111111111,0.0,True,False,311918.19,0.0,1.0,1.0,1,1111111111111111111111111111111111111111,0.0,True,False,375045.87,0.0,1.0,1.0,1,3333333333333333333333333333333303000000,0.0,True,False,321556.75,0.0,1.0,1.0,1,1111111111111111111111111111111111111111,0.0,0.0,338153.276,326514.85,0.0,0.0,1.0,1.0,1.0,1.0,0.8,1.0
59,Kenya,LLIN,2.815,compound,11,Conflict+Flood+Port_Closure,0.0,True,False,443209.43,0.0,1.0,1.0,0,0000000000000000000000000000200000020000,0.0,True,False,360444.35,0.0,1.0,1.0,1,1111111111111111111111111111111111111111,0.0,True,False,381161.58,0.0,1.0,1.0,1,1111111111011111111111111111111111111111,101.0,True,True,433521.81,0.2502,0.9389,0.0,1,3333333333333333333333333333333333333333,0.0,True,False,449409.54,0.0,1.0,1.0,1,1111111111011111111111111111111111113333,0.0,True,False,322514.88,0.0,1.0,1.0,0,0000000000000000000000000000000000000000,0.0,True,False,373329.65,0.0,1.0,1.0,1,0000000000011111111111111111111111111111,0.0,True,False,375413.51,0.0,1.0,1.0,1,1111111111111111111111111111111111111111,0.0,True,False,375400.42,0.0,1.0,1.0,1,1111111111011111111111111111111111111111,39.0,True,True,371846.06,0.1319,0.9926,0.1831,1,3333333333333333333333300000000000000000,0.0,True,False,399538.04,0.0,1.0,1.0,1,1111111111011111111111111111111111111111,28.0,0.0,372748.122,395767.846,0.0764,0.0,0.9863,1.0,0.6366,1.0,0.8,1.0
60,Nigeria,LLIN,2.6,single,5,COVID_Lockdown,109.0,True,True,576640.01,0.3521,0.8794,0.0,1,0000000000000030000003000000300000010000,95.0,True,True,430709.22,0.2141,0.9588,0.0,1,1111111111111111111111111111111111111111,97.0,True,True,433335.81,0.0294,0.9974,0.7095,1,1111111111111111111111111111111111111111,97.0,True,True,524579.36,0.2535,0.9411,0.0,1,3333333333333333333333333333333333333333,77.0,True,True,445838.44,0.0677,0.9946,0.4067,1,1111111111111111111111111111111111111111,97.0,True,True,388358.36,0.1821,0.9656,0.0,0,0000000000000000000000000000000000000000,96.0,True,True,519923.3,0.3458,0.8983,0.0,1,0000000000000001111111111111111111111111,97.0,True,True,466662.24,0.2605,0.9418,0.0,1,1111111111111111111111111111111111111111,97.0,True,True,466662.24,0.2605,0.9418,0.0,1,1111111111111111111111111111111111111111,109.0,True,True,476744.53,0.2307,0.9445,0.0,1,3333333333333333333333333333333330000000,0.0,True,False,432968.75,0.0,1.0,1.0,1,1111111111111111111111111111111111111111,99.0,73.4,457410.742,459745.708,0.2282,0.1407,0.9504,0.9664,0.0,0.4232,0.8,1.0
61,Malawi,Contraceptive,2.586,dual,8,Conflict+Flood,0.0,True,False,399121.01,0.0,1.0,1.0,1,0000000000000030000003000000100000000000,0.0,True,False,345868.98,0.0,1.0,1.0,1,1111111111111111111111111111111111111111,0.0,True,False,365211.13,0.0,1.0,1.0,1,1111111111111111111111111111111111111111,102.0,True,True,369350.29,0.1028,0.9886,0.0,1,3333333333333333333333333333333333333333,107.0,True,True,405908.26,0.2006,0.9579,0.0,1,1111111111111111111111111111111111111133,103.0,True,True,308402.96,0.1019,0.9887,0.0,0,0000000000000000000000000000000000000000,0.0,True,False,351629.23,0.0,1.0,1.0,1,0000000000100111111111111111111111111111,0.0,True,False,365300.67,0.0,1.0,1.0,1,1111111111111111111111111111111111111111,0.0,True,False,370696.79,0.0,1.0,1.0,1,1111111111111111111111111111111111111111,0.0,True,False,362302.16,0.0,1.0,1.0,1,3333333333333333333333333333330000000000,0.0,True,False,381420.48,0.0,1.0,1.0,1,1111111111111111111111111111111111111111,41.0,21.4,350245.012,374973.178,0.0409,0.0401,0.9955,0.9916,0.6,0.8,0.8,1.0
62,Mozambique,LLIN,2.581,compound,13,COVID_Lockdown+Conflict+Flood,109.0,True,True,501861.58,0.2679,0.9223,0.0,1,0000000000000000000000000000200000020000,80.0,True,True,398277.52,0.1406,0.9842,0.0,1,1111111111111111111111111111111111111111,110.0,False,True,445833.37,0.1987,0.9546,0.0,1,1111111111111111111111111111111111111111,107.0,True,True,624552.85,0.4352,0.8342,0.0,1,3333333333333333333333333333333333333333,106.0,True,True,459297.47,0.1758,0.9677,0.0,1,1111111111111111111111111111111111113333,107.0,True,True,448268.49,0.3152,0.9052,0.0,0,0000000000000000000000000000000000000000,80.0,True,True,385757.7,0.1693,0.9774,0.0,1,0000000000111111111111111111111111111111,110.0,False,True,384500.98,0.135,0.9783,0.0,1,1111111111111111111111111111111111111111,107.0,True,True,426489.8,0.1858,0.9641,0.0,1,1111111111111111111111111111111111111111,43.0,True,True,609706.4,0.7144,0.8593,0.0,1,3333333333333333333333333333000000000000,107.0,True,True,462426.42,0.1648,0.9677,0.0,1,1111111111111111111111111111111111111111,89.4,102.0,493061.248,435960.952,0.3481,0.1789,0.9122,0.9663,0.0,0.0,0.8,1.0
63,Mozambique,LLIN,2.581,single,4,Flood,0.0,True,False,381485.95,0.0,1.0,1.0,0,0000000000000030000003000000300000030000,0.0,True,False,311736.71,0.0,1.0,1.0,1,1111111111111111111111111111111111111111,0.0,True,False,336130.7,0.0,1.0,1.0,1,1111111111111111111111111111111111111111,0.0,True,False,391453.95,0.0,1.0,1.0,1,3333333333333333333333333333333333333333,0.0,True,False,373827.31,0.0,1.0,1.0,1,1111111111111111111111111111111111333333,0.0,True,False,321502.53,0.0,1.0,1.0,0,0000000000000000000000000000000000000000,0.0,True,False,311736.71,0.0,1.0,1.0,1,0000000000000000011111111111111111111111,0.0,True,False,321502.53,0.0,1.0,1.0,1,1111111111111111111111111111111111111111,0.0,True,False,326393.92,0.0,1.0,1.0,1,1111111111111111111111111111111111111111,0.0,True,False,391453.95,0.0,1.0,1.0,1,3333333333333333333333333333333333300000,0.0,True,False,336164.05,0.0,1.0,1.0,1,1111111111111111111111111111111111111111,0.0,0.0,347529.934,336850.538,0.0,0.0,1.0,1.0,1.0,1.0,0.8,1.0
64,Uganda,LLIN,2.575,dual,9,COVID_Lockdown+Flood,88.0,True,True,541099.7,0.438,0.8571,0.0,1,0000000000000010000002000000200000020000,67.0,True,True,486487.31,0.5222,0.8604,0.0,1,1111111111111111111111111111100000000000,90.0,True,True,538473.35,0.4556,0.8483,0.0,1,1111111111111111111111111111111111111111,75.0,True,True,534780.35,0.4353,0.883,0.0,1,3333333333333333333333333333333333333333,90.0,True,True,576070.36,0.4743,0.8394,0.0,1,1111111111111111111111111111111111111111,67.0,True,True,496134.98,0.5222,0.8604,0.0,0,0000000000000000000000000000000000000000,67.0,True,True,486487.31,0.5222,0.8604,0.0,1,0000000000000000111111111111111111111111,67.0,True,True,500965.56,0.5222,0.8604,0.0,1,1111111111111111111111111111111111111111,67.0,True,True,500957.69,0.5222,0.8604,0.0,1,1111111111111111111111111111111111111111,75.0,True,True,534780.35,0.4353,0.883,0.0,1,3333333333333333333333333333300000000000,90.0,True,True,533642.77,0.4556,0.8483,0.0,1,1111111111111111111111111111111111111111,70.2,80.8,510629.71,527126.296,0.4874,0.486,0.8694,0.8514,0.0,0.0,0.8,1.0
65,Nigeria,LLIN,2.6,compound,9,Conflict+Flood+Port_Closure,0.0,True,False,451880.24,0.0,1.0,1.0,0,0000000000000000000000000000200000020000,0.0,True,False,397378.03,0.0,1.0,1.0,1,1111111111111111111111111111111111111111,0.0,True,False,422728.74,0.0,1.0,1.0,1,1111111111111111111111111111111111111111,0.0,True,False,431328.45,0.0,1.0,1.0,1,3333333333333333333333333333333333333333,0.0,True,False,471051.35,0.0,1.0,1.0,1,1111111111111111111111111111111111111111,0.0,True,False,340119.93,0.0,1.0,1.0,0,0000000000000000000000000000000000000000,0.0,True,False,383567.83,0.0,1.0,1.0,1,0000000000111111111111111111111111111111,0.0,True,False,397339.05,0.0,1.0,1.0,1,1111111111111111111111111111111111111111,0.0,True,False,403359.93,0.0,1.0,1.0,1,1111111111111111111111111111111111111111,0.0,True,False,407867.87,0.0,1.0,1.0,1,3333333333333333333333330000000000000000,0.0,True,False,452790.57,0.0,1.0,1.0,1,1111111111111111111111111111111111111111,0.0,0.0,394806.666,426699.684,0.0,0.0,1.0,1.0,1.0,1.0,0.8,1.0
66,Nigeria,Contraceptive,2.6,single,4,Conflict,0.0,True,False,361446.43,0.0,1.0,1.0,0,0000000000000030000003000000300000030000,0.0,True,False,293867.54,0.0,1.0,1.0,1,1111111111111111111111111111111111111111,0.0,True,False,312120.93,0.0,1.0,1.0,1,1111111111111111111111111111111111111111,0.0,True,False,368993.98,0.0,1.0,1.0,1,3333333333333333333333333333333333333333,0.0,True,False,348430.52,0.0,1.0,1.0,1,1111111111111111111111111111111111111133,0.0,True,False,307612.3,0.0,1.0,1.0,0,0000000000000000000000000000000000000000,0.0,True,False,293867.54,0.0,1.0,1.0,1,0000000000000111111111111111111111111111,0.0,True,False,307612.3,0.0,1.0,1.0,1,1111111111111111111111111111111111111111,0.0,True,False,307612.3,0.0,1.0,1.0,1,1111111111111111111111111111111111111111,0.0,True,False,368993.98,0.0,1.0,1.0,1,3333333333333333333333333333333333330000,0.0,True,False,316746.7,0.0,1.0,1.0,1,1111111111111111111111111111111111111111,0.0,0.0,329416.02,315755.598,0.0,0.0,1.0,1.0,1.0,1.0,0.8,1.0
67,Nigeria,Maternal_Health,2.6,dual,8,COVID_Lockdown+Flood,95.0,True,True,521669.14,0.3307,0.9076,0.0,1,0000000000000030000003000000100000000000,68.0,True,True,465779.25,0.4235,0.902,0.0,1,1111111111111111111111111111111100000000,68.0,True,True,501433.57,0.4235,0.9007,0.0,1,1111111111111111111111111111111111111111,69.0,True,True,493388.71,0.4129,0.9022,0.0,1,3333333333333333333333333333333333333333,69.0,True,True,550921.42,0.4352,0.8939,0.0,1,1111111111111111111111111111111111111111,68.0,True,True,480602.58,0.4235,0.902,0.0,0,0000000000000000000000000000000000000000,68.0,True,True,465779.25,0.4235,0.902,0.0,1,0000000000000000001111111111111111111111,68.0,True,True,480602.58,0.4235,0.902,0.0,1,1111111111111111111111111111111111111111,68.0,True,True,480602.58,0.4235,0.902,0.0,1,1111111111111111111111111111111111111111,69.0,True,True,493388.71,0.4129,0.9022,0.0,1,3333333333333333333333333333330000000000,68.0,True,True,496481.31,0.4235,0.9007,0.0,1,1111111111111111111111111111111111111111,68.4,68.2,482752.366,499043.626,0.4193,0.4258,0.9021,0.8999,0.0,0.0,0.8,1.0
68,Uganda,Contraceptive,2.575,compound,10,COVID_Lockdown+Flood+Port_Closure,95.0,True,True,584125.31,0.3082,0.9132,0.0,0,0000000000000000000002000000200000020000,102.0,True,True,463259.19,0.2243,0.949,0.0,1,1111111111111111111111111111111111111111,82.0,True,True,473701.37,0.2245,0.957,0.0,1,1111111111111111111111111111111111111111,104.0,True,True,562946.96,0.3418,0.8866,0.0,1,3333333333333333333333333333333333333333,22.0,True,True,519715.71,0.2373,0.9871,0.0,1,1111111111111111111111111111113333333333,36.0,True,True,461208.95,0.549,0.9177,0.0,0,0000000000000000000000000000000000000000,102.0,True,True,447434.51,0.2098,0.955,0.0,1,0000000000111111111111111111111111111111,104.0,True,True,505575.03,0.2884,0.9183,0.0,1,1111111111111111111111111111111111111111,104.0,True,True,505575.03,0.2884,0.9183,0.0,1,1111111111111111111111111111111111111111,82.0,True,True,519225.28,0.3163,0.923,0.0,1,3333333333333333333330000000000000000000,82.0,True,True,488901.67,0.2284,0.9543,0.0,1,1111111111111111111111111111111111111111,85.6,78.4,502443.082,487065.658,0.344,0.2377,0.9189,0.9543,0.0,0.0,0.8,1.0
69,Uganda,LLIN,2.575,single,3,Flood,0.0,True,False,378855.55,0.0,1.0,1.0,0,0000000000000000000003000000300000030000,0.0,True,False,372733.08,0.0,1.0,1.0,1,1111111111111111111111111111111111111111,0.0,True,False,375987.22,0.0,1.0,1.0,1,1111111111111111111111111111111111111111,0.0,True,False,414732.89,0.0,1.0,1.0,1,3333333333333333333333333333333333333333,0.0,True,False,415835.01,0.0,1.0,1.0,1,1111111111111111111111111111111111111111,0.0,True,False,347472.93,0.0,1.0,1.0,0,0000000000000000000000000000000000000000,0.0,True,False,400023.91,0.0,1.0,1.0,1,0000000000000000011111111111111111111111,0.0,True,False,359373.84,0.0,1.0,1.0,1,1111111111111111111111111111111111111111,0.0,True,False,364929.01,0.0,1.0,1.0,1,1111111111111111111111111111111111111111,0.0,True,False,393017.89,0.0,1.0,1.0,1,3333333333333333333333333333333333330330,0.0,True,False,399439.86,0.0,1.0,1.0,1,1111111111111111111111111111111111111111,0.0,0.0,377466.126,391243.002,0.0,0.0,1.0,1.0,1.0,1.0,0.8,1.0
70,Uganda,LLIN,2.575,dual,6,Conflict+Port_Closure,0.0,True,False,307214.16,0.0,1.0,1.0,1,0000000000000000000000000000100000000000,0.0,True,False,307214.16,0.0,1.0,1.0,1,1111111111111111111111111111111111111111,0.0,True,False,321677.2,0.0,1.0,1.0,1,1111111111111111111111111111111111111111,0.0,True,False,361024.35,0.0,1.0,1.0,1,3333333333333333333333333333333333333333,0.0,True,False,367193.81,0.0,1.0,1.0,1,1111111111111111111111111111111111133333,0.0,True,False,321681.11,0.0,1.0,1.0,0,0000000000000000000000000000000000000000,0.0,True,False,307214.16,0.0,1.0,1.0,1,0000000000111111111111111111111111111111,0.0,True,False,316848.15,0.0,1.0,1.0,1,1111111111111111111111111111111111111111,0.0,True,False,321681.11,0.0,1.0,1.0,1,1111111111111111111111111111111111111111,0.0,True,False,361024.35,0.0,1.0,1.0,1,3333333333333333333333333000000000000000,0.0,True,False,331276.08,0.0,1.0,1.0,1,1111111111111111111111111111111111111111,0.0,0.0,333558.424,329808.472,0.0,0.0,1.0,1.0,1.0,1.0,0.8,1.0
71,Malawi,HIV_ARV,2.586,compound,11,COVID_Lockdown+Conflict+Port_Closure,96.0,True,True,530303.91,0.2277,0.945,0.0,0,0000000000000000000000000000200000020000,96.0,True,True,424679.55,0.1713,0.9709,0.0,1,1111111111111111111111111111111111111111,97.0,True,True,480511.99,0.2791,0.9325,0.0,1,1111111111111111111111111111111111111111,85.0,True,True,611723.64,0.4164,0.8791,0.0,1,3333333333333333333333333333333333333333,0.0,True,False,489427.54,0.0,1.0,1.0,1,1111111111111111111111111111111111113333,97.0,True,True,469082.2,0.2849,0.9296,0.0,0,0000000000000000000000000000000000000000,110.0,False,True,420857.87,0.0618,0.9936,0.3559,1,0000000000111111111111111111111111111111,98.0,True,True,491393.18,0.2253,0.9527,0.0,1,1111111111111111111111111111111111111111,98.0,True,True,497531.35,0.2253,0.9527,0.0,1,1111111111111111111111111111111111111111,85.0,True,True,619701.72,0.4156,0.8798,0.0,1,3333333333333333333333330000000000000000,84.0,True,True,454670.58,0.1405,0.9837,0.0,1,1111111111111111111111111111111111111111,92.2,77.8,523316.058,468599.866,0.3027,0.1413,0.9224,0.9725,0.0,0.2712,0.8,1.0
72,Ethiopia,Malaria_RDT,2.581,single,2,Port_Closure,0.0,True,False,389423.3,0.0,1.0,1.0,1,0000000000000000000001000000000000010000,0.0,True,False,389423.3,0.0,1.0,1.0,1,1111111111111111111111111111111111111111,0.0,True,False,412730.01,0.0,1.0,1.0,1,1111111111111111111111111111111111111111,0.0,True,False,482304.23,0.0,1.0,1.0,1,3333333333333333333333333333333333333333,0.0,True,False,456757.24,0.0,1.0,1.0,1,1111111111111111111111111111111111111113,0.0,True,False,406884.68,0.0,1.0,1.0,0,0000000000000000000000000000000000000000,0.0,True,False,389423.3,0.0,1.0,1.0,1,0000000000000111111111111111111111111111,0.0,True,False,401090.1,0.0,1.0,1.0,1,1111111111111111111111111111111111111111,0.0,True,False,406884.68,0.0,1.0,1.0,1,1111111111111111111111111111111111111111,0.0,True,False,482304.23,0.0,1.0,1.0,1,3333333333333333333333333333333030000000,0.0,True,False,424328.9,0.0,1.0,1.0,1,1111111111111111111111111111111111111111,0.0,0.0,432401.308,418024.826,0.0,0.0,1.0,1.0,1.0,1.0,0.8,1.0
73,Zambia,Contraceptive,2.526,dual,6,Flood+Port_Closure,0.0,True,False,427032.56,0.0,1.0,1.0,1,0000000000000000000001000000000000030000,0.0,True,False,369585.47,0.0,1.0,1.0,1,1111111111111111111111111111111111111111,0.0,True,False,401630.22,0.0,1.0,1.0,1,1111111111111111111111111111111111111111,0.0,True,False,394691.43,0.0,1.0,1.0,1,3333333333333333333333333333333333333333,0.0,True,False,416291.19,0.0,1.0,1.0,1,1111111111111111111111111111111111111111,0.0,True,False,331242.47,0.0,1.0,1.0,0,0000000000000000000000000000000000000000,0.0,True,False,372483.3,0.0,1.0,1.0,1,0000000000001111111111111111111111111111,0.0,True,False,395911.08,0.0,1.0,1.0,1,1111111111111111111111111111111111111111,0.0,True,False,395911.08,0.0,1.0,1.0,1,1111111111111111111111111111111111111111,0.0,True,False,395408.54,0.0,1.0,1.0,1,3333333333333333333333333000000000000000,0.0,True,False,399200.45,0.0,1.0,1.0,1,1111111111111111111111111111111111111111,0.0,0.0,377367.798,397103.248,0.0,0.0,1.0,1.0,1.0,1.0,0.8,1.0
74,Uganda,Contraceptive,2.575,compound,11,Conflict+Flood+Port_Closure,110.0,False,True,452786.12,0.0367,0.9965,0.6145,0,0000000000000000000000000000200000020000,0.0,True,False,357131.86,0.0,1.0,1.0,1,1111111111111111111111111111111111111111,0.0,True,False,360713.39,0.0,1.0,1.0,1,1111111111111111111111111111111111111111,110.0,False,True,431758.41,0.1683,0.9712,0.0,1,3333333333333333333333333333333333333333,0.0,True,False,421966.58,0.0,1.0,1.0,1,1111111111111111111111111111111111111333,0.0,True,False,297871.95,0.0,1.0,1.0,0,0000000000000000000000000000000000000000,0.0,True,False,343096.62,0.0,1.0,1.0,1,0000000000111111111111111111111111111111,110.0,False,True,359358.41,0.0962,0.99,0.0,1,1111111111111111111111111111111111111111,110.0,False,True,359358.41,0.0962,0.99,0.0,1,1111111111111111111111111111111111111111,0.0,True,False,369632.03,0.0,1.0,1.0,1,3333333333333333333333330000000000000000,110.0,False,True,380936.03,0.1325,0.9823,0.0,1,1111111111111111111111111111111111111111,44.0,44.0,363150.532,373214.206,0.0529,0.0457,0.9922,0.9945,0.6,0.6,0.8,1.0
75,Malawi,HIV_ARV,2.586,single,2,Port_Closure,0.0,True,False,354033.03,0.0,1.0,1.0,0,0000000000000000000000000000000000000000,0.0,True,False,406948.24,0.0,1.0,1.0,1,1111111111111111111111111111111111111111,0.0,True,False,426519.09,0.0,1.0,1.0,1,1111111111111111111111111111111111111111,0.0,True,False,469236.92,0.0,1.0,1.0,1,3333333333333333333333333333333333333333,0.0,True,False,450503.9,0.0,1.0,1.0,1,1111111111111111111111111111111111111111,0.0,True,False,364687.72,0.0,1.0,1.0,0,0000000000000000000000000000000000000000,0.0,True,False,393258.26,0.0,1.0,1.0,1,0000000000011111111111111111111111111111,0.0,True,False,419170.0,0.0,1.0,1.0,1,1111111111111111111111111111111111111111,0.0,True,False,422852.9,0.0,1.0,1.0,1,1111111111111111111111111111111111111111,0.0,True,False,457863.11,0.0,1.0,1.0,1,3333333333333333333333333333000000000000,0.0,True,False,463414.09,0.0,1.0,1.0,1,1111111111111111111111111111111111111111,0.0,0.0,423581.198,431309.648,0.0,0.0,1.0,1.0,1.0,1.0,0.8,1.0
76,Mozambique,HIV_ARV,2.581,dual,8,COVID_Lockdown+Flood,110.0,False,True,502583.81,0.2226,0.9471,0.0,1,0000000000000030000001000000100000000000,80.0,True,True,401412.38,0.1601,0.9809,0.0,1,1111111111111111111111111111111111111111,89.0,True,True,447189.71,0.2047,0.9657,0.0,1,1111111111111111111111111111111111111111,109.0,True,True,532495.37,0.3106,0.9026,0.0,1,3333333333333333333333333333333333333333,83.0,True,True,485249.68,0.2115,0.9651,0.0,1,1111111111111111111111111111111111111111,109.0,True,True,484169.2,0.3736,0.8689,0.0,0,0000000000000000000000000000000000000000,80.0,True,True,435538.04,0.2824,0.9409,0.0,1,0000000000000000111111111111111111111111,80.0,True,True,423819.99,0.1601,0.9805,0.0,1,1111111111111111111111111111111111111111,89.0,True,True,441636.63,0.2047,0.9657,0.0,1,1111111111111111111111111111111111111111,82.0,True,True,530057.77,0.3817,0.8946,0.0,1,3333333333333333333333333333330000000000,83.0,True,True,458312.31,0.1982,0.9676,0.0,1,1111111111111111111111111111111111111111,92.0,84.8,474390.942,453585.274,0.2772,0.2203,0.9255,0.961,0.0,0.0,0.8,1.0
77,Kenya,Contraceptive,2.815,compound,10,Conflict+Flood+Port_Closure,0.0,True,False,412450.58,0.0,1.0,1.0,0,0000000000000000000000000000200000020000,0.0,True,False,313410.5,0.0,1.0,1.0,1,1111111111111111111111111111111111110110,0.0,True,False,333970.95,0.0,1.0,1.0,1,1111111111011111111111111111111111111111,110.0,False,True,381961.78,0.1625,0.9671,0.0,1,3333333333333333333333333333333333333333,0.0,True,False,375870.65,0.0,1.0,1.0,1,1111111111011111111111111111111133333333,0.0,True,False,297902.89,0.0,1.0,1.0,0,0000000000000000000000000000000000000000,0.0,True,False,313410.5,0.0,1.0,1.0,1,0000000000011111111111111111111111111111,0.0,True,False,297902.89,0.0,1.0,1.0,1,1111111111111111111111111111111111111111,0.0,True,False,297902.89,0.0,1.0,1.0,1,1111111111011111111111111111111111111111,110.0,False,True,381961.78,0.1625,0.9671,0.0,1,3333333333333333333333300000000000000000,0.0,True,False,339141.89,0.0,1.0,1.0,1,1111111111011111111111111111111111111111,44.0,0.0,334627.968,332059.376,0.065,0.0,0.9868,1.0,0.6,1.0,0.8,1.0
78,Uganda,Maternal_Health,2.575,single,3,Port_Closure,0.0,True,False,366959.2,0.0,1.0,1.0,0,0000000000000000000000000000000000000000,0.0,True,False,396300.18,0.0,1.0,1.0,1,1111111111111111111111111111111111111111,0.0,True,False,399688.55,0.0,1.0,1.0,1,1111111111111111111111111111111111111111,0.0,True,False,417898.1,0.0,1.0,1.0,1,3333333333333333333333333333333333333333,0.0,True,False,474937.26,0.0,1.0,1.0,1,1111111111111111111111111111111111111111,0.0,True,False,361598.3,0.0,1.0,1.0,0,0000000000000000000000000000000000000000,0.0,True,False,422284.46,0.0,1.0,1.0,1,0000000000111111111111111111111111111111,0.0,True,False,418390.57,0.0,1.0,1.0,1,1111111111111111111111111111111111111111,0.0,True,False,412187.94,0.0,1.0,1.0,1,1111111111111111111111111111111111111111,0.0,True,False,447293.0,0.0,1.0,1.0,1,3333333333333333333333333333303000000000,0.0,True,False,440316.52,0.0,1.0,1.0,1,1111111111111111111111111111111111111111,0.0,0.0,408296.03,429882.946,0.0,0.0,1.0,1.0,1.0,1.0,0.8,1.0
79,Malawi,Contraceptive,2.586,dual,8,Conflict+Flood,108.0,True,True,354444.72,0.0539,0.9949,0.4405,0,0000000000000030000003000000300000000000,0.0,True,False,286352.91,0.0,1.0,1.0,1,1111111111111111111111111111111111111111,0.0,True,False,305056.99,0.0,1.0,1.0,1,1111111111111111111111111111111111111111,0.0,True,False,345163.56,0.0,0.9991,0.9025,1,3333333333333333333333333333333333333333,0.0,True,False,345923.49,0.0,1.0,1.0,1,1111111111111111111111111111111333333333,0.0,True,False,300373.25,0.0,1.0,1.0,0,0000000000000000000000000000000000000000,0.0,True,False,286352.91,0.0,1.0,1.0,1,0000000000000011111111111111111111111111,0.0,True,False,300373.25,0.0,1.0,1.0,1,1111111111111111111111111111111111111111,0.0,True,False,300366.58,0.0,1.0,1.0,1,1111111111111111111111111111111111111111,0.0,True,False,345163.56,0.0,0.9991,0.9025,1,3333333333333333333333333333333000000000,0.0,True,False,309749.27,0.0,1.0,1.0,1,1111111111111111111111111111111111111111,0.0,0.0,315485.306,309489.848,0.0,0.0,0.9996,1.0,0.961,1.0,0.8,1.0
80,Kenya,LLIN,2.815,compound,12,COVID_Lockdown+Conflict+Port_Closure,109.0,True,True,518942.84,0.2641,0.9296,0.0,1,0000000000000000000000000000200000020000,110.0,False,True,483371.43,0.3022,0.9064,0.0,1,1111111111111111111111111111111111111111,110.0,False,True,541102.74,0.3849,0.8611,0.0,1,1111111111011111111111111111111111111111,110.0,False,True,735844.39,0.5182,0.7813,0.0,1,3333333333333333333333333333333233223333,110.0,False,True,479635.91,0.191,0.957,0.0,1,1111111111011111111111111111111111133333,110.0,False,True,385169.46,0.2112,0.9476,0.0,0,0000000000000000000000000000000000000000,110.0,False,True,438865.8,0.1431,0.9768,0.0,1,0000000000011111111111111111111111111111,110.0,False,True,541102.74,0.3849,0.8611,0.0,1,1111111111111111111111111111111111111111,110.0,False,True,541102.74,0.3849,0.8611,0.0,1,1111111111011111111111111111111111111111,110.0,False,True,593699.2,0.4466,0.822,0.0,1,3333333333333333333333000000000000000000,110.0,False,True,464780.47,0.2273,0.9436,0.0,1,1111111111011111111111111111111111111111,110.0,110.0,547837.444,493097.532,0.3726,0.2662,0.8637,0.9199,0.0,0.0,0.8,1.0
81,Uganda,Malaria_RDT,2.575,single,4,Conflict,0.0,True,False,413913.69,0.0,1.0,1.0,1,0000000000000010000003000000300000030000,0.0,True,False,337758.12,0.0,1.0,1.0,1,1111111111111111111111111111111111111111,0.0,True,False,337634.39,0.0,1.0,1.0,1,1111111111111111111111111111111111111111,0.0,True,False,388737.67,0.0,1.0,1.0,1,3333333333333333333333333333333333333333,0.0,True,False,378145.85,0.0,1.0,1.0,1,1111111111111111111111111111111111111133,0.0,True,False,352549.02,0.0,1.0,1.0,0,0000000000000000000000000000000000000000,0.0,True,False,342704.64,0.0,1.0,1.0,1,0000000000000011111111111111111111111111,0.0,True,False,352549.02,0.0,1.0,1.0,1,1111111111111111111111111111111111111111,0.0,True,False,357503.82,0.0,1.0,1.0,1,1111111111111111111111111111111111111111,0.0,True,False,388737.67,0.0,1.0,1.0,1,3333333333333333333333333333333333000000,0.0,True,False,372199.71,0.0,1.0,1.0,1,1111111111111111111111111111111111111111,0.0,0.0,364066.3,357637.682,0.0,0.0,1.0,1.0,1.0,1.0,0.8,1.0
82,Ethiopia,Contraceptive,2.581,dual,7,COVID_Lockdown+Port_Closure,0.0,True,False,455131.64,0.0,1.0,1.0,0,0000000000000000000000000000200000020000,0.0,True,False,410563.51,0.0,1.0,1.0,1,1111111111111111111111111111111111111111,0.0,True,False,445635.02,0.0,1.0,1.0,1,1111111111111111111111111111111111111111,96.0,True,True,492986.27,0.2241,0.9537,0.0,1,3333333333333333333333333333333333333333,97.0,True,True,493679.97,0.0799,0.9929,0.2157,1,1111111111111111111111111111111111111113,103.0,True,True,408551.67,0.1766,0.9682,0.0,0,0000000000000000000000000000000000000000,40.0,True,True,392659.33,0.0884,0.9949,0.442,1,0000000000001111111111111111111111111111,0.0,True,False,409340.04,0.0,1.0,1.0,1,1111111111111111111111111111111111111111,0.0,True,False,433588.96,0.0,1.0,1.0,1,1111111111111111111111111111111111111111,42.0,True,True,451377.28,0.1964,0.9826,0.0,1,3333333333333333333333330000000000000000,103.0,True,True,490797.36,0.221,0.9493,0.0,1,1111111111111111111111111111111111111111,48.2,48.0,434563.754,451272.128,0.1194,0.0779,0.9809,0.9874,0.4,0.5315,0.8,1.0
83,Malawi,Contraceptive,2.586,compound,13,COVID_Lockdown+Conflict+Port_Closure,100.0,True,True,596559.58,0.4045,0.8601,0.0,0,0000000000000000000002000000200000020000,23.0,True,True,361410.8,0.2139,0.9902,0.0,1,1111111111111111111111111111111111111111,23.0,True,True,380735.56,0.2139,0.9902,0.0,1,1111111111111111111111111111111111111111,101.0,True,True,961177.96,0.4878,0.8161,0.0,1,3333333333333333333333333333222222222223,77.0,True,True,493077.02,0.2481,0.9567,0.0,1,1111111111111111111111111111111333333333,40.0,True,True,393677.36,0.5012,0.9166,0.0,0,0000000000000000000000000000000000000000,23.0,True,True,376475.33,0.3182,0.9787,0.0,1,0000000000111111111111111111111111111111,23.0,True,True,380812.84,0.2139,0.9902,0.0,1,1111111111111111111111111111111111111111,23.0,True,True,380812.84,0.2139,0.9902,0.0,1,1111111111111111111111111111111111111111,69.0,True,True,505579.22,0.4543,0.882,0.0,1,3333333333333333333333300000000000000000,109.0,True,True,392267.68,0.1114,0.9849,0.0,1,1111111111111111111111111111111111111111,51.2,51.0,520531.636,404673.686,0.3742,0.2211,0.919,0.9801,0.0,0.0,0.8,1.0
84,Malawi,Maternal_Health,2.586,single,5,COVID_Lockdown,103.0,True,True,512524.6,0.2227,0.9507,0.0,1,0000000000000030000003000000300000010000,0.0,True,False,398001.1,0.0,1.0,1.0,1,1111111111111111111111111111111111111111,0.0,True,False,428009.46,0.0,1.0,1.0,1,1111111111111111111111111111111111111111,102.0,True,True,569583.03,0.3676,0.8812,0.0,1,3333333333333333333333333333333333333333,101.0,True,True,503336.1,0.1918,0.9622,0.0,1,1111111111111111111111111111111111111111,102.0,True,True,346822.48,0.0994,0.9909,0.0013,0,0000000000000000000000000000000000000000,0.0,True,False,408081.12,0.0,1.0,1.0,1,0000000000000000001111111111111111111111,0.0,True,False,410002.71,0.0,1.0,1.0,1,1111111111111111111111111111111111111111,0.0,True,False,416024.73,0.0,1.0,1.0,1,1111111111111111111111111111111111111111,69.0,True,True,465435.22,0.2161,0.9678,0.0,1,3333333333333333333333333333333300000000,0.0,True,False,439903.68,0.0,1.0,1.0,1,1111111111111111111111111111111111111111,54.6,20.2,437968.908,439071.018,0.1366,0.0384,0.968,0.9924,0.4003,0.8,0.8,1.0
85,Zambia,Contraceptive,2.526,dual,9,COVID_Lockdown+Conflict,97.0,True,True,683787.06,0.5162,0.8026,0.0,1,0000000000000030000003000000200000010000,95.0,True,True,386124.09,0.1557,0.9773,0.0,1,1111111111111111111111111111111111111111,96.0,True,True,400103.82,0.1565,0.9769,0.0,1,1111111111111111111111111111111111111111,97.0,True,True,571988.13,0.3975,0.872,0.0,1,3333333333333333333333333333333333333333,97.0,True,True,457471.45,0.1647,0.975,0.0,1,1111111111111111111111111111111111111113,95.0,True,True,384645.87,0.2519,0.9398,0.0,0,0000000000000000000000000000000000000000,108.0,True,True,425100.3,0.2147,0.9543,0.0,1,0000000000111111111111111111111111111111,96.0,True,True,419866.2,0.1871,0.9682,0.0,1,1111111111111111111111111111111111111111,96.0,True,True,419866.2,0.1871,0.9682,0.0,1,1111111111111111111111111111111111111111,101.0,True,True,486194.69,0.2873,0.9218,0.0,1,3333333333333333333333333333330000000000,0.0,True,False,383632.97,0.0,1.0,1.0,1,1111111111111111111111111111111111111111,96.8,79.4,449763.796,417234.948,0.2559,0.1446,0.9358,0.9749,0.0,0.2,0.8,1.0
86,Ghana,HIV_ARV,2.5,compound,11,COVID_Lockdown+Flood+Port_Closure,110.0,False,True,545129.78,0.3007,0.9083,0.0,1,0000000000000000000000000000200000020000,32.0,True,True,400332.37,0.3385,0.9662,0.0,1,1111111111111111111111111111111111111000,108.0,True,True,434502.65,0.1926,0.9593,0.0,1,1111111111111111111111111111111111111111,90.0,True,True,891152.19,0.6087,0.7732,0.0,1,3333333333333333333333333332222223332333,26.0,True,True,442271.71,0.0423,0.998,0.7816,1,1111111111111111111111111111111111333333,39.0,True,True,408296.16,0.4135,0.9418,0.0,0,0000000000000000000000000000000000000000,26.0,True,True,395813.51,0.2244,0.9864,0.0,1,0000000000000111111111111111111111111111,100.0,True,True,414144.73,0.1854,0.9646,0.0,1,1111111111111111111111111111111111111111,100.0,True,True,419766.43,0.1854,0.9646,0.0,1,1111111111111111111111111111111111111111,89.0,True,True,537155.38,0.3773,0.89,0.0,1,3333333333333333333330000000000000000000,75.0,True,True,429202.79,0.2172,0.9635,0.0,1,1111111111111111111111111111111111111111,70.0,67.0,530216.166,424311.418,0.3847,0.1724,0.9072,0.9744,0.0,0.1563,0.8,1.0
87,Zambia,Maternal_Health,2.526,single,2,Port_Closure,0.0,True,False,341397.76,0.0,1.0,1.0,0,0000000000000000000000000000000000000000,0.0,True,False,357618.97,0.0,1.0,1.0,1,1111111111111111111111111111111111111111,0.0,True,False,399960.52,0.0,1.0,1.0,1,1111111111111111111111111111111111111111,0.0,True,False,442653.54,0.0,1.0,1.0,1,3333333333333333333333333333333333333333,0.0,True,False,465686.65,0.0,1.0,1.0,1,1111111111111111111111111111111111111111,0.0,True,False,356647.39,0.0,1.0,1.0,0,0000000000000000000000000000000000000000,0.0,True,False,357948.81,0.0,1.0,1.0,1,0000000000000111111111111111111111111111,0.0,True,False,372847.14,0.0,1.0,1.0,1,1111111111111111111111111111111111111111,0.0,True,False,372847.14,0.0,1.0,1.0,1,1111111111111111111111111111111111111111,0.0,True,False,431517.48,0.0,1.0,1.0,1,3333333333333333333333333333333000000000,0.0,True,False,430640.68,0.0,1.0,1.0,1,1111111111111111111111111111111111111111,0.0,0.0,392256.904,405416.76,0.0,0.0,1.0,1.0,1.0,1.0,0.8,1.0
88,Nigeria,Contraceptive,2.6,dual,6,Flood+Port_Closure,103.0,True,True,407623.99,0.1259,0.9838,0.0,1,0000000000000000000001000000300000030000,0.0,True,False,342439.35,0.0,1.0,1.0,1,1111111111111111111111111111111111111111,0.0,True,False,346618.58,0.0,1.0,1.0,1,1111111111111111111111111111111111111111,0.0,True,False,359217.41,0.0,1.0,1.0,1,3333333333333333333333333333333333333333,0.0,True,False,377931.51,0.0,1.0,1.0,1,1111111111111111111111111111111111111111,0.0,True,False,302087.09,0.0,1.0,1.0,0,0000000000000000000000000000000000000000,0.0,True,False,352374.16,0.0,1.0,1.0,1,0000000000011111111111111111111111111111,0.0,True,False,346654.51,0.0,1.0,1.0,1,1111111111111111111111111111111111111111,0.0,True,False,351932.77,0.0,1.0,1.0,1,1111111111111111111111111111111111111111,0.0,True,False,359657.53,0.0,1.0,1.0,1,3333333333333333333333300000000000000000,0.0,True,False,367690.29,0.0,1.0,1.0,1,1111111111111111111111111111111111111111,0.0,0.0,342011.178,359309.462,0.0,0.0,1.0,1.0,1.0,1.0,0.8,1.0
89,Ethiopia,HIV_ARV,2.581,compound,10,Conflict+Flood+Port_Closure,81.0,True,True,458191.64,0.2378,0.9574,0.0,1,0000000000000000000002000000200000020000,35.0,True,True,333406.51,0.3063,0.9718,0.0,1,1111111111111111111111111111111111101100,35.0,True,True,338113.69,0.3063,0.9718,0.0,1,1111111111111111111111111111111111111111,83.0,True,True,413907.69,0.2766,0.9413,0.0,1,3333333333333333333333333333333333333333,63.0,True,True,375105.35,0.2083,0.9697,0.0,1,1111111111111111111111111111113333333333,35.0,True,True,323695.49,0.3063,0.9718,0.0,0,0000000000000000000000000000000000000000,35.0,True,True,333406.51,0.3063,0.9718,0.0,1,0000000000111111111111111111111111111111,35.0,True,True,323695.49,0.3063,0.9718,0.0,1,1111111111111111111111111111111111111111,35.0,True,True,328527.12,0.3063,0.9718,0.0,1,1111111111111111111111111111111111111111,83.0,True,True,413907.69,0.2766,0.9413,0.0,1,3333333333333333333333000000000000000000,35.0,True,True,338129.68,0.3063,0.9718,0.0,1,1111111111111111111111111111111111111111,54.2,40.6,361722.574,342656.47,0.2944,0.2867,0.9596,0.9714,0.0,0.0,0.8,1.0
90,Nigeria,Contraceptive,2.6,single,5,Conflict,0.0,True,False,348144.51,0.0,1.0,1.0,0,0000000000000030000003000000300000030000,0.0,True,False,333011.61,0.0,1.0,1.0,1,1111111111111111111111111111111111111111,0.0,True,False,343421.02,0.0,1.0,1.0,1,1111111111111111111111111111111111111111,0.0,True,False,356808.04,0.0,1.0,1.0,1,3333333333333333333333333333333333333333,0.0,True,False,400375.42,0.0,1.0,1.0,1,1111111111111111111111111111111111111111,0.0,True,False,290944.6,0.0,1.0,1.0,0,0000000000000000000000000000000000000000,0.0,True,False,364158.11,0.0,1.0,1.0,1,0000000000111111111111111111111111111111,0.0,True,False,343538.52,0.0,1.0,1.0,1,1111111111111111111111111111111111111111,0.0,True,False,348816.78,0.0,1.0,1.0,1,1111111111111111111111111111111111111111,0.0,True,False,360960.26,0.0,1.0,1.0,1,3333333333333333333333333333333303000000,0.0,True,False,392169.61,0.0,1.0,1.0,1,1111111111111111111111111111111111111111,0.0,0.0,337052.606,369788.188,0.0,0.0,1.0,1.0,1.0,1.0,0.8,1.0
91,Ethiopia,Malaria_RDT,2.581,dual,9,COVID_Lockdown+Flood,109.0,True,True,598639.96,0.3489,0.8863,0.0,1,0000000000000000000002000000100000010000,110.0,False,True,524864.82,0.2041,0.9552,0.0,1,1111111111111111111111111111111111111111,110.0,False,True,520939.71,0.2308,0.9431,0.0,1,1111111111111111111111111111111111111111,110.0,False,True,612690.54,0.3042,0.8989,0.0,1,3333333333333333333333333333333333333333,110.0,False,True,499724.54,0.1438,0.9775,0.0,1,1111111111111111111111111111111111111111,110.0,False,True,539121.72,0.3518,0.8768,0.0,0,0000000000000000000000000000000000000000,110.0,False,True,558579.8,0.3496,0.8775,0.0,1,0000000000000000111111111111111111111111,110.0,False,True,510771.27,0.2415,0.9416,0.0,1,1111111111111111111111111111111111111111,110.0,False,True,512585.9,0.2409,0.9435,0.0,1,1111111111111111111111111111111111111111,110.0,False,True,632598.97,0.3475,0.8737,0.0,1,3333333333333333333333333333333000000000,110.0,False,True,479482.11,0.1227,0.9837,0.0,1,1111111111111111111111111111111111111111,110.0,110.0,564009.464,514262.412,0.2898,0.2176,0.9092,0.9451,0.0,0.0,0.8,1.0
92,Kenya,Maternal_Health,2.815,compound,10,COVID_Lockdown+Flood+Port_Closure,35.0,True,True,537631.98,0.3785,0.9579,0.0,1,0000000000000000000001000000200000020000,41.0,True,True,426635.3,0.172,0.985,0.0,1,1111111111111111111111111111111111111111,41.0,True,True,432265.7,0.172,0.985,0.0,1,1111111111111111111111111111111111111111,109.0,True,True,825554.33,0.4677,0.8126,0.0,1,3333333333333333333333332233233322233333,96.0,True,True,520623.87,0.2109,0.9549,0.0,1,1111111111111111111111111111111111111113,41.0,True,True,503266.89,0.599,0.8964,0.0,0,0000000000000000000000000000000000000000,41.0,True,True,429236.62,0.3374,0.959,0.0,1,0000000000000111111111111111111111111111,41.0,True,True,420947.88,0.172,0.985,0.0,1,1111111111111111111111111111111111111111,41.0,True,True,420947.88,0.172,0.985,0.0,1,1111111111111111111111111111111111111111,102.0,True,True,583126.59,0.4185,0.8502,0.0,1,3333333333333333333330000000000000000000,41.0,True,True,480876.76,0.172,0.985,0.0,1,1111111111111111111111111111111111111111,66.8,52.0,551906.198,456790.166,0.3658,0.2129,0.9058,0.9738,0.0,0.0,0.8,1.0
93,Nigeria,HIV_ARV,2.6,single,3,Flood,0.0,True,False,428256.26,0.0,1.0,1.0,0,0000000000000030000003000000300000030000,0.0,True,False,389640.87,0.0,1.0,1.0,1,1111111111111111111111111111111111111111,0.0,True,False,414352.1,0.0,1.0,1.0,1,1111111111111111111111111111111111111111,0.0,True,False,450321.26,0.0,1.0,1.0,1,3333333333333333333333333333333333333333,0.0,True,False,465151.4,0.0,1.0,1.0,1,1111111111111111111111111111111111111111,0.0,True,False,366659.93,0.0,1.0,1.0,0,0000000000000000000000000000000000000000,0.0,True,False,404533.74,0.0,1.0,1.0,1,0000000000000000111111111111111111111111,0.0,True,False,395759.03,0.0,1.0,1.0,1,1111111111111111111111111111111111111111,0.0,True,False,383333.19,0.0,1.0,1.0,1,1111111111111111111111111111111111111111,0.0,True,False,455063.72,0.0,1.0,1.0,1,3333333333333333333333333333333333333000,0.0,True,False,436343.67,0.0,1.0,1.0,1,1111111111111111111111111111111111111111,0.0,0.0,411488.962,420742.82,0.0,0.0,1.0,1.0,1.0,1.0,0.8,1.0
94,Ethiopia,LLIN,2.581,dual,7,Conflict+Port_Closure,0.0,True,False,398608.4,0.0,1.0,1.0,1,0000000000000000000000000000100000000000,0.0,True,False,412798.31,0.0,1.0,1.0,1,1111111111111111111111111111111111111111,0.0,True,False,406724.82,0.0,1.0,1.0,1,1111111111111111111111111111111111111111,103.0,True,True,409815.32,0.0764,0.993,0.2267,1,3333333333333333333333333333333333333333,0.0,True,False,449236.37,0.0,1.0,1.0,1,1111111111111111111111111111111111111111,0.0,True,False,340411.35,0.0,1.0,1.0,0,0000000000000000000000000000000000000000,0.0,True,False,395076.07,0.0,1.0,1.0,1,0000000000111111111111111111111111111111,0.0,True,False,389057.58,0.0,1.0,1.0,1,1111111111111111111111111111111111111111,0.0,True,False,394972.94,0.0,1.0,1.0,1,1111111111111111111111111111111111111111,0.0,True,False,402283.13,0.0,1.0,1.0,1,3333333333333333333333330000000000000000,0.0,True,False,422094.51,0.0,1.0,1.0,1,1111111111111111111111111111111111111111,20.6,0.0,390873.138,413620.942,0.0153,0.0,0.9986,1.0,0.8453,1.0,0.8,1.0
95,Kenya,Malaria_RDT,2.815,compound,10,Conflict+Flood+Port_Closure,0.0,True,False,462300.02,0.0,1.0,1.0,0,0000000000000000000000000000200000020000,0.0,True,False,397955.0,0.0,1.0,1.0,1,1111111111111111111111111111111111111111,0.0,True,False,420765.58,0.0,1.0,1.0,1,1111111111011111111111111111111111111111,96.0,True,True,452726.54,0.2675,0.9345,0.0,1,3333333333333333333333333333333333333333,0.0,True,False,437302.58,0.0,1.0,1.0,1,1111111111011111111111111111111111111111,0.0,True,False,315766.67,0.0,1.0,1.0,0,0000000000000000000000000000000000000000,0.0,True,False,357120.87,0.0,1.0,1.0,1,0000000000011111111111111111111111111111,0.0,True,False,409359.9,0.0,1.0,1.0,1,1111111111111111111111111111111111111111,0.0,True,False,415080.07,0.0,1.0,1.0,1,1111111111011111111111111111111111111111,102.0,True,True,437957.52,0.2064,0.955,0.0,1,3333333333333333333333300000000000000000,0.0,True,False,443477.26,0.0,1.0,1.0,1,1111111111011111111111111111111111111111,39.6,0.0,402753.126,414749.272,0.0948,0.0,0.9779,1.0,0.6,1.0,0.8,1.0
96,Ghana,Maternal_Health,2.5,single,5,Conflict,0.0,True,False,373502.6,0.0,1.0,1.0,1,0000000000000010000003000000300000030000,0.0,True,False,306148.75,0.0,1.0,1.0,1,1111111111111111111111111111111111111111,0.0,True,False,330290.63,0.0,1.0,1.0,1,1111111111111111111111111111111111111111,0.0,True,False,383902.89,0.0,1.0,1.0,1,3333333333333333333333333333333333333333,0.0,True,False,366742.55,0.0,1.0,1.0,1,1111111111111111111111111111111111333333,0.0,True,False,315816.74,0.0,1.0,1.0,0,0000000000000000000000000000000000000000,0.0,True,False,306148.75,0.0,1.0,1.0,1,0000000000000111111111111111111111111111,0.0,True,False,315816.74,0.0,1.0,1.0,1,1111111111111111111111111111111111111111,0.0,True,False,315816.74,0.0,1.0,1.0,1,1111111111111111111111111111111111111111,0.0,True,False,383902.89,0.0,1.0,1.0,1,3333333333333333333333333333333333330000,0.0,True,False,330293.79,0.0,1.0,1.0,1,1111111111111111111111111111111111111111,0.0,0.0,341117.602,329858.492,0.0,0.0,1.0,1.0,1.0,1.0,0.8,1.0
97,Malawi,Maternal_Health,2.586,dual,7,Conflict+Port_Closure,0.0,True,False,344857.17,0.0,1.0,1.0,1,0000000000000000000000000000000000000000,0.0,True,False,415832.25,0.0,1.0,1.0,1,1111111111111111111111111111111111111111,0.0,True,False,415507.68,0.0,1.0,1.0,1,1111111111111111111111111111111111111111,0.0,True,False,413734.76,0.0,1.0,1.0,1,3333333333333333333333333333333333333333,0.0,True,False,469592.6,0.0,1.0,1.0,1,1111111111111111111111111111111111111111,0.0,True,False,348321.96,0.0,1.0,1.0,0,0000000000000000000000000000000000000000,0.0,True,False,412125.38,0.0,1.0,1.0,1,0000000000111111111111111111111111111111,0.0,True,False,427825.56,0.0,1.0,1.0,1,1111111111111111111111111111111111111111,0.0,True,False,433847.58,0.0,1.0,1.0,1,1111111111111111111111111111111111111111,0.0,True,False,414713.67,0.0,1.0,1.0,1,3333333333333333333333333000000000000000,0.0,True,False,451747.67,0.0,1.0,1.0,1,1111111111111111111111111111111111111111,0.0,0.0,404085.64,436564.182,0.0,0.0,1.0,1.0,1.0,1.0,0.8,1.0
98,Kenya,HIV_ARV,2.815,compound,12,Conflict+Flood+Port_Closure,34.0,True,True,446421.42,0.0613,0.996,0.6409,0,0000000000000000000000000000200000020000,0.0,True,False,365947.87,0.0,1.0,1.0,1,1111111111111111111111111111111111111111,0.0,True,False,393795.91,0.0,1.0,1.0,1,1111111111011111111111111111111111111111,103.0,True,True,499572.55,0.3001,0.9142,0.0,1,3333333333333333333333333333333333333333,0.0,True,False,455219.52,0.0,1.0,1.0,1,1111111111011111111111111111111111111111,104.0,True,True,387385.52,0.2539,0.9383,0.0,0,0000000000000000000000000000000000000000,0.0,True,False,387387.01,0.0,1.0,1.0,1,0000000000011111111111111111111111111111,0.0,True,False,384531.92,0.0,1.0,1.0,1,1111111110111111111111111111111111111111,0.0,True,False,390335.27,0.0,1.0,1.0,1,1111111111011111111111111111111111111111,104.0,True,True,497330.83,0.3109,0.9115,0.0,1,3333333333333333333333300000000000000000,0.0,True,False,440359.01,0.0,1.0,1.0,1,1111111111011111111111111111111111111111,62.2,0.0,426953.738,413419.344,0.173,0.0,0.9528,1.0,0.4,1.0,0.8,1.0
99,Mozambique,LLIN,2.581,single,5,Conflict,0.0,True,False,375097.15,0.0,1.0,1.0,0,0000000000000030000003000000300000030000,0.0,True,False,351838.62,0.0,1.0,1.0,1,1111111111111111111111111111111111111111,0.0,True,False,360718.71,0.0,1.0,1.0,1,1111111111111111111111111111111111111111,108.0,True,True,403266.44,0.1442,0.9777,0.0,1,3333333333333333333333333333333333333333,0.0,True,False,444487.9,0.0,1.0,1.0,1,1111111111111111111111111111111111111111,0.0,True,False,316108.86,0.0,1.0,1.0,0,0000000000000000000000000000000000000000,0.0,True,False,351696.71,0.0,1.0,1.0,1,0000000000000011111111111111111111111111,0.0,True,False,360815.95,0.0,1.0,1.0,1,1111111111111111111111111111111111111111,0.0,True,False,366441.05,0.0,1.0,1.0,1,1111111111111111111111111111111111111111,0.0,True,False,392367.75,0.0,1.0,1.0,1,3333333333333333333333333333333333330000,0.0,True,False,415016.34,0.0,1.0,1.0,1,1111111111111111111111111111111111111111,21.6,0.0,364879.524,387672.142,0.0288,0.0,0.9955,1.0,0.8,1.0,0.8,1.0
100,Ethiopia,HIV_ARV,2.581,dual,8,Conflict+Flood,104.0,True,True,403818.55,0.1218,0.9844,0.0,1,0000000000000030000003000000100000010000,0.0,True,False,377103.87,0.0,1.0,1.0,1,1111111111111111111111111111111111111111,0.0,True,False,388130.66,0.0,1.0,1.0,1,1111111111111111111111111111111111111111,104.0,True,True,477371.17,0.3162,0.9089,0.0,1,3333333333333333333333333333333333333333,0.0,True,False,415646.56,0.0,1.0,1.0,1,1111111111111111111111111111111111111111,105.0,True,True,337744.95,0.1847,0.964,0.0,0,0000000000000000000000000000000000000000,0.0,True,False,382777.88,0.0,1.0,1.0,1,0000000000111111111111111111111111111111,0.0,True,False,377058.85,0.0,1.0,1.0,1,1111111111111111111111111111111111111111,0.0,True,False,382615.23,0.0,1.0,1.0,1,1111111111111111111111111111111111111111,106.0,True,True,390283.68,0.1632,0.9739,0.0,1,3333333333333333333333333333333330000000,0.0,True,False,410301.19,0.0,1.0,1.0,1,1111111111111111111111111111111111111111,63.0,0.0,391912.504,395894.304,0.1328,0.0,0.9694,1.0,0.4,1.0,0.8,1.0
101,Uganda,Contraceptive,2.575,compound,11,COVID_Lockdown+Conflict+Port_Closure,107.0,True,True,677639.06,0.4287,0.8348,0.0,1,0000000000000000000002000000200000020000,22.0,True,True,379895.51,0.1605,0.9932,0.2557,1,1111111111111111111111111111111111111111,22.0,True,True,406795.25,0.1605,0.9932,0.2557,1,1111111111111111111111111111111111111111,109.0,True,True,665728.74,0.501,0.7863,0.0,1,3333333333333333333333333333333333332333,104.0,True,True,559083.8,0.2541,0.9371,0.0,1,1111111111111111111111111111113333333333,105.0,True,True,452924.17,0.306,0.9092,0.0,0,0000000000000000000000000000000000000000,22.0,True,True,402751.82,0.2436,0.9865,0.0,1,0000000000111111111111111111111111111111,22.0,True,True,406898.24,0.1605,0.9932,0.2557,1,1111111111111111111111111111111111111111,22.0,True,True,406898.24,0.1605,0.9932,0.2557,1,1111111111111111111111111111111111111111,70.0,True,True,520773.27,0.4122,0.8974,0.0,1,3333333333333333333333000000000000000000,103.0,True,True,457204.15,0.1953,0.9616,0.0,1,1111111111111111111111111111111111111111,65.6,54.6,485243.986,446546.652,0.308,0.2028,0.9159,0.9743,0.1023,0.1023,0.8,1.0
102,Ghana,HIV_ARV,2.5,single,2,Port_Closure,0.0,True,False,326763.65,0.0,1.0,1.0,1,0000000000000010000000000000100000010000,0.0,True,False,326763.65,0.0,1.0,1.0,1,1111111111111111111111111111111111111111,0.0,True,False,346296.95,0.0,1.0,1.0,1,1111111111111111111111111111111111111111,0.0,True,False,398509.91,0.0,1.0,1.0,1,3333333333333333333333333333333333333333,0.0,True,False,383397.05,0.0,1.0,1.0,1,1111111111111111111111111111111111111113,0.0,True,False,341396.73,0.0,1.0,1.0,0,0000000000000000000000000000000000000000,0.0,True,False,326763.65,0.0,1.0,1.0,1,0000000000001111111111111111111111111111,0.0,True,False,336522.63,0.0,1.0,1.0,1,1111111111111111111111111111111111111111,0.0,True,False,341396.73,0.0,1.0,1.0,1,1111111111111111111111111111111111111111,0.0,True,False,398509.91,0.0,1.0,1.0,1,3333333333333333333333333333333033000000,0.0,True,False,351193.75,0.0,1.0,1.0,1,1111111111111111111111111111111111111111,0.0,0.0,360340.566,349809.626,0.0,0.0,1.0,1.0,1.0,1.0,0.8,1.0
103,Kenya,HIV_ARV,2.815,dual,6,Conflict+Port_Closure,0.0,True,False,320684.82,0.0,1.0,1.0,1,0000000000000000000000000000100000000000,0.0,True,False,320684.82,0.0,1.0,1.0,1,1111111111111111111111111111111111111111,0.0,True,False,335809.95,0.0,1.0,1.0,1,1111111111011111111111111111111111111111,0.0,True,False,392672.09,0.0,1.0,1.0,1,3333333333333333333333333333333333333333,0.0,True,False,379909.99,0.0,1.0,1.0,1,1111111111011111111111111111111111111113,0.0,True,False,335809.95,0.0,1.0,1.0,0,0000000000000000000000000000000000000000,0.0,True,False,320684.82,0.0,1.0,1.0,1,0000000000011111111111111111111111111111,0.0,True,False,330759.62,0.0,1.0,1.0,1,1111111111111111111111111111111111111111,0.0,True,False,335809.95,0.0,1.0,1.0,1,1111111111011111111111111111111111111111,0.0,True,False,392672.09,0.0,1.0,1.0,1,3333333333333333333333333333000000000000,0.0,True,False,345758.69,0.0,1.0,1.0,1,1111111111011111111111111111111111111111,0.0,0.0,354519.714,343594.68,0.0,0.0,1.0,1.0,1.0,1.0,0.8,1.0
104,Uganda,LLIN,2.575,compound,9,Conflict+Flood+Port_Closure,0.0,True,False,378257.21,0.0,1.0,1.0,1,0000000000000000000000000000100000020000,0.0,True,False,365442.74,0.0,1.0,1.0,1,1111111111111111111111111111111111111111,0.0,True,False,387639.52,0.0,1.0,1.0,1,1111111111111111111111111111111111111111,99.0,True,True,391190.88,0.1844,0.9681,0.0,1,3333333333333333333333333333333333333333,0.0,True,False,438952.28,0.0,1.0,1.0,1,1111111111111111111111111111111111111133,0.0,True,False,313634.34,0.0,1.0,1.0,0,0000000000000000000000000000000000000000,0.0,True,False,344118.55,0.0,1.0,1.0,1,0000000000111111111111111111111111111111,0.0,True,False,382097.27,0.0,1.0,1.0,1,1111111111111111111111111111111111111111,0.0,True,False,382084.35,0.0,1.0,1.0,1,1111111111111111111111111111111111111111,98.0,True,True,368927.08,0.1017,0.9904,0.0,1,3333333333333333333333000000000000000000,0.0,True,False,381927.4,0.0,1.0,1.0,1,1111111111111111111111111111111111111111,39.4,0.0,364258.462,386944.42,0.0572,0.0,0.9917,1.0,0.6,1.0,0.8,1.0
105,Ghana,Maternal_Health,2.5,single,4,Flood,0.0,True,False,372041.91,0.0,1.0,1.0,0,0000000000000030000003000000300000030000,0.0,True,False,331976.36,0.0,1.0,1.0,1,1111111111111111111111111111111111111111,0.0,True,False,351855.86,0.0,1.0,1.0,1,1111111111111111111111111111111111111111,0.0,True,False,406747.67,0.0,1.0,1.0,1,3333333333333333333333333333333333333333,0.0,True,False,391745.49,0.0,1.0,1.0,1,1111111111111111111111111111111111111111,0.0,True,False,309908.3,0.0,1.0,1.0,0,0000000000000000000000000000000000000000,0.0,True,False,328408.84,0.0,1.0,1.0,1,0000000000000001111111111111111111111111,0.0,True,False,340836.77,0.0,1.0,1.0,1,1111111111111111111111111111111111111111,0.0,True,False,346340.56,0.0,1.0,1.0,1,1111111111111111111111111111111111111111,0.0,True,False,385007.18,0.0,1.0,1.0,1,3333333333333333333333333333333333333300,0.0,True,False,355098.15,0.0,1.0,1.0,1,1111111111111111111111111111111111111111,0.0,0.0,354895.256,354689.78,0.0,0.0,1.0,1.0,1.0,1.0,0.8,1.0
106,Ghana,Contraceptive,2.5,dual,9,Conflict+Flood,102.0,True,True,393258.73,0.0589,0.9928,0.4625,1,0000000000000030000000000000100000020000,0.0,True,False,279309.88,0.0,1.0,1.0,1,1111111111111111111111111111111111000000,0.0,True,False,299055.9,0.0,1.0,1.0,1,1111111111111111111111111111111111111111,102.0,True,True,359485.71,0.0337,0.9957,0.7106,1,3333333333333333333333333333333333333333,90.0,True,True,382637.67,0.1634,0.9728,0.0,1,1111111111111111111111111113333333333333,0.0,True,False,294115.81,0.0,1.0,1.0,0,0000000000000000000000000000000000000000,0.0,True,False,279309.88,0.0,1.0,1.0,1,0000000000111111111111111111111111111111,0.0,True,False,294115.81,0.0,1.0,1.0,1,1111111111111111111111111111111111111111,97.0,True,True,308047.05,0.0904,0.9919,0.1134,1,1111111111111111111111111111111111111111,102.0,True,True,359485.71,0.0337,0.9957,0.7106,1,3333333333333333333333333333333330000000,0.0,True,False,299055.9,0.0,1.0,1.0,1,1111111111111111111111111111111111111111,40.8,37.4,317302.584,313621.28,0.0135,0.0508,0.9983,0.9929,0.8842,0.6227,0.8,1.0
107,Ghana,HIV_ARV,2.5,compound,9,Conflict+Flood+Port_Closure,0.0,True,False,394909.92,0.0,1.0,1.0,1,0000000000000000000000000000200000020000,0.0,True,False,300789.43,0.0,1.0,1.0,1,1111111111111111111111111111111111111000,0.0,True,False,320204.9,0.0,1.0,1.0,1,1111111111111111111111111111111111111111,0.0,True,False,353099.23,0.0,1.0,1.0,1,3333333333333333333333333333333333333333,0.0,True,False,361944.21,0.0,1.0,1.0,1,1111111111111111111111111111111333333333,0.0,True,False,310536.09,0.0,1.0,1.0,0,0000000000000000000000000000000000000000,0.0,True,False,300789.43,0.0,1.0,1.0,1,0000000000111111111111111111111111111111,0.0,True,False,310536.09,0.0,1.0,1.0,1,1111111111111111111111111111111111111111,0.0,True,False,310536.09,0.0,1.0,1.0,1,1111111111111111111111111111111111111111,0.0,True,False,353099.23,0.0,1.0,1.0,1,3333333333333333333333300000000000000000,0.0,True,False,320204.9,0.0,1.0,1.0,1,1111111111111111111111111111111111111111,0.0,0.0,325612.014,322735.906,0.0,0.0,1.0,1.0,1.0,1.0,0.8,1.0
108,Ghana,LLIN,2.5,single,3,Port_Closure,0.0,True,False,293546.48,0.0,1.0,1.0,0,0000000000000000000000000000000000000000,0.0,True,False,344172.73,0.0,1.0,1.0,1,1111111111111111111111111111111111111111,0.0,True,False,359599.47,0.0,1.0,1.0,1,1111111111111111111111111111111111111111,0.0,True,False,367371.57,0.0,1.0,1.0,1,3333333333333333333333333333333333333333,0.0,True,False,383571.43,0.0,1.0,1.0,1,1111111111111111111111111111111111111111,0.0,True,False,307048.69,0.0,1.0,1.0,0,0000000000000000000000000000000000000000,0.0,True,False,332364.17,0.0,1.0,1.0,1,0000000000011111111111111111111111111111,0.0,True,False,359708.78,0.0,1.0,1.0,1,1111111111111111111111111111111111111111,0.0,True,False,359708.78,0.0,1.0,1.0,1,1111111111111111111111111111111111111111,0.0,True,False,367909.89,0.0,1.0,1.0,1,3333333333333333333333333333330000000000,0.0,True,False,362648.98,0.0,1.0,1.0,1,1111111111111111111111111111111111111111,0.0,0.0,349242.332,359578.566,0.0,0.0,1.0,1.0,1.0,1.0,0.8,1.0
109,Uganda,Maternal_Health,2.575,dual,8,Conflict+Flood,0.0,True,False,452042.54,0.0,1.0,1.0,1,0000000000000030000003000000100000010000,0.0,True,False,430119.77,0.0,1.0,1.0,1,1111111111111111111111111111111111111111,0.0,True,False,448381.31,0.0,1.0,1.0,1,1111111111111111111111111111111111111111,100.0,True,True,480493.43,0.254,0.9432,0.0,1,3333333333333333333333333333333333333333,0.0,True,False,488765.84,0.0,1.0,1.0,1,1111111111111111111111111111111111111113,100.0,True,True,379790.0,0.1611,0.9752,0.0,0,0000000000000000000000000000000000000000,0.0,True,False,430400.96,0.0,1.0,1.0,1,0000000000111111111111111111111111111111,0.0,True,False,442287.92,0.0,1.0,1.0,1,1111111111111111111111111111111111111111,0.0,True,False,442287.92,0.0,1.0,1.0,1,1111111111111111111111111111111111111111,0.0,True,False,441574.46,0.0,1.0,1.0,1,3333333333333333333333333333333300000000,0.0,True,False,466697.84,0.0,1.0,1.0,1,1111111111111111111111111111111111111111,40.0,0.0,434853.116,455306.774,0.083,0.0,0.9837,1.0,0.6,1.0,0.8,1.0
110,Nigeria,HIV_ARV,2.6,compound,13,COVID_Lockdown+Conflict+Port_Closure,104.0,True,True,637551.12,0.3044,0.9116,0.0,1,0000000000000000000000000000200000020000,41.0,True,True,437374.75,0.4249,0.9387,0.0,1,1111111111111111111111111111111100000000,41.0,True,True,458846.39,0.4249,0.9387,0.0,1,1111111111111111111111111111111111111111,56.0,True,True,519291.65,0.4132,0.9212,0.0,1,3333333333333333333333333333333333333333,40.0,True,True,512542.23,0.4937,0.9246,0.0,1,1111111111111111111111111111111333333333,41.0,True,True,474996.08,0.4249,0.9387,0.0,0,0000000000000000000000000000000000000000,41.0,True,True,437374.75,0.4249,0.9387,0.0,1,0000000000111111111111111111111111111111,41.0,True,True,474996.08,0.4249,0.9387,0.0,1,1111111111111111111111111111111111111111,41.0,True,True,480373.35,0.4249,0.9387,0.0,1,1111111111111111111111111111111111111111,56.0,True,True,519291.65,0.4132,0.9212,0.0,1,3333333333333333333333300000000000000000,41.0,True,True,464105.44,0.4249,0.9387,0.0,1,1111111111111111111111111111111111111111,47.0,40.8,485190.042,470648.432,0.4202,0.4387,0.9317,0.9359,0.0,0.0,0.8,1.0
111,Uganda,LLIN,2.575,single,3,Flood,0.0,True,False,378035.52,0.0,1.0,1.0,0,0000000000000000000003000000300000030000,0.0,True,False,341012.24,0.0,1.0,1.0,1,1111111111111111111111111111111111111111,0.0,True,False,357565.6,0.0,1.0,1.0,1,1111111111111111111111111111111111111111,0.0,True,False,393700.79,0.0,1.0,1.0,1,3333333333333333333333333333333333333333,0.0,True,False,406553.19,0.0,1.0,1.0,1,1111111111111111111111111111111111111111,0.0,True,False,323008.81,0.0,1.0,1.0,0,0000000000000000000000000000000000000000,0.0,True,False,374463.57,0.0,1.0,1.0,1,0000000000000001111111111111111111111111,0.0,True,False,352087.22,0.0,1.0,1.0,1,1111111111111111111111111111111111111111,0.0,True,False,357642.39,0.0,1.0,1.0,1,1111111111111111111111111111111111111111,0.0,True,False,394373.15,0.0,1.0,1.0,1,3333333333333333333333333333333333333300,0.0,True,False,366478.4,0.0,1.0,1.0,1,1111111111111111111111111111111111111111,0.0,0.0,360836.442,372540.63,0.0,0.0,1.0,1.0,1.0,1.0,0.8,1.0
112,Mozambique,HIV_ARV,2.581,dual,5,Flood+Port_Closure,0.0,True,False,370197.28,0.0,1.0,1.0,0,0000000000000000000000000000000000000000,0.0,True,False,365109.28,0.0,1.0,1.0,1,1111111111111111111111111111111111111111,0.0,True,False,396173.49,0.0,1.0,1.0,1,1111111111111111111111111111111111111111,91.0,True,True,403115.31,0.0221,0.9981,0.7885,1,3333333333333333333333333333333333333333,0.0,True,False,412489.04,0.0,1.0,1.0,1,1111111111111111111111111111111111111111,0.0,True,False,326288.8,0.0,1.0,1.0,0,0000000000000000000000000000000000000000,0.0,True,False,337768.53,0.0,1.0,1.0,1,0000000000001111111111111111111111111111,0.0,True,False,373967.01,0.0,1.0,1.0,1,1111111111111111111111111111111111111111,0.0,True,False,390623.69,0.0,1.0,1.0,1,1111111111111111111111111111111111111111,0.0,True,False,382245.0,0.0,1.0,1.0,1,3333333333333333333333333300000000000000,0.0,True,False,407291.27,0.0,1.0,1.0,1,1111111111111111111111111111111111111111,18.2,0.0,370145.08,388869.204,0.0044,0.0,0.9996,1.0,0.9577,1.0,0.8,1.0
113,Ethiopia,HIV_ARV,2.581,compound,10,Conflict+Flood+Port_Closure,0.0,True,False,385109.05,0.0,1.0,1.0,0,0000000000000000000000000000200000020000,0.0,True,False,297034.57,0.0,1.0,1.0,1,1111111111111111111111111111111111111101,0.0,True,False,321133.21,0.0,1.0,1.0,1,1111111111111111111111111111111111111111,38.0,True,True,395015.79,0.3381,0.9617,0.0,1,3333333333333333333333333333333333333333,0.0,True,False,354193.95,0.0,1.0,1.0,1,1111111111111111111111111111111111333333,0.0,True,False,306682.48,0.0,1.0,1.0,0,0000000000000000000000000000000000000000,0.0,True,False,297034.57,0.0,1.0,1.0,1,0000000000111111111111111111111111111111,0.0,True,False,311514.12,0.0,1.0,1.0,1,1111111111111111111111111111111111111111,0.0,True,False,311469.94,0.0,1.0,1.0,1,1111111111111111111111111111111111111111,38.0,True,True,395015.79,0.3381,0.9617,0.0,1,3333333333333333333333000000000000000000,0.0,True,False,321076.58,0.0,1.0,1.0,1,1111111111111111111111111111111111111111,15.2,0.0,341052.55,320981.65,0.1352,0.0,0.9847,1.0,0.6,1.0,0.8,1.0
114,Kenya,Maternal_Health,2.815,single,5,COVID_Lockdown,76.0,True,True,398666.77,0.1297,0.9863,0.0,0,0000000000000030000003000000300000000000,0.0,True,False,362062.81,0.0,1.0,1.0,1,1111111111111111111111111111111111111111,101.0,True,True,397059.71,0.1293,0.9835,0.0,1,1111111111111111111111111111111111111111,76.0,True,True,431626.9,0.2295,0.9621,0.0,1,3333333333333333333333333333333333333333,101.0,True,True,426731.45,0.0815,0.9895,0.3985,1,1111111111111111111111111111111111111111,45.0,True,True,341574.12,0.154,0.989,0.0,0,0000000000000000000000000000000000000000,0.0,True,False,359720.43,0.0,1.0,1.0,1,0000000000000000001111111111111111111111,0.0,True,False,371073.97,0.0,1.0,1.0,1,1111111111111111111111111111111111111111,0.0,True,False,371073.97,0.0,1.0,1.0,1,1111111111111111111111111111111111111111,38.0,True,True,389787.01,0.1356,0.9925,0.1713,1,3333333333333333333333333333333330300000,101.0,True,True,428143.34,0.1939,0.9653,0.0,1,1111111111111111111111111111111111111111,31.8,60.6,379224.962,396545.78,0.1038,0.0809,0.9887,0.9877,0.4343,0.4797,0.8,1.0
115,Mozambique,HIV_ARV,2.581,dual,8,COVID_Lockdown+Port_Closure,54.0,True,True,457043.26,0.283,0.963,0.0,0,0000000000000000000000000000200000020000,0.0,True,False,354917.46,0.0,1.0,1.0,1,1111111111111111111111111111111111111111,0.0,True,False,380481.6,0.0,1.0,1.0,1,1111111111111111111111111111111111111111,77.0,True,True,581939.07,0.4785,0.8561,0.0,1,3333333333333333333333333333333333333333,77.0,True,True,467565.17,0.2592,0.9553,0.0,1,1111111111111111111111111111111111333333,75.0,True,True,354669.45,0.1759,0.9754,0.0,0,0000000000000000000000000000000000000000,75.0,True,True,421698.02,0.2972,0.9427,0.0,1,0000000000001111111111111111111111111111,110.0,False,True,366741.75,0.0565,0.9946,0.4079,1,1111111111111111111111111111111111111111,110.0,False,True,372294.84,0.0565,0.9946,0.4079,1,1111111111111111111111111111111111111111,78.0,True,True,545252.53,0.4454,0.8717,0.0,1,3333333333333333333333000000000000000000,0.0,True,False,411770.83,0.0,1.0,1.0,1,1111111111111111111111111111111111111111,68.0,52.4,440704.052,410762.092,0.2313,0.1226,0.9396,0.9785,0.2816,0.4816,0.8,1.0
116,Kenya,HIV_ARV,2.815,compound,12,COVID_Lockdown+Conflict+Port_Closure,36.0,True,True,505039.99,0.3572,0.9611,0.0,0,0000000000000000000000000000200000020000,0.0,True,False,361883.2,0.0,1.0,1.0,1,1111111111111111111111111111111111111111,0.0,True,False,397825.71,0.0,1.0,1.0,1,1111111111011111111111111111111111111111,108.0,True,True,558830.14,0.3552,0.8857,0.0,1,3333333333333333333333333333333333333333,107.0,True,True,448548.45,0.1659,0.9734,0.0,1,1111111111011111111111111111111111111113,38.0,True,True,402725.93,0.4362,0.943,0.0,0,0000000000000000000000000000000000000000,0.0,True,False,362356.25,0.0,1.0,1.0,1,0000000000011111111111111111111111111111,0.0,True,False,392073.94,0.0,1.0,1.0,1,1111111111111111111111111111111111111111,0.0,True,False,392073.94,0.0,1.0,1.0,1,1111111111011111111111111111111111111111,35.0,True,True,497079.38,0.5427,0.9274,0.0,1,3333333333333333333333330000000000000000,107.0,True,True,406318.99,0.0781,0.9927,0.1948,1,1111111111011111111111111111111111111111,36.2,42.8,442518.518,401424.668,0.2668,0.0488,0.9512,0.9932,0.4,0.639,0.8,1.0
117,Malawi,Maternal_Health,2.586,single,2,Port_Closure,0.0,True,False,367350.61,0.0,1.0,1.0,0,0000000000000000000000000000000000000000,0.0,True,False,394305.89,0.0,1.0,1.0,1,1111111111111111111111111111111111111111,0.0,True,False,429275.51,0.0,1.0,1.0,1,1111111111111111111111111111111111111111,0.0,True,False,461121.56,0.0,1.0,1.0,1,3333333333333333333333333333333333333333,0.0,True,False,491173.02,0.0,1.0,1.0,1,1111111111111111111111111111111111111111,0.0,True,False,362065.38,0.0,1.0,1.0,0,0000000000000000000000000000000000000000,0.0,True,False,388384.44,0.0,1.0,1.0,1,0000000000011111111111111111111111111111,0.0,True,False,435283.18,0.0,1.0,1.0,1,1111111111111111111111111111111111111111,0.0,True,False,435283.18,0.0,1.0,1.0,1,1111111111111111111111111111111111111111,0.0,True,False,449551.36,0.0,1.0,1.0,1,3333333333333333333333333333000000000000,0.0,True,False,441292.07,0.0,1.0,1.0,1,1111111111111111111111111111111111111111,0.0,0.0,420465.474,437081.644,0.0,0.0,1.0,1.0,1.0,1.0,0.8,1.0
118,Ghana,Contraceptive,2.5,dual,9,COVID_Lockdown+Flood,108.0,True,True,509761.3,0.3123,0.9012,0.0,1,0000000000000010000002000000200000020000,108.0,True,True,425135.89,0.3207,0.9042,0.0,1,1111111111111111111111111011100000000000,93.0,True,True,444103.34,0.3377,0.9084,0.0,1,1111111111111111111111111111111111111111,54.0,True,True,553937.03,0.5258,0.8866,0.0,1,3333333333333333333333333333333333333333,110.0,False,True,471438.05,0.2911,0.917,0.0,1,1111111111111111111111111111111111111111,101.0,True,True,432112.5,0.3346,0.9037,0.0,0,0000000000000000000000000000000000000000,108.0,True,True,425135.89,0.3207,0.9042,0.0,1,0000000000100001111111111111111111111111,101.0,True,True,432112.5,0.3346,0.9037,0.0,1,1111111111111111111111111111111111111111,101.0,True,True,437054.99,0.3346,0.9037,0.0,1,1111111111111111111111111111111111111111,54.0,True,True,553937.03,0.5258,0.8866,0.0,1,3333333333333333333333333333030000000000,93.0,True,True,444103.34,0.3377,0.9084,0.0,1,1111111111111111111111111111111111111111,83.6,101.0,479446.99,444367.122,0.4083,0.3244,0.897,0.9083,0.0,0.0,0.8,1.0
119,Ghana,Contraceptive,2.5,compound,11,COVID_Lockdown+Flood+Port_Closure,75.0,True,True,528530.7,0.3428,0.9182,0.0,0,0000000000000000000002000000200000020000,23.0,True,True,382670.68,0.2324,0.987,0.0,1,1111111111111111111111111111111111111111,23.0,True,True,421479.1,0.2324,0.9865,0.0,1,1111111111111111111111111111111111111111,105.0,True,True,1092341.84,0.524,0.7895,0.0,1,3333333333333333333333332222222222223333,22.0,True,True,479221.78,0.0905,0.9961,0.5737,1,1111111111111111111111111111113333333333,102.0,True,True,443174.57,0.3081,0.9088,0.0,0,0000000000000000000000000000000000000000,23.0,True,True,387629.34,0.2521,0.9853,0.0,1,0000000000101111111111111111111111111111,23.0,True,True,403111.07,0.2324,0.987,0.0,1,1111111111111111111111111111111111111111,23.0,True,True,403111.07,0.2324,0.987,0.0,1,1111111111111111111111111111111111111111,79.0,True,True,594445.4,0.5054,0.8479,0.0,1,3333333333333333333333000000000000000000,103.0,True,True,539089.12,0.3754,0.8735,0.0,1,1111111111111111111111111111111111111111,66.4,38.8,583148.712,446106.082,0.3605,0.2366,0.904,0.9657,0.0,0.1147,0.8,1.0
120,Ethiopia,Maternal_Health,2.581,single,3,Flood,0.0,True,False,378568.02,0.0,1.0,1.0,0,0000000000000030000003000000300000030000,0.0,True,False,345991.91,0.0,1.0,1.0,1,1111111111111111111111111111111111111111,0.0,True,False,379979.18,0.0,1.0,1.0,1,1111111111111111111111111111111111111111,0.0,True,False,399111.79,0.0,1.0,1.0,1,3333333333333333333333333333333333333333,0.0,True,False,401717.41,0.0,1.0,1.0,1,1111111111111111111111111111111111111111,0.0,True,False,324071.61,0.0,1.0,1.0,0,0000000000000000000000000000000000000000,0.0,True,False,346512.54,0.0,1.0,1.0,1,0000000000000000011111111111111111111111,0.0,True,False,345928.8,0.0,1.0,1.0,1,1111111111111111111111111111111111111111,0.0,True,False,351418.58,0.0,1.0,1.0,1,1111111111111111111111111111111111111111,0.0,True,False,399591.21,0.0,1.0,1.0,1,3333333333333333333333333333333333333300,0.0,True,False,385359.42,0.0,1.0,1.0,1,1111111111111111111111111111111111111111,0.0,0.0,362939.064,372997.426,0.0,0.0,1.0,1.0,1.0,1.0,0.8,1.0
121,Mozambique,HIV_ARV,2.581,dual,8,Conflict+Port_Closure,0.0,True,False,413114.76,0.0,1.0,1.0,0,0000000000000000000000000000000000020000,0.0,True,False,367912.64,0.0,1.0,1.0,1,1111111111111111111111111111111111111111,0.0,True,False,395622.17,0.0,1.0,1.0,1,1111111111111111111111111111111111111111,83.0,True,True,395691.84,0.1937,0.9722,0.0,1,3333333333333333333333333333333333333333,0.0,True,False,458257.48,0.0,1.0,1.0,1,1111111111111111111111111111111111111113,0.0,True,False,297336.4,0.0,1.0,1.0,0,0000000000000000000000000000000000000000,0.0,True,False,373616.47,0.0,1.0,1.0,1,0000000000111111111111111111111111111111,0.0,True,False,379005.45,0.0,1.0,1.0,1,1111111111111111111111111111111111111111,0.0,True,False,384545.84,0.0,1.0,1.0,1,1111111111111111111111111111111111111111,0.0,True,False,360086.22,0.0,1.0,1.0,1,3333333333333333333333000000000000000000,0.0,True,False,373131.0,0.0,1.0,1.0,1,1111111111111111111111111111111111111111,16.6,0.0,360006.51,397034.592,0.0387,0.0,0.9944,1.0,0.8,1.0,0.8,1.0
122,Uganda,HIV_ARV,2.575,compound,12,COVID_Lockdown+Conflict+Port_Closure,108.0,True,True,564199.88,0.2961,0.9145,0.0,1,0000000000000000000000000000200000020000,0.0,True,False,432529.59,0.0,1.0,1.0,1,1111111111111111111111111111111111111111,0.0,True,False,408851.32,0.0,1.0,1.0,1,1111111111111111111111111111111111111111,110.0,False,True,681048.16,0.4011,0.852,0.0,1,3333333333333333333333333333333333333223,0.0,True,False,467808.32,0.0,1.0,1.0,1,1111111111111111111111111111111111133333,110.0,False,True,409596.35,0.1942,0.9568,0.0,0,0000000000000000000000000000000000000000,0.0,True,False,422603.25,0.0,1.0,1.0,1,0000000000111111111111111111111111111111,0.0,True,False,391190.63,0.0,1.0,1.0,1,1111111111111111111111111111111111111111,0.0,True,False,397087.77,0.0,1.0,1.0,1,1111111111111111111111111111111111111111,42.0,True,True,592298.17,0.5924,0.8943,0.0,1,3333333333333333333333000000000000000000,0.0,True,False,426748.7,0.0,1.0,1.0,1,1111111111111111111111111111111111111111,52.4,0.0,501332.58,424619.872,0.2375,0.0,0.9406,1.0,0.4,1.0,0.8,1.0
123,Zambia,Maternal_Health,2.526,single,3,Flood,0.0,True,False,406915.85,0.0,1.0,1.0,0,0000000000000030000003000000300000030000,0.0,True,False,412941.02,0.0,1.0,1.0,1,1111111111111111111111111111111111111111,0.0,True,False,419903.28,0.0,1.0,1.0,1,1111111111111111111111111111111111111111,0.0,True,False,427764.11,0.0,1.0,1.0,1,3333333333333333333333333333333333333333,0.0,True,False,425206.68,0.0,1.0,1.0,1,1111111111111111111111111111111111111111,0.0,True,False,348037.03,0.0,1.0,1.0,0,0000000000000000000000000000000000000000,0.0,True,False,371856.01,0.0,1.0,1.0,1,0000000000000000011111111111111111111111,0.0,True,False,408216.22,0.0,1.0,1.0,1,1111111111111111111111111111111111111111,0.0,True,False,425849.83,0.0,1.0,1.0,1,1111111111111111111111111111111111111111,0.0,True,False,428435.06,0.0,1.0,1.0,1,3333333333333333333333333333333333300000,0.0,True,False,413737.82,0.0,1.0,1.0,1,1111111111111111111111111111111111111111,0.0,0.0,405078.688,411310.724,0.0,0.0,1.0,1.0,1.0,1.0,0.8,1.0
124,Uganda,LLIN,2.575,dual,8,COVID_Lockdown+Flood,81.0,True,True,600772.03,0.5143,0.8371,0.0,1,0000000000000000000002000000200000010000,105.0,True,True,411042.21,0.1708,0.9728,0.0,1,1111111111111111111111111111111111111111,83.0,True,True,408451.25,0.1589,0.9799,0.0,1,1111111111111111111111111111111111111111,110.0,False,True,558814.02,0.3661,0.8683,0.0,1,3333333333333333333333333333333333333333,0.0,True,False,442288.0,0.0,1.0,1.0,1,1111111111111111111111111111111111111111,82.0,True,True,433983.28,0.3585,0.9093,0.0,0,0000000000000000000000000000000000000000,0.0,True,False,341456.98,0.0,1.0,1.0,1,0000000000000000111111111111111111111111,100.0,True,True,387278.82,0.1157,0.9858,0.0,1,1111111111111111111111111111111111111111,100.0,True,True,387278.82,0.1157,0.9858,0.0,1,1111111111111111111111111111111111111111,77.0,True,True,556982.42,0.412,0.8889,0.0,1,3333333333333333333333333333333000000000,76.0,True,True,421817.48,0.1812,0.976,0.0,1,1111111111111111111111111111111111111111,94.8,51.8,469620.15,400258.506,0.2846,0.0912,0.925,0.9883,0.0,0.4,0.8,1.0
125,Uganda,Maternal_Health,2.575,compound,10,Conflict+Flood+Port_Closure,90.0,True,True,513137.09,0.0873,0.9925,0.1752,1,0000000000000000000000000000200000020000,0.0,True,False,328170.85,0.0,1.0,1.0,1,1111111111111111111111111111111111111000,0.0,True,False,349428.97,0.0,1.0,1.0,1,1111111111111111111111111111111111111111,33.0,True,True,381841.04,0.0903,0.9953,0.4814,1,3333333333333333333333333333333333333333,0.0,True,False,391167.05,0.0,1.0,1.0,1,1111111111111111111111111111111113333333,0.0,True,False,344124.45,0.0,1.0,1.0,0,0000000000000000000000000000000000000000,0.0,True,False,328170.85,0.0,1.0,1.0,1,0000000000111111111111111111111111111111,0.0,True,False,344124.45,0.0,1.0,1.0,1,1111111111111111111111111111111111111111,0.0,True,False,344124.45,0.0,1.0,1.0,1,1111111111111111111111111111111111111111,33.0,True,True,381841.04,0.0903,0.9953,0.4814,1,3333333333333333333333000000000000000000,0.0,True,False,354757.49,0.0,1.0,1.0,1,1111111111111111111111111111111111111111,13.2,0.0,356020.366,353529.762,0.0361,0.0,0.9981,1.0,0.7926,1.0,0.8,1.0
126,Nigeria,Maternal_Health,2.6,single,2,Port_Closure,0.0,True,False,350580.48,0.0,1.0,1.0,0,0000000000000000000000000000000000000000,0.0,True,False,356519.13,0.0,1.0,1.0,1,1111111111111111111111111111111111111111,0.0,True,False,382602.67,0.0,1.0,1.0,1,1111111111111111111111111111111111111111,0.0,True,False,422828.22,0.0,1.0,1.0,1,3333333333333333333333333333333333333333,0.0,True,False,423655.49,0.0,1.0,1.0,1,1111111111111111111111111111111111111111,0.0,True,False,345600.4,0.0,1.0,1.0,0,0000000000000000000000000000000000000000,0.0,True,False,389736.7,0.0,1.0,1.0,1,0000000000001111111111111111111111111111,0.0,True,False,365588.08,0.0,1.0,1.0,1,1111111111111111111111111111111111111111,0.0,True,False,371283.17,0.0,1.0,1.0,1,1111111111111111111111111111111111111111,0.0,True,False,412166.21,0.0,1.0,1.0,1,3333333333333333333333333333000300000000,0.0,True,False,397357.85,0.0,1.0,1.0,1,1111111111111111111111111111111111111111,0.0,0.0,380540.408,392927.176,0.0,0.0,1.0,1.0,1.0,1.0,0.8,1.0
127,Kenya,Malaria_RDT,2.815,dual,5,Flood+Port_Closure,0.0,True,False,383638.95,0.0,1.0,1.0,0,0000000000000000000000000000300000030000,0.0,True,False,376140.16,0.0,1.0,1.0,1,1111111111111111111111111111111111111111,0.0,True,False,408168.1,0.0,1.0,1.0,1,1111111111111111111111111111111111111111,97.0,True,True,406511.59,0.1571,0.9762,0.0,1,3333333333333333333333333333333333333333,0.0,True,False,457407.71,0.0,1.0,1.0,1,1111111111111111111111111111111111111111,0.0,True,False,335146.22,0.0,1.0,1.0,0,0000000000000000000000000000000000000000,0.0,True,False,382252.35,0.0,1.0,1.0,1,0000000000001111111111111111111111111111,0.0,True,False,393287.38,0.0,1.0,1.0,1,1111111111111111111111111111111111111111,0.0,True,False,393243.67,0.0,1.0,1.0,1,1111111111111111111111111111111111111111,0.0,True,False,401631.72,0.0,1.0,1.0,1,3333333333333333333333333003030000000000,0.0,True,False,417109.75,0.0,1.0,1.0,1,1111111111111111111111111111111111111111,19.4,0.0,382543.414,411636.316,0.0314,0.0,0.9952,1.0,0.8,1.0,0.8,1.0
128,Kenya,Malaria_RDT,2.815,compound,9,Conflict+Flood+Port_Closure,0.0,True,False,457832.48,0.0,1.0,1.0,0,0000000000000000000000000000200000020000,0.0,True,False,369014.73,0.0,1.0,1.0,1,1111111111111111111111111111111111111111,0.0,True,False,386080.45,0.0,1.0,1.0,1,1111111111011111111111111111111111111111,104.0,True,True,489217.51,0.3131,0.9091,0.0,1,3333333333333333333333333333333333333333,0.0,True,False,444557.34,0.0,1.0,1.0,1,1111111111011111111111111111111111111333,0.0,True,False,325395.29,0.0,1.0,1.0,0,0000000000000000000000000000000000000000,0.0,True,False,370150.94,0.0,1.0,1.0,1,0000000000011111111111111111111111111111,0.0,True,False,386125.03,0.0,1.0,1.0,1,1111111111111111111111111111111111111111,0.0,True,False,386121.23,0.0,1.0,1.0,1,1111111111011111111111111111111111111111,99.0,True,True,412902.33,0.1807,0.9675,0.0,1,3333333333333333333333330000000000000000,0.0,True,False,395292.31,0.0,1.0,1.0,1,1111111111011111111111111111111111111111,40.6,0.0,396530.978,396440.454,0.0988,0.0,0.9753,1.0,0.6,1.0,0.8,1.0
129,Nigeria,Maternal_Health,2.6,single,5,COVID_Lockdown,75.0,True,True,394406.02,0.1205,0.9884,0.0,0,0000000000000030000003000000300000030000,0.0,True,False,383367.09,0.0,1.0,1.0,1,1111111111111111111111111111111111111111,0.0,True,False,409521.48,0.0,1.0,1.0,1,1111111111111111111111111111111111111111,75.0,True,True,491820.94,0.2968,0.9349,0.0,1,3333333333333333333333333333333333333333,0.0,True,False,443307.16,0.0,1.0,1.0,1,1111111111111111111111111111111111111111,107.0,True,True,382615.73,0.2094,0.951,0.0,0,0000000000000000000000000000000000000000,110.0,False,True,388461.03,0.1691,0.9684,0.0,1,0000000000000000011111111111111111111111,0.0,True,False,398152.52,0.0,1.0,1.0,1,1111111111111111111111111111111111111111,0.0,True,False,409581.62,0.0,1.0,1.0,1,1111111111111111111111111111111111111111,82.0,True,True,479827.59,0.2443,0.9474,0.0,1,3333333333333333333333333333333000000000,0.0,True,False,414895.31,0.0,1.0,1.0,1,1111111111111111111111111111111111111111,52.8,22.0,427156.774,413153.32,0.1501,0.0338,0.9667,0.9937,0.4,0.8,0.8,1.0
130,Ghana,Contraceptive,2.5,dual,8,COVID_Lockdown+Flood,70.0,True,True,468725.13,0.3465,0.9244,0.0,0,0000000000000030000000000000000000000000,68.0,True,True,350981.67,0.288,0.95,0.0,1,1111111111111111111111111111111101100000,68.0,True,True,385534.12,0.288,0.95,0.0,1,1111111111111111111111111111111111111111,70.0,True,True,546446.55,0.5031,0.8646,0.0,1,3333333333333333333333333333333333333333,69.0,True,True,434759.32,0.3208,0.9389,0.0,1,1111111111111111111111111111111111111111,68.0,True,True,360845.75,0.288,0.95,0.0,0,0000000000000000000000000000000000000000,68.0,True,True,350981.67,0.288,0.95,0.0,1,0000000000000000001111111111111111111111,68.0,True,True,360845.75,0.288,0.95,0.0,1,1111111111111111111111111111111111111111,68.0,True,True,365788.24,0.288,0.95,0.0,1,1111111111111111111111111111111111111111,70.0,True,True,546446.55,0.5031,0.8646,0.0,1,3333333333333333333333333333333000000000,68.0,True,True,380591.63,0.288,0.95,0.0,1,1111111111111111111111111111111111111111,68.8,68.2,433113.254,383530.996,0.374,0.2946,0.9158,0.9478,0.0,0.0,0.8,1.0
131,Nigeria,LLIN,2.6,compound,10,Conflict+Flood+Port_Closure,0.0,True,False,423711.73,0.0,1.0,1.0,0,0000000000000000000000000000200000020000,0.0,True,False,348217.53,0.0,1.0,1.0,1,1111111111111111111111111111111111111111,0.0,True,False,361475.02,0.0,1.0,1.0,1,1111111111111111111111111111111111111111,110.0,False,True,541069.13,0.357,0.879,0.0,1,3333333333333333333333333333333333333333,110.0,False,True,461697.38,0.2048,0.9577,0.0,1,1111111111111111111111111111111111111113,110.0,False,True,340646.73,0.1563,0.9746,0.0,0,0000000000000000000000000000000000000000,0.0,True,False,351568.49,0.0,1.0,1.0,1,0000000000111111111111111111111111111111,0.0,True,False,349462.67,0.0,1.0,1.0,1,1111111111111111111111111111111111111111,0.0,True,False,355501.26,0.0,1.0,1.0,1,1111111111111111111111111111111111111111,110.0,False,True,412704.38,0.1783,0.9627,0.0,1,3333333333333333333330000000000000000000,0.0,True,False,390557.97,0.0,1.0,1.0,1,1111111111111111111111111111111111111111,66.0,22.0,398420.088,384160.024,0.1383,0.041,0.9633,0.9915,0.4,0.8,0.8,1.0
132,Mozambique,Maternal_Health,2.581,single,4,Flood,0.0,True,False,379137.32,0.0,1.0,1.0,0,0000000000000030000003000000300000030000,0.0,True,False,339446.26,0.0,1.0,1.0,1,1111111111111111111111111111111111111111,0.0,True,False,357583.82,0.0,1.0,1.0,1,1111111111111111111111111111111111111111,0.0,True,False,422932.93,0.0,1.0,1.0,1,3333333333333333333333333333333333333333,0.0,True,False,436289.42,0.0,1.0,1.0,1,1111111111111111111111111111111111111111,0.0,True,False,320822.05,0.0,1.0,1.0,0,0000000000000000000000000000000000000000,0.0,True,False,351336.84,0.0,1.0,1.0,1,0000000000000001111111111111111111111111,0.0,True,False,365506.06,0.0,1.0,1.0,1,1111111111111111111111111111111111111111,0.0,True,False,354114.38,0.0,1.0,1.0,1,1111111111111111111111111111111111111111,0.0,True,False,393172.37,0.0,1.0,1.0,1,3333333333333333333333333333333333333300,0.0,True,False,412259.78,0.0,1.0,1.0,1,1111111111111111111111111111111111111111,0.0,0.0,368375.934,382316.848,0.0,0.0,1.0,1.0,1.0,1.0,0.8,1.0
133,Mozambique,Contraceptive,2.581,dual,9,COVID_Lockdown+Flood,97.0,True,True,468059.06,0.2671,0.9319,0.0,1,0000000000000030000001000000200000020000,102.0,True,True,380178.09,0.2754,0.9281,0.0,1,1111111111111111111111111111101111000000,110.0,False,True,390279.0,0.3111,0.9037,0.0,1,1111111111111111111111111111111111111111,41.0,True,True,444063.23,0.4946,0.9212,0.0,1,3333333333333333333333333333333333333333,97.0,True,True,402373.33,0.2555,0.9382,0.0,1,1111111111111111111111111111111111111111,110.0,False,True,381067.48,0.3198,0.8997,0.0,0,0000000000000000000000000000000000000000,110.0,False,True,401111.33,0.2848,0.9168,0.0,1,0000000000000000001111111111111111111111,98.0,True,True,375545.96,0.3289,0.9081,0.0,1,1111111111111111111111111111111111111111,98.0,True,True,375545.96,0.3289,0.9081,0.0,1,1111111111111111111111111111111111111111,41.0,True,True,444063.23,0.4946,0.9212,0.0,1,3333333333333333333333333333300000000000,110.0,False,True,390279.0,0.3111,0.9037,0.0,1,1111111111111111111111111111111111111111,78.4,105.0,404983.598,391917.724,0.3827,0.2983,0.9157,0.9141,0.0,0.0,0.8,1.0
134,Mozambique,Maternal_Health,2.581,compound,12,Conflict+Flood+Port_Closure,36.0,True,True,470722.14,0.1739,0.9887,0.0,0,0000000000000000000000000000200000020000,0.0,True,False,388646.77,0.0,1.0,1.0,1,1111111111111111111111111111111111111111,0.0,True,False,391956.6,0.0,1.0,1.0,1,1111111111111111111111111111111111111111,110.0,False,True,435363.69,0.2348,0.9467,0.0,1,3333333333333333333333333333333333333333,0.0,True,False,449960.44,0.0,1.0,1.0,1,1111111111111111111111111111111111113333,36.0,True,True,325484.61,0.1739,0.9887,0.0,0,0000000000000000000000000000000000000000,0.0,True,False,354257.37,0.0,1.0,1.0,1,0000000000111111111111111111111111111111,0.0,True,False,377261.59,0.0,1.0,1.0,1,1111111111111111111111111111111111111111,0.0,True,False,382933.2,0.0,1.0,1.0,1,1111111111111111111111111111111111111111,110.0,False,True,358777.57,0.0397,0.9962,0.5829,1,3333333333333333333333330000000000000000,0.0,True,False,403216.42,0.0,1.0,1.0,1,1111111111111111111111111111111111111111,51.2,0.0,377106.846,396464.806,0.0897,0.0,0.9863,1.0,0.5166,1.0,0.8,1.0
135,Ethiopia,Contraceptive,2.581,single,5,Conflict,0.0,True,False,401745.36,0.0,1.0,1.0,0,0000000000000000000003000000300000030000,0.0,True,False,397470.13,0.0,1.0,1.0,1,1111111111111111111111111111111111111111,0.0,True,False,419089.59,0.0,1.0,1.0,1,1111111111111111111111111111111111111111,0.0,True,False,423150.76,0.0,1.0,1.0,1,3333333333333333333333333333333333333333,0.0,True,False,458884.87,0.0,1.0,1.0,1,1111111111111111111111111111111111111111,0.0,True,False,346211.81,0.0,1.0,1.0,0,0000000000000000000000000000000000000000,0.0,True,False,400315.09,0.0,1.0,1.0,1,0000000000000011111111111111111111111111,0.0,True,False,409480.2,0.0,1.0,1.0,1,1111111111111111111111111111111111111111,0.0,True,False,425255.62,0.0,1.0,1.0,1,1111111111111111111111111111111111111111,0.0,True,False,436014.96,0.0,1.0,1.0,1,3333333333333333333333333333333333300000,0.0,True,False,443219.44,0.0,1.0,1.0,1,1111111111111111111111111111111111111111,0.0,0.0,402465.572,429352.922,0.0,0.0,1.0,1.0,1.0,1.0,0.8,1.0
136,Ethiopia,Malaria_RDT,2.581,dual,8,COVID_Lockdown+Port_Closure,35.0,True,True,566934.97,0.3518,0.9643,0.0,0,0000000000000000000000000000200000020000,87.0,True,True,539926.05,0.2708,0.9397,0.0,1,1111111111111111111111111111111111111111,89.0,True,True,595700.75,0.2825,0.9309,0.0,1,1111111111111111111111111111111111111111,109.0,True,True,702341.95,0.3716,0.8733,0.0,1,3333333333333333333333333333333333333333,108.0,True,True,598279.98,0.1928,0.9576,0.0,1,1111111111111111111111111111111111111133,35.0,True,True,444711.49,0.3518,0.9643,0.0,0,0000000000000000000000000000000000000000,87.0,True,True,546233.83,0.2815,0.9387,0.0,1,0000000000001111111111111111111111111111,109.0,True,True,542671.6,0.2648,0.9256,0.0,1,1111111111111111111111111111111111111111,109.0,True,True,542671.6,0.2648,0.9256,0.0,1,1111111111111111111111111111111111111111,47.0,True,True,563146.36,0.309,0.9598,0.0,1,3333333333333333333333330000000000000000,109.0,True,True,580678.75,0.2786,0.9216,0.0,1,1111111111111111111111111111111111111111,77.4,100.4,558559.49,572712.982,0.3136,0.26,0.9325,0.9349,0.0,0.0,0.8,1.0
137,Malawi,Malaria_RDT,2.586,compound,9,Conflict+Flood+Port_Closure,0.0,True,False,389443.83,0.0,1.0,1.0,0,0000000000000000000000000000300000000000,0.0,True,False,327326.01,0.0,1.0,1.0,1,1111111111111111111111111111111111111100,0.0,True,False,348147.56,0.0,1.0,1.0,1,1111111111111111111111111111111111111111,0.0,True,False,382400.65,0.0,1.0,1.0,1,3333333333333333333333333333333333333333,0.0,True,False,388223.68,0.0,1.0,1.0,1,1111111111111111111111111111111333333333,0.0,True,False,343025.15,0.0,1.0,1.0,0,0000000000000000000000000000000000000000,0.0,True,False,327326.01,0.0,1.0,1.0,1,0000000000111111111111111111111111111111,0.0,True,False,316744.84,0.0,1.0,1.0,1,1111111111111111111111111111111111111111,0.0,True,False,316744.84,0.0,1.0,1.0,1,1111111111111111111111111111111111111111,0.0,True,False,382400.65,0.0,1.0,1.0,1,3333333333333333333333000000000000000000,0.0,True,False,353408.75,0.0,1.0,1.0,1,1111111111111111111111111111111111111111,0.0,0.0,350379.46,346770.168,0.0,0.0,1.0,1.0,1.0,1.0,0.8,1.0
138,Kenya,HIV_ARV,2.815,single,2,Port_Closure,0.0,True,False,333015.81,0.0,1.0,1.0,0,0000000000000000000000000000000000000000,0.0,True,False,385313.85,0.0,1.0,1.0,1,1111111111111111111111111111111111111111,0.0,True,False,417745.9,0.0,1.0,1.0,1,1111111111111111111111111111111111111111,0.0,True,False,431584.53,0.0,1.0,1.0,1,3333333333333333333333333333333333333333,0.0,True,False,420805.75,0.0,1.0,1.0,1,1111111111111111111111111111111111111111,0.0,True,False,343044.28,0.0,1.0,1.0,0,0000000000000000000000000000000000000000,0.0,True,False,355596.78,0.0,1.0,1.0,1,0000000000011111111111111111111111111111,0.0,True,False,394588.35,0.0,1.0,1.0,1,1111111111111111111111111111111111111111,0.0,True,False,411964.74,0.0,1.0,1.0,1,1111111111111111111111111111111111111111,0.0,True,False,420580.98,0.0,1.0,1.0,1,3333333333333333333333333333333300000000,0.0,True,False,438605.08,0.0,1.0,1.0,1,1111111111111111111111111111111111111111,0.0,0.0,395022.398,408943.65,0.0,0.0,1.0,1.0,1.0,1.0,0.8,1.0
139,Malawi,Contraceptive,2.586,dual,9,Conflict+Flood,77.0,True,True,482364.04,0.2341,0.9633,0.0,1,0000000000000030000002000000200000010000,0.0,True,False,370697.69,0.0,1.0,1.0,1,1111111111111111111111111111111111111111,0.0,True,False,393411.04,0.0,1.0,1.0,1,1111111111111111111111111111111111111111,0.0,True,False,366853.23,0.0,1.0,1.0,1,3333333333333333333333333333333333333333,0.0,True,False,414720.12,0.0,1.0,1.0,1,1111111111111111111111111111111111111113,103.0,True,True,310839.5,0.0614,0.9943,0.3774,0,0000000000000000000000000000000000000000,0.0,True,False,362732.5,0.0,1.0,1.0,1,0000000000111111111111111111111111111111,0.0,True,False,368524.22,0.0,1.0,1.0,1,1111111111111111111111111111111111111111,0.0,True,False,368524.22,0.0,1.0,1.0,1,1111111111111111111111111111111111111111,77.0,True,True,393458.65,0.1099,0.9913,0.0414,1,3333333333333333333333333333333000000000,0.0,True,False,409654.36,0.0,1.0,1.0,1,1111111111111111111111111111111111111111,36.0,0.0,362074.658,389808.448,0.0343,0.0,0.9971,1.0,0.6838,1.0,0.8,1.0
140,Zambia,HIV_ARV,2.526,compound,11,Conflict+Flood+Port_Closure,101.0,True,True,432500.83,0.1303,0.9805,0.0,0,0000000000000000000002000000200000020000,0.0,True,False,328541.83,0.0,1.0,1.0,1,1111111111111111111111111111111111111111,0.0,True,False,370362.09,0.0,1.0,1.0,1,1111111111111111111111111111111111111111,104.0,True,True,408683.65,0.1947,0.9573,0.0,1,3333333333333333333333333333333333333333,0.0,True,False,400462.49,0.0,1.0,1.0,1,1111111111111111111111111111111111111133,108.0,True,True,320147.95,0.1816,0.9595,0.0,0,0000000000000000000000000000000000000000,0.0,True,False,343014.93,0.0,1.0,1.0,1,0000000000111111111111111111111111111111,0.0,True,False,328485.06,0.0,1.0,1.0,1,1111111111111111111111111111111111111111,0.0,True,False,331700.38,0.0,1.0,1.0,1,1111111111111111111111111111111111111111,59.0,True,True,405204.28,0.3363,0.9409,0.0,1,3333333333333333333333000000000000000000,0.0,True,False,386524.57,0.0,1.0,1.0,1,1111111111111111111111111111111111111111,54.2,0.0,358212.554,366412.892,0.1425,0.0,0.9715,1.0,0.4,1.0,0.8,1.0
141,Ghana,HIV_ARV,2.5,single,3,Flood,0.0,True,False,382327.46,0.0,1.0,1.0,0,0000000000000000000003000000300000030000,0.0,True,False,312324.76,0.0,1.0,1.0,1,1111111111111111111111111111111111111111,0.0,True,False,336669.13,0.0,1.0,1.0,1,1111111111111111111111111111111111111111,0.0,True,False,392082.99,0.0,1.0,1.0,1,3333333333333333333333333333333333333333,0.0,True,False,370602.25,0.0,1.0,1.0,1,1111111111111111111111111111111111111113,0.0,True,False,326946.64,0.0,1.0,1.0,0,0000000000000000000000000000000000000000,0.0,True,False,312324.76,0.0,1.0,1.0,1,0000000000000001111111111111111111111111,0.0,True,False,322058.21,0.0,1.0,1.0,1,1111111111111111111111111111111111111111,0.0,True,False,326946.64,0.0,1.0,1.0,1,1111111111111111111111111111111111111111,0.0,True,False,392082.99,0.0,1.0,1.0,1,3333333333333333333333333333333333333333,0.0,True,False,336713.94,0.0,1.0,1.0,1,1111111111111111111111111111111111111111,0.0,0.0,349099.118,336651.344,0.0,0.0,1.0,1.0,1.0,1.0,0.8,1.0
142,Uganda,Contraceptive,2.575,dual,6,Flood+Port_Closure,0.0,True,False,313888.71,0.0,1.0,1.0,1,0000000000000000000001000000000000000000,0.0,True,False,313888.71,0.0,1.0,1.0,1,1111111111111111111111111111111111111111,0.0,True,False,334200.72,0.0,1.0,1.0,1,1111111111111111111111111111111111111111,0.0,True,False,383527.05,0.0,1.0,1.0,1,3333333333333333333333333333333333333333,0.0,True,False,379977.73,0.0,1.0,1.0,1,1111111111111111111111111113111333333333,0.0,True,False,329153.99,0.0,1.0,1.0,0,0000000000000000000000000000000000000000,0.0,True,False,313888.71,0.0,1.0,1.0,1,0000000000011111111111111111111111111111,0.0,True,False,329153.99,0.0,1.0,1.0,1,1111111111111111111111111111111111111111,0.0,True,False,329143.18,0.0,1.0,1.0,1,1111111111111111111111111111111111111111,0.0,True,False,383527.05,0.0,1.0,1.0,1,3333333333333333333333303000000000000000,0.0,True,False,339259.96,0.0,1.0,1.0,1,1111111111111111111111111111111111111111,0.0,0.0,347850.158,339294.06,0.0,0.0,1.0,1.0,1.0,1.0,0.8,1.0
143,Nigeria,LLIN,2.6,compound,12,COVID_Lockdown+Conflict+Port_Closure,94.0,True,True,607113.93,0.3794,0.8876,0.0,1,0000000000000000000002000000200000020000,29.0,True,True,441436.72,0.287,0.9777,0.0,1,1111111111111111111111111111111111111000,29.0,True,True,475220.41,0.287,0.9777,0.0,1,1111111111111111111111111111111111111111,89.0,True,True,590837.3,0.3914,0.8847,0.0,1,3333333333333333333333333333333333333333,39.0,True,True,480239.72,0.1754,0.9872,0.0,1,1111111111111111111111111111111111333333,41.0,True,True,470735.9,0.5484,0.9083,0.0,0,0000000000000000000000000000000000000000,0.0,True,False,426417.71,0.0,0.9988,0.9258,1,0000000000111111111111111111111111111111,29.0,True,True,469210.83,0.287,0.9777,0.0,1,1111111111111111111111111111111111111111,29.0,True,True,469210.83,0.287,0.9777,0.0,1,1111111111111111111111111111111111111111,39.0,True,True,554806.95,0.5793,0.9039,0.0,1,3333333333333333333330000000000000000000,29.0,True,True,493275.98,0.287,0.9777,0.0,1,1111111111111111111111111111111111111111,45.4,25.2,505405.54,468872.93,0.4186,0.2073,0.9305,0.9838,0.0,0.1852,0.8,1.0
144,Malawi,Malaria_RDT,2.586,single,5,COVID_Lockdown,110.0,False,True,408068.47,0.0352,0.9966,0.6303,0,0000000000000030000003000000300000030000,0.0,True,False,379960.83,0.0,1.0,1.0,1,1111111111111111111111111111111111111111,0.0,True,False,429345.98,0.0,1.0,1.0,1,1111111111111111111111111111111111111111,110.0,False,True,516167.96,0.3025,0.9121,0.0,1,3333333333333333333333333333333333333333,0.0,True,False,491204.27,0.0,1.0,1.0,1,1111111111111111111111111111111111111111,110.0,False,True,354081.53,0.1857,0.9653,0.0,0,0000000000000000000000000000000000000000,80.0,True,True,389164.56,0.0655,0.9947,0.4152,1,0000000000000000011111111111111111111111,0.0,True,False,411354.02,0.0,1.0,1.0,1,1111111111111111111111111111111111111111,0.0,True,False,417384.25,0.0,1.0,1.0,1,1111111111111111111111111111111111111111,83.0,True,True,417959.18,0.1058,0.9899,0.0418,1,3333333333333333333333333333333333300000,0.0,True,False,414784.37,0.0,1.0,1.0,1,1111111111111111111111111111111111111111,60.6,16.0,415904.704,428376.686,0.1188,0.0131,0.9735,0.9989,0.4084,0.883,0.8,1.0
145,Uganda,LLIN,2.575,dual,9,COVID_Lockdown+Flood,106.0,True,True,640669.16,0.4399,0.8319,0.0,1,0000000000000000000003000000200000020000,110.0,False,True,377053.46,0.0311,0.9958,0.7675,1,1111111111111111111111111111111111111111,105.0,True,True,412741.4,0.1562,0.9736,0.0,1,1111111111111111111111111111111111111111,69.0,True,True,575494.86,0.4853,0.8718,0.0,1,3333333333333333333333333333333333333333,105.0,True,True,459692.68,0.2311,0.949,0.0,1,1111111111111111111111111111111111111111,42.0,True,True,392610.08,0.4166,0.9405,0.0,0,0000000000000000000000000000000000000000,110.0,False,True,384579.59,0.1287,0.98,0.0,1,0000000000000000001111111111111111111111,110.0,False,True,406359.67,0.1416,0.9767,0.0,1,1111111111111111111111111111111111111111,110.0,False,True,406359.67,0.1416,0.9767,0.0,1,1111111111111111111111111111111111111111,44.0,True,True,534012.85,0.5534,0.8983,0.0,1,3333333333333333333333333333333000000000,105.0,True,True,419124.8,0.1294,0.98,0.0,1,1111111111111111111111111111111111111111,75.0,107.0,457106.184,416499.628,0.3256,0.1574,0.9366,0.9719,0.1535,0.0,0.8,1.0
146,Nigeria,HIV_ARV,2.6,compound,12,COVID_Lockdown+Conflict+Port_Closure,110.0,False,True,558913.46,0.1728,0.9659,0.0,0,0000000000000000000000000000200000020000,108.0,True,True,405317.31,0.1266,0.9833,0.0,1,1111111111111111111111111111111111111111,0.0,True,False,405310.92,0.0,1.0,1.0,1,1111111111111111111111111111111111111111,73.0,True,True,626696.29,0.4375,0.8829,0.0,1,3333333333333333333333333333333233333333,109.0,True,True,521516.92,0.1908,0.9594,0.0,1,1111111111111111111111111111111111111333,41.0,True,True,448125.29,0.4124,0.943,0.0,0,0000000000000000000000000000000000000000,108.0,True,True,425005.74,0.1692,0.9721,0.0,1,0000000000111111111111111111111111111111,110.0,False,True,455724.69,0.1767,0.9675,0.0,1,1111111111111111111111111111111111111111,108.0,True,True,407823.52,0.111,0.9858,0.0,1,1111111111111111111111111111111111111111,74.0,True,True,608882.24,0.443,0.879,0.0,1,3333333333333333333330000000000000000000,110.0,False,True,455096.85,0.1568,0.9746,0.0,1,1111111111111111111111111111111111111111,81.2,87.0,508949.164,442950.79,0.3192,0.1256,0.9311,0.9784,0.0,0.2,0.8,1.0
147,Ethiopia,Maternal_Health,2.581,single,5,COVID_Lockdown,96.0,True,True,388253.82,0.1299,0.9797,0.0,0,0000000000000030000003000000300000030000,0.0,True,False,371982.52,0.0,1.0,1.0,1,1111111111111111111111111111111111111111,0.0,True,False,377254.67,0.0,1.0,1.0,1,1111111111111111111111111111111111111111,95.0,True,True,499817.75,0.3504,0.8979,0.0,1,3333333333333333333333333333333333333333,0.0,True,False,437610.78,0.0,1.0,1.0,1,1111111111111111111111111111111111111111,93.0,True,True,310366.54,0.0447,0.9961,0.5686,0,0000000000000000000000000000000000000000,0.0,True,False,350503.18,0.0,1.0,1.0,1,0000000000000000111111111111111111111111,0.0,True,False,388433.25,0.0,1.0,1.0,1,1111111111111111111111111111111111111111,0.0,True,False,366322.57,0.0,1.0,1.0,1,1111111111111111111111111111111111111111,110.0,False,True,426353.06,0.2171,0.9479,0.0,1,3333333333333333333333333333333333030000,0.0,True,False,404676.78,0.0,1.0,1.0,1,1111111111111111111111111111111111111111,59.6,0.0,399390.624,387273.596,0.1224,0.0,0.9684,1.0,0.5137,1.0,0.8,1.0
148,Ghana,Malaria_RDT,2.5,dual,9,COVID_Lockdown+Flood,108.0,True,True,649718.09,0.3928,0.8635,0.0,1,0000000000000030000002000000100000010000,110.0,False,True,404912.26,0.1291,0.9801,0.0,1,1111111111111111111111111111111111111111,0.0,True,False,424206.07,0.0,1.0,1.0,1,1111111111111111111111111111111111111111,109.0,True,True,552548.69,0.3528,0.8849,0.0,1,3333333333333333333333333333333333333333,83.0,True,True,465387.08,0.0861,0.9929,0.2179,1,1111111111111111111111111111111111111111,104.0,True,True,462119.17,0.3748,0.8788,0.0,0,0000000000000000000000000000000000000000,0.0,True,False,371891.71,0.0,1.0,1.0,1,0000000000000000111111111111111111111111,108.0,True,True,433184.96,0.1452,0.977,0.0,1,1111111111111111111111111111111111111111,108.0,True,True,383604.83,0.0305,0.996,0.6822,1,1111111111111111111111111111111111111111,110.0,False,True,479253.72,0.2767,0.9246,0.0,1,3333333333333333333333333333333000000000,0.0,True,False,435664.1,0.0,1.0,1.0,1,1111111111111111111111111111111111111111,108.2,38.2,466403.76,416150.758,0.2557,0.0233,0.9291,0.9978,0.0,0.78,0.8,1.0
149,Nigeria,Malaria_RDT,2.6,compound,10,Conflict+Flood+Port_Closure,0.0,True,False,363493.91,0.0,1.0,1.0,1,0000000000000000000000000000100000030000,0.0,True,False,305730.08,0.0,1.0,1.0,1,1111111111111111111111111111111111111111,0.0,True,False,325500.93,0.0,1.0,1.0,1,1111111111111111111111111111111111111111,38.0,True,True,420613.52,0.4006,0.9466,0.0,1,3333333333333333333333333333333333333333,0.0,True,False,363493.91,0.0,1.0,1.0,1,1111111111111111111111111111111111133333,0.0,True,False,320585.14,0.0,1.0,1.0,0,0000000000000000000000000000000000000000,0.0,True,False,305730.08,0.0,1.0,1.0,1,0000000000111111111111111111111111111111,0.0,True,False,320585.14,0.0,1.0,1.0,1,1111111111111111111111111111111111111111,0.0,True,False,320585.14,0.0,1.0,1.0,1,1111111111111111111111111111111111111111,38.0,True,True,420613.52,0.4006,0.9466,0.0,1,3333333333333333333300000000000000000000,0.0,True,False,330527.34,0.0,1.0,1.0,1,1111111111111111111111111111111111111111,15.2,0.0,357625.48,329167.48,0.1602,0.0,0.9786,1.0,0.6,1.0,0.8,1.0
150,Mozambique,Malaria_RDT,2.581,single,5,COVID_Lockdown,110.0,False,True,468424.18,0.309,0.905,0.0,1,0000000000000030000003000000000000010000,108.0,True,True,426298.92,0.2963,0.9166,0.0,1,1111111111111111111111111111111111111111,110.0,False,True,438155.06,0.2992,0.9152,0.0,1,1111111111111111111111111111111111111111,110.0,False,True,470842.46,0.3662,0.87,0.0,1,3333333333333333333333333333333333333333,110.0,False,True,464337.07,0.2821,0.9228,0.0,1,1111111111111111111111111111111111111333,110.0,False,True,358995.89,0.2347,0.9412,0.0,0,0000000000000000000000000000000000000000,110.0,False,True,353212.29,0.1088,0.986,0.0,1,0000000000000001111111111111111111111111,110.0,False,True,435345.05,0.3628,0.879,0.0,1,1111111111111111111111111111111111111111,110.0,False,True,440391.25,0.3628,0.879,0.0,1,1111111111111111111111111111111111111111,110.0,False,True,384663.39,0.1655,0.9668,0.0,1,3333333333333333333333333333333333000000,110.0,False,True,440289.77,0.3091,0.9069,0.0,1,1111111111111111111111111111111111111111,109.6,110.0,415229.142,427277.088,0.2851,0.2724,0.9147,0.922,0.0,0.0,0.8,1.0
151,Ghana,Malaria_RDT,2.5,dual,9,COVID_Lockdown+Flood,97.0,True,True,583178.78,0.3044,0.9154,0.0,1,0000000000000030000002000000200000010000,102.0,True,True,407856.56,0.1715,0.9697,0.0,1,1111111111111111111111111111111111111111,105.0,True,True,451479.49,0.1916,0.9606,0.0,1,1111111111111111111111111111111111111111,104.0,True,True,628089.44,0.4529,0.8313,0.0,1,3333333333333333333333333333333333333333,105.0,True,True,485685.51,0.2594,0.935,0.0,1,1111111111111111111111111111111111111111,103.0,True,True,483893.98,0.3571,0.8817,0.0,0,0000000000000000000000000000000000000000,0.0,True,False,373995.03,0.0,1.0,1.0,1,0000000000100000111111111111111111111111,105.0,True,True,465199.7,0.2443,0.9424,0.0,1,1111111111111111111111111111111111111111,105.0,True,True,465199.7,0.2443,0.9424,0.0,1,1111111111111111111111111111111111111111,106.0,True,True,602508.3,0.3886,0.8623,0.0,1,3333333333333333333333333333333300000000,104.0,True,True,453852.42,0.1936,0.9609,0.0,1,1111111111111111111111111111111111111111,104.0,83.8,517509.596,446042.43,0.3229,0.1778,0.8975,0.9598,0.0,0.2,0.8,1.0
152,Ghana,Contraceptive,2.5,compound,12,COVID_Lockdown+Conflict+Port_Closure,108.0,True,True,628337.64,0.3685,0.8681,0.0,1,0000000000000000000002000000200000020000,35.0,True,True,421877.5,0.2734,0.9735,0.0,1,1111111111111111111111111111111001000111,109.0,True,True,446676.42,0.1702,0.9662,0.0,1,1111111111111111111111111111111111111111,109.0,True,True,821833.64,0.4993,0.7912,0.0,1,3333333333333333333333333333222232233333,22.0,True,True,475060.97,0.2323,0.9871,0.0,1,1111111111111111111111111111113333333333,108.0,True,True,482459.32,0.3301,0.8927,0.0,0,0000000000000000000000000000000000000000,35.0,True,True,441184.21,0.3287,0.9647,0.0,1,0000000000111111111111111111111111111111,35.0,True,True,410451.23,0.2734,0.9735,0.0,1,1111111111111111111111111111111111111111,35.0,True,True,416135.09,0.2734,0.9735,0.0,1,1111111111111111111111111111111111111111,109.0,True,True,621412.12,0.4367,0.8259,0.0,1,3333333333333333333333000000000000000000,109.0,True,True,493593.5,0.2572,0.9299,0.0,1,1111111111111111111111111111111111111111,79.2,62.0,551606.762,454530.038,0.3626,0.2524,0.8914,0.9643,0.0,0.0,0.8,1.0
153,Ghana,Maternal_Health,2.5,single,3,Port_Closure,0.0,True,False,331811.86,0.0,1.0,1.0,0,0000000000000000000000000000000000000000,0.0,True,False,399461.92,0.0,1.0,1.0,1,1111111111111111111111111111111111111111,0.0,True,False,410423.74,0.0,1.0,1.0,1,1111111111111111111111111111111111111111,110.0,False,True,397700.47,0.1944,0.9629,0.0,1,3333333333333333333333333333333333333333,0.0,True,False,381837.0,0.0,1.0,1.0,1,1111111111111111111111111111111111111111,0.0,True,False,326838.21,0.0,1.0,1.0,0,0000000000000000000000000000000000000000,0.0,True,False,399443.96,0.0,1.0,1.0,1,0000000000111111111111111111111111111111,0.0,True,False,399370.45,0.0,1.0,1.0,1,1111111111111111111111111111111111111111,0.0,True,False,399342.2,0.0,1.0,1.0,1,1111111111111111111111111111111111111111,0.0,True,False,404269.77,0.0,1.0,1.0,1,3333333333333333333333333333000000000000,0.0,True,False,410323.76,0.0,1.0,1.0,1,1111111111111111111111111111111111111111,22.0,0.0,385528.164,400274.132,0.0389,0.0,0.9926,1.0,0.8,1.0,0.8,1.0
154,Ghana,Maternal_Health,2.5,dual,7,Conflict+Flood,0.0,True,False,391821.56,0.0,1.0,1.0,1,0000000000000030000003000000300000010000,0.0,True,False,374616.2,0.0,1.0,1.0,1,1111111111111111111111111111111111111111,0.0,True,False,394505.73,0.0,1.0,1.0,1,1111111111111111111111111111111111111111,0.0,True,False,395173.58,0.0,1.0,1.0,1,3333333333333333333333333333333333333333,0.0,True,False,444675.17,0.0,1.0,1.0,1,1111111111111111111111111111111111111111,0.0,True,False,306828.4,0.0,1.0,1.0,0,0000000000000000000000000000000000000000,0.0,True,False,370782.48,0.0,1.0,1.0,1,0000000000000011111111111111111111111111,0.0,True,False,385708.93,0.0,1.0,1.0,1,1111111111111111111111111111111111111111,0.0,True,False,391174.16,0.0,1.0,1.0,1,1111111111111111111111111111111111111111,0.0,True,False,388243.72,0.0,1.0,1.0,1,3333333333333333333333333333333333000000,0.0,True,False,388851.3,0.0,1.0,1.0,1,1111111111111111111111111111111111111111,0.0,0.0,370114.166,397997.768,0.0,0.0,1.0,1.0,1.0,1.0,0.8,1.0
155,Ghana,Malaria_RDT,2.5,compound,11,COVID_Lockdown+Flood+Port_Closure,110.0,False,True,607467.29,0.3928,0.8509,0.0,1,0000000000000000000002000000200000020000,24.0,True,True,440083.78,0.5167,0.9523,0.0,1,1111111111111111111111111111100000000111,24.0,True,True,464022.55,0.5167,0.9523,0.0,1,1111111111111111111111111111111111111111,100.0,True,True,1033829.13,0.5566,0.7768,0.0,1,3333333333333333333333332222222222333333,20.0,True,True,465944.06,0.2362,0.9887,0.0,1,1111111111111111111111111111333333333333,106.0,True,True,524267.99,0.3843,0.8621,0.0,0,0000000000000000000000000000000000000000,22.0,True,True,416522.24,0.4151,0.9683,0.0,1,0000000000111111111111111111111111111111,24.0,True,True,449213.77,0.5167,0.9523,0.0,1,1111111111111111111111111111111111111111,24.0,True,True,452641.23,0.5167,0.9523,0.0,1,1111111111111111111111111111111111111111,60.0,True,True,569637.36,0.5341,0.8684,0.0,1,3333333333333333333330000000000000000000,110.0,False,True,480524.43,0.2239,0.9483,0.0,1,1111111111111111111111111111111111111111,62.8,40.0,603406.406,455930.902,0.5017,0.3817,0.8824,0.962,0.0,0.0,0.8,1.0
156,Uganda,HIV_ARV,2.575,single,5,COVID_Lockdown,43.0,True,True,429996.55,0.2232,0.98,0.0,1,0000000000000010000003000000300000030000,0.0,True,False,343554.02,0.0,1.0,1.0,1,1111111111111111111111111111111111111111,109.0,True,True,355593.13,0.0589,0.9921,0.5567,1,1111111111111111111111111111111111111111,43.0,True,True,464848.41,0.3283,0.958,0.0,1,3333333333333333333333333333333333333333,43.0,True,True,400267.76,0.1572,0.9892,0.0,1,1111111111111111111111111111111111133333,0.0,True,False,333254.31,0.0,1.0,1.0,0,0000000000000000000000000000000000000000,0.0,True,False,343554.02,0.0,1.0,1.0,1,0000000000000000011111111111111111111111,0.0,True,False,333254.31,0.0,1.0,1.0,1,1111111111111111111111111111111111111111,0.0,True,False,338382.25,0.0,1.0,1.0,1,1111111111111111111111111111111111111111,43.0,True,True,464848.41,0.3283,0.958,0.0,1,3333333333333333333333333333333333000000,109.0,True,True,355593.13,0.0589,0.9921,0.5567,1,1111111111111111111111111111111111111111,17.2,52.2,387951.892,358678.058,0.1313,0.055,0.9832,0.9947,0.6,0.6227,0.8,1.0
157,Zambia,LLIN,2.526,dual,5,Flood+Port_Closure,0.0,True,False,383012.4,0.0,1.0,1.0,0,0000000000000000000003000000300000030000,0.0,True,False,389879.97,0.0,1.0,1.0,1,1111111111111111111111111111111111111111,0.0,True,False,402665.89,0.0,1.0,1.0,1,1111111111111111111111111111111111111111,109.0,True,True,466986.13,0.1982,0.9563,0.0,1,3333333333333333333333333333333333333333,0.0,True,False,435011.61,0.0,1.0,1.0,1,1111111111111111111111111111111111111111,0.0,True,False,332846.06,0.0,1.0,1.0,0,0000000000000000000000000000000000000000,0.0,True,False,420417.34,0.0,1.0,1.0,1,0000000000111111111111111111111111111111,0.0,True,False,405007.76,0.0,1.0,1.0,1,1111111111111111111111111111111111111111,0.0,True,False,410826.4,0.0,1.0,1.0,1,1111111111111111111111111111111111111111,110.0,False,True,435728.96,0.1565,0.9707,0.0,1,3333333333333333333333333330000000000000,0.0,True,False,408257.4,0.0,1.0,1.0,1,1111111111111111111111111111111111111111,43.8,0.0,406089.776,415435.728,0.0709,0.0,0.9854,1.0,0.6,1.0,0.8,1.0
158,Ethiopia,Malaria_RDT,2.581,compound,10,Conflict+Flood+Port_Closure,0.0,True,False,464757.44,0.0,1.0,1.0,1,0000000000000000000000000000200000020000,0.0,True,False,356848.52,0.0,0.9991,0.8957,1,1111111111111111111111111111111111111110,0.0,True,False,380124.92,0.0,0.9991,0.8957,1,1111111111111111111111111111111111111111,39.0,True,True,476938.37,0.344,0.9592,0.0,1,3333333333333333333333333333333333333333,0.0,True,False,419087.63,0.0,1.0,1.0,1,1111111111111111111111111111111113333333,0.0,True,False,368494.16,0.0,0.9991,0.8957,0,0000000000000000000000000000000000000000,0.0,True,False,356848.52,0.0,0.9991,0.8957,1,0000000000111111111111111111111111111111,0.0,True,False,368494.16,0.0,0.9991,0.8957,1,1111111111111111111111111111111111111111,0.0,True,False,368494.16,0.0,0.9991,0.8957,1,1111111111111111111111111111111111111111,39.0,True,True,476938.37,0.344,0.9592,0.0,1,3333333333333333333330000000000000000000,0.0,True,False,386002.04,0.0,0.9991,0.8957,1,1111111111111111111111111111111111111111,15.6,0.0,409542.716,382111.454,0.1376,0.0,0.9831,0.9993,0.5374,0.9166,0.8,1.0
159,Uganda,Maternal_Health,2.575,single,4,Flood,0.0,True,False,417492.97,0.0,1.0,1.0,0,0000000000000000000003000000300000030000,0.0,True,False,406377.2,0.0,1.0,1.0,1,1111111111111111111111111111111111111111,0.0,True,False,416031.69,0.0,1.0,1.0,1,1111111111111111111111111111111111111111,110.0,False,True,455347.44,0.0943,0.991,0.0149,1,3333333333333333333333333333333333333333,0.0,True,False,487458.46,0.0,1.0,1.0,1,1111111111111111111111111111111111111111,0.0,True,False,352611.41,0.0,1.0,1.0,0,0000000000000000000000000000000000000000,0.0,True,False,388832.73,0.0,1.0,1.0,1,0000000000000000011111111111111111111111,0.0,True,False,385517.05,0.0,1.0,1.0,1,1111111111111111111111111111111111111111,0.0,True,False,428481.72,0.0,1.0,1.0,1,1111111111111111111111111111111111111111,0.0,True,False,451051.33,0.0,1.0,1.0,1,3333333333333333333333333333333333330000,0.0,True,False,446815.44,0.0,1.0,1.0,1,1111111111111111111111111111111111111111,22.0,0.0,410180.886,433524.008,0.0189,0.0,0.9982,1.0,0.803,1.0,0.8,1.0
160,Mozambique,LLIN,2.581,dual,7,Conflict+Port_Closure,0.0,True,False,340061.55,0.0,1.0,1.0,1,0000000000000000000000000000000000010000,0.0,True,False,361131.03,0.0,1.0,1.0,1,1111111111111111111111111111111111111111,0.0,True,False,381361.65,0.0,1.0,1.0,1,1111111111111111111111111111111111111111,0.0,True,False,400860.61,0.0,1.0,1.0,1,3333333333333333333333333333333333333333,0.0,True,False,450205.34,0.0,1.0,1.0,1,1111111111111111111111111111111111111111,0.0,True,False,320402.79,0.0,1.0,1.0,0,0000000000000000000000000000000000000000,0.0,True,False,357426.21,0.0,1.0,1.0,1,0000000000111111111111111111111111111111,0.0,True,False,358863.5,0.0,1.0,1.0,1,1111111111111111111111111111111111111111,0.0,True,False,364488.59,0.0,1.0,1.0,1,1111111111111111111111111111111111111111,0.0,True,False,382616.2,0.0,1.0,1.0,1,3333333333333333333333333000000000000000,0.0,True,False,392355.2,0.0,1.0,1.0,1,1111111111111111111111111111111111111111,0.0,0.0,364774.826,389167.398,0.0,0.0,1.0,1.0,1.0,1.0,0.8,1.0
161,Malawi,Malaria_RDT,2.586,compound,11,COVID_Lockdown+Conflict+Port_Closure,29.0,True,True,490178.46,0.4001,0.9624,0.0,0,0000000000000000000002000000200000020000,0.0,True,False,369163.74,0.0,1.0,1.0,1,1111111111111111111111111111111111111111,0.0,True,False,408914.2,0.0,1.0,1.0,1,1111111111111111111111111111111111111111,110.0,False,True,630580.14,0.381,0.86,0.0,1,3333333333333333333333333333333333333333,0.0,True,False,496223.53,0.0,1.0,1.0,1,1111111111111111111111111111111111333333,41.0,True,True,436078.49,0.4524,0.9326,0.0,0,0000000000000000000000000000000000000000,108.0,True,True,398777.58,0.0967,0.9907,0.0,1,0000000000111111111111111111111111111111,0.0,True,False,384821.03,0.0,1.0,1.0,1,1111111111111111111111111111111111111111,0.0,True,False,384821.03,0.0,1.0,1.0,1,1111111111111111111111111111111111111111,63.0,True,True,587096.61,0.4883,0.8792,0.0,1,3333333333333333333333300000000000000000,108.0,True,True,439357.85,0.1235,0.9794,0.0,1,1111111111111111111111111111111111111111,42.8,43.2,481548.002,425618.838,0.2643,0.044,0.9344,0.994,0.4,0.6,0.8,1.0
162,Ghana,HIV_ARV,2.5,single,4,Flood,0.0,True,False,357405.41,0.0,1.0,1.0,0,0000000000000030000003000000300000030000,0.0,True,False,360672.36,0.0,1.0,1.0,1,1111111111111111111111111111111111111111,0.0,True,False,395546.12,0.0,1.0,1.0,1,1111111111111111111111111111111111111111,0.0,True,False,422777.84,0.0,1.0,1.0,1,3333333333333333333333333333333333333333,0.0,True,False,404297.89,0.0,1.0,1.0,1,1111111111111111111111111111111111111111,0.0,True,False,298149.8,0.0,1.0,1.0,0,0000000000000000000000000000000000000000,0.0,True,False,364448.21,0.0,1.0,1.0,1,0000000000000000011111111111111111111111,0.0,True,False,352792.82,0.0,1.0,1.0,1,1111111111111111111111111111111111111111,0.0,True,False,372978.26,0.0,1.0,1.0,1,1111111111111111111111111111111111111111,0.0,True,False,384199.04,0.0,1.0,1.0,1,3333333333333333333333333333333333333000,0.0,True,False,421526.18,0.0,1.0,1.0,1,1111111111111111111111111111111111111111,0.0,0.0,363718.372,391759.332,0.0,0.0,1.0,1.0,1.0,1.0,0.8,1.0
163,Malawi,Maternal_Health,2.586,dual,8,Conflict+Flood,0.0,True,False,386818.64,0.0,1.0,1.0,0,0000000000000030000003000000300000000000,0.0,True,False,376456.87,0.0,1.0,1.0,1,1111111111111111111111111111111111111111,0.0,True,False,404164.84,0.0,1.0,1.0,1,1111111111111111111111111111111111111111,104.0,True,True,490798.79,0.2558,0.9394,0.0,1,3333333333333333333333333333333333333333,0.0,True,False,443871.21,0.0,1.0,1.0,1,1111111111111111111111111111111111111111,0.0,True,False,331148.25,0.0,1.0,1.0,0,0000000000000000000000000000000000000000,0.0,True,False,396201.04,0.0,1.0,1.0,1,0000000000100011111111111111111111111111,0.0,True,False,370361.87,0.0,1.0,1.0,1,1111111111111111111111111111111111111111,0.0,True,False,370323.31,0.0,1.0,1.0,1,1111111111111111111111111111111111111111,0.0,True,False,406330.56,0.0,1.0,1.0,1,3333333333333333333333333333333300000000,0.0,True,False,422084.82,0.0,1.0,1.0,1,1111111111111111111111111111111111111111,20.8,0.0,395019.268,407329.044,0.0512,0.0,0.9879,1.0,0.8,1.0,0.8,1.0
164,Ethiopia,HIV_ARV,2.581,compound,12,COVID_Lockdown+Conflict+Port_Closure,106.0,True,True,467978.51,0.2165,0.9469,0.0,1,0000000000000000000000000000200000020000,28.0,True,True,395891.16,0.3518,0.9701,0.0,1,1111111111111111111111111111111111100000,28.0,True,True,418087.94,0.3518,0.9701,0.0,1,1111111111111111111111111111111111111111,110.0,False,True,502451.84,0.3205,0.8973,0.0,1,3333333333333333333333333333333333333333,110.0,False,True,504820.76,0.276,0.9181,0.0,1,1111111111111111111111111111111113333333,41.0,True,True,380204.38,0.3571,0.9536,0.0,0,0000000000000000000000000000000000000000,0.0,True,False,337650.37,0.0,1.0,1.0,1,0000000000111111111111111111111111111111,110.0,False,True,403177.19,0.1873,0.9628,0.0,1,1111111111111111111111111111111111111111,110.0,False,True,398668.31,0.1725,0.9673,0.0,1,1111111111111111111111111111111111111111,76.0,True,True,499865.82,0.412,0.8923,0.0,1,3333333333333333333333300000000000000000,107.0,True,True,421667.6,0.1975,0.9613,0.0,1,1111111111111111111111111111111111111111,73.0,71.0,436318.078,416178.996,0.3257,0.1996,0.9352,0.9634,0.0,0.2,0.8,1.0
165,Malawi,Maternal_Health,2.586,single,5,COVID_Lockdown,106.0,True,True,555100.84,0.2722,0.9243,0.0,1,0000000000000030000003000000300000010000,0.0,True,False,397939.31,0.0,1.0,1.0,1,1111111111111111111111111111111111111111,110.0,False,True,455327.56,0.1716,0.9653,0.0,1,1111111111111111111111111111111111111111,97.0,True,True,574385.21,0.3528,0.8943,0.0,1,3333333333333333333333333333333333333333,105.0,True,True,506112.96,0.1861,0.9635,0.0,1,1111111111111111111111111111111111111111,90.0,True,True,492936.93,0.3584,0.9,0.0,0,0000000000000000000000000000000000000000,105.0,True,True,495680.36,0.2819,0.9267,0.0,1,0000000000000001111111111111111111111111,106.0,True,True,438499.0,0.1087,0.9865,0.0,1,1111111111111111111111111111111111111111,106.0,True,True,444521.02,0.1087,0.9865,0.0,1,1111111111111111111111111111111111111111,105.0,True,True,500177.79,0.251,0.9346,0.0,1,3333333333333333333333333333333333000000,106.0,True,True,484618.61,0.1875,0.9625,0.0,1,1111111111111111111111111111111111111111,79.6,106.4,480787.648,477252.102,0.2142,0.1872,0.9431,0.9609,0.2,0.0,0.8,1.0
166,Uganda,Maternal_Health,2.575,dual,9,COVID_Lockdown+Flood,84.0,True,True,647393.57,0.3762,0.897,0.0,1,0000000000000030000002000000100000010000,96.0,True,True,460075.36,0.2582,0.945,0.0,1,1111111111111111111111111111111111111111,110.0,False,True,494948.99,0.2904,0.9203,0.0,1,1111111111111111111111111111111111111111,84.0,True,True,584343.8,0.3485,0.907,0.0,1,3333333333333333333333333333333333333333,110.0,False,True,525043.15,0.2198,0.9512,0.0,1,1111111111111111111111111111111111111111,110.0,False,True,489790.38,0.3514,0.882,0.0,0,0000000000000000000000000000000000000000,110.0,False,True,525274.63,0.2971,0.9109,0.0,1,0000000000000000001111111111111111111111,98.0,True,True,506107.35,0.2982,0.9262,0.0,1,1111111111111111111111111111111111111111,98.0,True,True,506107.35,0.2982,0.9262,0.0,1,1111111111111111111111111111111111111111,110.0,False,True,530443.75,0.2682,0.9251,0.0,1,3333333333333333333333333333330000000000,110.0,False,True,526956.4,0.3101,0.9056,0.0,1,1111111111111111111111111111111111111111,99.6,107.6,514152.128,515666.104,0.3049,0.2831,0.9171,0.9228,0.0,0.0,0.8,1.0
167,Kenya,Malaria_RDT,2.815,compound,12,Conflict+Flood+Port_Closure,102.0,True,True,504777.5,0.1081,0.9855,0.0,0,0000000000000000000002000000200000020000,43.0,True,True,377356.15,0.3698,0.9502,0.0,1,1111111111111111111111111111110000000000,43.0,True,True,402165.56,0.3698,0.9502,0.0,1,1111111111011111111111111111111111111111,39.0,True,True,412798.3,0.2971,0.9676,0.0,1,3333333333333333333333333333333333333333,39.0,True,True,424869.61,0.3912,0.9501,0.0,1,1111111111011111111111111111113333333333,43.0,True,True,392234.15,0.3698,0.9502,0.0,0,0000000000000000000000000000000000000000,43.0,True,True,377356.15,0.3698,0.9502,0.0,1,0000000000011111111111111111111111111111,43.0,True,True,392234.15,0.3698,0.9502,0.0,1,1111111111111111111111111111111111111111,43.0,True,True,397208.21,0.3698,0.9502,0.0,1,1111111111011111111111111111111111111111,39.0,True,True,412798.3,0.2971,0.9676,0.0,1,3333333333333333333333300000000000000000,43.0,True,True,382251.29,0.3698,0.9502,0.0,1,1111111111011111111111111111111111111111,41.4,42.2,397484.21,396770.164,0.3407,0.3741,0.9572,0.9502,0.0,0.0,0.8,1.0
168,Malawi,Contraceptive,2.586,single,4,Flood,0.0,True,False,367941.49,0.0,1.0,1.0,0,0000000000000030000003000000300000030000,0.0,True,False,300551.99,0.0,1.0,1.0,1,1111111111111111111111111111111111111111,0.0,True,False,323951.18,0.0,1.0,1.0,1,1111111111111111111111111111111111111111,0.0,True,False,376742.16,0.0,1.0,1.0,1,3333333333333333333333333333333333333333,0.0,True,False,355704.3,0.0,1.0,1.0,1,1111111111111111111111111111111111111333,0.0,True,False,314609.75,0.0,1.0,1.0,0,0000000000000000000000000000000000000000,0.0,True,False,300551.99,0.0,1.0,1.0,1,0000000000000000011111111111111111111111,0.0,True,False,314627.49,0.0,1.0,1.0,1,1111111111111111111111111111111111111111,0.0,True,False,314627.49,0.0,1.0,1.0,1,1111111111111111111111111111111111111111,0.0,True,False,376742.16,0.0,1.0,1.0,1,3333333333333333333333333333333333333300,0.0,True,False,323951.18,0.0,1.0,1.0,1,1111111111111111111111111111111111111111,0.0,0.0,336654.71,323757.228,0.0,0.0,1.0,1.0,1.0,1.0,0.8,1.0
169,Nigeria,HIV_ARV,2.6,dual,7,Conflict+Flood,0.0,True,False,404317.95,0.0,1.0,1.0,0,0000000000000030000003000000300000030000,0.0,True,False,419952.3,0.0,1.0,1.0,1,1111111111111111111111111111111111111111,0.0,True,False,435801.21,0.0,1.0,1.0,1,1111111111111111111111111111111111111111,0.0,True,False,430981.29,0.0,1.0,1.0,1,3333333333333333333333333333333333333333,0.0,True,False,472930.91,0.0,1.0,1.0,1,1111111111111111111111111111111111111111,0.0,True,False,344773.83,0.0,1.0,1.0,0,0000000000000000000000000000000000000000,0.0,True,False,402941.33,0.0,1.0,1.0,1,0000000000000011111111111111111111111111,0.0,True,False,436010.63,0.0,1.0,1.0,1,1111111111111111111111111111111111111111,0.0,True,False,448390.48,0.0,1.0,1.0,1,1111111111111111111111111111111111111111,0.0,True,False,410730.22,0.0,1.0,1.0,1,3333333333333333333333333333303000000000,0.0,True,False,441715.22,0.0,1.0,1.0,1,1111111111111111111111111111111111111111,0.0,0.0,408489.654,440355.83,0.0,0.0,1.0,1.0,1.0,1.0,0.8,1.0
170,Ethiopia,LLIN,2.581,compound,12,COVID_Lockdown+Conflict+Port_Closure,55.0,True,True,522075.3,0.3665,0.9347,0.0,1,0000000000000000000002000000200000020000,40.0,True,True,411848.27,0.4362,0.9375,0.0,1,1111111111111111111111111111110000000000,97.0,True,True,462477.17,0.3081,0.9183,0.0,1,1111111111111111111111111111111111111111,58.0,True,True,496577.51,0.413,0.9175,0.0,1,3333333333333333333333333333333333333333,57.0,True,True,502708.15,0.4763,0.8989,0.0,1,1111111111111111111111111111133333333333,40.0,True,True,422120.5,0.4362,0.9375,0.0,0,0000000000000000000000000000000000000000,40.0,True,True,411848.27,0.4362,0.9375,0.0,1,0000000000111111111111111111111111111111,96.0,True,True,440290.8,0.2894,0.927,0.0,1,1111111111111111111111111111111111111111,96.0,True,True,440290.8,0.2894,0.927,0.0,1,1111111111111111111111111111111111111111,58.0,True,True,496577.51,0.413,0.9175,0.0,1,3333333333333333333333000000000000000000,97.0,True,True,457333.38,0.3081,0.9183,0.0,1,1111111111111111111111111111111111111111,58.4,77.4,453482.918,454931.554,0.3976,0.3636,0.9274,0.92,0.0,0.0,0.8,1.0
171,Zambia,Contraceptive,2.526,single,5,COVID_Lockdown,110.0,False,True,417262.06,0.2099,0.9526,0.0,1,0000000000000030000003000000300000000000,73.0,True,True,325188.96,0.1019,0.989,0.298,1,1111111111111111111111111111111111111111,110.0,False,True,358931.4,0.1233,0.9788,0.0725,1,1111111111111111111111111111111111111111,62.0,True,True,463186.17,0.349,0.9322,0.0,1,3333333333333333333333333333333333333333,62.0,True,True,426064.7,0.2452,0.9626,0.0,1,1111111111111111111111111111111111333333,110.0,False,True,354906.7,0.159,0.971,0.0,0,0000000000000000000000000000000000000000,73.0,True,True,325188.96,0.1019,0.989,0.298,1,0000000000000000001111111111111111111111,110.0,False,True,359879.87,0.159,0.971,0.0,1,1111111111111111111111111111111111111111,110.0,False,True,364547.82,0.1648,0.9672,0.0,1,1111111111111111111111111111111111111111,62.0,True,True,463186.17,0.349,0.9322,0.0,1,3333333333333333333333333333333300000000,110.0,False,True,363904.57,0.1233,0.9788,0.0725,1,1111111111111111111111111111111111111111,83.4,93.0,393269.574,367727.49,0.2236,0.1517,0.9591,0.9753,0.0596,0.0886,0.8,1.0
172,Nigeria,HIV_ARV,2.6,dual,8,Conflict+Flood,105.0,True,True,417519.2,0.099,0.9873,0.1447,1,0000000000000030000003000000000000000000,0.0,True,False,322878.99,0.0,1.0,1.0,1,1111111111111111111111111111111111110011,106.0,True,True,363131.89,0.0994,0.9891,0.0,1,1111111111111111111111111111111111111111,104.0,True,True,428847.55,0.14,0.9716,0.0,1,3333333333333333333333333333333333333333,105.0,True,True,418365.43,0.1457,0.9774,0.0,1,1111111111111111111111111111111133333333,0.0,True,False,338973.62,0.0,1.0,1.0,0,0000000000000000000000000000000000000000,0.0,True,False,322878.99,0.0,1.0,1.0,1,0000000000000111111111111111111111111111,105.0,True,True,350767.51,0.0685,0.9936,0.2997,1,1111111111111111111111111111111111111111,105.0,True,True,350767.51,0.0685,0.9936,0.2997,1,1111111111111111111111111111111111111111,104.0,True,True,428847.55,0.14,0.9716,0.0,1,3333333333333333333333333333330000000000,105.0,True,True,370168.1,0.101,0.9887,0.0,1,1111111111111111111111111111111111111111,62.6,84.2,374063.044,365062.384,0.0697,0.0829,0.9874,0.9898,0.4599,0.2599,0.8,1.0
173,Nigeria,HIV_ARV,2.6,compound,11,COVID_Lockdown+Flood+Port_Closure,53.0,True,True,543637.37,0.2291,0.9716,0.0,0,0000000000000000000000000000200000020000,43.0,True,True,385820.2,0.2843,0.9645,0.0,1,1111111111111111111111111111100000000000,43.0,True,True,412677.01,0.2843,0.9645,0.0,1,1111111111111111111111111111111111111111,53.0,True,True,505193.83,0.42,0.9215,0.0,1,3333333333333333333333333333333333333333,54.0,True,True,448064.98,0.2535,0.9664,0.0,1,1111111111111111111111111113333333333333,43.0,True,True,396522.11,0.2843,0.9645,0.0,0,0000000000000000000000000000000000000000,43.0,True,True,385820.2,0.2843,0.9645,0.0,1,0000000000101111111111111111111111111111,43.0,True,True,401899.38,0.2843,0.9645,0.0,1,1111111111111111111111111111111111111111,43.0,True,True,401895.38,0.2843,0.9645,0.0,1,1111111111111111111111111111111111111111,53.0,True,True,505193.83,0.42,0.9215,0.0,1,3333333333333333333330000000000000000000,82.0,True,True,422340.52,0.2149,0.9587,0.0,1,1111111111111111111111111111111111111111,47.0,53.0,438925.87,414159.618,0.3386,0.2643,0.9473,0.9637,0.0,0.0,0.8,1.0
174,Uganda,Malaria_RDT,2.575,single,5,Conflict,0.0,True,False,381036.96,0.0,1.0,1.0,0,0000000000000030000003000000300000030000,0.0,True,False,329099.71,0.0,1.0,1.0,1,1111111111111111111111111111111111111111,0.0,True,False,382717.83,0.0,1.0,1.0,1,1111111111111111111111111111111111111111,0.0,True,False,407659.33,0.0,1.0,1.0,1,3333333333333333333333333333333333333333,0.0,True,False,429598.66,0.0,1.0,1.0,1,1111111111111111111111111111111111111111,0.0,True,False,326366.92,0.0,1.0,1.0,0,0000000000000000000000000000000000000000,0.0,True,False,380942.39,0.0,1.0,1.0,1,0000000000000011111111111111111111111111,0.0,True,False,364450.54,0.0,1.0,1.0,1,1111111111111111111111111111111111111111,0.0,True,False,364423.18,0.0,1.0,1.0,1,1111111111111111111111111111111111111111,0.0,True,False,388997.69,0.0,1.0,1.0,1,3333333333333333333333333333333333300000,0.0,True,False,386231.67,0.0,1.0,1.0,1,1111111111111111111111111111111111111111,0.0,0.0,363314.838,388782.746,0.0,0.0,1.0,1.0,1.0,1.0,0.8,1.0
175,Mozambique,Malaria_RDT,2.581,dual,6,Flood+Port_Closure,0.0,True,False,308204.89,0.0,1.0,1.0,1,0000000000000000000001000000300000030000,0.0,True,False,276884.24,0.0,1.0,1.0,1,1111111111111111111111111111111111111111,0.0,True,False,272466.14,0.0,1.0,1.0,1,1111111111111111111111111111111111111111,0.0,True,False,317477.06,0.0,1.0,1.0,1,3333333333333333333333333333333333333333,0.0,True,False,305594.55,0.0,1.0,1.0,1,1111111111111111111111111111113333333333,0.0,True,False,268096.72,0.0,1.0,1.0,0,0000000000000000000000000000000000000000,0.0,True,False,276884.24,0.0,1.0,1.0,1,0000000000011111111111111111111111111111,0.0,True,False,268096.72,0.0,1.0,1.0,1,1111111111111111111111111111111111111111,0.0,True,False,268099.22,0.0,1.0,1.0,1,1111111111111111111111111111111111111111,0.0,True,False,317477.06,0.0,1.0,1.0,1,3333333333333333333333330000000000000000,0.0,True,False,276797.65,0.0,1.0,1.0,1,1111111111111111111111111111111111111111,0.0,0.0,289606.36,279968.36,0.0,0.0,1.0,1.0,1.0,1.0,0.8,1.0
176,Zambia,LLIN,2.526,compound,11,COVID_Lockdown+Flood+Port_Closure,82.0,True,True,558173.71,0.3119,0.9282,0.0,1,0000000000000000000000000000200000020000,0.0,True,False,381372.15,0.0,1.0,1.0,1,1111111111111111111111111111111111111111,0.0,True,False,410402.82,0.0,1.0,1.0,1,1111111111111111111111111111111111111111,110.0,False,True,545693.01,0.3496,0.8835,0.0,1,3333333333333333333333333333333333333333,95.0,True,True,511401.8,0.2596,0.9429,0.0,1,1111111111111111111111111111111111113333,40.0,True,True,405474.63,0.3148,0.9656,0.0,0,0000000000000000000000000000000000000000,83.0,True,True,379872.51,0.1258,0.984,0.0,1,0000000000000111111111111111111111111111,0.0,True,False,398822.42,0.0,1.0,1.0,1,1111111111111111111111111111111111111111,0.0,True,False,398779.19,0.0,1.0,1.0,1,1111111111111111111111111111111111111111,43.0,True,True,497287.53,0.4245,0.9362,0.0,1,3333333333333333333333300000000000000000,95.0,True,True,424258.24,0.1102,0.9875,0.0,1,1111111111111111111111111111111111111111,38.6,54.6,445729.948,424942.912,0.2178,0.0991,0.9571,0.9829,0.4,0.4,0.8,1.0
177,Zambia,LLIN,2.526,single,4,Conflict,0.0,True,False,324692.82,0.0,1.0,1.0,1,0000000000000000000001000000100000010000,0.0,True,False,324692.82,0.0,1.0,1.0,1,1111111111111111111111111111111111111111,0.0,True,False,349948.07,0.0,1.0,1.0,1,1111111111111111111111111111111111111111,0.0,True,False,396378.46,0.0,1.0,1.0,1,3333333333333333333333333333333333333333,0.0,True,False,384509.63,0.0,1.0,1.0,1,1111111111111111111111111111111111111133,0.0,True,False,334768.33,0.0,1.0,1.0,0,0000000000000000000000000000000000000000,0.0,True,False,324692.82,0.0,1.0,1.0,1,0000000000000011111111111111111111111111,0.0,True,False,334793.99,0.0,1.0,1.0,1,1111111111111111111111111111111111111111,0.0,True,False,339828.02,0.0,1.0,1.0,1,1111111111111111111111111111111111111111,0.0,True,False,396378.46,0.0,1.0,1.0,1,3333333333333333333333333333333333000000,0.0,True,False,349948.07,0.0,1.0,1.0,1,1111111111111111111111111111111111111111,0.0,0.0,357402.412,349785.322,0.0,0.0,1.0,1.0,1.0,1.0,0.8,1.0
178,Zambia,Contraceptive,2.526,dual,7,COVID_Lockdown+Port_Closure,110.0,False,True,509777.43,0.18,0.9663,0.0,0,0000000000000000000000000000200000020000,110.0,False,True,426234.38,0.2193,0.9496,0.0,1,1111111111111111111111111111111111111111,110.0,False,True,451796.83,0.1916,0.9641,0.0,1,1111111111111111111111111111111111111111,110.0,False,True,498480.12,0.3113,0.9061,0.0,1,3333333333333333333333333333333333333333,110.0,False,True,497594.65,0.2279,0.9458,0.0,1,1111111111111111111111111111111111113333,110.0,False,True,370089.65,0.1475,0.9741,0.0,0,0000000000000000000000000000000000000000,0.0,True,False,378926.84,0.0,1.0,1.0,1,0000000000001111111111111111111111111111,110.0,False,True,468272.59,0.2409,0.9406,0.0,1,1111111111111111111111111111111111111111,110.0,False,True,468272.59,0.2409,0.9406,0.0,1,1111111111111111111111111111111111111111,110.0,False,True,463988.95,0.2326,0.9444,0.0,1,3333333333333333333333330000000000000000,110.0,False,True,430598.01,0.0256,0.9976,0.7312,1,1111111111111111111111111111111111111111,110.0,88.0,445413.138,445437.784,0.2303,0.1372,0.943,0.9696,0.0,0.3462,0.8,1.0
179,Malawi,Contraceptive,2.586,compound,11,Conflict+Flood+Port_Closure,31.0,True,True,416834.78,0.271,0.9785,0.0,0,0000000000000000000002000000200000020000,0.0,True,False,357257.85,0.0,1.0,1.0,1,1111111111111111111111111111111111111111,0.0,True,False,357066.36,0.0,1.0,1.0,1,1111111111111111111111111111111111111111,56.0,True,True,437322.79,0.2809,0.959,0.0,1,3333333333333333333333333333333333333333,0.0,True,False,417561.78,0.0,1.0,1.0,1,1111111111111111111111111111111111111333,41.0,True,True,334391.6,0.3272,0.9612,0.0,0,0000000000000000000000000000000000000000,0.0,True,False,362741.61,0.0,1.0,1.0,1,0000000000111111111111111111111111111111,0.0,True,False,362570.39,0.0,1.0,1.0,1,1111111111111111111111111111111111111111,0.0,True,False,362574.54,0.0,1.0,1.0,1,1111111111111111111111111111111111111111,57.0,True,True,410126.53,0.3116,0.9515,0.0,1,3333333333333333333333000000000000000000,0.0,True,False,387412.97,0.0,1.0,1.0,1,1111111111111111111111111111111111111111,30.8,0.0,380333.832,377471.452,0.1839,0.0,0.9743,1.0,0.4,1.0,0.8,1.0
180,Mozambique,Malaria_RDT,2.581,single,3,Flood,0.0,True,False,349709.71,0.0,1.0,1.0,0,0000000000000030000003000000300000030000,0.0,True,False,307266.41,0.0,1.0,1.0,1,1111111111111111111111111111111111111111,0.0,True,False,320271.03,0.0,1.0,1.0,1,1111111111111111111111111111111111111111,0.0,True,False,374763.83,0.0,1.0,1.0,1,3333333333333333333333333333333333333333,0.0,True,False,385282.38,0.0,1.0,1.0,1,1111111111111111111111111111111111111111,0.0,True,False,299093.25,0.0,1.0,1.0,0,0000000000000000000000000000000000000000,0.0,True,False,313225.82,0.0,1.0,1.0,1,0000000000000000011111111111111111111111,0.0,True,False,320383.03,0.0,1.0,1.0,1,1111111111111111111111111111111111111111,0.0,True,False,320367.53,0.0,1.0,1.0,1,1111111111111111111111111111111111111111,0.0,True,False,375548.94,0.0,1.0,1.0,1,3333333333333333333333333333333333333330,0.0,True,False,351605.34,0.0,1.0,1.0,1,1111111111111111111111111111111111111111,0.0,0.0,335411.092,338150.42,0.0,0.0,1.0,1.0,1.0,1.0,0.8,1.0
181,Zambia,Maternal_Health,2.526,dual,6,Conflict+Port_Closure,0.0,True,False,386379.82,0.0,1.0,1.0,0,0000000000000000000000000000000000030000,0.0,True,False,403182.28,0.0,1.0,1.0,1,1111111111111111111111111111111111111111,0.0,True,False,412520.1,0.0,1.0,1.0,1,1111111111111111111111111111111111111111,107.0,True,True,427883.92,0.1937,0.9621,0.0,1,3333333333333333333333333333333333333333,0.0,True,False,433043.59,0.0,1.0,1.0,1,1111111111111111111111111111111111113333,0.0,True,False,313665.94,0.0,1.0,1.0,0,0000000000000000000000000000000000000000,0.0,True,False,407259.74,0.0,1.0,1.0,1,0000000000111111111111111111111111111111,0.0,True,False,400838.49,0.0,1.0,1.0,1,1111111111111111111111111111111111111111,0.0,True,False,406662.02,0.0,1.0,1.0,1,1111111111111111111111111111111111111111,110.0,False,True,436591.2,0.1905,0.9642,0.0,1,3333333333333333333333330000000000000000,0.0,True,False,412214.87,0.0,1.0,1.0,1,1111111111111111111111111111111111111111,43.4,0.0,396432.366,414340.064,0.0768,0.0,0.9853,1.0,0.6,1.0,0.8,1.0
182,Mozambique,Contraceptive,2.581,compound,13,COVID_Lockdown+Conflict+Port_Closure,80.0,True,True,421889.53,0.1163,0.9848,0.1995,0,0000000000000000000000000000200000020000,28.0,True,True,374251.94,0.194,0.9898,0.0,1,1111111111111111111111111111111111110110,28.0,True,True,377266.97,0.194,0.9898,0.0,1,1111111111111111111111111111111111111111,88.0,True,True,535896.1,0.4288,0.8677,0.0,1,3333333333333333333333333333333333333333,108.0,True,True,388959.84,0.0523,0.9951,0.4562,1,1111111111111111111111111111111111333333,40.0,True,True,347965.41,0.3199,0.9625,0.0,0,0000000000000000000000000000000000000000,0.0,True,False,345292.91,0.0,1.0,1.0,1,0000000000111111111111111111111111111111,28.0,True,True,361756.39,0.194,0.9898,0.0,1,1111111111111111111111111111111111111111,28.0,True,True,361756.39,0.194,0.9898,0.0,1,1111111111111111111111111111111111111111,47.0,True,True,467300.91,0.443,0.9255,0.0,1,3333333333333333333333330000000000000000,28.0,True,True,364816.53,0.194,0.9898,0.0,1,1111111111111111111111111111111111111111,46.2,38.4,417434.15,367618.528,0.3159,0.1269,0.9471,0.9929,0.0,0.2912,0.8,1.0
183,Mozambique,Malaria_RDT,2.581,single,5,COVID_Lockdown,86.0,True,True,503340.3,0.4125,0.8805,0.0,1,0000000000000030000003000000300000030000,0.0,True,False,331207.45,0.0,1.0,1.0,1,1111111111111111111111111111111111111111,0.0,True,False,336100.31,0.0,1.0,1.0,1,1111111111111111111111111111111111111111,86.0,True,True,469105.64,0.3595,0.9046,0.0,1,3333333333333333333333333333333333333333,0.0,True,False,392721.35,0.0,1.0,1.0,1,1111111111111111111111111111111111111111,96.0,True,True,336172.96,0.1971,0.9631,0.0,0,0000000000000000000000000000000000000000,85.0,True,True,440331.93,0.3937,0.8929,0.0,1,0000000000000000011111111111111111111111,0.0,True,False,346319.05,0.0,1.0,1.0,1,1111111111111111111111111111111111111111,0.0,True,False,346319.05,0.0,1.0,1.0,1,1111111111111111111111111111111111111111,86.0,True,True,406872.71,0.2355,0.9544,0.0,1,3333333333333333333333333333333333000000,86.0,True,True,369401.07,0.1219,0.9863,0.0,1,1111111111111111111111111111111111111111,53.6,34.2,377935.562,376974.742,0.1584,0.1031,0.9644,0.9758,0.4,0.6,0.8,1.0
184,Zambia,Malaria_RDT,2.526,dual,7,COVID_Lockdown+Port_Closure,73.0,True,True,453088.58,0.1516,0.9803,0.0,0,0000000000000000000002000000200000020000,0.0,True,False,352260.96,0.0,1.0,1.0,1,1111111111111111111111111111111111111111,109.0,True,True,388017.62,0.0177,0.9983,0.8145,1,1111111111111111111111111111111111111111,68.0,True,True,489594.8,0.3459,0.9285,0.0,1,3333333333333333333333333333333333333333,0.0,True,False,432980.93,0.0,1.0,1.0,1,1111111111111111111111111111111111111111,40.0,True,True,365255.2,0.3334,0.9633,0.0,0,0000000000000000000000000000000000000000,105.0,True,True,357858.89,0.076,0.9929,0.2232,1,0000000000111111111111111111111111111111,109.0,True,True,388026.75,0.1014,0.9879,0.0,1,1111111111111111111111111111111111111111,109.0,True,True,391475.45,0.1014,0.9879,0.0,1,1111111111111111111111111111111111111111,109.0,True,True,474851.53,0.2484,0.934,0.0,1,3333333333333333333333000000000000000000,0.0,True,False,387757.15,0.0,1.0,1.0,1,1111111111111111111111111111111111111111,65.2,64.6,413997.848,391618.008,0.2058,0.039,0.9627,0.9958,0.2,0.6075,0.8,1.0
185,Zambia,Malaria_RDT,2.526,compound,12,COVID_Lockdown+Conflict+Port_Closure,94.0,True,True,528227.7,0.3106,0.9145,0.0,1,0000000000000000000000000000200000020000,96.0,True,True,396825.67,0.1798,0.972,0.0,1,1111111111111111111111111111111111111111,97.0,True,True,434125.65,0.2076,0.9629,0.0,1,1111111111111111111111111111111111111111,97.0,True,True,543503.25,0.3543,0.8907,0.0,1,3333333333333333333333333333333333333333,97.0,True,True,470700.17,0.1787,0.9726,0.0,1,1111111111111111111111111111111111333333,39.0,True,True,423160.94,0.4277,0.9388,0.0,0,0000000000000000000000000000000000000000,96.0,True,True,423244.27,0.2195,0.9576,0.0,1,0000000000111111111111111111111111111111,103.0,True,True,429119.58,0.206,0.959,0.0,1,1111111111111111111111111111111111111111,97.0,True,True,428377.83,0.2076,0.9629,0.0,1,1111111111111111111111111111111111111111,97.0,True,True,537631.94,0.3579,0.8905,0.0,1,3333333333333333333333300000000000000000,98.0,True,True,468870.97,0.2688,0.9371,0.0,1,1111111111111111111111111111111111111111,86.4,97.0,466048.276,445063.778,0.3051,0.2164,0.9302,0.9586,0.0,0.0,0.8,1.0
186,Nigeria,Contraceptive,2.6,single,4,Flood,0.0,True,False,358773.93,0.0,1.0,1.0,0,0000000000000030000003000000300000030000,0.0,True,False,338919.39,0.0,1.0,1.0,1,1111111111111111111111111111111111111111,0.0,True,False,366373.64,0.0,1.0,1.0,1,1111111111111111111111111111111111111111,0.0,True,False,396495.52,0.0,1.0,1.0,1,3333333333333333333333333333333333333333,0.0,True,False,411762.66,0.0,1.0,1.0,1,1111111111111111111111111111111111111111,0.0,True,False,306988.37,0.0,1.0,1.0,0,0000000000000000000000000000000000000000,0.0,True,False,343350.37,0.0,1.0,1.0,1,0000000000000000011111111111111111111111,0.0,True,False,361088.74,0.0,1.0,1.0,1,1111111111111111111111111111111111111111,0.0,True,False,366389.7,0.0,1.0,1.0,1,1111111111111111111111111111111111111111,0.0,True,False,368886.07,0.0,1.0,1.0,1,3333333333333333333333333333333333330000,0.0,True,False,395962.87,0.0,1.0,1.0,1,1111111111111111111111111111111111111111,0.0,0.0,354475.618,376767.848,0.0,0.0,1.0,1.0,1.0,1.0,0.8,1.0
187,Ghana,LLIN,2.5,dual,9,Conflict+Flood,0.0,True,False,380157.06,0.0,1.0,1.0,1,0000000000000030000003000000100000010000,0.0,True,False,327125.05,0.0,1.0,1.0,1,1111111111111111111111111111111111111111,0.0,True,False,359288.75,0.0,1.0,1.0,1,1111111111111111111111111111111111111111,109.0,True,True,442604.88,0.2842,0.9182,0.0,1,3333333333333333333333333333333333333333,0.0,True,False,417769.39,0.0,1.0,1.0,1,1111111111111111111111111111111111111133,0.0,True,False,268610.67,0.0,1.0,1.0,0,0000000000000000000000000000000000000000,0.0,True,False,318326.44,0.0,1.0,1.0,1,0000000000101111111111111111111111111111,0.0,True,False,337474.19,0.0,1.0,1.0,1,1111111111111111111111111111111111111111,0.0,True,False,342665.72,0.0,1.0,1.0,1,1111111111111111111111111111111111111111,103.0,True,True,419267.82,0.255,0.937,0.0,1,3333333333333333333333333333333300000000,0.0,True,False,359132.41,0.0,1.0,1.0,1,1111111111111111111111111111111111111111,42.4,0.0,359016.522,359436.542,0.1078,0.0,0.971,1.0,0.6,1.0,0.8,1.0
188,Uganda,Contraceptive,2.575,compound,12,Conflict+Flood+Port_Closure,89.0,True,True,547056.76,0.312,0.922,0.0,1,0000000000000000000003000000200000020000,39.0,True,True,332714.07,0.3021,0.9651,0.0,1,1111111111111111111111111111100000000000,39.0,True,True,353048.78,0.3021,0.9651,0.0,1,1111111111111111111111111111111111111111,62.0,True,True,444285.87,0.3681,0.9252,0.0,1,3333333333333333333333333333333333333333,41.0,True,True,400872.54,0.3743,0.9514,0.0,1,1111111111111111111111111111333333333333,39.0,True,True,342914.84,0.3021,0.9651,0.0,0,0000000000000000000000000000000000000000,39.0,True,True,332714.07,0.3021,0.9651,0.0,1,0000000000111111111111111111111111111111,39.0,True,True,348012.85,0.3021,0.9651,0.0,1,1111111111111111111111111111111111111111,39.0,True,True,348012.85,0.3021,0.9651,0.0,1,1111111111111111111111111111111111111111,62.0,True,True,444285.87,0.3681,0.9252,0.0,1,3333333333333333333333000000000000000000,39.0,True,True,358160.98,0.3021,0.9651,0.0,1,1111111111111111111111111111111111111111,48.2,39.4,382442.7,358561.844,0.3285,0.3165,0.9491,0.9624,0.0,0.0,0.8,1.0
189,Malawi,Malaria_RDT,2.586,single,5,COVID_Lockdown,0.0,True,False,430552.32,0.0,1.0,1.0,0,0000000000000030000003000000300000030000,100.0,True,True,420969.2,0.128,0.9808,0.0,1,1111111111111111111111111111111111111111,100.0,True,True,481664.54,0.2158,0.9554,0.0,1,1111111111111111111111111111111111111111,102.0,True,True,520581.3,0.2045,0.9603,0.0,1,3333333333333333333333333333333333333333,102.0,True,True,565249.27,0.2507,0.9376,0.0,1,1111111111111111111111111111111111111111,0.0,True,False,372838.7,0.0,1.0,1.0,0,0000000000000000000000000000000000000000,101.0,True,True,428596.18,0.0636,0.9924,0.4097,1,0000000000000000011111111111111111111111,100.0,True,True,463082.28,0.1862,0.9661,0.0,1,1111111111111111111111111111111111111111,100.0,True,True,463082.28,0.1862,0.9661,0.0,1,1111111111111111111111111111111111111111,0.0,True,False,443347.17,0.0,0.9989,0.935,1,3333333333333333333333333333333303000000,95.0,True,True,512057.04,0.2059,0.9643,0.0,1,1111111111111111111111111111111111111111,60.4,99.6,444163.73,490129.862,0.1037,0.1844,0.9812,0.9632,0.387,0.0819,0.8,1.0
190,Mozambique,LLIN,2.581,dual,8,COVID_Lockdown+Flood,103.0,True,True,598299.71,0.3576,0.8868,0.0,1,0000000000000030000002000000100000050000,88.0,True,True,384867.52,0.1189,0.9866,0.0,1,1111111111111111111111111111111111111111,101.0,True,True,417292.01,0.1156,0.9836,0.0,1,1111111111111111111111111111111111111111,89.0,True,True,587963.0,0.4799,0.8389,0.0,1,3333333333333333333333333333333333333333,103.0,True,True,444406.17,0.0711,0.9935,0.2796,1,1111111111111111111111111111111111111111,47.0,True,True,401074.43,0.4488,0.9253,0.0,0,0000000000000000000000000000000000000000,88.0,True,True,428854.5,0.2608,0.9444,0.0,1,0000000000000000111111111111111111111111,101.0,True,True,411666.92,0.1156,0.9836,0.0,1,1111111111111111111111111111111111111111,101.0,True,True,411666.92,0.1156,0.9836,0.0,1,1111111111111111111111111111111111111111,69.0,True,True,526043.61,0.4353,0.8925,0.0,1,3333333333333333333333333333333330000000,102.0,True,True,422671.77,0.1747,0.9701,0.0,1,1111111111111111111111111111111111111111,78.8,99.0,462323.096,424978.274,0.3197,0.1476,0.9254,0.975,0.0,0.0559,0.8,1.0
191,Uganda,Contraceptive,2.575,compound,13,COVID_Lockdown+Conflict+Port_Closure,108.0,True,True,505867.07,0.1625,0.9685,0.0,0,0000000000000000000000000000200000020000,41.0,True,True,426860.72,0.4027,0.9447,0.0,1,1111111111111111111111111111111000000000,41.0,True,True,452329.71,0.4027,0.9447,0.0,1,1111111111111111111111111111111111111111,102.0,True,True,535195.26,0.3208,0.9037,0.0,1,3333333333333333333333333333333333333333,43.0,True,True,468791.35,0.4886,0.922,0.0,1,1111111111111111111111111111111333333333,41.0,True,True,437037.04,0.4027,0.9447,0.0,0,0000000000000000000000000000000000000000,41.0,True,True,426860.72,0.4027,0.9447,0.0,1,0000000000111111111111111111111111111111,41.0,True,True,437037.04,0.4027,0.9447,0.0,1,1111111111111111111111111111111111111111,41.0,True,True,442068.93,0.4027,0.9447,0.0,1,1111111111111111111111111111111111111111,102.0,True,True,535195.26,0.3208,0.9037,0.0,1,3333333333333333333333333000000000000000,41.0,True,True,452244.68,0.4027,0.9447,0.0,1,1111111111111111111111111111111111111111,65.4,41.4,474265.064,448459.078,0.3699,0.4199,0.9283,0.9402,0.0,0.0,0.8,1.0
192,Uganda,Contraceptive,2.575,single,3,Port_Closure,0.0,True,False,330515.01,0.0,1.0,1.0,0,0000000000000000000000000000000000000000,0.0,True,False,380290.68,0.0,1.0,1.0,1,1111111111111111111111111111111111111111,0.0,True,False,419074.82,0.0,1.0,1.0,1,1111111111111111111111111111111111111111,0.0,True,False,435813.88,0.0,1.0,1.0,1,3333333333333333333333333333333333333333,0.0,True,False,443514.76,0.0,1.0,1.0,1,1111111111111111111111111111111111111111,0.0,True,False,345795.69,0.0,1.0,1.0,0,0000000000000000000000000000000000000000,0.0,True,False,385793.08,0.0,1.0,1.0,1,0000000000111111111111111111111111111111,0.0,True,False,407317.98,0.0,1.0,1.0,1,1111111111111111111111111111111111111111,0.0,True,False,395532.01,0.0,1.0,1.0,1,1111111111111111111111111111111111111111,0.0,True,False,428482.98,0.0,1.0,1.0,1,3333333333333333333333333330000000000000,0.0,True,False,434553.5,0.0,1.0,1.0,1,1111111111111111111111111111111111111111,0.0,0.0,399540.242,415693.634,0.0,0.0,1.0,1.0,1.0,1.0,0.8,1.0
193,Ethiopia,Malaria_RDT,2.581,dual,7,Conflict+Port_Closure,0.0,True,False,439106.23,0.0,1.0,1.0,0,0000000000000000000000000000000000030000,0.0,True,False,370503.54,0.0,1.0,1.0,1,1111111111111111111111111111111111111111,0.0,True,False,393829.87,0.0,1.0,1.0,1,1111111111111111111111111111111111111111,0.0,True,False,454038.66,0.0,1.0,1.0,1,3333333333333333333333333333333333333333,0.0,True,False,438349.25,0.0,1.0,1.0,1,1111111111111111111111111111111111333333,0.0,True,False,382153.54,0.0,1.0,1.0,0,0000000000000000000000000000000000000000,0.0,True,False,370503.54,0.0,1.0,1.0,1,0000000000111111111111111111111111111111,0.0,True,False,382153.54,0.0,1.0,1.0,1,1111111111111111111111111111111111111111,0.0,True,False,387992.24,0.0,1.0,1.0,1,1111111111111111111111111111111111111111,0.0,True,False,454038.66,0.0,1.0,1.0,1,3333333333333333333333333000000000000000,0.0,True,False,399719.52,0.0,1.0,1.0,1,1111111111111111111111111111111111111111,0.0,0.0,408577.588,398078.884,0.0,0.0,1.0,1.0,1.0,1.0,0.8,1.0
194,Malawi,Malaria_RDT,2.586,compound,12,Conflict+Flood+Port_Closure,36.0,True,True,485059.52,0.2914,0.9705,0.0,1,0000000000000000000001000000200000020000,40.0,True,True,345365.5,0.278,0.9684,0.0,1,1111111111111111111111111111100100000000,110.0,False,True,396073.92,0.1979,0.9514,0.0,1,1111111111111111111111111111111111111111,62.0,True,True,444138.33,0.3144,0.9437,0.0,1,3333333333333333333333333333333333333333,55.0,True,True,430216.96,0.3387,0.9428,0.0,1,1111111111111111111111111111133333333333,40.0,True,True,357933.06,0.278,0.9671,0.0,0,0000000000000000000000000000000000000000,40.0,True,True,345365.5,0.278,0.9684,0.0,1,0000000000111111111111111111111111111111,40.0,True,True,363176.74,0.278,0.9671,0.0,1,1111111111111111111111111111111111111111,110.0,False,True,364680.31,0.168,0.9649,0.0,1,1111111111111111111111111111111111111111,62.0,True,True,444138.33,0.3144,0.9437,0.0,1,3333333333333333333330000000000000000000,110.0,False,True,396073.92,0.1979,0.9514,0.0,1,1111111111111111111111111111111111111111,48.8,85.0,390950.392,386482.122,0.2926,0.2361,0.958,0.9558,0.0,0.0,0.8,1.0
195,Zambia,Contraceptive,2.526,single,5,COVID_Lockdown,106.0,True,True,519124.3,0.3045,0.9093,0.0,1,0000000000000030000003000000000000010000,103.0,True,True,431515.67,0.2974,0.9198,0.0,1,1111111111111111111111111111111111111110,106.0,True,True,509913.15,0.3301,0.8992,0.0,1,1111111111111111111111111111111111111111,104.0,True,True,492647.41,0.2384,0.9372,0.0,1,3333333333333333333333333333333333333333,105.0,True,True,508354.49,0.2683,0.9202,0.0,1,1111111111111111111111111111111111333333,104.0,True,True,458187.28,0.3147,0.9107,0.0,0,0000000000000000000000000000000000000000,110.0,False,True,444469.05,0.2877,0.918,0.0,1,0000000000000001111111111111111111111111,104.0,True,True,458187.28,0.3147,0.9107,0.0,1,1111111111111111111111111111111111111111,105.0,True,True,485551.08,0.3111,0.9095,0.0,1,1111111111111111111111111111111111111111,104.0,True,True,492647.41,0.2384,0.9372,0.0,1,3333333333333333333333333333333333300000,106.0,True,True,504939.98,0.3301,0.8992,0.0,1,1111111111111111111111111111111111111111,103.8,106.4,466637.01,490645.55,0.2807,0.3055,0.9231,0.9092,0.0,0.0,0.8,1.0
196,Ghana,Maternal_Health,2.5,dual,9,Conflict+Flood,110.0,False,True,414569.71,0.212,0.9547,0.0,1,0000000000000000000003000000100000010000,0.0,True,False,356204.0,0.0,1.0,1.0,1,1111111111111111111111111111111111111111,0.0,True,False,357262.01,0.0,1.0,1.0,1,1111111111111111111111111111111111111111,0.0,True,False,399573.06,0.0,1.0,1.0,1,3333333333333333333333333333333333333333,0.0,True,False,421243.15,0.0,1.0,1.0,1,1111111111111111111111111111111111111133,110.0,False,True,311500.91,0.0584,0.9921,0.5426,0,0000000000000000000000000000000000000000,0.0,True,False,342645.21,0.0,1.0,1.0,1,0000000000100111111111111111111111111111,0.0,True,False,379488.1,0.0,1.0,1.0,1,1111111111111111111111111111111111111111,0.0,True,False,362872.35,0.0,1.0,1.0,1,1111111111111111111111111111111111111111,0.0,True,False,381624.87,0.0,1.0,1.0,1,3333333333333333333333333333333300000000,0.0,True,False,373874.4,0.0,1.0,1.0,1,1111111111111111111111111111111111111111,22.0,0.0,365678.188,371579.424,0.0117,0.0,0.9984,1.0,0.9085,1.0,0.8,1.0
197,Ghana,LLIN,2.5,compound,12,Conflict+Flood+Port_Closure,104.0,True,True,472333.51,0.1975,0.9579,0.0,0,0000000000000000000000000000200000020000,36.0,True,True,287928.27,0.1849,0.9869,0.0,1,1111111111111111111111111111111100000000,36.0,True,True,310460.04,0.1849,0.9869,0.0,1,1111111111111111111111111111111111111111,102.0,True,True,334777.39,0.036,0.9967,0.6355,1,3333333333333333333333333333333333333333,75.0,True,True,323550.21,0.0978,0.9923,0.1569,1,1111111111111111111111111111111333333333,36.0,True,True,296941.68,0.1849,0.9869,0.0,0,0000000000000000000000000000000000000000,36.0,True,True,287928.27,0.1849,0.9869,0.0,1,0000000000111111111111111111111111111111,36.0,True,True,301456.05,0.1849,0.9869,0.0,1,1111111111111111111111111111111111111111,36.0,True,True,301456.05,0.1849,0.9869,0.0,1,1111111111111111111111111111111111111111,102.0,True,True,334777.39,0.036,0.9967,0.6355,1,3333333333333333333333333000000000000000,36.0,True,True,310460.04,0.1849,0.9869,0.0,1,1111111111111111111111111111111111111111,62.4,43.8,311176.156,306770.922,0.1253,0.1675,0.9908,0.988,0.2542,0.0314,0.8,1.0
198,Nigeria,Maternal_Health,2.6,single,2,Port_Closure,0.0,True,False,330999.16,0.0,1.0,1.0,1,0000000000000000000001000000000000000000,0.0,True,False,330999.16,0.0,1.0,1.0,1,1111111111111111111111111111111111111111,0.0,True,False,350803.48,0.0,1.0,1.0,1,1111111111111111111111111111111111111111,0.0,True,False,405731.19,0.0,1.0,1.0,1,3333333333333333333333333333333333333333,0.0,True,False,392851.88,0.0,1.0,1.0,1,1111111111111111111111111111111111113333,0.0,True,False,340900.1,0.0,1.0,1.0,0,0000000000000000000000000000000000000000,0.0,True,False,330999.16,0.0,1.0,1.0,1,0000000000001111111111111111111111111111,0.0,True,False,340900.1,0.0,1.0,1.0,1,1111111111111111111111111111111111111111,0.0,True,False,345852.36,0.0,1.0,1.0,1,1111111111111111111111111111111111111111,0.0,True,False,405731.19,0.0,1.0,1.0,1,3333333333333333333333333330300000000000,0.0,True,False,360643.67,0.0,1.0,1.0,1,1111111111111111111111111111111111111111,0.0,0.0,364852.348,356230.11,0.0,0.0,1.0,1.0,1.0,1.0,0.8,1.0
199,Zambia,LLIN,2.526,dual,10,COVID_Lockdown+Conflict,110.0,False,True,573086.85,0.4259,0.835,0.0,1,0000000000000000000002000000200000010000,0.0,True,False,408223.5,0.0,1.0,1.0,1,1111111111111111111111111111111111111111,0.0,True,False,411614.19,0.0,1.0,1.0,1,1111111111111111111111111111111111111111,81.0,True,True,566011.52,0.4045,0.8865,0.0,1,3333333333333333333333333333333333333333,0.0,True,False,420656.8,0.0,1.0,1.0,1,1111111111111111111111111111111111111133,45.0,True,True,426129.26,0.4718,0.9204,0.0,0,0000000000000000000000000000000000000000,0.0,True,False,390772.15,0.0,1.0,1.0,1,0000000000111111111111111111111111111111,0.0,True,False,396547.58,0.0,1.0,1.0,1,1111111111111111111111111111111111111111,0.0,True,False,396547.58,0.0,1.0,1.0,1,1111111111111111111111111111111111111111,61.0,True,True,531071.96,0.4476,0.8992,0.0,1,3333333333333333333333333333330000000000,0.0,True,False,426855.1,0.0,1.0,1.0,1,1111111111111111111111111111111111111111,37.4,0.0,465596.764,409289.164,0.2648,0.0,0.9412,1.0,0.4,1.0,0.8,1.0
