configuration,episode_id,scenario_type,planner_seed,recovery_days,recovered,total_cost,service_cov,mean_service,air_expedites,air_expedite_noops,action_0_count,action_1_count,action_2_count,action_3_count,action_4_count,action_5_count
planner_weekly_h14,0,single,42,0.0,True,332563.0591712982,0.0,1.0,0,0,120,0,0,0,0,0
planner_weekly_h14,1,dual,42,83.0,True,474447.5228640451,0.21940736169496122,0.9611537901010015,3,0,117,0,3,0,0,0
planner_weekly_h14,2,compound,42,0.0,True,400070.2588827663,0.0,1.0,4,0,116,0,4,0,0,0
planner_weekly_h14,3,single,42,0.0,True,345729.9334943593,0.0,1.0,0,0,120,0,0,0,0,0
planner_weekly_h14,4,dual,42,110.0,False,553656.6951286502,0.25295889824866763,0.9306863947837275,2,0,107,0,2,11,0,0
planner_weekly_h14,5,compound,42,68.0,True,616830.8425124128,0.4751267724691424,0.8750017399998922,5,0,115,0,5,0,0,0
planner_weekly_h14,6,single,42,0.0,True,390295.1960526101,0.0,1.0,0,0,104,0,0,16,0,0
planner_weekly_h14,7,dual,42,61.0,True,530573.9258128217,0.3201788629940428,0.9419879797417624,4,0,116,0,4,0,0,0
planner_weekly_h14,8,compound,42,80.0,True,542955.9735522862,0.4373132972630658,0.878789892181185,2,0,116,2,2,0,0,0
planner_weekly_h14,9,single,42,44.0,True,365717.0476484513,0.20694040611744308,0.9827419826642537,0,0,106,0,0,14,0,0
planner_weekly_h14,10,dual,42,109.0,True,601989.5398063121,0.362763283579028,0.8792601059672709,1,0,106,2,1,11,0,0
planner_weekly_h14,11,compound,42,0.0,True,471152.55786044366,0.0,1.0,3,0,117,0,3,0,0,0
planner_weekly_h14,12,single,42,0.0,True,385168.25190326007,0.0,1.0,0,0,104,0,0,16,0,0
planner_weekly_h14,13,dual,42,97.0,True,579617.7829739692,0.2498197191401216,0.938696926629197,3,0,108,0,3,9,0,0
planner_weekly_h14,14,compound,42,110.0,False,457276.8348276886,0.1430726126482992,0.9743543871091165,4,0,115,1,4,0,0,0
planner_weekly_h14,15,single,42,0.0,True,331926.0948761814,0.0,1.0,0,0,120,0,0,0,0,0
planner_weekly_h14,16,dual,42,0.0,True,387219.444204829,0.0,1.0,0,0,106,0,0,14,0,0
planner_weekly_h14,17,compound,42,74.0,True,584853.0750696218,0.44247184214026025,0.882004579503281,4,0,116,0,4,0,0,0
planner_weekly_h14,18,single,42,0.0,True,353253.97989165876,0.0,1.0,0,0,104,0,0,16,0,0
planner_weekly_h14,19,dual,42,0.0,True,412000.7454933121,0.0,1.0,3,0,117,0,3,0,0,0
planner_weekly_h14,20,compound,42,59.0,True,657783.59388209,0.5364210591349557,0.871091443924913,4,0,116,0,4,0,0,0
planner_weekly_h14,21,single,42,76.0,True,531925.9723634962,0.33141398375351844,0.9260850745047132,0,0,106,2,0,12,0,0
planner_weekly_h14,22,dual,42,0.0,True,372216.81532826065,0.0,1.0,0,0,104,0,0,16,0,0
planner_weekly_h14,23,compound,42,108.0,True,478505.85745888227,0.22347485073029777,0.9487616265895487,5,0,115,0,5,0,0,0
planner_weekly_h14,24,single,42,0.0,True,335530.25950484816,0.0,1.0,0,0,120,0,0,0,0,0
planner_weekly_h14,25,dual,42,0.0,True,371505.1133555024,0.0,1.0,0,0,106,0,0,14,0,0
planner_weekly_h14,26,compound,42,0.0,True,391733.2602998958,0.0,1.0,0,0,107,2,0,11,0,0
planner_weekly_h14,27,single,42,0.0,True,352769.9531272985,0.0,1.0,0,0,120,0,0,0,0,0
planner_weekly_h14,28,dual,42,0.0,True,362660.38585539814,0.0,1.0,0,0,106,0,0,14,0,0
planner_weekly_h14,29,compound,42,105.0,True,526452.9816169617,0.2791117925215569,0.9268404628695955,3,0,116,1,3,0,0,0
planner_weekly_h14,30,single,42,0.0,True,415301.99613157427,0.0,1.0,0,0,104,0,0,16,0,0
planner_weekly_h14,31,dual,42,0.0,True,378132.50847841526,0.0,1.0,1,0,106,0,1,13,0,0
planner_weekly_h14,32,compound,42,0.0,True,385797.4499460547,0.0,1.0,3,0,117,0,3,0,0,0
planner_weekly_h14,33,single,42,0.0,True,319467.05495977995,0.0,1.0,0,0,120,0,0,0,0,0
planner_weekly_h14,34,dual,42,0.0,True,354798.0892838199,0.0,1.0,0,0,106,0,0,14,0,0
planner_weekly_h14,35,compound,42,110.0,False,567738.6076068429,0.3016187314303375,0.9016569003821161,5,0,115,0,5,0,0,0
planner_weekly_h14,36,single,42,0.0,True,400796.3834607285,0.0,1.0,0,0,104,0,0,16,0,0
planner_weekly_h14,37,dual,42,0.0,True,340435.07603795204,0.0,1.0,0,0,120,0,0,0,0,0
planner_weekly_h14,38,compound,42,109.0,True,560686.2030259336,0.28289192874379226,0.9177344086921113,4,0,116,0,4,0,0,0
planner_weekly_h14,39,single,42,81.0,True,414517.44967760745,0.13656336620815504,0.9824533341659056,0,0,106,0,0,14,0,0
planner_weekly_h14,40,dual,42,0.0,True,379597.17207487795,0.0,1.0,0,0,105,0,0,15,0,0
planner_weekly_h14,41,compound,42,35.0,True,514455.6702696979,0.4343563811970135,0.9477597706889024,4,0,116,0,4,0,0,0
planner_weekly_h14,42,single,42,0.0,True,342818.814151824,0.0,1.0,0,0,120,0,0,0,0,0
planner_weekly_h14,43,dual,42,86.0,True,570230.0042944767,0.3692756590006714,0.9035783915722043,2,0,108,0,2,10,0,0
planner_weekly_h14,44,compound,42,69.0,True,651700.5657830327,0.4314138860332686,0.8950439204150407,4,0,106,0,4,10,0,0
planner_weekly_h14,45,single,42,0.0,True,327254.19400583865,0.0,1.0,0,0,120,0,0,0,0,0
planner_weekly_h14,46,dual,42,55.0,True,618358.6281356665,0.39833571299556586,0.9254050693237579,3,0,107,0,3,10,0,0
planner_weekly_h14,47,compound,42,81.0,True,531740.1431235648,0.270386578216846,0.9442198333146197,3,0,116,1,3,0,0,0
planner_weekly_h14,48,single,42,0.0,True,349510.02102817455,0.0,1.0,0,0,104,0,0,16,0,0
planner_weekly_h14,49,dual,42,69.0,True,434219.65870216355,0.2666129853913882,0.9560256748834,0,0,109,2,0,9,0,0
planner_weekly_h14,50,compound,42,110.0,False,705769.365510317,0.3770078596723776,0.8654904838040459,4,0,115,1,4,0,0,0
planner_weekly_h14,51,single,42,0.0,True,369704.06612904853,0.0,1.0,0,0,104,0,0,16,0,0
planner_weekly_h14,52,dual,42,0.0,True,333620.0697868684,0.0,1.0,0,0,107,0,0,13,0,0
planner_weekly_h14,53,compound,42,77.0,True,441801.98070128623,0.15130228513142352,0.9781284730705612,4,0,107,0,4,9,0,0
planner_weekly_h14,54,single,42,0.0,True,372758.61364649725,0.0,1.0,0,0,120,0,0,0,0,0
planner_weekly_h14,55,dual,42,0.0,True,364119.8967588111,0.0,1.0,0,0,104,0,0,16,0,0
planner_weekly_h14,56,compound,42,108.0,True,710463.5268989097,0.3493772508987176,0.8825935206174184,5,0,115,0,5,0,0,0
planner_weekly_h14,57,single,42,0.0,True,416512.570814248,0.0,1.0,0,0,104,0,0,16,0,0
planner_weekly_h14,58,dual,42,0.0,True,365434.90877426986,0.0,1.0,0,0,104,0,0,16,0,0
planner_weekly_h14,59,compound,42,0.0,True,404571.16079341935,0.0,1.0,0,0,106,2,0,12,0,0
planner_weekly_h14,60,single,42,109.0,True,576636.8245248605,0.35894964222908465,0.8784960385209928,0,0,107,2,0,11,0,0
planner_weekly_h14,61,dual,42,0.0,True,399121.0101084924,0.0,1.0,0,0,104,1,0,15,0,0
planner_weekly_h14,62,compound,42,109.0,True,501861.58408936585,0.267881637884368,0.9223457578632933,2,0,116,2,2,0,0,0
planner_weekly_h14,63,single,42,0.0,True,381485.9463978978,0.0,1.0,0,0,104,0,0,16,0,0
planner_weekly_h14,64,dual,42,69.0,True,631077.3144949258,0.5011857113717968,0.8622423729971059,3,0,109,0,3,8,0,0
planner_weekly_h14,65,compound,42,0.0,True,451880.23858958663,0.0,1.0,2,0,106,0,2,12,0,0
planner_weekly_h14,66,single,42,0.0,True,361446.42872260057,0.0,1.0,0,0,104,0,0,16,0,0
planner_weekly_h14,67,dual,42,70.0,True,590095.7247730928,0.4128164719888455,0.8998036316408415,2,0,108,0,2,10,0,0
planner_weekly_h14,68,compound,42,82.0,True,669172.5087371554,0.4425802137736799,0.8666075668554027,4,0,115,1,4,0,0,0
planner_weekly_h14,69,single,42,0.0,True,383029.0738676682,0.0,1.0,0,0,104,0,0,16,0,0
planner_weekly_h14,70,dual,42,0.0,True,307214.15777025616,0.0,1.0,0,0,120,0,0,0,0,0
planner_weekly_h14,71,compound,42,96.0,True,530303.9131346318,0.2276815527018861,0.9450142089273499,3,0,117,0,3,0,0,0
planner_weekly_h14,72,single,42,0.0,True,389423.29619734146,0.0,1.0,0,0,120,0,0,0,0,0
planner_weekly_h14,73,dual,42,0.0,True,378205.8439368196,0.0,1.0,0,0,107,0,0,13,0,0
planner_weekly_h14,74,compound,42,110.0,False,452786.1233218016,0.03671848716705314,0.9964953326749914,3,0,107,0,3,10,0,0
planner_weekly_h14,75,single,42,0.0,True,354033.02876500797,0.0,1.0,0,0,120,0,0,0,0,0
planner_weekly_h14,76,dual,42,83.0,True,618044.5374977038,0.4189769231044828,0.88005406715475,1,0,107,2,1,10,0,0
planner_weekly_h14,77,compound,42,0.0,True,412450.57926012896,0.0,1.0,3,0,117,0,3,0,0,0
planner_weekly_h14,78,single,42,0.0,True,366959.20389469207,0.0,1.0,0,0,120,0,0,0,0,0
planner_weekly_h14,79,dual,42,108.0,True,354444.72098945954,0.05386779116904262,0.9949135756742573,0,0,107,0,0,13,0,0
planner_weekly_h14,80,compound,42,109.0,True,518942.84023342724,0.26408625879681574,0.9295970077014157,3,0,116,1,3,0,0,0
planner_weekly_h14,81,single,42,0.0,True,414465.0979097785,0.0,1.0,0,0,104,0,0,16,0,0
planner_weekly_h14,82,dual,42,0.0,True,455131.6403526477,0.0,1.0,3,0,117,0,3,0,0,0
planner_weekly_h14,83,compound,42,100.0,True,596559.5811862502,0.40447558325886923,0.8600919782154595,5,0,115,0,5,0,0,0
planner_weekly_h14,84,single,42,103.0,True,512524.601405574,0.2226574427462142,0.9507470349127743,0,0,105,2,0,13,0,0
planner_weekly_h14,85,dual,42,97.0,True,620489.5264106716,0.4360251027910527,0.8519776310271264,1,0,107,2,1,10,0,0
planner_weekly_h14,86,compound,42,53.0,True,510523.9124295582,0.37684097493127194,0.93519574821435,4,0,116,0,4,0,0,0
planner_weekly_h14,87,single,42,0.0,True,341397.7589490199,0.0,1.0,0,0,120,0,0,0,0,0
planner_weekly_h14,88,dual,42,0.0,True,372109.46802635945,0.0,1.0,0,0,106,0,0,14,0,0
planner_weekly_h14,89,compound,42,81.0,True,458191.6437663628,0.2377745139492648,0.9574401260220394,4,0,116,0,4,0,0,0
planner_weekly_h14,90,single,42,0.0,True,348144.51299611013,0.0,1.0,0,0,104,0,0,16,0,0
planner_weekly_h14,91,dual,42,110.0,False,699406.1093538014,0.3342372778569489,0.8901328730182815,2,0,105,2,2,11,0,0
planner_weekly_h14,92,compound,42,35.0,True,557018.5063904487,0.5378514861919306,0.9235225634665418,3,0,117,0,3,0,0,0
planner_weekly_h14,93,single,42,0.0,True,428256.2593271037,0.0,1.0,0,0,104,0,0,16,0,0
planner_weekly_h14,94,dual,42,0.0,True,373862.91247661016,0.0,1.0,0,0,119,1,0,0,0,0
planner_weekly_h14,95,compound,42,0.0,True,462300.02153499366,0.0,1.0,3,0,106,0,3,11,0,0
planner_weekly_h14,96,single,42,0.0,True,373502.60068051296,0.0,1.0,0,0,104,0,0,16,0,0
planner_weekly_h14,97,dual,42,0.0,True,426701.9993365437,0.0,1.0,0,0,107,1,0,12,0,0
planner_weekly_h14,98,compound,42,34.0,True,446421.41991218575,0.06131550871072698,0.9960398960972061,4,0,116,0,4,0,0,0
planner_weekly_h14,99,single,42,0.0,True,375097.1473063478,0.0,1.0,0,0,104,0,0,16,0,0
planner_weekly_h14,100,dual,42,104.0,True,403818.54611687944,0.12177801149950243,0.9843524971466643,0,0,107,2,0,11,0,0
planner_weekly_h14,101,compound,42,107.0,True,677639.058649406,0.42867355569071613,0.8348074253437945,4,0,115,1,4,0,0,0
planner_weekly_h14,102,single,42,0.0,True,326763.64960782655,0.0,1.0,0,0,120,0,0,0,0,0
planner_weekly_h14,103,dual,42,0.0,True,320684.8244401521,0.0,1.0,0,0,120,0,0,0,0,0
planner_weekly_h14,104,compound,42,99.0,True,408839.9457806084,0.1017232477639488,0.9898321289839738,0,0,108,2,0,10,0,0
planner_weekly_h14,105,single,42,0.0,True,372041.9091710677,0.0,1.0,0,0,104,0,0,16,0,0
planner_weekly_h14,106,dual,42,89.0,True,477604.7656053481,0.20550576931668385,0.9644536294975379,3,0,106,0,3,11,0,0
planner_weekly_h14,107,compound,42,0.0,True,394909.91676653345,0.0,1.0,3,0,117,0,3,0,0,0
planner_weekly_h14,108,single,42,0.0,True,293546.48233901395,0.0,1.0,0,0,120,0,0,0,0,0
planner_weekly_h14,109,dual,42,0.0,True,452042.54255787504,0.0,1.0,0,0,104,2,0,14,0,0
planner_weekly_h14,110,compound,42,102.0,True,575164.1127899974,0.27683674568051153,0.9297468451209181,4,0,116,0,4,0,0,0
planner_weekly_h14,111,single,42,0.0,True,382011.2393014327,0.0,1.0,0,0,104,0,0,16,0,0
planner_weekly_h14,112,dual,42,0.0,True,370197.2754732619,0.0,1.0,0,0,108,0,0,12,0,0
planner_weekly_h14,113,compound,42,0.0,True,355284.23844948644,0.0,1.0,0,0,108,0,0,12,0,0
planner_weekly_h14,114,single,42,76.0,True,398666.77294632123,0.12965732619701545,0.986297249588657,0,0,107,0,0,13,0,0
planner_weekly_h14,115,dual,42,77.0,True,502876.40905502887,0.2405025126069817,0.9589191839685652,3,0,107,0,3,10,0,0
planner_weekly_h14,116,compound,42,36.0,True,446972.4737424948,0.3572117408076002,0.9611459472533389,3,0,117,0,3,0,0,0
planner_weekly_h14,117,single,42,0.0,True,367350.6092773071,0.0,1.0,0,0,120,0,0,0,0,0
planner_weekly_h14,118,dual,42,110.0,False,624301.4796500844,0.35143912746989553,0.8808905023593381,3,0,107,0,3,10,0,0
planner_weekly_h14,119,compound,42,100.0,True,584997.3937702093,0.3303582740957368,0.8982476762228141,4,0,115,1,4,0,0,0
planner_weekly_h14,120,single,42,0.0,True,378568.016478957,0.0,1.0,0,0,104,0,0,16,0,0
planner_weekly_h14,121,dual,42,0.0,True,413114.7614529866,0.0,1.0,2,0,107,0,2,11,0,0
planner_weekly_h14,122,compound,42,108.0,True,564199.8752592407,0.296117565891594,0.9144878290100856,3,0,116,1,3,0,0,0
planner_weekly_h14,123,single,42,0.0,True,406915.85437698715,0.0,1.0,0,0,104,0,0,16,0,0
planner_weekly_h14,124,dual,42,83.0,True,586474.9464369656,0.43974522845435227,0.8717683537750237,1,0,108,2,1,9,0,0
planner_weekly_h14,125,compound,42,90.0,True,513137.0943336384,0.08725966976159409,0.9925015786549739,3,0,107,0,3,10,0,0
planner_weekly_h14,126,single,42,0.0,True,350580.4776965405,0.0,1.0,0,0,120,0,0,0,0,0
planner_weekly_h14,127,dual,42,0.0,True,383638.9547223692,0.0,1.0,0,0,106,0,0,14,0,0
planner_weekly_h14,128,compound,42,0.0,True,399625.5819310235,0.0,1.0,3,0,117,0,3,0,0,0
planner_weekly_h14,129,single,42,75.0,True,394406.01587125316,0.12047525543968449,0.9884439801665218,0,0,104,0,0,16,0,0
planner_weekly_h14,130,dual,42,68.0,True,477432.3469569876,0.2516664573484375,0.9606346751747935,2,0,107,0,2,11,0,0
planner_weekly_h14,131,compound,42,0.0,True,423711.73148925696,0.0,1.0,3,0,117,0,3,0,0,0
planner_weekly_h14,132,single,42,0.0,True,379137.3233779715,0.0,1.0,0,0,104,0,0,16,0,0
planner_weekly_h14,133,dual,42,97.0,True,468059.05586912343,0.2671043523646633,0.9318746669743968,2,0,109,0,2,9,0,0
planner_weekly_h14,134,compound,42,36.0,True,470722.14146101405,0.1739426279109184,0.9887159605988127,4,0,116,0,4,0,0,0
planner_weekly_h14,135,single,42,0.0,True,404293.6440335546,0.0,1.0,0,0,104,0,0,16,0,0
planner_weekly_h14,136,dual,42,35.0,True,566934.9728641957,0.3517891684085089,0.9643232417186577,3,0,117,0,3,0,0,0
planner_weekly_h14,137,compound,42,0.0,True,428920.9013864172,0.0,1.0,3,0,117,0,3,0,0,0
planner_weekly_h14,138,single,42,0.0,True,333015.80819978885,0.0,1.0,0,0,120,0,0,0,0,0
planner_weekly_h14,139,dual,42,106.0,True,399939.13576988014,0.1816481676656033,0.9606301856317429,2,0,116,2,2,0,0,0
planner_weekly_h14,140,compound,42,101.0,True,432500.8280122303,0.1303118529456035,0.9804837085708883,5,0,115,0,5,0,0,0
planner_weekly_h14,141,single,42,0.0,True,387369.4540731728,0.0,1.0,0,0,104,0,0,16,0,0
planner_weekly_h14,142,dual,42,0.0,True,376769.19609873916,0.0,1.0,0,0,105,0,0,15,0,0
planner_weekly_h14,143,compound,42,94.0,True,607113.9319686833,0.37942930924217527,0.8876122179752862,4,0,115,1,4,0,0,0
planner_weekly_h14,144,single,42,110.0,False,408068.4749073086,0.03520880626793895,0.9966389427910126,0,0,106,0,0,14,0,0
planner_weekly_h14,145,dual,42,75.0,True,543943.3284785779,0.4501633819137738,0.8783807922277507,1,0,108,2,1,9,0,0
planner_weekly_h14,146,compound,42,108.0,True,551245.2426848597,0.1943203217264159,0.9586320756945633,4,0,116,0,4,0,0,0
planner_weekly_h14,147,single,42,96.0,True,388253.8154406747,0.12989226868167597,0.9796792613960419,0,0,105,0,0,15,0,0
planner_weekly_h14,148,dual,42,108.0,True,594926.0339910968,0.3269610674677837,0.8995128692409375,2,0,105,2,2,11,0,0
planner_weekly_h14,149,compound,42,0.0,True,370630.5827792666,0.0,1.0,2,0,118,0,2,0,0,0
planner_weekly_h14,150,single,42,110.0,False,468424.1768410707,0.3090415081673519,0.9050017957757333,0,0,108,1,0,11,0,0
planner_weekly_h14,151,dual,42,97.0,True,583178.7774839528,0.3043545340706096,0.9153957950109964,2,0,107,2,2,9,0,0
planner_weekly_h14,152,compound,42,108.0,True,628337.6392654786,0.36852435342080864,0.8680683756455342,4,0,115,1,4,0,0,0
planner_weekly_h14,153,single,42,0.0,True,331811.86494220654,0.0,1.0,0,0,120,0,0,0,0,0
planner_weekly_h14,154,dual,42,0.0,True,391821.55514274107,0.0,1.0,0,0,104,1,0,15,0,0
planner_weekly_h14,155,compound,42,110.0,False,607467.2856289902,0.39281053271850047,0.8508902067561142,4,0,115,1,4,0,0,0
planner_weekly_h14,156,single,42,44.0,True,437230.85152565496,0.24408481572168836,0.9755518710057577,0,0,107,0,0,13,0,0
planner_weekly_h14,157,dual,42,0.0,True,383012.3978215455,0.0,1.0,0,0,105,0,0,15,0,0
planner_weekly_h14,158,compound,42,0.0,True,464757.4419317299,0.0,1.0,3,0,117,0,3,0,0,0
planner_weekly_h14,159,single,42,0.0,True,419230.0039360908,0.0,1.0,0,0,104,0,0,16,0,0
planner_weekly_h14,160,dual,42,0.0,True,339219.2317132721,0.0,1.0,0,0,119,1,0,0,0,0
planner_weekly_h14,161,compound,42,81.0,True,612258.1307846231,0.43981997467988826,0.8771890966415006,4,0,115,1,4,0,0,0
planner_weekly_h14,162,single,42,0.0,True,357405.4124515174,0.0,1.0,0,0,104,0,0,16,0,0
planner_weekly_h14,163,dual,42,0.0,True,386818.63740913925,0.0,1.0,0,0,104,0,0,16,0,0
planner_weekly_h14,164,compound,42,106.0,True,467978.5100851516,0.21651597572394868,0.9469489684206099,3,0,116,1,3,0,0,0
planner_weekly_h14,165,single,42,106.0,True,555100.8414965897,0.2722260381534182,0.9243134195993105,0,0,107,2,0,11,0,0
planner_weekly_h14,166,dual,42,109.0,True,780560.4656685082,0.4220536079657425,0.8395032653943809,2,0,108,1,2,9,0,0
planner_weekly_h14,167,compound,42,38.0,True,469722.521439302,0.1700256645455768,0.9885264711486225,5,0,115,0,5,0,0,0
planner_weekly_h14,168,single,42,0.0,True,367941.4889447143,0.0,1.0,0,0,104,0,0,16,0,0
planner_weekly_h14,169,dual,42,0.0,True,404317.95334055455,0.0,1.0,0,0,104,0,0,16,0,0
planner_weekly_h14,170,compound,42,55.0,True,522075.3007043632,0.36652669376787167,0.9347306962386202,4,0,116,0,4,0,0,0
planner_weekly_h14,171,single,42,110.0,False,417262.06216017954,0.2098541964965074,0.9525601844723457,0,0,109,0,0,11,0,0
planner_weekly_h14,172,dual,42,105.0,True,417519.1956983357,0.09897441685614672,0.9873426251491891,0,0,110,0,0,10,0,0
planner_weekly_h14,173,compound,42,80.0,True,512376.1101842967,0.16529251622546792,0.9725390006833344,4,0,116,0,4,0,0,0
planner_weekly_h14,174,single,42,0.0,True,381036.9605317182,0.0,1.0,0,0,104,0,0,16,0,0
planner_weekly_h14,175,dual,42,0.0,True,308204.88821743045,0.0,1.0,0,0,106,0,0,14,0,0
planner_weekly_h14,176,compound,42,82.0,True,558173.7052210794,0.31193494363199675,0.928210622658818,3,0,116,1,3,0,0,0
planner_weekly_h14,177,single,42,0.0,True,397114.6114932156,0.0,1.0,0,0,104,0,0,16,0,0
planner_weekly_h14,178,dual,42,108.0,True,461493.2693145637,0.12868584912093228,0.9805634721341315,3,0,117,0,3,0,0,0
planner_weekly_h14,179,compound,42,110.0,False,484748.8157014488,0.25007540439585213,0.9346840883524397,4,0,115,1,4,0,0,0
planner_weekly_h14,180,single,42,0.0,True,349709.7064261981,0.0,1.0,0,0,104,0,0,16,0,0
planner_weekly_h14,181,dual,42,0.0,True,386379.8170565444,0.0,1.0,0,0,107,0,0,13,0,0
planner_weekly_h14,182,compound,42,80.0,True,421889.5324162166,0.11627760988067803,0.9848175133730253,4,0,116,0,4,0,0,0
planner_weekly_h14,183,single,42,86.0,True,438377.9615817918,0.30718565469179165,0.9246843628771976,0,0,109,0,0,11,0,0
planner_weekly_h14,184,dual,42,73.0,True,453088.57920654013,0.15162153539844087,0.9803333093087248,4,0,116,0,4,0,0,0
planner_weekly_h14,185,compound,42,95.0,True,544565.9516280323,0.29386063250380334,0.9183324711305366,3,0,116,1,3,0,0,0
planner_weekly_h14,186,single,42,0.0,True,358773.9325079385,0.0,1.0,0,0,104,0,0,16,0,0
planner_weekly_h14,187,dual,42,104.0,True,458054.38361392234,0.22128190800050712,0.948038996371908,2,0,107,2,2,9,0,0
planner_weekly_h14,188,compound,42,62.0,True,520452.94820289523,0.2751293653465605,0.954948452036414,4,0,106,0,4,10,0,0
planner_weekly_h14,189,single,42,0.0,True,430552.3221545474,0.0,1.0,0,0,105,0,0,15,0,0
planner_weekly_h14,190,dual,42,103.0,True,598298.959409415,0.3603143273493443,0.8865037654517518,1,0,107,2,1,10,0,0
planner_weekly_h14,191,compound,42,108.0,True,505867.0728070052,0.16249965047238168,0.9684822994595972,4,0,116,0,4,0,0,0
planner_weekly_h14,192,single,42,0.0,True,330515.0129895087,0.0,1.0,0,0,120,0,0,0,0,0
planner_weekly_h14,193,dual,42,0.0,True,439106.22567666264,0.0,1.0,0,0,107,0,0,13,0,0
planner_weekly_h14,194,compound,42,56.0,True,545023.9273021632,0.35326888602891193,0.9407397959690488,4,0,106,0,4,10,0,0
planner_weekly_h14,195,single,42,106.0,True,519124.29753677774,0.30446660760593663,0.9092810961849045,0,0,110,0,0,10,0,0
planner_weekly_h14,196,dual,42,110.0,False,422203.5728626884,0.17626358281821716,0.9672907346924418,0,0,107,2,0,11,0,0
planner_weekly_h14,197,compound,42,35.0,True,394646.4382044404,0.073857831508589,0.996020156413934,4,0,116,0,4,0,0,0
planner_weekly_h14,198,single,42,0.0,True,330999.16107774543,0.0,1.0,0,0,120,0,0,0,0,0
planner_weekly_h14,199,dual,42,110.0,False,573086.8530369101,0.42593506932255837,0.8350126831839442,2,0,116,2,2,0,0,0
planner_weekly_h14,0,single,43,0.0,True,332563.0591712982,0.0,1.0,0,0,120,0,0,0,0,0
planner_weekly_h14,1,dual,43,83.0,True,474447.5228640451,0.21940736169496122,0.9611537901010015,3,0,117,0,3,0,0,0
planner_weekly_h14,2,compound,43,0.0,True,400070.2588827663,0.0,1.0,4,0,116,0,4,0,0,0
planner_weekly_h14,3,single,43,0.0,True,345729.9334943593,0.0,1.0,0,0,120,0,0,0,0,0
planner_weekly_h14,4,dual,43,110.0,False,553656.6951286502,0.25295889824866763,0.9306863947837275,2,0,107,0,2,11,0,0
planner_weekly_h14,5,compound,43,68.0,True,616830.8425124128,0.4751267724691424,0.8750017399998922,5,0,115,0,5,0,0,0
planner_weekly_h14,6,single,43,0.0,True,390295.1960526101,0.0,1.0,0,0,104,0,0,16,0,0
planner_weekly_h14,7,dual,43,61.0,True,530573.9258128217,0.3201788629940428,0.9419879797417624,4,0,116,0,4,0,0,0
planner_weekly_h14,8,compound,43,80.0,True,542955.9735522862,0.4373132972630658,0.878789892181185,2,0,116,2,2,0,0,0
planner_weekly_h14,9,single,43,44.0,True,365717.0476484513,0.20694040611744308,0.9827419826642537,0,0,106,0,0,14,0,0
planner_weekly_h14,10,dual,43,109.0,True,601989.5398063121,0.362763283579028,0.8792601059672709,1,0,106,2,1,11,0,0
planner_weekly_h14,11,compound,43,0.0,True,471152.55786044366,0.0,1.0,3,0,117,0,3,0,0,0
planner_weekly_h14,12,single,43,0.0,True,385168.25190326007,0.0,1.0,0,0,104,0,0,16,0,0
planner_weekly_h14,13,dual,43,97.0,True,579617.7829739692,0.2498197191401216,0.938696926629197,3,0,108,0,3,9,0,0
planner_weekly_h14,14,compound,43,110.0,False,457276.8348276886,0.1430726126482992,0.9743543871091165,4,0,115,1,4,0,0,0
planner_weekly_h14,15,single,43,0.0,True,331926.0948761814,0.0,1.0,0,0,120,0,0,0,0,0
planner_weekly_h14,16,dual,43,0.0,True,387219.444204829,0.0,1.0,0,0,106,0,0,14,0,0
planner_weekly_h14,17,compound,43,74.0,True,584853.0750696218,0.44247184214026025,0.882004579503281,4,0,116,0,4,0,0,0
planner_weekly_h14,18,single,43,0.0,True,353253.97989165876,0.0,1.0,0,0,104,0,0,16,0,0
planner_weekly_h14,19,dual,43,0.0,True,412000.7454933121,0.0,1.0,3,0,117,0,3,0,0,0
planner_weekly_h14,20,compound,43,59.0,True,657783.59388209,0.5364210591349557,0.871091443924913,4,0,116,0,4,0,0,0
planner_weekly_h14,21,single,43,76.0,True,531925.9723634962,0.33141398375351844,0.9260850745047132,0,0,106,2,0,12,0,0
planner_weekly_h14,22,dual,43,0.0,True,372216.81532826065,0.0,1.0,0,0,104,0,0,16,0,0
planner_weekly_h14,23,compound,43,108.0,True,478505.85745888227,0.22347485073029777,0.9487616265895487,5,0,115,0,5,0,0,0
planner_weekly_h14,24,single,43,0.0,True,335530.25950484816,0.0,1.0,0,0,120,0,0,0,0,0
planner_weekly_h14,25,dual,43,0.0,True,371505.1133555024,0.0,1.0,0,0,106,0,0,14,0,0
planner_weekly_h14,26,compound,43,0.0,True,423196.22751438606,0.0,1.0,2,0,106,0,2,12,0,0
planner_weekly_h14,27,single,43,0.0,True,352769.9531272985,0.0,1.0,0,0,120,0,0,0,0,0
planner_weekly_h14,28,dual,43,0.0,True,362660.38585539814,0.0,1.0,0,0,106,0,0,14,0,0
planner_weekly_h14,29,compound,43,105.0,True,526452.9816169617,0.2791117925215569,0.9268404628695955,3,0,116,1,3,0,0,0
planner_weekly_h14,30,single,43,0.0,True,415301.99613157427,0.0,1.0,0,0,104,0,0,16,0,0
planner_weekly_h14,31,dual,43,0.0,True,378132.50847841526,0.0,1.0,1,0,106,0,1,13,0,0
planner_weekly_h14,32,compound,43,0.0,True,385797.4499460547,0.0,1.0,3,0,117,0,3,0,0,0
planner_weekly_h14,33,single,43,0.0,True,319467.05495977995,0.0,1.0,0,0,120,0,0,0,0,0
planner_weekly_h14,34,dual,43,0.0,True,354798.0892838199,0.0,1.0,0,0,106,0,0,14,0,0
planner_weekly_h14,35,compound,43,110.0,False,567738.6076068429,0.3016187314303375,0.9016569003821161,5,0,115,0,5,0,0,0
planner_weekly_h14,36,single,43,0.0,True,400796.3834607285,0.0,1.0,0,0,104,0,0,16,0,0
planner_weekly_h14,37,dual,43,0.0,True,340435.07603795204,0.0,1.0,0,0,120,0,0,0,0,0
planner_weekly_h14,38,compound,43,109.0,True,560686.2030259336,0.28289192874379226,0.9177344086921113,4,0,116,0,4,0,0,0
planner_weekly_h14,39,single,43,81.0,True,414517.44967760745,0.13656336620815504,0.9824533341659056,0,0,106,0,0,14,0,0
planner_weekly_h14,40,dual,43,0.0,True,379597.17207487795,0.0,1.0,0,0,105,0,0,15,0,0
planner_weekly_h14,41,compound,43,35.0,True,514455.6702696979,0.4343563811970135,0.9477597706889024,4,0,116,0,4,0,0,0
planner_weekly_h14,42,single,43,0.0,True,342818.814151824,0.0,1.0,0,0,120,0,0,0,0,0
planner_weekly_h14,43,dual,43,86.0,True,570230.0042944767,0.3692756590006714,0.9035783915722043,2,0,108,0,2,10,0,0
planner_weekly_h14,44,compound,43,69.0,True,651700.5657830327,0.4314138860332686,0.8950439204150407,4,0,106,0,4,10,0,0
planner_weekly_h14,45,single,43,0.0,True,327254.19400583865,0.0,1.0,0,0,120,0,0,0,0,0
planner_weekly_h14,46,dual,43,55.0,True,618358.6281356665,0.39833571299556586,0.9254050693237579,3,0,107,0,3,10,0,0
planner_weekly_h14,47,compound,43,81.0,True,531740.1431235648,0.270386578216846,0.9442198333146197,3,0,116,1,3,0,0,0
planner_weekly_h14,48,single,43,0.0,True,349510.02102817455,0.0,1.0,0,0,104,0,0,16,0,0
planner_weekly_h14,49,dual,43,69.0,True,434219.65870216355,0.2666129853913882,0.9560256748834,0,0,109,2,0,9,0,0
planner_weekly_h14,50,compound,43,110.0,False,705769.365510317,0.3770078596723776,0.8654904838040459,4,0,115,1,4,0,0,0
planner_weekly_h14,51,single,43,0.0,True,369704.06612904853,0.0,1.0,0,0,104,0,0,16,0,0
planner_weekly_h14,52,dual,43,0.0,True,333620.0697868684,0.0,1.0,0,0,107,0,0,13,0,0
planner_weekly_h14,53,compound,43,77.0,True,441801.98070128623,0.15130228513142352,0.9781284730705612,4,0,107,0,4,9,0,0
planner_weekly_h14,54,single,43,0.0,True,372758.61364649725,0.0,1.0,0,0,120,0,0,0,0,0
planner_weekly_h14,55,dual,43,0.0,True,364119.8967588111,0.0,1.0,0,0,104,0,0,16,0,0
planner_weekly_h14,56,compound,43,70.0,True,688177.0957834835,0.39280874816990136,0.9104794594326548,3,0,108,0,3,9,0,0
planner_weekly_h14,57,single,43,0.0,True,416512.570814248,0.0,1.0,0,0,104,0,0,16,0,0
planner_weekly_h14,58,dual,43,0.0,True,365434.90877426986,0.0,1.0,0,0,105,0,0,15,0,0
planner_weekly_h14,59,compound,43,0.0,True,443209.42645980505,0.0,1.0,4,0,116,0,4,0,0,0
planner_weekly_h14,60,single,43,109.0,True,576636.8245248605,0.35894964222908465,0.8784960385209928,0,0,108,2,0,10,0,0
planner_weekly_h14,61,dual,43,0.0,True,399121.0101084924,0.0,1.0,0,0,105,1,0,14,0,0
planner_weekly_h14,62,compound,43,109.0,True,501861.58408936585,0.267881637884368,0.9223457578632933,2,0,116,2,2,0,0,0
planner_weekly_h14,63,single,43,0.0,True,381485.9463978978,0.0,1.0,0,0,104,0,0,16,0,0
planner_weekly_h14,64,dual,43,69.0,True,631077.3144949258,0.5011857113717968,0.8622423729971059,3,0,109,0,3,8,0,0
planner_weekly_h14,65,compound,43,0.0,True,451880.23858958663,0.0,1.0,2,0,106,0,2,12,0,0
planner_weekly_h14,66,single,43,0.0,True,361446.42872260057,0.0,1.0,0,0,104,0,0,16,0,0
planner_weekly_h14,67,dual,43,70.0,True,590095.7247730928,0.4128164719888455,0.8998036316408415,2,0,108,0,2,10,0,0
planner_weekly_h14,68,compound,43,82.0,True,669172.5087371554,0.4425802137736799,0.8666075668554027,4,0,115,1,4,0,0,0
planner_weekly_h14,69,single,43,0.0,True,383029.0738676682,0.0,1.0,0,0,104,0,0,16,0,0
planner_weekly_h14,70,dual,43,0.0,True,307214.15777025616,0.0,1.0,0,0,120,0,0,0,0,0
planner_weekly_h14,71,compound,43,82.0,True,560611.0785679297,0.26944238450101715,0.9412801988587988,3,0,116,1,3,0,0,0
planner_weekly_h14,72,single,43,0.0,True,389423.29619734146,0.0,1.0,0,0,120,0,0,0,0,0
planner_weekly_h14,73,dual,43,0.0,True,378205.8439368196,0.0,1.0,0,0,107,0,0,13,0,0
planner_weekly_h14,74,compound,43,110.0,False,452786.1233218016,0.03671848716705314,0.9964953326749914,3,0,107,0,3,10,0,0
planner_weekly_h14,75,single,43,0.0,True,354033.02876500797,0.0,1.0,0,0,120,0,0,0,0,0
planner_weekly_h14,76,dual,43,83.0,True,618044.5374977038,0.4189769231044828,0.88005406715475,1,0,107,2,1,10,0,0
planner_weekly_h14,77,compound,43,0.0,True,412450.57926012896,0.0,1.0,3,0,117,0,3,0,0,0
planner_weekly_h14,78,single,43,0.0,True,366959.20389469207,0.0,1.0,0,0,120,0,0,0,0,0
planner_weekly_h14,79,dual,43,108.0,True,354444.72098945954,0.05386779116904262,0.9949135756742573,0,0,107,0,0,13,0,0
planner_weekly_h14,80,compound,43,109.0,True,518942.84023342724,0.26408625879681574,0.9295970077014157,3,0,116,1,3,0,0,0
planner_weekly_h14,81,single,43,0.0,True,414465.0979097785,0.0,1.0,0,0,104,0,0,16,0,0
planner_weekly_h14,82,dual,43,0.0,True,455131.6403526477,0.0,1.0,3,0,117,0,3,0,0,0
planner_weekly_h14,83,compound,43,100.0,True,596559.5811862502,0.40447558325886923,0.8600919782154595,5,0,115,0,5,0,0,0
planner_weekly_h14,84,single,43,103.0,True,512524.601405574,0.2226574427462142,0.9507470349127743,0,0,105,2,0,13,0,0
planner_weekly_h14,85,dual,43,109.0,True,651144.1105056301,0.4005369096388369,0.846992897204111,2,0,106,2,2,10,0,0
planner_weekly_h14,86,compound,43,110.0,False,545129.783817873,0.30073663258014516,0.9082602881103812,3,0,116,1,3,0,0,0
planner_weekly_h14,87,single,43,0.0,True,341397.7589490199,0.0,1.0,0,0,120,0,0,0,0,0
planner_weekly_h14,88,dual,43,0.0,True,372109.46802635945,0.0,1.0,0,0,106,0,0,14,0,0
planner_weekly_h14,89,compound,43,81.0,True,458191.6437663628,0.2377745139492648,0.9574401260220394,4,0,116,0,4,0,0,0
planner_weekly_h14,90,single,43,0.0,True,348144.51299611013,0.0,1.0,0,0,104,0,0,16,0,0
planner_weekly_h14,91,dual,43,110.0,False,699406.1093538014,0.3342372778569489,0.8901328730182815,2,0,105,2,2,11,0,0
planner_weekly_h14,92,compound,43,35.0,True,557018.5063904487,0.5378514861919306,0.9235225634665418,3,0,117,0,3,0,0,0
planner_weekly_h14,93,single,43,0.0,True,428256.2593271037,0.0,1.0,0,0,104,0,0,16,0,0
planner_weekly_h14,94,dual,43,0.0,True,373862.91247661016,0.0,1.0,0,0,119,1,0,0,0,0
planner_weekly_h14,95,compound,43,0.0,True,462300.02153499366,0.0,1.0,3,0,106,0,3,11,0,0
planner_weekly_h14,96,single,43,0.0,True,373502.60068051296,0.0,1.0,0,0,104,0,0,16,0,0
planner_weekly_h14,97,dual,43,0.0,True,398054.6763065949,0.0,1.0,0,0,107,0,0,13,0,0
planner_weekly_h14,98,compound,43,34.0,True,446421.41991218575,0.06131550871072698,0.9960398960972061,4,0,116,0,4,0,0,0
planner_weekly_h14,99,single,43,0.0,True,375097.1473063478,0.0,1.0,0,0,104,0,0,16,0,0
planner_weekly_h14,100,dual,43,104.0,True,403818.54611687944,0.12177801149950243,0.9843524971466643,0,0,107,2,0,11,0,0
planner_weekly_h14,101,compound,43,107.0,True,677639.058649406,0.42867355569071613,0.8348074253437945,4,0,115,1,4,0,0,0
planner_weekly_h14,102,single,43,0.0,True,326763.64960782655,0.0,1.0,0,0,120,0,0,0,0,0
planner_weekly_h14,103,dual,43,0.0,True,320684.8244401521,0.0,1.0,0,0,120,0,0,0,0,0
planner_weekly_h14,104,compound,43,99.0,True,408839.9457806084,0.1017232477639488,0.9898321289839738,0,0,109,1,0,10,0,0
planner_weekly_h14,105,single,43,0.0,True,372041.9091710677,0.0,1.0,0,0,104,0,0,16,0,0
planner_weekly_h14,106,dual,43,102.0,True,423704.4679751066,0.058934518543176564,0.9927773071336111,2,0,107,0,2,11,0,0
planner_weekly_h14,107,compound,43,0.0,True,394909.91676653345,0.0,1.0,3,0,117,0,3,0,0,0
planner_weekly_h14,108,single,43,0.0,True,293546.48233901395,0.0,1.0,0,0,120,0,0,0,0,0
planner_weekly_h14,109,dual,43,0.0,True,452042.54255787504,0.0,1.0,0,0,104,2,0,14,0,0
planner_weekly_h14,110,compound,43,102.0,True,575164.1127899974,0.27683674568051153,0.9297468451209181,4,0,116,0,4,0,0,0
planner_weekly_h14,111,single,43,0.0,True,382011.2393014327,0.0,1.0,0,0,104,0,0,16,0,0
planner_weekly_h14,112,dual,43,0.0,True,370197.2754732619,0.0,1.0,0,0,108,0,0,12,0,0
planner_weekly_h14,113,compound,43,0.0,True,387670.96663901163,0.0,1.0,1,0,107,0,1,12,0,0
planner_weekly_h14,114,single,43,76.0,True,398666.77294632123,0.12965732619701545,0.986297249588657,0,0,107,0,0,13,0,0
planner_weekly_h14,115,dual,43,77.0,True,502876.40905502887,0.2405025126069817,0.9589191839685652,3,0,107,0,3,10,0,0
planner_weekly_h14,116,compound,43,36.0,True,446972.4737424948,0.3572117408076002,0.9611459472533389,3,0,117,0,3,0,0,0
planner_weekly_h14,117,single,43,0.0,True,367350.6092773071,0.0,1.0,0,0,120,0,0,0,0,0
planner_weekly_h14,118,dual,43,110.0,False,624301.4796500844,0.35143912746989553,0.8808905023593381,3,0,107,0,3,10,0,0
planner_weekly_h14,119,compound,43,100.0,True,584997.3937702093,0.3303582740957368,0.8982476762228141,4,0,115,1,4,0,0,0
planner_weekly_h14,120,single,43,0.0,True,378568.016478957,0.0,1.0,0,0,104,0,0,16,0,0
planner_weekly_h14,121,dual,43,107.0,True,412761.52030407864,0.19514540950766723,0.960012178216838,0,0,109,2,0,9,0,0
planner_weekly_h14,122,compound,43,108.0,True,564199.8752592407,0.296117565891594,0.9144878290100856,3,0,116,1,3,0,0,0
planner_weekly_h14,123,single,43,0.0,True,406915.85437698715,0.0,1.0,0,0,104,0,0,16,0,0
planner_weekly_h14,124,dual,43,83.0,True,586474.9464369656,0.43974522845435227,0.8717683537750237,1,0,108,2,1,9,0,0
planner_weekly_h14,125,compound,43,90.0,True,513137.0943336384,0.08725966976159409,0.9925015786549739,3,0,107,0,3,10,0,0
planner_weekly_h14,126,single,43,0.0,True,350580.4776965405,0.0,1.0,0,0,120,0,0,0,0,0
planner_weekly_h14,127,dual,43,0.0,True,383638.9547223692,0.0,1.0,0,0,106,0,0,14,0,0
planner_weekly_h14,128,compound,43,0.0,True,399625.5819310235,0.0,1.0,3,0,117,0,3,0,0,0
planner_weekly_h14,129,single,43,75.0,True,394406.01587125316,0.12047525543968449,0.9884439801665218,0,0,105,0,0,15,0,0
planner_weekly_h14,130,dual,43,68.0,True,477103.3161694734,0.3240072716396995,0.937135812199059,1,0,109,0,1,10,0,0
planner_weekly_h14,131,compound,43,0.0,True,423711.73148925696,0.0,1.0,3,0,117,0,3,0,0,0
planner_weekly_h14,132,single,43,0.0,True,379137.3233779715,0.0,1.0,0,0,104,0,0,16,0,0
planner_weekly_h14,133,dual,43,103.0,True,426864.1072409725,0.27031991196872446,0.9284333448097336,2,0,118,0,2,0,0,0
planner_weekly_h14,134,compound,43,36.0,True,470722.14146101405,0.1739426279109184,0.9887159605988127,4,0,116,0,4,0,0,0
planner_weekly_h14,135,single,43,0.0,True,404293.6440335546,0.0,1.0,0,0,104,0,0,16,0,0
planner_weekly_h14,136,dual,43,35.0,True,566934.9728641957,0.3517891684085089,0.9643232417186577,3,0,117,0,3,0,0,0
planner_weekly_h14,137,compound,43,0.0,True,428920.9013864172,0.0,1.0,3,0,117,0,3,0,0,0
planner_weekly_h14,138,single,43,0.0,True,333015.80819978885,0.0,1.0,0,0,120,0,0,0,0,0
planner_weekly_h14,139,dual,43,77.0,True,482364.0365788229,0.23412022187863002,0.9633156156467917,2,0,106,2,2,10,0,0
planner_weekly_h14,140,compound,43,101.0,True,432500.8280122303,0.1303118529456035,0.9804837085708883,5,0,115,0,5,0,0,0
planner_weekly_h14,141,single,43,0.0,True,387369.4540731728,0.0,1.0,0,0,104,0,0,16,0,0
planner_weekly_h14,142,dual,43,0.0,True,377703.82534519734,0.0,1.0,0,0,106,0,0,14,0,0
planner_weekly_h14,143,compound,43,94.0,True,607113.9319686833,0.37942930924217527,0.8876122179752862,4,0,115,1,4,0,0,0
planner_weekly_h14,144,single,43,110.0,False,408068.4749073086,0.03520880626793895,0.9966389427910126,0,0,106,0,0,14,0,0
planner_weekly_h14,145,dual,43,75.0,True,543943.3284785779,0.4501633819137738,0.8783807922277507,1,0,108,2,1,9,0,0
planner_weekly_h14,146,compound,43,108.0,True,551245.2426848597,0.1943203217264159,0.9586320756945633,4,0,116,0,4,0,0,0
planner_weekly_h14,147,single,43,96.0,True,388253.8154406747,0.12989226868167597,0.9796792613960419,0,0,106,0,0,14,0,0
planner_weekly_h14,148,dual,43,108.0,True,594926.0339910968,0.3269610674677837,0.8995128692409375,2,0,105,2,2,11,0,0
planner_weekly_h14,149,compound,43,0.0,True,370630.5827792666,0.0,1.0,2,0,118,0,2,0,0,0
planner_weekly_h14,150,single,43,110.0,False,468424.1768410707,0.3090415081673519,0.9050017957757333,0,0,108,1,0,11,0,0
planner_weekly_h14,151,dual,43,102.0,True,550754.1469314247,0.3751366836225241,0.8782858490608202,2,0,116,2,2,0,0,0
planner_weekly_h14,152,compound,43,108.0,True,628337.6392654786,0.36852435342080864,0.8680683756455342,4,0,115,1,4,0,0,0
planner_weekly_h14,153,single,43,0.0,True,331811.86494220654,0.0,1.0,0,0,120,0,0,0,0,0
planner_weekly_h14,154,dual,43,0.0,True,363026.78136425593,0.0,1.0,0,0,105,0,0,15,0,0
planner_weekly_h14,155,compound,43,86.0,True,578864.4169074941,0.4044147337400415,0.8722372976268213,4,0,116,0,4,0,0,0
planner_weekly_h14,156,single,43,44.0,True,437230.85152565496,0.24408481572168836,0.9755518710057577,0,0,107,0,0,13,0,0
planner_weekly_h14,157,dual,43,0.0,True,383012.3978215455,0.0,1.0,0,0,105,0,0,15,0,0
planner_weekly_h14,158,compound,43,0.0,True,464757.4419317299,0.0,1.0,3,0,117,0,3,0,0,0
planner_weekly_h14,159,single,43,0.0,True,419230.0039360908,0.0,1.0,0,0,104,0,0,16,0,0
planner_weekly_h14,160,dual,43,0.0,True,310645.8364855278,0.0,1.0,0,0,120,0,0,0,0,0
planner_weekly_h14,161,compound,43,81.0,True,612258.1307846231,0.43981997467988826,0.8771890966415006,4,0,115,1,4,0,0,0
planner_weekly_h14,162,single,43,0.0,True,357405.4124515174,0.0,1.0,0,0,104,0,0,16,0,0
planner_weekly_h14,163,dual,43,0.0,True,386818.63740913925,0.0,1.0,0,0,106,0,0,14,0,0
planner_weekly_h14,164,compound,43,106.0,True,467978.5100851516,0.21651597572394868,0.9469489684206099,3,0,116,1,3,0,0,0
planner_weekly_h14,165,single,43,106.0,True,555100.8414965897,0.2722260381534182,0.9243134195993105,0,0,107,2,0,11,0,0
planner_weekly_h14,166,dual,43,109.0,True,719851.7619973685,0.42717379642982545,0.8377609354728641,2,0,106,2,2,10,0,0
planner_weekly_h14,167,compound,43,38.0,True,469722.521439302,0.1700256645455768,0.9885264711486225,5,0,115,0,5,0,0,0
planner_weekly_h14,168,single,43,0.0,True,367941.4889447143,0.0,1.0,0,0,104,0,0,16,0,0
planner_weekly_h14,169,dual,43,0.0,True,404317.95334055455,0.0,1.0,0,0,104,0,0,16,0,0
planner_weekly_h14,170,compound,43,55.0,True,522075.3007043632,0.36652669376787167,0.9347306962386202,4,0,116,0,4,0,0,0
planner_weekly_h14,171,single,43,110.0,False,417262.06216017954,0.2098541964965074,0.9525601844723457,0,0,109,0,0,11,0,0
planner_weekly_h14,172,dual,43,105.0,True,417519.1956983357,0.09897441685614672,0.9873426251491891,0,0,110,0,0,10,0,0
planner_weekly_h14,173,compound,43,80.0,True,512376.1101842967,0.16529251622546792,0.9725390006833344,4,0,116,0,4,0,0,0
planner_weekly_h14,174,single,43,0.0,True,381036.9605317182,0.0,1.0,0,0,104,0,0,16,0,0
planner_weekly_h14,175,dual,43,0.0,True,304686.60185056395,0.0,1.0,1,0,119,0,1,0,0,0
planner_weekly_h14,176,compound,43,82.0,True,558173.7052210794,0.31193494363199675,0.928210622658818,3,0,116,1,3,0,0,0
planner_weekly_h14,177,single,43,0.0,True,397114.6114932156,0.0,1.0,0,0,104,0,0,16,0,0
planner_weekly_h14,178,dual,43,108.0,True,461493.2693145637,0.12868584912093228,0.9805634721341315,3,0,117,0,3,0,0,0
planner_weekly_h14,179,compound,43,110.0,False,484748.8157014488,0.25007540439585213,0.9346840883524397,4,0,115,1,4,0,0,0
planner_weekly_h14,180,single,43,0.0,True,349709.7064261981,0.0,1.0,0,0,104,0,0,16,0,0
planner_weekly_h14,181,dual,43,0.0,True,386379.8170565444,0.0,1.0,0,0,107,0,0,13,0,0
planner_weekly_h14,182,compound,43,80.0,True,421889.5324162166,0.11627760988067803,0.9848175133730253,4,0,116,0,4,0,0,0
planner_weekly_h14,183,single,43,86.0,True,438377.9615817918,0.30718565469179165,0.9246843628771976,0,0,109,0,0,11,0,0
planner_weekly_h14,184,dual,43,73.0,True,453088.57920654013,0.15162153539844087,0.9803333093087248,4,0,116,0,4,0,0,0
planner_weekly_h14,185,compound,43,95.0,True,544565.9516280323,0.29386063250380334,0.9183324711305366,3,0,116,1,3,0,0,0
planner_weekly_h14,186,single,43,0.0,True,358773.9325079385,0.0,1.0,0,0,104,0,0,16,0,0
planner_weekly_h14,187,dual,43,104.0,True,458054.38361392234,0.22128190800050712,0.948038996371908,2,0,107,2,2,9,0,0
planner_weekly_h14,188,compound,43,94.0,True,478837.7700653786,0.1607185431339626,0.9713467554334028,5,0,115,0,5,0,0,0
planner_weekly_h14,189,single,43,0.0,True,430552.3221545474,0.0,1.0,0,0,105,0,0,15,0,0
planner_weekly_h14,190,dual,43,103.0,True,598298.959409415,0.3603143273493443,0.8865037654517518,1,0,107,2,1,10,0,0
planner_weekly_h14,191,compound,43,108.0,True,505867.0728070052,0.16249965047238168,0.9684822994595972,4,0,116,0,4,0,0,0
planner_weekly_h14,192,single,43,0.0,True,330515.0129895087,0.0,1.0,0,0,120,0,0,0,0,0
planner_weekly_h14,193,dual,43,0.0,True,439106.22567666264,0.0,1.0,0,0,107,0,0,13,0,0
planner_weekly_h14,194,compound,43,56.0,True,545023.9273021632,0.35326888602891193,0.9407397959690488,4,0,106,0,4,10,0,0
planner_weekly_h14,195,single,43,106.0,True,519124.29753677774,0.30446660760593663,0.9092810961849045,0,0,110,0,0,10,0,0
planner_weekly_h14,196,dual,43,110.0,False,422203.5728626884,0.17626358281821716,0.9672907346924418,0,0,107,2,0,11,0,0
planner_weekly_h14,197,compound,43,35.0,True,394646.4382044404,0.073857831508589,0.996020156413934,4,0,116,0,4,0,0,0
planner_weekly_h14,198,single,43,0.0,True,330999.16107774543,0.0,1.0,0,0,120,0,0,0,0,0
planner_weekly_h14,199,dual,43,110.0,False,573086.8530369101,0.42593506932255837,0.8350126831839442,2,0,116,2,2,0,0,0
planner_weekly_h14,0,single,44,0.0,True,332563.0591712982,0.0,1.0,0,0,120,0,0,0,0,0
planner_weekly_h14,1,dual,44,83.0,True,474447.5228640451,0.21940736169496122,0.9611537901010015,3,0,117,0,3,0,0,0
planner_weekly_h14,2,compound,44,0.0,True,400070.2588827663,0.0,1.0,4,0,116,0,4,0,0,0
planner_weekly_h14,3,single,44,0.0,True,345729.9334943593,0.0,1.0,0,0,120,0,0,0,0,0
planner_weekly_h14,4,dual,44,110.0,False,553656.6951286502,0.25295889824866763,0.9306863947837275,2,0,107,0,2,11,0,0
planner_weekly_h14,5,compound,44,68.0,True,616830.8425124128,0.4751267724691424,0.8750017399998922,5,0,115,0,5,0,0,0
planner_weekly_h14,6,single,44,0.0,True,390295.1960526101,0.0,1.0,0,0,104,0,0,16,0,0
planner_weekly_h14,7,dual,44,61.0,True,530573.9258128217,0.3201788629940428,0.9419879797417624,4,0,116,0,4,0,0,0
planner_weekly_h14,8,compound,44,80.0,True,542955.9735522862,0.4373132972630658,0.878789892181185,2,0,116,2,2,0,0,0
planner_weekly_h14,9,single,44,44.0,True,365717.0476484513,0.20694040611744308,0.9827419826642537,0,0,106,0,0,14,0,0
planner_weekly_h14,10,dual,44,109.0,True,601989.5398063121,0.362763283579028,0.8792601059672709,1,0,106,2,1,11,0,0
planner_weekly_h14,11,compound,44,0.0,True,471152.55786044366,0.0,1.0,3,0,117,0,3,0,0,0
planner_weekly_h14,12,single,44,0.0,True,385168.25190326007,0.0,1.0,0,0,104,0,0,16,0,0
planner_weekly_h14,13,dual,44,97.0,True,579617.7829739692,0.2498197191401216,0.938696926629197,3,0,108,0,3,9,0,0
planner_weekly_h14,14,compound,44,110.0,False,457276.8348276886,0.1430726126482992,0.9743543871091165,4,0,115,1,4,0,0,0
planner_weekly_h14,15,single,44,0.0,True,331926.0948761814,0.0,1.0,0,0,120,0,0,0,0,0
planner_weekly_h14,16,dual,44,0.0,True,357078.2364642467,0.0,1.0,1,0,119,0,1,0,0,0
planner_weekly_h14,17,compound,44,74.0,True,584853.0750696218,0.44247184214026025,0.882004579503281,4,0,116,0,4,0,0,0
planner_weekly_h14,18,single,44,0.0,True,353253.97989165876,0.0,1.0,0,0,104,0,0,16,0,0
planner_weekly_h14,19,dual,44,0.0,True,412000.7454933121,0.0,1.0,3,0,117,0,3,0,0,0
planner_weekly_h14,20,compound,44,59.0,True,657783.59388209,0.5364210591349557,0.871091443924913,4,0,116,0,4,0,0,0
planner_weekly_h14,21,single,44,76.0,True,531925.9723634962,0.33141398375351844,0.9260850745047132,0,0,106,2,0,12,0,0
planner_weekly_h14,22,dual,44,0.0,True,372216.81532826065,0.0,1.0,0,0,104,0,0,16,0,0
planner_weekly_h14,23,compound,44,108.0,True,478505.85745888227,0.22347485073029777,0.9487616265895487,5,0,115,0,5,0,0,0
planner_weekly_h14,24,single,44,0.0,True,335530.25950484816,0.0,1.0,0,0,120,0,0,0,0,0
planner_weekly_h14,25,dual,44,0.0,True,371505.1133555024,0.0,1.0,0,0,106,0,0,14,0,0
planner_weekly_h14,26,compound,44,0.0,True,468410.55303151824,0.0,1.0,3,0,106,0,3,11,0,0
planner_weekly_h14,27,single,44,0.0,True,352769.9531272985,0.0,1.0,0,0,120,0,0,0,0,0
planner_weekly_h14,28,dual,44,0.0,True,362660.38585539814,0.0,1.0,0,0,106,0,0,14,0,0
planner_weekly_h14,29,compound,44,37.0,True,465650.1789240052,0.3456531430664455,0.9638719404581225,3,0,117,0,3,0,0,0
planner_weekly_h14,30,single,44,0.0,True,415301.99613157427,0.0,1.0,0,0,104,0,0,16,0,0
planner_weekly_h14,31,dual,44,0.0,True,378132.50847841526,0.0,1.0,1,0,107,0,1,12,0,0
planner_weekly_h14,32,compound,44,0.0,True,385797.4499460547,0.0,1.0,3,0,117,0,3,0,0,0
planner_weekly_h14,33,single,44,0.0,True,319467.05495977995,0.0,1.0,0,0,120,0,0,0,0,0
planner_weekly_h14,34,dual,44,0.0,True,354798.0892838199,0.0,1.0,0,0,106,0,0,14,0,0
planner_weekly_h14,35,compound,44,110.0,False,567738.6076068429,0.3016187314303375,0.9016569003821161,5,0,115,0,5,0,0,0
planner_weekly_h14,36,single,44,0.0,True,400796.3834607285,0.0,1.0,0,0,104,0,0,16,0,0
planner_weekly_h14,37,dual,44,0.0,True,340435.07603795204,0.0,1.0,0,0,120,0,0,0,0,0
planner_weekly_h14,38,compound,44,109.0,True,560686.2030259336,0.28289192874379226,0.9177344086921113,4,0,116,0,4,0,0,0
planner_weekly_h14,39,single,44,81.0,True,414517.44967760745,0.13656336620815504,0.9824533341659056,0,0,106,0,0,14,0,0
planner_weekly_h14,40,dual,44,0.0,True,379597.17207487795,0.0,1.0,0,0,105,0,0,15,0,0
planner_weekly_h14,41,compound,44,35.0,True,514455.6702696979,0.4343563811970135,0.9477597706889024,4,0,116,0,4,0,0,0
planner_weekly_h14,42,single,44,0.0,True,342818.814151824,0.0,1.0,0,0,120,0,0,0,0,0
planner_weekly_h14,43,dual,44,86.0,True,570230.0042944767,0.3692756590006714,0.9035783915722043,2,0,108,0,2,10,0,0
planner_weekly_h14,44,compound,44,69.0,True,651700.5657830327,0.4314138860332686,0.8950439204150407,4,0,106,0,4,10,0,0
planner_weekly_h14,45,single,44,0.0,True,327254.19400583865,0.0,1.0,0,0,120,0,0,0,0,0
planner_weekly_h14,46,dual,44,55.0,True,618358.6281356665,0.39833571299556586,0.9254050693237579,3,0,107,0,3,10,0,0
planner_weekly_h14,47,compound,44,81.0,True,531740.1431235648,0.270386578216846,0.9442198333146197,3,0,116,1,3,0,0,0
planner_weekly_h14,48,single,44,0.0,True,349510.02102817455,0.0,1.0,0,0,104,0,0,16,0,0
planner_weekly_h14,49,dual,44,69.0,True,434219.65870216355,0.2666129853913882,0.9560256748834,0,0,109,2,0,9,0,0
planner_weekly_h14,50,compound,44,110.0,False,705769.365510317,0.3770078596723776,0.8654904838040459,4,0,115,1,4,0,0,0
planner_weekly_h14,51,single,44,0.0,True,369704.06612904853,0.0,1.0,0,0,104,0,0,16,0,0
planner_weekly_h14,52,dual,44,0.0,True,333620.0697868684,0.0,1.0,0,0,107,0,0,13,0,0
planner_weekly_h14,53,compound,44,77.0,True,441801.98070128623,0.15130228513142352,0.9781284730705612,4,0,107,0,4,9,0,0
planner_weekly_h14,54,single,44,0.0,True,372758.61364649725,0.0,1.0,0,0,120,0,0,0,0,0
planner_weekly_h14,55,dual,44,0.0,True,364119.8967588111,0.0,1.0,0,0,104,0,0,16,0,0
planner_weekly_h14,56,compound,44,108.0,True,710463.5268989097,0.3493772508987176,0.8825935206174184,5,0,115,0,5,0,0,0
planner_weekly_h14,57,single,44,0.0,True,416512.570814248,0.0,1.0,0,0,104,0,0,16,0,0
planner_weekly_h14,58,dual,44,0.0,True,365434.90877426986,0.0,1.0,0,0,105,0,0,15,0,0
planner_weekly_h14,59,compound,44,0.0,True,443209.42645980505,0.0,1.0,4,0,116,0,4,0,0,0
planner_weekly_h14,60,single,44,109.0,True,576636.8245248605,0.35894964222908465,0.8784960385209928,0,0,108,2,0,10,0,0
planner_weekly_h14,61,dual,44,0.0,True,399121.0101084924,0.0,1.0,0,0,105,1,0,14,0,0
planner_weekly_h14,62,compound,44,109.0,True,501861.58408936585,0.267881637884368,0.9223457578632933,2,0,116,2,2,0,0,0
planner_weekly_h14,63,single,44,0.0,True,381485.9463978978,0.0,1.0,0,0,104,0,0,16,0,0
planner_weekly_h14,64,dual,44,69.0,True,631077.3144949258,0.5011857113717968,0.8622423729971059,3,0,109,0,3,8,0,0
planner_weekly_h14,65,compound,44,0.0,True,451880.23858958663,0.0,1.0,2,0,106,0,2,12,0,0
planner_weekly_h14,66,single,44,0.0,True,361446.42872260057,0.0,1.0,0,0,104,0,0,16,0,0
planner_weekly_h14,67,dual,44,70.0,True,590095.7247730928,0.4128164719888455,0.8998036316408415,2,0,108,0,2,10,0,0
planner_weekly_h14,68,compound,44,82.0,True,669172.5087371554,0.4425802137736799,0.8666075668554027,4,0,115,1,4,0,0,0
planner_weekly_h14,69,single,44,0.0,True,383029.0738676682,0.0,1.0,0,0,104,0,0,16,0,0
planner_weekly_h14,70,dual,44,0.0,True,367193.8111539902,0.0,1.0,0,0,107,0,0,13,0,0
planner_weekly_h14,71,compound,44,96.0,True,530303.9131346318,0.2276815527018861,0.9450142089273499,3,0,117,0,3,0,0,0
planner_weekly_h14,72,single,44,0.0,True,389423.29619734146,0.0,1.0,0,0,120,0,0,0,0,0
planner_weekly_h14,73,dual,44,0.0,True,378205.8439368196,0.0,1.0,0,0,107,0,0,13,0,0
planner_weekly_h14,74,compound,44,110.0,False,452786.1233218016,0.03671848716705314,0.9964953326749914,3,0,107,0,3,10,0,0
planner_weekly_h14,75,single,44,0.0,True,354033.02876500797,0.0,1.0,0,0,120,0,0,0,0,0
planner_weekly_h14,76,dual,44,109.0,True,627114.5747609371,0.3505970702499255,0.8787699971837658,2,0,105,2,2,11,0,0
planner_weekly_h14,77,compound,44,0.0,True,412450.57926012896,0.0,1.0,3,0,117,0,3,0,0,0
planner_weekly_h14,78,single,44,0.0,True,366959.20389469207,0.0,1.0,0,0,120,0,0,0,0,0
planner_weekly_h14,79,dual,44,108.0,True,354444.72098945954,0.05386779116904262,0.9949135756742573,0,0,107,0,0,13,0,0
planner_weekly_h14,80,compound,44,109.0,True,518942.84023342724,0.26408625879681574,0.9295970077014157,3,0,116,1,3,0,0,0
planner_weekly_h14,81,single,44,0.0,True,414465.0979097785,0.0,1.0,0,0,104,0,0,16,0,0
planner_weekly_h14,82,dual,44,0.0,True,455131.6403526477,0.0,1.0,3,0,117,0,3,0,0,0
planner_weekly_h14,83,compound,44,100.0,True,596559.5811862502,0.40447558325886923,0.8600919782154595,5,0,115,0,5,0,0,0
planner_weekly_h14,84,single,44,102.0,True,461652.68223345245,0.13916071125852592,0.9766961284663377,0,0,106,1,0,13,0,0
planner_weekly_h14,85,dual,44,108.0,True,543506.0675314348,0.2414885292483231,0.9409709665205785,1,0,105,1,1,13,0,0
planner_weekly_h14,86,compound,44,110.0,False,545129.783817873,0.30073663258014516,0.9082602881103812,3,0,116,1,3,0,0,0
planner_weekly_h14,87,single,44,0.0,True,341397.7589490199,0.0,1.0,0,0,120,0,0,0,0,0
planner_weekly_h14,88,dual,44,0.0,True,372109.46802635945,0.0,1.0,0,0,106,0,0,14,0,0
planner_weekly_h14,89,compound,44,81.0,True,458191.6437663628,0.2377745139492648,0.9574401260220394,4,0,116,0,4,0,0,0
planner_weekly_h14,90,single,44,0.0,True,348144.51299611013,0.0,1.0,0,0,104,0,0,16,0,0
planner_weekly_h14,91,dual,44,110.0,False,699406.1093538014,0.3342372778569489,0.8901328730182815,2,0,105,2,2,11,0,0
planner_weekly_h14,92,compound,44,95.0,True,574181.1995682273,0.3453452742372832,0.9016362359691693,1,0,105,2,1,12,0,0
planner_weekly_h14,93,single,44,0.0,True,428256.2593271037,0.0,1.0,0,0,104,0,0,16,0,0
planner_weekly_h14,94,dual,44,0.0,True,373862.91247661016,0.0,1.0,0,0,119,1,0,0,0,0
planner_weekly_h14,95,compound,44,0.0,True,462300.02153499366,0.0,1.0,3,0,106,0,3,11,0,0
planner_weekly_h14,96,single,44,0.0,True,373502.60068051296,0.0,1.0,0,0,104,0,0,16,0,0
planner_weekly_h14,97,dual,44,0.0,True,398054.6763065949,0.0,1.0,0,0,107,0,0,13,0,0
planner_weekly_h14,98,compound,44,34.0,True,446421.41991218575,0.06131550871072698,0.9960398960972061,4,0,116,0,4,0,0,0
planner_weekly_h14,99,single,44,0.0,True,375097.1473063478,0.0,1.0,0,0,104,0,0,16,0,0
planner_weekly_h14,100,dual,44,104.0,True,403818.54611687944,0.12177801149950243,0.9843524971466643,0,0,107,2,0,11,0,0
planner_weekly_h14,101,compound,44,107.0,True,677639.058649406,0.42867355569071613,0.8348074253437945,4,0,115,1,4,0,0,0
planner_weekly_h14,102,single,44,0.0,True,326763.64960782655,0.0,1.0,0,0,120,0,0,0,0,0
planner_weekly_h14,103,dual,44,0.0,True,320684.8244401521,0.0,1.0,0,0,120,0,0,0,0,0
planner_weekly_h14,104,compound,44,99.0,True,408839.9457806084,0.1017232477639488,0.9898321289839738,0,0,109,2,0,9,0,0
planner_weekly_h14,105,single,44,0.0,True,372041.9091710677,0.0,1.0,0,0,104,0,0,16,0,0
planner_weekly_h14,106,dual,44,102.0,True,423704.4679751066,0.058934518543176564,0.9927773071336111,2,0,107,0,2,11,0,0
planner_weekly_h14,107,compound,44,0.0,True,394909.91676653345,0.0,1.0,3,0,117,0,3,0,0,0
planner_weekly_h14,108,single,44,0.0,True,293546.48233901395,0.0,1.0,0,0,120,0,0,0,0,0
planner_weekly_h14,109,dual,44,99.0,True,485802.47702190344,0.14996282420822174,0.9779822305507648,0,0,106,2,0,12,0,0
planner_weekly_h14,110,compound,44,102.0,True,575164.1127899974,0.27683674568051153,0.9297468451209181,4,0,116,0,4,0,0,0
planner_weekly_h14,111,single,44,0.0,True,382011.2393014327,0.0,1.0,0,0,104,0,0,16,0,0
planner_weekly_h14,112,dual,44,0.0,True,370197.2754732619,0.0,1.0,0,0,108,0,0,12,0,0
planner_weekly_h14,113,compound,44,0.0,True,385109.0470702542,0.0,1.0,3,0,117,0,3,0,0,0
planner_weekly_h14,114,single,44,76.0,True,398666.77294632123,0.12965732619701545,0.986297249588657,0,0,107,0,0,13,0,0
planner_weekly_h14,115,dual,44,77.0,True,502876.40905502887,0.2405025126069817,0.9589191839685652,3,0,107,0,3,10,0,0
planner_weekly_h14,116,compound,44,36.0,True,446972.4737424948,0.3572117408076002,0.9611459472533389,3,0,117,0,3,0,0,0
planner_weekly_h14,117,single,44,0.0,True,367350.6092773071,0.0,1.0,0,0,120,0,0,0,0,0
planner_weekly_h14,118,dual,44,108.0,True,509761.2985550893,0.3122752024644391,0.9012384525027803,3,0,117,0,3,0,0,0
planner_weekly_h14,119,compound,44,100.0,True,584997.3937702093,0.3303582740957368,0.8982476762228141,4,0,115,1,4,0,0,0
planner_weekly_h14,120,single,44,0.0,True,378568.016478957,0.0,1.0,0,0,104,0,0,16,0,0
planner_weekly_h14,121,dual,44,107.0,True,412761.52030407864,0.19514540950766723,0.960012178216838,0,0,108,2,0,10,0,0
planner_weekly_h14,122,compound,44,108.0,True,564199.8752592407,0.296117565891594,0.9144878290100856,3,0,116,1,3,0,0,0
planner_weekly_h14,123,single,44,0.0,True,406915.85437698715,0.0,1.0,0,0,104,0,0,16,0,0
planner_weekly_h14,124,dual,44,83.0,True,586474.9464369656,0.43974522845435227,0.8717683537750237,1,0,108,2,1,9,0,0
planner_weekly_h14,125,compound,44,90.0,True,513137.0943336384,0.08725966976159409,0.9925015786549739,3,0,107,0,3,10,0,0
planner_weekly_h14,126,single,44,0.0,True,350580.4776965405,0.0,1.0,0,0,120,0,0,0,0,0
planner_weekly_h14,127,dual,44,0.0,True,383638.9547223692,0.0,1.0,0,0,106,0,0,14,0,0
planner_weekly_h14,128,compound,44,0.0,True,399625.5819310235,0.0,1.0,3,0,117,0,3,0,0,0
planner_weekly_h14,129,single,44,75.0,True,394406.01587125316,0.12047525543968449,0.9884439801665218,0,0,104,0,0,16,0,0
planner_weekly_h14,130,dual,44,68.0,True,477432.3469569876,0.2516664573484375,0.9606346751747935,2,0,107,0,2,11,0,0
planner_weekly_h14,131,compound,44,0.0,True,423711.73148925696,0.0,1.0,3,0,117,0,3,0,0,0
planner_weekly_h14,132,single,44,0.0,True,379137.3233779715,0.0,1.0,0,0,104,0,0,16,0,0
planner_weekly_h14,133,dual,44,105.0,True,557427.9433007617,0.34637647172461383,0.8885833988951835,3,0,108,0,3,9,0,0
planner_weekly_h14,134,compound,44,36.0,True,470722.14146101405,0.1739426279109184,0.9887159605988127,4,0,116,0,4,0,0,0
planner_weekly_h14,135,single,44,0.0,True,404293.6440335546,0.0,1.0,0,0,104,0,0,16,0,0
planner_weekly_h14,136,dual,44,35.0,True,566934.9728641957,0.3517891684085089,0.9643232417186577,3,0,117,0,3,0,0,0
planner_weekly_h14,137,compound,44,0.0,True,428920.9013864172,0.0,1.0,3,0,117,0,3,0,0,0
planner_weekly_h14,138,single,44,0.0,True,333015.80819978885,0.0,1.0,0,0,120,0,0,0,0,0
planner_weekly_h14,139,dual,44,77.0,True,482364.0365788229,0.23412022187863002,0.9633156156467917,2,0,106,2,2,10,0,0
planner_weekly_h14,140,compound,44,101.0,True,432500.8280122303,0.1303118529456035,0.9804837085708883,5,0,115,0,5,0,0,0
planner_weekly_h14,141,single,44,0.0,True,387369.4540731728,0.0,1.0,0,0,104,0,0,16,0,0
planner_weekly_h14,142,dual,44,0.0,True,377703.82534519734,0.0,1.0,0,0,106,0,0,14,0,0
planner_weekly_h14,143,compound,44,94.0,True,607113.9319686833,0.37942930924217527,0.8876122179752862,4,0,115,1,4,0,0,0
planner_weekly_h14,144,single,44,110.0,False,408068.4749073086,0.03520880626793895,0.9966389427910126,0,0,106,0,0,14,0,0
planner_weekly_h14,145,dual,44,75.0,True,543943.3284785779,0.4501633819137738,0.8783807922277507,1,0,108,2,1,9,0,0
planner_weekly_h14,146,compound,44,108.0,True,551245.2426848597,0.1943203217264159,0.9586320756945633,4,0,116,0,4,0,0,0
planner_weekly_h14,147,single,44,96.0,True,388253.8154406747,0.12989226868167597,0.9796792613960419,0,0,106,0,0,14,0,0
planner_weekly_h14,148,dual,44,108.0,True,594926.0339910968,0.3269610674677837,0.8995128692409375,2,0,105,2,2,11,0,0
planner_weekly_h14,149,compound,44,0.0,True,370630.5827792666,0.0,1.0,2,0,118,0,2,0,0,0
planner_weekly_h14,150,single,44,110.0,False,468424.1768410707,0.3090415081673519,0.9050017957757333,0,0,108,1,0,11,0,0
planner_weekly_h14,151,dual,44,102.0,True,550754.1469314247,0.3751366836225241,0.8782858490608202,2,0,116,2,2,0,0,0
planner_weekly_h14,152,compound,44,108.0,True,628337.6392654786,0.36852435342080864,0.8680683756455342,4,0,115,1,4,0,0,0
planner_weekly_h14,153,single,44,0.0,True,331811.86494220654,0.0,1.0,0,0,120,0,0,0,0,0
planner_weekly_h14,154,dual,44,0.0,True,391821.55514274107,0.0,1.0,0,0,104,1,0,15,0,0
planner_weekly_h14,155,compound,44,86.0,True,578864.4169074941,0.4044147337400415,0.8722372976268213,4,0,116,0,4,0,0,0
planner_weekly_h14,156,single,44,44.0,True,437230.85152565496,0.24408481572168836,0.9755518710057577,0,0,107,0,0,13,0,0
planner_weekly_h14,157,dual,44,0.0,True,383012.3978215455,0.0,1.0,0,0,105,0,0,15,0,0
planner_weekly_h14,158,compound,44,0.0,True,464757.4419317299,0.0,1.0,3,0,117,0,3,0,0,0
planner_weekly_h14,159,single,44,0.0,True,419230.0039360908,0.0,1.0,0,0,104,0,0,16,0,0
planner_weekly_h14,160,dual,44,0.0,True,310645.8364855278,0.0,1.0,0,0,120,0,0,0,0,0
planner_weekly_h14,161,compound,44,29.0,True,490178.4580899821,0.40014993951465927,0.9623554417402744,4,0,116,0,4,0,0,0
planner_weekly_h14,162,single,44,0.0,True,357405.4124515174,0.0,1.0,0,0,104,0,0,16,0,0
planner_weekly_h14,163,dual,44,0.0,True,386818.63740913925,0.0,1.0,0,0,105,0,0,15,0,0
planner_weekly_h14,164,compound,44,106.0,True,467978.5100851516,0.21651597572394868,0.9469489684206099,3,0,116,1,3,0,0,0
planner_weekly_h14,165,single,44,106.0,True,555100.8414965897,0.2722260381534182,0.9243134195993105,0,0,107,2,0,11,0,0
planner_weekly_h14,166,dual,44,84.0,True,647393.5741778788,0.37621670274642793,0.8970126515617657,1,0,108,2,1,9,0,0
planner_weekly_h14,167,compound,44,38.0,True,469722.521439302,0.1700256645455768,0.9885264711486225,5,0,115,0,5,0,0,0
planner_weekly_h14,168,single,44,0.0,True,367941.4889447143,0.0,1.0,0,0,104,0,0,16,0,0
planner_weekly_h14,169,dual,44,0.0,True,404317.95334055455,0.0,1.0,0,0,104,0,0,16,0,0
planner_weekly_h14,170,compound,44,55.0,True,522075.3007043632,0.36652669376787167,0.9347306962386202,4,0,116,0,4,0,0,0
planner_weekly_h14,171,single,44,110.0,False,417262.06216017954,0.2098541964965074,0.9525601844723457,0,0,109,0,0,11,0,0
planner_weekly_h14,172,dual,44,105.0,True,417519.1956983357,0.09897441685614672,0.9873426251491891,0,0,110,0,0,10,0,0
planner_weekly_h14,173,compound,44,80.0,True,512376.1101842967,0.16529251622546792,0.9725390006833344,4,0,116,0,4,0,0,0
planner_weekly_h14,174,single,44,0.0,True,381036.9605317182,0.0,1.0,0,0,104,0,0,16,0,0
planner_weekly_h14,175,dual,44,0.0,True,338568.6616182773,0.0,1.0,1,0,107,0,1,12,0,0
planner_weekly_h14,176,compound,44,82.0,True,558173.7052210794,0.31193494363199675,0.928210622658818,3,0,116,1,3,0,0,0
planner_weekly_h14,177,single,44,0.0,True,397114.6114932156,0.0,1.0,0,0,104,0,0,16,0,0
planner_weekly_h14,178,dual,44,108.0,True,461493.2693145637,0.12868584912093228,0.9805634721341315,3,0,117,0,3,0,0,0
planner_weekly_h14,179,compound,44,110.0,False,484748.8157014488,0.25007540439585213,0.9346840883524397,4,0,115,1,4,0,0,0
planner_weekly_h14,180,single,44,0.0,True,349709.7064261981,0.0,1.0,0,0,104,0,0,16,0,0
planner_weekly_h14,181,dual,44,0.0,True,386379.8170565444,0.0,1.0,0,0,107,0,0,13,0,0
planner_weekly_h14,182,compound,44,80.0,True,421889.5324162166,0.11627760988067803,0.9848175133730253,4,0,116,0,4,0,0,0
planner_weekly_h14,183,single,44,86.0,True,438377.9615817918,0.30718565469179165,0.9246843628771976,0,0,110,0,0,10,0,0
planner_weekly_h14,184,dual,44,107.0,True,482986.94048794964,0.21592502057830115,0.9524064328648683,0,0,109,2,0,9,0,0
planner_weekly_h14,185,compound,44,95.0,True,544565.9516280323,0.29386063250380334,0.9183324711305366,3,0,116,1,3,0,0,0
planner_weekly_h14,186,single,44,0.0,True,358773.9325079385,0.0,1.0,0,0,104,0,0,16,0,0
planner_weekly_h14,187,dual,44,104.0,True,458054.38361392234,0.22128190800050712,0.948038996371908,2,0,107,2,2,9,0,0
planner_weekly_h14,188,compound,44,62.0,True,520452.94820289523,0.2751293653465605,0.954948452036414,4,0,106,0,4,10,0,0
planner_weekly_h14,189,single,44,0.0,True,430552.3221545474,0.0,1.0,0,0,105,0,0,15,0,0
planner_weekly_h14,190,dual,44,103.0,True,598298.959409415,0.3603143273493443,0.8865037654517518,1,0,107,2,1,10,0,0
planner_weekly_h14,191,compound,44,108.0,True,505867.0728070052,0.16249965047238168,0.9684822994595972,4,0,116,0,4,0,0,0
planner_weekly_h14,192,single,44,0.0,True,330515.0129895087,0.0,1.0,0,0,120,0,0,0,0,0
planner_weekly_h14,193,dual,44,0.0,True,439106.22567666264,0.0,1.0,0,0,107,0,0,13,0,0
planner_weekly_h14,194,compound,44,56.0,True,545023.9273021632,0.35326888602891193,0.9407397959690488,4,0,106,0,4,10,0,0
planner_weekly_h14,195,single,44,106.0,True,519124.29753677774,0.30446660760593663,0.9092810961849045,0,0,110,0,0,10,0,0
planner_weekly_h14,196,dual,44,110.0,False,422203.5728626884,0.17626358281821716,0.9672907346924418,0,0,107,2,0,11,0,0
planner_weekly_h14,197,compound,44,35.0,True,394646.4382044404,0.073857831508589,0.996020156413934,4,0,116,0,4,0,0,0
planner_weekly_h14,198,single,44,0.0,True,330999.16107774543,0.0,1.0,0,0,120,0,0,0,0,0
planner_weekly_h14,199,dual,44,110.0,False,573086.8530369101,0.42593506932255837,0.8350126831839442,2,0,116,2,2,0,0,0
planner_weekly_h14,0,single,45,0.0,True,332563.0591712982,0.0,1.0,0,0,120,0,0,0,0,0
planner_weekly_h14,1,dual,45,83.0,True,474447.5228640451,0.21940736169496122,0.9611537901010015,3,0,117,0,3,0,0,0
planner_weekly_h14,2,compound,45,0.0,True,400070.2588827663,0.0,1.0,4,0,116,0,4,0,0,0
planner_weekly_h14,3,single,45,0.0,True,345729.9334943593,0.0,1.0,0,0,120,0,0,0,0,0
planner_weekly_h14,4,dual,45,110.0,False,553656.6951286502,0.25295889824866763,0.9306863947837275,2,0,107,0,2,11,0,0
planner_weekly_h14,5,compound,45,68.0,True,616830.8425124128,0.4751267724691424,0.8750017399998922,5,0,115,0,5,0,0,0
planner_weekly_h14,6,single,45,0.0,True,390295.1960526101,0.0,1.0,0,0,104,0,0,16,0,0
planner_weekly_h14,7,dual,45,61.0,True,530573.9258128217,0.3201788629940428,0.9419879797417624,4,0,116,0,4,0,0,0
planner_weekly_h14,8,compound,45,80.0,True,542955.9735522862,0.4373132972630658,0.878789892181185,2,0,116,2,2,0,0,0
planner_weekly_h14,9,single,45,44.0,True,365717.0476484513,0.20694040611744308,0.9827419826642537,0,0,106,0,0,14,0,0
planner_weekly_h14,10,dual,45,109.0,True,601989.5398063121,0.362763283579028,0.8792601059672709,1,0,106,2,1,11,0,0
planner_weekly_h14,11,compound,45,0.0,True,471152.55786044366,0.0,1.0,3,0,117,0,3,0,0,0
planner_weekly_h14,12,single,45,0.0,True,385168.25190326007,0.0,1.0,0,0,104,0,0,16,0,0
planner_weekly_h14,13,dual,45,97.0,True,579617.7829739692,0.2498197191401216,0.938696926629197,3,0,108,0,3,9,0,0
planner_weekly_h14,14,compound,45,110.0,False,457276.8348276886,0.1430726126482992,0.9743543871091165,4,0,115,1,4,0,0,0
planner_weekly_h14,15,single,45,0.0,True,331926.0948761814,0.0,1.0,0,0,120,0,0,0,0,0
planner_weekly_h14,16,dual,45,0.0,True,387219.444204829,0.0,1.0,0,0,106,0,0,14,0,0
planner_weekly_h14,17,compound,45,74.0,True,584853.0750696218,0.44247184214026025,0.882004579503281,4,0,116,0,4,0,0,0
planner_weekly_h14,18,single,45,0.0,True,353253.97989165876,0.0,1.0,0,0,104,0,0,16,0,0
planner_weekly_h14,19,dual,45,0.0,True,412000.7454933121,0.0,1.0,3,0,117,0,3,0,0,0
planner_weekly_h14,20,compound,45,59.0,True,657783.59388209,0.5364210591349557,0.871091443924913,4,0,116,0,4,0,0,0
planner_weekly_h14,21,single,45,76.0,True,531925.9723634962,0.33141398375351844,0.9260850745047132,0,0,106,2,0,12,0,0
planner_weekly_h14,22,dual,45,0.0,True,372216.81532826065,0.0,1.0,0,0,104,0,0,16,0,0
planner_weekly_h14,23,compound,45,108.0,True,478505.85745888227,0.22347485073029777,0.9487616265895487,5,0,115,0,5,0,0,0
planner_weekly_h14,24,single,45,0.0,True,335530.25950484816,0.0,1.0,0,0,120,0,0,0,0,0
planner_weekly_h14,25,dual,45,0.0,True,371505.1133555024,0.0,1.0,0,0,106,0,0,14,0,0
planner_weekly_h14,26,compound,45,0.0,True,423196.22751438606,0.0,1.0,2,0,106,0,2,12,0,0
planner_weekly_h14,27,single,45,0.0,True,352769.9531272985,0.0,1.0,0,0,120,0,0,0,0,0
planner_weekly_h14,28,dual,45,0.0,True,362660.38585539814,0.0,1.0,0,0,106,0,0,14,0,0
planner_weekly_h14,29,compound,45,37.0,True,465650.1789240052,0.3456531430664455,0.9638719404581225,3,0,117,0,3,0,0,0
planner_weekly_h14,30,single,45,0.0,True,415301.99613157427,0.0,1.0,0,0,104,0,0,16,0,0
planner_weekly_h14,31,dual,45,0.0,True,378132.50847841526,0.0,1.0,1,0,106,0,1,13,0,0
planner_weekly_h14,32,compound,45,0.0,True,385797.4499460547,0.0,1.0,3,0,117,0,3,0,0,0
planner_weekly_h14,33,single,45,0.0,True,319467.05495977995,0.0,1.0,0,0,120,0,0,0,0,0
planner_weekly_h14,34,dual,45,0.0,True,354798.0892838199,0.0,1.0,0,0,106,0,0,14,0,0
planner_weekly_h14,35,compound,45,110.0,False,567738.6076068429,0.3016187314303375,0.9016569003821161,5,0,115,0,5,0,0,0
planner_weekly_h14,36,single,45,0.0,True,400796.3834607285,0.0,1.0,0,0,104,0,0,16,0,0
planner_weekly_h14,37,dual,45,0.0,True,340435.07603795204,0.0,1.0,0,0,120,0,0,0,0,0
planner_weekly_h14,38,compound,45,109.0,True,560686.2030259336,0.28289192874379226,0.9177344086921113,4,0,116,0,4,0,0,0
planner_weekly_h14,39,single,45,81.0,True,414517.44967760745,0.13656336620815504,0.9824533341659056,0,0,106,0,0,14,0,0
planner_weekly_h14,40,dual,45,0.0,True,379597.17207487795,0.0,1.0,0,0,105,0,0,15,0,0
planner_weekly_h14,41,compound,45,35.0,True,514455.6702696979,0.4343563811970135,0.9477597706889024,4,0,116,0,4,0,0,0
planner_weekly_h14,42,single,45,0.0,True,342818.814151824,0.0,1.0,0,0,120,0,0,0,0,0
planner_weekly_h14,43,dual,45,86.0,True,570230.0042944767,0.3692756590006714,0.9035783915722043,2,0,108,0,2,10,0,0
planner_weekly_h14,44,compound,45,69.0,True,651700.5657830327,0.4314138860332686,0.8950439204150407,4,0,106,0,4,10,0,0
planner_weekly_h14,45,single,45,0.0,True,327254.19400583865,0.0,1.0,0,0,120,0,0,0,0,0
planner_weekly_h14,46,dual,45,55.0,True,618358.6281356665,0.39833571299556586,0.9254050693237579,3,0,107,0,3,10,0,0
planner_weekly_h14,47,compound,45,81.0,True,531740.1431235648,0.270386578216846,0.9442198333146197,3,0,116,1,3,0,0,0
planner_weekly_h14,48,single,45,0.0,True,349510.02102817455,0.0,1.0,0,0,104,0,0,16,0,0
planner_weekly_h14,49,dual,45,69.0,True,434219.65870216355,0.2666129853913882,0.9560256748834,0,0,109,2,0,9,0,0
planner_weekly_h14,50,compound,45,110.0,False,705769.365510317,0.3770078596723776,0.8654904838040459,4,0,115,1,4,0,0,0
planner_weekly_h14,51,single,45,0.0,True,369704.06612904853,0.0,1.0,0,0,104,0,0,16,0,0
planner_weekly_h14,52,dual,45,0.0,True,333620.0697868684,0.0,1.0,0,0,107,0,0,13,0,0
planner_weekly_h14,53,compound,45,77.0,True,441801.98070128623,0.15130228513142352,0.9781284730705612,4,0,107,0,4,9,0,0
planner_weekly_h14,54,single,45,0.0,True,372758.61364649725,0.0,1.0,0,0,120,0,0,0,0,0
planner_weekly_h14,55,dual,45,0.0,True,364119.8967588111,0.0,1.0,0,0,104,0,0,16,0,0
planner_weekly_h14,56,compound,45,70.0,True,688177.0957834835,0.39280874816990136,0.9104794594326548,3,0,108,0,3,9,0,0
planner_weekly_h14,57,single,45,0.0,True,416512.570814248,0.0,1.0,0,0,104,0,0,16,0,0
planner_weekly_h14,58,dual,45,0.0,True,365434.90877426986,0.0,1.0,0,0,105,0,0,15,0,0
planner_weekly_h14,59,compound,45,0.0,True,404571.16079341935,0.0,1.0,0,0,106,2,0,12,0,0
planner_weekly_h14,60,single,45,109.0,True,576636.8245248605,0.35894964222908465,0.8784960385209928,0,0,108,2,0,10,0,0
planner_weekly_h14,61,dual,45,0.0,True,399121.0101084924,0.0,1.0,0,0,105,1,0,14,0,0
planner_weekly_h14,62,compound,45,109.0,True,501861.58408936585,0.267881637884368,0.9223457578632933,2,0,116,2,2,0,0,0
planner_weekly_h14,63,single,45,0.0,True,381485.9463978978,0.0,1.0,0,0,104,0,0,16,0,0
planner_weekly_h14,64,dual,45,69.0,True,631077.3144949258,0.5011857113717968,0.8622423729971059,3,0,109,0,3,8,0,0
planner_weekly_h14,65,compound,45,0.0,True,451880.23858958663,0.0,1.0,2,0,106,0,2,12,0,0
planner_weekly_h14,66,single,45,0.0,True,361446.42872260057,0.0,1.0,0,0,104,0,0,16,0,0
planner_weekly_h14,67,dual,45,70.0,True,590095.7247730928,0.4128164719888455,0.8998036316408415,2,0,108,0,2,10,0,0
planner_weekly_h14,68,compound,45,95.0,True,584125.3102025451,0.3082091623769729,0.9131655830651593,4,0,116,0,4,0,0,0
planner_weekly_h14,69,single,45,0.0,True,383029.0738676682,0.0,1.0,0,0,104,0,0,16,0,0
planner_weekly_h14,70,dual,45,0.0,True,307214.15777025616,0.0,1.0,0,0,120,0,0,0,0,0
planner_weekly_h14,71,compound,45,96.0,True,530303.9131346318,0.2276815527018861,0.9450142089273499,3,0,117,0,3,0,0,0
planner_weekly_h14,72,single,45,0.0,True,389423.29619734146,0.0,1.0,0,0,120,0,0,0,0,0
planner_weekly_h14,73,dual,45,0.0,True,378205.8439368196,0.0,1.0,0,0,107,0,0,13,0,0
planner_weekly_h14,74,compound,45,110.0,False,452786.1233218016,0.03671848716705314,0.9964953326749914,3,0,107,0,3,10,0,0
planner_weekly_h14,75,single,45,0.0,True,354033.02876500797,0.0,1.0,0,0,120,0,0,0,0,0
planner_weekly_h14,76,dual,45,83.0,True,618044.5374977038,0.4189769231044828,0.88005406715475,1,0,107,2,1,10,0,0
planner_weekly_h14,77,compound,45,0.0,True,412450.57926012896,0.0,1.0,3,0,117,0,3,0,0,0
planner_weekly_h14,78,single,45,0.0,True,366959.20389469207,0.0,1.0,0,0,120,0,0,0,0,0
planner_weekly_h14,79,dual,45,108.0,True,354444.72098945954,0.05386779116904262,0.9949135756742573,0,0,107,0,0,13,0,0
planner_weekly_h14,80,compound,45,109.0,True,518942.84023342724,0.26408625879681574,0.9295970077014157,3,0,116,1,3,0,0,0
planner_weekly_h14,81,single,45,0.0,True,414465.0979097785,0.0,1.0,0,0,104,0,0,16,0,0
planner_weekly_h14,82,dual,45,0.0,True,455131.6403526477,0.0,1.0,3,0,117,0,3,0,0,0
planner_weekly_h14,83,compound,45,100.0,True,596559.5811862502,0.40447558325886923,0.8600919782154595,5,0,115,0,5,0,0,0
planner_weekly_h14,84,single,45,103.0,True,512524.601405574,0.2226574427462142,0.9507470349127743,0,0,105,2,0,13,0,0
planner_weekly_h14,85,dual,45,109.0,True,651144.1105056301,0.4005369096388369,0.846992897204111,2,0,106,2,2,10,0,0
planner_weekly_h14,86,compound,45,110.0,False,565882.8126333136,0.30073663258014516,0.9082602881103812,4,0,115,1,4,0,0,0
planner_weekly_h14,87,single,45,0.0,True,341397.7589490199,0.0,1.0,0,0,120,0,0,0,0,0
planner_weekly_h14,88,dual,45,0.0,True,372109.46802635945,0.0,1.0,0,0,106,0,0,14,0,0
planner_weekly_h14,89,compound,45,81.0,True,458191.6437663628,0.2377745139492648,0.9574401260220394,4,0,116,0,4,0,0,0
planner_weekly_h14,90,single,45,0.0,True,348144.51299611013,0.0,1.0,0,0,104,0,0,16,0,0
planner_weekly_h14,91,dual,45,110.0,False,699406.1093538014,0.3342372778569489,0.8901328730182815,2,0,105,2,2,11,0,0
planner_weekly_h14,92,compound,45,35.0,True,557018.5063904487,0.5378514861919306,0.9235225634665418,3,0,117,0,3,0,0,0
planner_weekly_h14,93,single,45,0.0,True,428256.2593271037,0.0,1.0,0,0,104,0,0,16,0,0
planner_weekly_h14,94,dual,45,0.0,True,385453.3834078247,0.0,1.0,0,0,108,0,0,12,0,0
planner_weekly_h14,95,compound,45,0.0,True,462300.02153499366,0.0,1.0,3,0,106,0,3,11,0,0
planner_weekly_h14,96,single,45,0.0,True,373502.60068051296,0.0,1.0,0,0,104,0,0,16,0,0
planner_weekly_h14,97,dual,45,0.0,True,398054.6763065949,0.0,1.0,0,0,107,0,0,13,0,0
planner_weekly_h14,98,compound,45,34.0,True,446421.41991218575,0.06131550871072698,0.9960398960972061,4,0,116,0,4,0,0,0
planner_weekly_h14,99,single,45,0.0,True,375097.1473063478,0.0,1.0,0,0,104,0,0,16,0,0
planner_weekly_h14,100,dual,45,104.0,True,474844.10599793436,0.31850980779361565,0.9068623686263666,0,0,110,2,0,8,0,0
planner_weekly_h14,101,compound,45,107.0,True,677639.058649406,0.42867355569071613,0.8348074253437945,4,0,115,1,4,0,0,0
planner_weekly_h14,102,single,45,0.0,True,326763.64960782655,0.0,1.0,0,0,120,0,0,0,0,0
planner_weekly_h14,103,dual,45,0.0,True,320684.8244401521,0.0,1.0,0,0,120,0,0,0,0,0
planner_weekly_h14,104,compound,45,99.0,True,408839.9457806084,0.1017232477639488,0.9898321289839738,0,0,109,2,0,9,0,0
planner_weekly_h14,105,single,45,0.0,True,372041.9091710677,0.0,1.0,0,0,104,0,0,16,0,0
planner_weekly_h14,106,dual,45,89.0,True,477604.7656053481,0.20550576931668385,0.9644536294975379,3,0,106,0,3,11,0,0
planner_weekly_h14,107,compound,45,0.0,True,394909.91676653345,0.0,1.0,3,0,117,0,3,0,0,0
planner_weekly_h14,108,single,45,0.0,True,293546.48233901395,0.0,1.0,0,0,120,0,0,0,0,0
planner_weekly_h14,109,dual,45,0.0,True,452042.54255787504,0.0,1.0,0,0,104,2,0,14,0,0
planner_weekly_h14,110,compound,45,102.0,True,575164.1127899974,0.27683674568051153,0.9297468451209181,4,0,116,0,4,0,0,0
planner_weekly_h14,111,single,45,0.0,True,382011.2393014327,0.0,1.0,0,0,104,0,0,16,0,0
planner_weekly_h14,112,dual,45,0.0,True,370197.2754732619,0.0,1.0,0,0,108,0,0,12,0,0
planner_weekly_h14,113,compound,45,0.0,True,355284.23844948644,0.0,1.0,0,0,108,0,0,12,0,0
planner_weekly_h14,114,single,45,0.0,True,414357.15663327876,0.0,1.0,0,0,106,1,0,13,0,0
planner_weekly_h14,115,dual,45,77.0,True,502876.40905502887,0.2405025126069817,0.9589191839685652,3,0,107,0,3,10,0,0
planner_weekly_h14,116,compound,45,36.0,True,446972.4737424948,0.3572117408076002,0.9611459472533389,3,0,117,0,3,0,0,0
planner_weekly_h14,117,single,45,0.0,True,367350.6092773071,0.0,1.0,0,0,120,0,0,0,0,0
planner_weekly_h14,118,dual,45,110.0,False,624301.4796500844,0.35143912746989553,0.8808905023593381,3,0,107,0,3,10,0,0
planner_weekly_h14,119,compound,45,100.0,True,584997.3937702093,0.3303582740957368,0.8982476762228141,4,0,115,1,4,0,0,0
planner_weekly_h14,120,single,45,0.0,True,378568.016478957,0.0,1.0,0,0,104,0,0,16,0,0
planner_weekly_h14,121,dual,45,0.0,True,413114.7614529866,0.0,1.0,2,0,107,0,2,11,0,0
planner_weekly_h14,122,compound,45,108.0,True,564199.8752592407,0.296117565891594,0.9144878290100856,3,0,116,1,3,0,0,0
planner_weekly_h14,123,single,45,0.0,True,406915.85437698715,0.0,1.0,0,0,104,0,0,16,0,0
planner_weekly_h14,124,dual,45,75.0,True,681672.4518750376,0.5082017278571892,0.8506043245221568,2,0,106,2,2,10,0,0
planner_weekly_h14,125,compound,45,90.0,True,513137.0943336384,0.08725966976159409,0.9925015786549739,3,0,107,0,3,10,0,0
planner_weekly_h14,126,single,45,0.0,True,350580.4776965405,0.0,1.0,0,0,120,0,0,0,0,0
planner_weekly_h14,127,dual,45,0.0,True,338659.830525894,0.0,1.0,0,0,119,1,0,0,0,0
planner_weekly_h14,128,compound,45,0.0,True,399625.5819310235,0.0,1.0,3,0,117,0,3,0,0,0
planner_weekly_h14,129,single,45,75.0,True,394406.01587125316,0.12047525543968449,0.9884439801665218,0,0,105,0,0,15,0,0
planner_weekly_h14,130,dual,45,68.0,True,477432.3469569876,0.2516664573484375,0.9606346751747935,2,0,107,0,2,11,0,0
planner_weekly_h14,131,compound,45,0.0,True,423711.73148925696,0.0,1.0,3,0,117,0,3,0,0,0
planner_weekly_h14,132,single,45,0.0,True,379137.3233779715,0.0,1.0,0,0,104,0,0,16,0,0
planner_weekly_h14,133,dual,45,97.0,True,468059.05586912343,0.2671043523646633,0.9318746669743968,2,0,108,0,2,10,0,0
planner_weekly_h14,134,compound,45,36.0,True,470722.14146101405,0.1739426279109184,0.9887159605988127,4,0,116,0,4,0,0,0
planner_weekly_h14,135,single,45,0.0,True,404293.6440335546,0.0,1.0,0,0,104,0,0,16,0,0
planner_weekly_h14,136,dual,45,35.0,True,566934.9728641957,0.3517891684085089,0.9643232417186577,3,0,117,0,3,0,0,0
planner_weekly_h14,137,compound,45,0.0,True,428920.9013864172,0.0,1.0,3,0,117,0,3,0,0,0
planner_weekly_h14,138,single,45,0.0,True,333015.80819978885,0.0,1.0,0,0,120,0,0,0,0,0
planner_weekly_h14,139,dual,45,77.0,True,482364.0365788229,0.23412022187863002,0.9633156156467917,2,0,106,2,2,10,0,0
planner_weekly_h14,140,compound,45,101.0,True,432500.8280122303,0.1303118529456035,0.9804837085708883,5,0,115,0,5,0,0,0
planner_weekly_h14,141,single,45,0.0,True,387369.4540731728,0.0,1.0,0,0,104,0,0,16,0,0
planner_weekly_h14,142,dual,45,0.0,True,377703.82534519734,0.0,1.0,0,0,106,0,0,14,0,0
planner_weekly_h14,143,compound,45,94.0,True,607113.9319686833,0.37942930924217527,0.8876122179752862,4,0,115,1,4,0,0,0
planner_weekly_h14,144,single,45,110.0,False,408068.4749073086,0.03520880626793895,0.9966389427910126,0,0,106,0,0,14,0,0
planner_weekly_h14,145,dual,45,75.0,True,543943.3284785779,0.4501633819137738,0.8783807922277507,1,0,108,2,1,9,0,0
planner_weekly_h14,146,compound,45,108.0,True,551245.2426848597,0.1943203217264159,0.9586320756945633,4,0,116,0,4,0,0,0
planner_weekly_h14,147,single,45,96.0,True,388253.8154406747,0.12989226868167597,0.9796792613960419,0,0,105,0,0,15,0,0
planner_weekly_h14,148,dual,45,108.0,True,594926.0339910968,0.3269610674677837,0.8995128692409375,2,0,105,2,2,11,0,0
planner_weekly_h14,149,compound,45,0.0,True,363322.56626996334,0.0,1.0,0,0,106,0,0,14,0,0
planner_weekly_h14,150,single,45,110.0,False,468424.1768410707,0.3090415081673519,0.9050017957757333,0,0,107,1,0,12,0,0
planner_weekly_h14,151,dual,45,97.0,True,583178.7774839528,0.3043545340706096,0.9153957950109964,2,0,107,2,2,9,0,0
planner_weekly_h14,152,compound,45,108.0,True,628337.6392654786,0.36852435342080864,0.8680683756455342,4,0,115,1,4,0,0,0
planner_weekly_h14,153,single,45,0.0,True,331811.86494220654,0.0,1.0,0,0,120,0,0,0,0,0
planner_weekly_h14,154,dual,45,0.0,True,391821.55514274107,0.0,1.0,0,0,104,1,0,15,0,0
planner_weekly_h14,155,compound,45,110.0,False,607467.2856289902,0.39281053271850047,0.8508902067561142,4,0,115,1,4,0,0,0
planner_weekly_h14,156,single,45,44.0,True,437230.85152565496,0.24408481572168836,0.9755518710057577,0,0,107,0,0,13,0,0
planner_weekly_h14,157,dual,45,0.0,True,383012.3978215455,0.0,1.0,0,0,105,0,0,15,0,0
planner_weekly_h14,158,compound,45,0.0,True,464757.4419317299,0.0,1.0,3,0,117,0,3,0,0,0
planner_weekly_h14,159,single,45,0.0,True,419230.0039360908,0.0,1.0,0,0,104,0,0,16,0,0
planner_weekly_h14,160,dual,45,0.0,True,339219.2317132721,0.0,1.0,0,0,119,1,0,0,0,0
planner_weekly_h14,161,compound,45,81.0,True,563121.9985546133,0.3155292547817821,0.9284161566435521,3,0,116,1,3,0,0,0
planner_weekly_h14,162,single,45,0.0,True,357405.4124515174,0.0,1.0,0,0,104,0,0,16,0,0
planner_weekly_h14,163,dual,45,0.0,True,386818.63740913925,0.0,1.0,0,0,105,0,0,15,0,0
planner_weekly_h14,164,compound,45,106.0,True,467978.5100851516,0.21651597572394868,0.9469489684206099,3,0,116,1,3,0,0,0
planner_weekly_h14,165,single,45,106.0,True,555100.8414965897,0.2722260381534182,0.9243134195993105,0,0,107,2,0,11,0,0
planner_weekly_h14,166,dual,45,109.0,True,719851.7619973685,0.42717379642982545,0.8377609354728641,2,0,106,2,2,10,0,0
planner_weekly_h14,167,compound,45,38.0,True,469722.521439302,0.1700256645455768,0.9885264711486225,5,0,115,0,5,0,0,0
planner_weekly_h14,168,single,45,0.0,True,367941.4889447143,0.0,1.0,0,0,104,0,0,16,0,0
planner_weekly_h14,169,dual,45,0.0,True,404317.95334055455,0.0,1.0,0,0,104,0,0,16,0,0
planner_weekly_h14,170,compound,45,55.0,True,522075.3007043632,0.36652669376787167,0.9347306962386202,4,0,116,0,4,0,0,0
planner_weekly_h14,171,single,45,110.0,False,417262.06216017954,0.2098541964965074,0.9525601844723457,0,0,109,0,0,11,0,0
planner_weekly_h14,172,dual,45,105.0,True,417519.1956983357,0.09897441685614672,0.9873426251491891,0,0,110,0,0,10,0,0
planner_weekly_h14,173,compound,45,80.0,True,512376.1101842967,0.16529251622546792,0.9725390006833344,4,0,116,0,4,0,0,0
planner_weekly_h14,174,single,45,0.0,True,381036.9605317182,0.0,1.0,0,0,104,0,0,16,0,0
planner_weekly_h14,175,dual,45,0.0,True,304686.60185056395,0.0,1.0,1,0,119,0,1,0,0,0
planner_weekly_h14,176,compound,45,82.0,True,558173.7052210794,0.31193494363199675,0.928210622658818,3,0,116,1,3,0,0,0
planner_weekly_h14,177,single,45,0.0,True,397114.6114932156,0.0,1.0,0,0,104,0,0,16,0,0
planner_weekly_h14,178,dual,45,108.0,True,461493.2693145637,0.12868584912093228,0.9805634721341315,3,0,117,0,3,0,0,0
planner_weekly_h14,179,compound,45,110.0,False,484748.8157014488,0.25007540439585213,0.9346840883524397,4,0,115,1,4,0,0,0
planner_weekly_h14,180,single,45,0.0,True,349709.7064261981,0.0,1.0,0,0,104,0,0,16,0,0
planner_weekly_h14,181,dual,45,0.0,True,386379.8170565444,0.0,1.0,0,0,107,0,0,13,0,0
planner_weekly_h14,182,compound,45,80.0,True,421889.5324162166,0.11627760988067803,0.9848175133730253,4,0,116,0,4,0,0,0
planner_weekly_h14,183,single,45,86.0,True,438377.9615817918,0.30718565469179165,0.9246843628771976,0,0,110,0,0,10,0,0
planner_weekly_h14,184,dual,45,73.0,True,453088.57920654013,0.15162153539844087,0.9803333093087248,4,0,116,0,4,0,0,0
planner_weekly_h14,185,compound,45,95.0,True,544565.9516280323,0.29386063250380334,0.9183324711305366,3,0,116,1,3,0,0,0
planner_weekly_h14,186,single,45,0.0,True,358773.9325079385,0.0,1.0,0,0,104,0,0,16,0,0
planner_weekly_h14,187,dual,45,0.0,True,340122.7251681517,0.0,1.0,2,0,116,2,2,0,0,0
planner_weekly_h14,188,compound,45,94.0,True,478837.7700653786,0.1607185431339626,0.9713467554334028,5,0,115,0,5,0,0,0
planner_weekly_h14,189,single,45,0.0,True,430552.3221545474,0.0,1.0,0,0,105,0,0,15,0,0
planner_weekly_h14,190,dual,45,89.0,True,623871.887817167,0.4403860744490585,0.8598339507893007,2,0,106,2,2,10,0,0
planner_weekly_h14,191,compound,45,108.0,True,505867.0728070052,0.16249965047238168,0.9684822994595972,4,0,116,0,4,0,0,0
planner_weekly_h14,192,single,45,0.0,True,330515.0129895087,0.0,1.0,0,0,120,0,0,0,0,0
planner_weekly_h14,193,dual,45,0.0,True,439106.22567666264,0.0,1.0,0,0,107,0,0,13,0,0
planner_weekly_h14,194,compound,45,56.0,True,545023.9273021632,0.35326888602891193,0.9407397959690488,4,0,106,0,4,10,0,0
planner_weekly_h14,195,single,45,106.0,True,519124.29753677774,0.30446660760593663,0.9092810961849045,0,0,110,0,0,10,0,0
planner_weekly_h14,196,dual,45,110.0,False,492693.835169642,0.35679315109181964,0.8839327250716374,1,0,111,2,1,6,0,0
planner_weekly_h14,197,compound,45,35.0,True,394646.4382044404,0.073857831508589,0.996020156413934,4,0,116,0,4,0,0,0
planner_weekly_h14,198,single,45,0.0,True,330999.16107774543,0.0,1.0,0,0,120,0,0,0,0,0
planner_weekly_h14,199,dual,45,110.0,False,573086.8530369101,0.42593506932255837,0.8350126831839442,2,0,116,2,2,0,0,0
planner_weekly_h14,0,single,46,0.0,True,332563.0591712982,0.0,1.0,0,0,120,0,0,0,0,0
planner_weekly_h14,1,dual,46,83.0,True,474447.5228640451,0.21940736169496122,0.9611537901010015,3,0,117,0,3,0,0,0
planner_weekly_h14,2,compound,46,0.0,True,400070.2588827663,0.0,1.0,4,0,116,0,4,0,0,0
planner_weekly_h14,3,single,46,0.0,True,345729.9334943593,0.0,1.0,0,0,120,0,0,0,0,0
planner_weekly_h14,4,dual,46,110.0,False,553656.6951286502,0.25295889824866763,0.9306863947837275,2,0,107,0,2,11,0,0
planner_weekly_h14,5,compound,46,68.0,True,616830.8425124128,0.4751267724691424,0.8750017399998922,5,0,115,0,5,0,0,0
planner_weekly_h14,6,single,46,0.0,True,390295.1960526101,0.0,1.0,0,0,104,0,0,16,0,0
planner_weekly_h14,7,dual,46,61.0,True,530573.9258128217,0.3201788629940428,0.9419879797417624,4,0,116,0,4,0,0,0
planner_weekly_h14,8,compound,46,94.0,True,626425.958386961,0.39759967889153186,0.8703058545754616,2,0,105,2,2,11,0,0
planner_weekly_h14,9,single,46,44.0,True,365717.0476484513,0.20694040611744308,0.9827419826642537,0,0,106,0,0,14,0,0
planner_weekly_h14,10,dual,46,109.0,True,601989.5398063121,0.362763283579028,0.8792601059672709,1,0,106,2,1,11,0,0
planner_weekly_h14,11,compound,46,0.0,True,471152.55786044366,0.0,1.0,3,0,117,0,3,0,0,0
planner_weekly_h14,12,single,46,0.0,True,385168.25190326007,0.0,1.0,0,0,104,0,0,16,0,0
planner_weekly_h14,13,dual,46,97.0,True,579617.7829739692,0.2498197191401216,0.938696926629197,3,0,108,0,3,9,0,0
planner_weekly_h14,14,compound,46,110.0,False,457276.8348276886,0.1430726126482992,0.9743543871091165,4,0,115,1,4,0,0,0
planner_weekly_h14,15,single,46,0.0,True,331926.0948761814,0.0,1.0,0,0,120,0,0,0,0,0
planner_weekly_h14,16,dual,46,0.0,True,387219.444204829,0.0,1.0,0,0,106,0,0,14,0,0
planner_weekly_h14,17,compound,46,74.0,True,584853.0750696218,0.44247184214026025,0.882004579503281,4,0,116,0,4,0,0,0
planner_weekly_h14,18,single,46,0.0,True,353253.97989165876,0.0,1.0,0,0,104,0,0,16,0,0
planner_weekly_h14,19,dual,46,0.0,True,412000.7454933121,0.0,1.0,3,0,117,0,3,0,0,0
planner_weekly_h14,20,compound,46,59.0,True,657783.59388209,0.5364210591349557,0.871091443924913,4,0,116,0,4,0,0,0
planner_weekly_h14,21,single,46,76.0,True,531925.9723634962,0.33141398375351844,0.9260850745047132,0,0,106,2,0,12,0,0
planner_weekly_h14,22,dual,46,0.0,True,372216.81532826065,0.0,1.0,0,0,104,0,0,16,0,0
planner_weekly_h14,23,compound,46,108.0,True,478505.85745888227,0.22347485073029777,0.9487616265895487,5,0,115,0,5,0,0,0
planner_weekly_h14,24,single,46,0.0,True,335530.25950484816,0.0,1.0,0,0,120,0,0,0,0,0
planner_weekly_h14,25,dual,46,0.0,True,371505.1133555024,0.0,1.0,0,0,106,0,0,14,0,0
planner_weekly_h14,26,compound,46,0.0,True,423196.22751438606,0.0,1.0,2,0,106,0,2,12,0,0
planner_weekly_h14,27,single,46,0.0,True,352769.9531272985,0.0,1.0,0,0,120,0,0,0,0,0
planner_weekly_h14,28,dual,46,0.0,True,372865.0984070212,0.0,1.0,1,0,118,1,1,0,0,0
planner_weekly_h14,29,compound,46,37.0,True,465650.1789240052,0.3456531430664455,0.9638719404581225,3,0,117,0,3,0,0,0
planner_weekly_h14,30,single,46,0.0,True,415301.99613157427,0.0,1.0,0,0,104,0,0,16,0,0
planner_weekly_h14,31,dual,46,0.0,True,378132.50847841526,0.0,1.0,1,0,106,0,1,13,0,0
planner_weekly_h14,32,compound,46,0.0,True,385797.4499460547,0.0,1.0,3,0,117,0,3,0,0,0
planner_weekly_h14,33,single,46,0.0,True,319467.05495977995,0.0,1.0,0,0,120,0,0,0,0,0
planner_weekly_h14,34,dual,46,0.0,True,354798.0892838199,0.0,1.0,0,0,106,0,0,14,0,0
planner_weekly_h14,35,compound,46,110.0,False,567738.6076068429,0.3016187314303375,0.9016569003821161,5,0,115,0,5,0,0,0
planner_weekly_h14,36,single,46,0.0,True,400796.3834607285,0.0,1.0,0,0,104,0,0,16,0,0
planner_weekly_h14,37,dual,46,0.0,True,340435.07603795204,0.0,1.0,0,0,120,0,0,0,0,0
planner_weekly_h14,38,compound,46,109.0,True,560686.2030259336,0.28289192874379226,0.9177344086921113,4,0,116,0,4,0,0,0
planner_weekly_h14,39,single,46,81.0,True,414517.44967760745,0.13656336620815504,0.9824533341659056,0,0,106,0,0,14,0,0
planner_weekly_h14,40,dual,46,0.0,True,379597.17207487795,0.0,1.0,0,0,104,0,0,16,0,0
planner_weekly_h14,41,compound,46,35.0,True,514455.6702696979,0.4343563811970135,0.9477597706889024,4,0,116,0,4,0,0,0
planner_weekly_h14,42,single,46,0.0,True,342818.814151824,0.0,1.0,0,0,120,0,0,0,0,0
planner_weekly_h14,43,dual,46,86.0,True,570230.0042944767,0.3692756590006714,0.9035783915722043,2,0,108,0,2,10,0,0
planner_weekly_h14,44,compound,46,69.0,True,651700.5657830327,0.4314138860332686,0.8950439204150407,4,0,106,0,4,10,0,0
planner_weekly_h14,45,single,46,0.0,True,327254.19400583865,0.0,1.0,0,0,120,0,0,0,0,0
planner_weekly_h14,46,dual,46,55.0,True,618358.6281356665,0.39833571299556586,0.9254050693237579,3,0,107,0,3,10,0,0
planner_weekly_h14,47,compound,46,81.0,True,531740.1431235648,0.270386578216846,0.9442198333146197,3,0,116,1,3,0,0,0
planner_weekly_h14,48,single,46,0.0,True,349510.02102817455,0.0,1.0,0,0,104,0,0,16,0,0
planner_weekly_h14,49,dual,46,69.0,True,434219.65870216355,0.2666129853913882,0.9560256748834,0,0,109,2,0,9,0,0
planner_weekly_h14,50,compound,46,110.0,False,705769.365510317,0.3770078596723776,0.8654904838040459,4,0,115,1,4,0,0,0
planner_weekly_h14,51,single,46,0.0,True,369704.06612904853,0.0,1.0,0,0,104,0,0,16,0,0
planner_weekly_h14,52,dual,46,0.0,True,333620.0697868684,0.0,1.0,0,0,107,0,0,13,0,0
planner_weekly_h14,53,compound,46,77.0,True,441801.98070128623,0.15130228513142352,0.9781284730705612,4,0,107,0,4,9,0,0
planner_weekly_h14,54,single,46,0.0,True,372758.61364649725,0.0,1.0,0,0,120,0,0,0,0,0
planner_weekly_h14,55,dual,46,0.0,True,364119.8967588111,0.0,1.0,0,0,104,0,0,16,0,0
planner_weekly_h14,56,compound,46,108.0,True,710463.5268989097,0.3493772508987176,0.8825935206174184,5,0,115,0,5,0,0,0
planner_weekly_h14,57,single,46,0.0,True,416512.570814248,0.0,1.0,0,0,104,0,0,16,0,0
planner_weekly_h14,58,dual,46,0.0,True,365434.90877426986,0.0,1.0,0,0,105,0,0,15,0,0
planner_weekly_h14,59,compound,46,0.0,True,467446.76445456553,0.0,1.0,3,0,106,0,3,11,0,0
planner_weekly_h14,60,single,46,109.0,True,576636.8245248605,0.35894964222908465,0.8784960385209928,0,0,107,2,0,11,0,0
planner_weekly_h14,61,dual,46,0.0,True,399121.0101084924,0.0,1.0,0,0,104,1,0,15,0,0
planner_weekly_h14,62,compound,46,109.0,True,501861.58408936585,0.267881637884368,0.9223457578632933,2,0,116,2,2,0,0,0
planner_weekly_h14,63,single,46,0.0,True,381485.9463978978,0.0,1.0,0,0,104,0,0,16,0,0
planner_weekly_h14,64,dual,46,88.0,True,573366.6796498279,0.42573508687648903,0.8625854681184763,4,0,116,0,4,0,0,0
planner_weekly_h14,65,compound,46,0.0,True,451880.23858958663,0.0,1.0,2,0,106,0,2,12,0,0
planner_weekly_h14,66,single,46,0.0,True,361446.42872260057,0.0,1.0,0,0,104,0,0,16,0,0
planner_weekly_h14,67,dual,46,70.0,True,590095.7247730928,0.4128164719888455,0.8998036316408415,2,0,108,0,2,10,0,0
planner_weekly_h14,68,compound,46,82.0,True,669172.5087371554,0.4425802137736799,0.8666075668554027,4,0,115,1,4,0,0,0
planner_weekly_h14,69,single,46,0.0,True,383029.0738676682,0.0,1.0,0,0,104,0,0,16,0,0
planner_weekly_h14,70,dual,46,0.0,True,307214.15777025616,0.0,1.0,0,0,120,0,0,0,0,0
planner_weekly_h14,71,compound,46,96.0,True,530303.9131346318,0.2276815527018861,0.9450142089273499,3,0,117,0,3,0,0,0
planner_weekly_h14,72,single,46,0.0,True,389423.29619734146,0.0,1.0,0,0,120,0,0,0,0,0
planner_weekly_h14,73,dual,46,0.0,True,378205.8439368196,0.0,1.0,0,0,107,0,0,13,0,0
planner_weekly_h14,74,compound,46,110.0,False,452786.1233218016,0.03671848716705314,0.9964953326749914,3,0,107,0,3,10,0,0
planner_weekly_h14,75,single,46,0.0,True,354033.02876500797,0.0,1.0,0,0,120,0,0,0,0,0
planner_weekly_h14,76,dual,46,83.0,True,618044.5374977038,0.4189769231044828,0.88005406715475,1,0,107,2,1,10,0,0
planner_weekly_h14,77,compound,46,0.0,True,412450.57926012896,0.0,1.0,3,0,117,0,3,0,0,0
planner_weekly_h14,78,single,46,0.0,True,366959.20389469207,0.0,1.0,0,0,120,0,0,0,0,0
planner_weekly_h14,79,dual,46,108.0,True,354444.72098945954,0.05386779116904262,0.9949135756742573,0,0,107,0,0,13,0,0
planner_weekly_h14,80,compound,46,109.0,True,518942.84023342724,0.26408625879681574,0.9295970077014157,3,0,116,1,3,0,0,0
planner_weekly_h14,81,single,46,0.0,True,414465.0979097785,0.0,1.0,0,0,104,0,0,16,0,0
planner_weekly_h14,82,dual,46,0.0,True,455131.6403526477,0.0,1.0,3,0,117,0,3,0,0,0
planner_weekly_h14,83,compound,46,100.0,True,596559.5811862502,0.40447558325886923,0.8600919782154595,5,0,115,0,5,0,0,0
planner_weekly_h14,84,single,46,103.0,True,512524.601405574,0.2226574427462142,0.9507470349127743,0,0,105,2,0,13,0,0
planner_weekly_h14,85,dual,46,97.0,True,683787.0642787295,0.5162420165375831,0.802550931308368,1,0,108,2,1,9,0,0
planner_weekly_h14,86,compound,46,110.0,False,545129.783817873,0.30073663258014516,0.9082602881103812,3,0,116,1,3,0,0,0
planner_weekly_h14,87,single,46,0.0,True,341397.7589490199,0.0,1.0,0,0,120,0,0,0,0,0
planner_weekly_h14,88,dual,46,0.0,True,372109.46802635945,0.0,1.0,0,0,106,0,0,14,0,0
planner_weekly_h14,89,compound,46,81.0,True,458191.6437663628,0.2377745139492648,0.9574401260220394,4,0,116,0,4,0,0,0
planner_weekly_h14,90,single,46,0.0,True,348144.51299611013,0.0,1.0,0,0,104,0,0,16,0,0
planner_weekly_h14,91,dual,46,110.0,False,699406.1093538014,0.3342372778569489,0.8901328730182815,2,0,105,2,2,11,0,0
planner_weekly_h14,92,compound,46,95.0,True,574181.1995682273,0.3453452742372832,0.9016362359691693,1,0,105,2,1,12,0,0
planner_weekly_h14,93,single,46,0.0,True,428256.2593271037,0.0,1.0,0,0,104,0,0,16,0,0
planner_weekly_h14,94,dual,46,0.0,True,385453.3834078247,0.0,1.0,0,0,108,0,0,12,0,0
planner_weekly_h14,95,compound,46,0.0,True,462300.02153499366,0.0,1.0,3,0,106,0,3,11,0,0
planner_weekly_h14,96,single,46,0.0,True,373502.60068051296,0.0,1.0,0,0,104,0,0,16,0,0
planner_weekly_h14,97,dual,46,0.0,True,398054.6763065949,0.0,1.0,0,0,107,0,0,13,0,0
planner_weekly_h14,98,compound,46,34.0,True,446421.41991218575,0.06131550871072698,0.9960398960972061,4,0,116,0,4,0,0,0
planner_weekly_h14,99,single,46,0.0,True,375097.1473063478,0.0,1.0,0,0,104,0,0,16,0,0
planner_weekly_h14,100,dual,46,104.0,True,403818.54611687944,0.12177801149950243,0.9843524971466643,0,0,107,2,0,11,0,0
planner_weekly_h14,101,compound,46,107.0,True,677639.058649406,0.42867355569071613,0.8348074253437945,4,0,115,1,4,0,0,0
planner_weekly_h14,102,single,46,0.0,True,326763.64960782655,0.0,1.0,0,0,120,0,0,0,0,0
planner_weekly_h14,103,dual,46,0.0,True,320684.8244401521,0.0,1.0,0,0,120,0,0,0,0,0
planner_weekly_h14,104,compound,46,0.0,True,333485.9640131438,0.0,1.0,1,0,119,0,1,0,0,0
planner_weekly_h14,105,single,46,0.0,True,372041.9091710677,0.0,1.0,0,0,104,0,0,16,0,0
planner_weekly_h14,106,dual,46,102.0,True,423704.4679751066,0.058934518543176564,0.9927773071336111,2,0,106,0,2,12,0,0
planner_weekly_h14,107,compound,46,0.0,True,394909.91676653345,0.0,1.0,3,0,117,0,3,0,0,0
planner_weekly_h14,108,single,46,0.0,True,293546.48233901395,0.0,1.0,0,0,120,0,0,0,0,0
planner_weekly_h14,109,dual,46,0.0,True,452042.54255787504,0.0,1.0,0,0,104,2,0,14,0,0
planner_weekly_h14,110,compound,46,102.0,True,575164.1127899974,0.27683674568051153,0.9297468451209181,4,0,116,0,4,0,0,0
planner_weekly_h14,111,single,46,0.0,True,382011.2393014327,0.0,1.0,0,0,104,0,0,16,0,0
planner_weekly_h14,112,dual,46,0.0,True,370197.2754732619,0.0,1.0,0,0,108,0,0,12,0,0
planner_weekly_h14,113,compound,46,0.0,True,359855.70473115554,0.0,1.0,2,0,118,0,2,0,0,0
planner_weekly_h14,114,single,46,0.0,True,414357.15663327876,0.0,1.0,0,0,106,1,0,13,0,0
planner_weekly_h14,115,dual,46,77.0,True,502876.40905502887,0.2405025126069817,0.9589191839685652,3,0,107,0,3,10,0,0
planner_weekly_h14,116,compound,46,36.0,True,446972.4737424948,0.3572117408076002,0.9611459472533389,3,0,117,0,3,0,0,0
planner_weekly_h14,117,single,46,0.0,True,367350.6092773071,0.0,1.0,0,0,120,0,0,0,0,0
planner_weekly_h14,118,dual,46,110.0,False,624301.4796500844,0.35143912746989553,0.8808905023593381,3,0,107,0,3,10,0,0
planner_weekly_h14,119,compound,46,100.0,True,584997.3937702093,0.3303582740957368,0.8982476762228141,4,0,115,1,4,0,0,0
planner_weekly_h14,120,single,46,0.0,True,378568.016478957,0.0,1.0,0,0,104,0,0,16,0,0
planner_weekly_h14,121,dual,46,107.0,True,412761.52030407864,0.19514540950766723,0.960012178216838,0,0,108,2,0,10,0,0
planner_weekly_h14,122,compound,46,108.0,True,564199.8752592407,0.296117565891594,0.9144878290100856,3,0,116,1,3,0,0,0
planner_weekly_h14,123,single,46,0.0,True,406915.85437698715,0.0,1.0,0,0,104,0,0,16,0,0
planner_weekly_h14,124,dual,46,83.0,True,586474.9464369656,0.43974522845435227,0.8717683537750237,1,0,108,2,1,9,0,0
planner_weekly_h14,125,compound,46,90.0,True,513137.0943336384,0.08725966976159409,0.9925015786549739,3,0,107,0,3,10,0,0
planner_weekly_h14,126,single,46,0.0,True,350580.4776965405,0.0,1.0,0,0,120,0,0,0,0,0
planner_weekly_h14,127,dual,46,0.0,True,383638.9547223692,0.0,1.0,0,0,106,0,0,14,0,0
planner_weekly_h14,128,compound,46,0.0,True,399625.5819310235,0.0,1.0,3,0,117,0,3,0,0,0
planner_weekly_h14,129,single,46,75.0,True,394406.01587125316,0.12047525543968449,0.9884439801665218,0,0,105,0,0,15,0,0
planner_weekly_h14,130,dual,46,68.0,True,477103.3161694734,0.3240072716396995,0.937135812199059,1,0,109,0,1,10,0,0
planner_weekly_h14,131,compound,46,0.0,True,423711.73148925696,0.0,1.0,3,0,117,0,3,0,0,0
planner_weekly_h14,132,single,46,0.0,True,379137.3233779715,0.0,1.0,0,0,104,0,0,16,0,0
planner_weekly_h14,133,dual,46,66.0,True,424573.38108220045,0.2559193445717729,0.9561360509690546,3,0,117,0,3,0,0,0
planner_weekly_h14,134,compound,46,36.0,True,470722.14146101405,0.1739426279109184,0.9887159605988127,4,0,116,0,4,0,0,0
planner_weekly_h14,135,single,46,0.0,True,404293.6440335546,0.0,1.0,0,0,104,0,0,16,0,0
planner_weekly_h14,136,dual,46,35.0,True,566934.9728641957,0.3517891684085089,0.9643232417186577,3,0,117,0,3,0,0,0
planner_weekly_h14,137,compound,46,0.0,True,389443.8287521081,0.0,1.0,0,0,108,0,0,12,0,0
planner_weekly_h14,138,single,46,0.0,True,333015.80819978885,0.0,1.0,0,0,120,0,0,0,0,0
planner_weekly_h14,139,dual,46,77.0,True,482364.0365788229,0.23412022187863002,0.9633156156467917,2,0,106,2,2,10,0,0
planner_weekly_h14,140,compound,46,101.0,True,432500.8280122303,0.1303118529456035,0.9804837085708883,5,0,115,0,5,0,0,0
planner_weekly_h14,141,single,46,0.0,True,387369.4540731728,0.0,1.0,0,0,104,0,0,16,0,0
planner_weekly_h14,142,dual,46,0.0,True,377703.82534519734,0.0,1.0,0,0,106,0,0,14,0,0
planner_weekly_h14,143,compound,46,94.0,True,607113.9319686833,0.37942930924217527,0.8876122179752862,4,0,115,1,4,0,0,0
planner_weekly_h14,144,single,46,110.0,False,408068.4749073086,0.03520880626793895,0.9966389427910126,0,0,106,0,0,14,0,0
planner_weekly_h14,145,dual,46,75.0,True,543943.3284785779,0.4501633819137738,0.8783807922277507,1,0,108,2,1,9,0,0
planner_weekly_h14,146,compound,46,108.0,True,551245.2426848597,0.1943203217264159,0.9586320756945633,4,0,116,0,4,0,0,0
planner_weekly_h14,147,single,46,96.0,True,388253.8154406747,0.12989226868167597,0.9796792613960419,0,0,106,0,0,14,0,0
planner_weekly_h14,148,dual,46,108.0,True,594926.0339910968,0.3269610674677837,0.8995128692409375,2,0,105,2,2,11,0,0
planner_weekly_h14,149,compound,46,0.0,True,370630.5827792666,0.0,1.0,2,0,118,0,2,0,0,0
planner_weekly_h14,150,single,46,110.0,False,535017.9795327382,0.42482925172486397,0.8368400844288588,0,0,108,2,0,10,0,0
planner_weekly_h14,151,dual,46,97.0,True,583178.7774839528,0.3043545340706096,0.9153957950109964,2,0,107,2,2,9,0,0
planner_weekly_h14,152,compound,46,108.0,True,628337.6392654786,0.36852435342080864,0.8680683756455342,4,0,115,1,4,0,0,0
planner_weekly_h14,153,single,46,0.0,True,331811.86494220654,0.0,1.0,0,0,120,0,0,0,0,0
planner_weekly_h14,154,dual,46,0.0,True,391821.55514274107,0.0,1.0,0,0,104,1,0,15,0,0
planner_weekly_h14,155,compound,46,110.0,False,607467.2856289902,0.39281053271850047,0.8508902067561142,4,0,115,1,4,0,0,0
planner_weekly_h14,156,single,46,44.0,True,437230.85152565496,0.24408481572168836,0.9755518710057577,0,0,107,0,0,13,0,0
planner_weekly_h14,157,dual,46,0.0,True,383012.3978215455,0.0,1.0,0,0,105,0,0,15,0,0
planner_weekly_h14,158,compound,46,0.0,True,464757.4419317299,0.0,1.0,3,0,117,0,3,0,0,0
planner_weekly_h14,159,single,46,0.0,True,419230.0039360908,0.0,1.0,0,0,104,0,0,16,0,0
planner_weekly_h14,160,dual,46,0.0,True,339219.2317132721,0.0,1.0,0,0,119,1,0,0,0,0
planner_weekly_h14,161,compound,46,81.0,True,612258.1307846231,0.43981997467988826,0.8771890966415006,4,0,115,1,4,0,0,0
planner_weekly_h14,162,single,46,0.0,True,357405.4124515174,0.0,1.0,0,0,104,0,0,16,0,0
planner_weekly_h14,163,dual,46,0.0,True,386818.63740913925,0.0,1.0,0,0,105,0,0,15,0,0
planner_weekly_h14,164,compound,46,106.0,True,467978.5100851516,0.21651597572394868,0.9469489684206099,3,0,116,1,3,0,0,0
planner_weekly_h14,165,single,46,106.0,True,555100.8414965897,0.2722260381534182,0.9243134195993105,0,0,107,2,0,11,0,0
planner_weekly_h14,166,dual,46,109.0,True,700188.4598026124,0.4229033192066613,0.8403818097887644,1,0,107,2,1,10,0,0
planner_weekly_h14,167,compound,46,38.0,True,469722.521439302,0.1700256645455768,0.9885264711486225,5,0,115,0,5,0,0,0
planner_weekly_h14,168,single,46,0.0,True,367941.4889447143,0.0,1.0,0,0,104,0,0,16,0,0
planner_weekly_h14,169,dual,46,0.0,True,404317.95334055455,0.0,1.0,0,0,104,0,0,16,0,0
planner_weekly_h14,170,compound,46,55.0,True,522075.3007043632,0.36652669376787167,0.9347306962386202,4,0,116,0,4,0,0,0
planner_weekly_h14,171,single,46,110.0,False,417262.06216017954,0.2098541964965074,0.9525601844723457,0,0,109,0,0,11,0,0
planner_weekly_h14,172,dual,46,108.0,True,502573.073218644,0.22141754185859097,0.9517616032907584,1,0,109,0,1,10,0,0
planner_weekly_h14,173,compound,46,80.0,True,512376.1101842967,0.16529251622546792,0.9725390006833344,4,0,116,0,4,0,0,0
planner_weekly_h14,174,single,46,0.0,True,381036.9605317182,0.0,1.0,0,0,104,0,0,16,0,0
planner_weekly_h14,175,dual,46,0.0,True,304686.60185056395,0.0,1.0,1,0,119,0,1,0,0,0
planner_weekly_h14,176,compound,46,82.0,True,558173.7052210794,0.31193494363199675,0.928210622658818,3,0,116,1,3,0,0,0
planner_weekly_h14,177,single,46,0.0,True,397114.6114932156,0.0,1.0,0,0,104,0,0,16,0,0
planner_weekly_h14,178,dual,46,108.0,True,461493.2693145637,0.12868584912093228,0.9805634721341315,3,0,117,0,3,0,0,0
planner_weekly_h14,179,compound,46,110.0,False,484748.8157014488,0.25007540439585213,0.9346840883524397,4,0,115,1,4,0,0,0
planner_weekly_h14,180,single,46,0.0,True,349709.7064261981,0.0,1.0,0,0,104,0,0,16,0,0
planner_weekly_h14,181,dual,46,0.0,True,386379.8170565444,0.0,1.0,0,0,107,0,0,13,0,0
planner_weekly_h14,182,compound,46,80.0,True,421889.5324162166,0.11627760988067803,0.9848175133730253,4,0,116,0,4,0,0,0
planner_weekly_h14,183,single,46,86.0,True,438377.9615817918,0.30718565469179165,0.9246843628771976,0,0,110,0,0,10,0,0
planner_weekly_h14,184,dual,46,73.0,True,453088.57920654013,0.15162153539844087,0.9803333093087248,4,0,116,0,4,0,0,0
planner_weekly_h14,185,compound,46,95.0,True,544565.9516280323,0.29386063250380334,0.9183324711305366,3,0,116,1,3,0,0,0
planner_weekly_h14,186,single,46,0.0,True,358773.9325079385,0.0,1.0,0,0,104,0,0,16,0,0
planner_weekly_h14,187,dual,46,104.0,True,458054.38361392234,0.22128190800050712,0.948038996371908,2,0,107,2,2,9,0,0
planner_weekly_h14,188,compound,46,94.0,True,478837.7700653786,0.1607185431339626,0.9713467554334028,5,0,115,0,5,0,0,0
planner_weekly_h14,189,single,46,0.0,True,430552.3221545474,0.0,1.0,0,0,105,0,0,15,0,0
planner_weekly_h14,190,dual,46,103.0,True,598298.959409415,0.3603143273493443,0.8865037654517518,1,0,107,2,1,10,0,0
planner_weekly_h14,191,compound,46,108.0,True,505867.0728070052,0.16249965047238168,0.9684822994595972,4,0,116,0,4,0,0,0
planner_weekly_h14,192,single,46,0.0,True,330515.0129895087,0.0,1.0,0,0,120,0,0,0,0,0
planner_weekly_h14,193,dual,46,0.0,True,439106.22567666264,0.0,1.0,0,0,107,0,0,13,0,0
planner_weekly_h14,194,compound,46,56.0,True,545023.9273021632,0.35326888602891193,0.9407397959690488,4,0,106,0,4,10,0,0
planner_weekly_h14,195,single,46,106.0,True,519124.29753677774,0.30446660760593663,0.9092810961849045,0,0,110,0,0,10,0,0
planner_weekly_h14,196,dual,46,110.0,False,422203.5728626884,0.17626358281821716,0.9672907346924418,0,0,107,2,0,11,0,0
planner_weekly_h14,197,compound,46,35.0,True,394646.4382044404,0.073857831508589,0.996020156413934,4,0,116,0,4,0,0,0
planner_weekly_h14,198,single,46,0.0,True,330999.16107774543,0.0,1.0,0,0,120,0,0,0,0,0
planner_weekly_h14,199,dual,46,110.0,False,573086.8530369101,0.42593506932255837,0.8350126831839442,2,0,116,2,2,0,0,0
planner_daily_h14,0,single,42,0.0,True,332563.0591712982,0.0,1.0,0,0,120,0,0,0,0,0
planner_daily_h14,1,dual,42,84.0,True,548275.2439722517,0.3677477551129851,0.8994470340593138,0,0,60,4,0,56,0,0
planner_daily_h14,2,compound,42,0.0,True,1241743.378155067,0.0,1.0,25,2,95,0,25,0,0,0
planner_daily_h14,3,single,42,0.0,True,345729.9334943593,0.0,1.0,0,0,120,0,0,0,0,0
planner_daily_h14,4,dual,42,110.0,False,1072695.2081228958,0.34954660324136033,0.8910153556947994,13,0,30,0,13,77,0,0
planner_daily_h14,5,compound,42,30.0,True,1485522.8852250902,0.5829393137744607,0.9260876085501559,27,4,18,0,27,75,0,0
planner_daily_h14,6,single,42,0.0,True,390295.1960526101,0.0,1.0,0,0,10,0,0,110,0,0
planner_daily_h14,7,dual,42,0.0,True,1494852.4892515924,0.0,1.0,21,0,19,0,21,80,0,0
planner_daily_h14,8,compound,42,27.0,True,1193025.2613776452,0.29317505833148844,0.9784257141926712,17,0,21,9,17,73,0,0
planner_daily_h14,9,single,42,44.0,True,400045.97739886073,0.20694040611744308,0.9827419826642537,0,0,25,2,0,93,0,0
planner_daily_h14,10,dual,42,88.0,True,972695.8109669585,0.36235961089813495,0.9038126560988947,9,0,32,8,9,71,0,0
planner_daily_h14,11,compound,42,0.0,True,970917.83366467,0.0,1.0,12,0,32,0,12,76,0,0
planner_daily_h14,12,single,42,0.0,True,386806.7763738877,0.0,1.0,0,0,10,0,0,110,0,0
planner_daily_h14,13,dual,42,0.0,True,1534821.5875173474,0.0,1.0,20,0,26,0,20,74,0,0
planner_daily_h14,14,compound,42,0.0,True,1538933.288055496,0.0,1.0,25,2,19,0,25,76,0,0
planner_daily_h14,15,single,42,0.0,True,331926.0948761814,0.0,1.0,0,0,120,0,0,0,0,0
planner_daily_h14,16,dual,42,0.0,True,388472.9067080088,0.0,1.0,0,0,30,0,0,90,0,0
planner_daily_h14,17,compound,42,32.0,True,1570439.679324365,0.5791937000350404,0.9253151085793664,28,5,19,0,28,73,0,0
planner_daily_h14,18,single,42,0.0,True,353253.97989165876,0.0,1.0,0,0,10,0,0,110,0,0
planner_daily_h14,19,dual,42,54.0,True,455732.01062958146,0.20326886934991664,0.9778827964113469,0,0,47,8,0,65,0,0
planner_daily_h14,20,compound,42,30.0,True,1650502.0807981414,0.5254225496652389,0.9376435121613688,30,8,18,0,30,72,0,0
planner_daily_h14,21,single,42,76.0,True,530088.0905281035,0.334241651234174,0.9252480693449786,0,0,31,6,0,83,0,0
planner_daily_h14,22,dual,42,0.0,True,372216.81532826065,0.0,1.0,0,0,12,0,0,108,0,0
planner_daily_h14,23,compound,42,30.0,True,1477314.102095732,0.2741136645613234,0.9789679342526975,25,2,19,0,25,76,0,0
planner_daily_h14,24,single,42,0.0,True,335530.25950484816,0.0,1.0,0,0,120,0,0,0,0,0
planner_daily_h14,25,dual,42,0.0,True,371337.09964005975,0.0,1.0,0,0,28,0,0,92,0,0
planner_daily_h14,26,compound,42,0.0,True,1092476.811309934,0.0,1.0,15,0,27,0,15,78,0,0
planner_daily_h14,27,single,42,0.0,True,352769.9531272985,0.0,1.0,0,0,120,0,0,0,0,0
planner_daily_h14,28,dual,42,0.0,True,362660.38585539814,0.0,1.0,0,0,30,0,0,90,0,0
planner_daily_h14,29,compound,42,41.0,True,1383528.8499758297,0.04424325707414012,0.9974107096738299,24,2,95,1,24,0,0,0
planner_daily_h14,30,single,42,0.0,True,416251.0655866762,0.0,1.0,0,0,10,0,0,110,0,0
planner_daily_h14,31,dual,42,0.0,True,352071.15179774235,0.0,1.0,0,0,37,0,0,83,0,0
planner_daily_h14,32,compound,42,0.0,True,1211682.617991896,0.0,1.0,18,0,25,0,18,77,0,0
planner_daily_h14,33,single,42,0.0,True,319467.05495977995,0.0,1.0,0,0,120,0,0,0,0,0
planner_daily_h14,34,dual,42,0.0,True,354798.0892838199,0.0,1.0,0,0,28,0,0,92,0,0
planner_daily_h14,35,compound,42,30.0,True,1252498.4966139428,0.4552260870040158,0.9478662484741064,29,6,91,0,29,0,0,0
planner_daily_h14,36,single,42,0.0,True,400796.3834607285,0.0,1.0,0,0,10,0,0,110,0,0
planner_daily_h14,37,dual,42,0.0,True,340435.07603795204,0.0,1.0,0,0,120,0,0,0,0,0
planner_daily_h14,38,compound,42,29.0,True,1414206.6835395047,0.44639179265863477,0.9503057848290121,29,6,91,0,29,0,0,0
planner_daily_h14,39,single,42,0.0,True,383274.6392632002,0.0,1.0,0,0,18,0,0,102,0,0
planner_daily_h14,40,dual,42,0.0,True,379597.17207487795,0.0,1.0,0,0,10,0,0,110,0,0
planner_daily_h14,41,compound,42,34.0,True,1482509.6080458318,0.3933237793887669,0.9568506797798114,21,0,23,0,21,76,0,0
planner_daily_h14,42,single,42,0.0,True,342818.814151824,0.0,1.0,0,0,120,0,0,0,0,0
planner_daily_h14,43,dual,42,110.0,False,1049383.0398839018,0.3507364581894239,0.8888804848908313,13,0,30,0,13,77,0,0
planner_daily_h14,44,compound,42,33.0,True,1627700.2265196189,0.46196675755315747,0.9421506622892674,29,6,18,0,29,73,0,0
planner_daily_h14,45,single,42,0.0,True,327254.19400583865,0.0,1.0,0,0,120,0,0,0,0,0
planner_daily_h14,46,dual,42,109.0,True,1106635.053260402,0.3967982132410339,0.8644578349384976,13,0,47,0,13,60,0,0
planner_daily_h14,47,compound,42,35.0,True,1703849.6317358909,0.4105786858253973,0.9525125466814278,23,1,24,0,23,73,0,0
planner_daily_h14,48,single,42,0.0,True,349787.8382147088,0.0,1.0,0,0,10,0,0,110,0,0
planner_daily_h14,49,dual,42,95.0,True,530224.1766423156,0.313562335923262,0.9149964210487582,2,0,68,2,2,48,0,0
planner_daily_h14,50,compound,42,32.0,True,1685239.0146393077,0.4819524302553049,0.9416510190090316,27,5,20,0,27,73,0,0
planner_daily_h14,51,single,42,0.0,True,372110.89186583954,0.0,1.0,0,0,10,0,0,110,0,0
planner_daily_h14,52,dual,42,0.0,True,334289.60772994236,0.0,1.0,0,0,24,0,0,96,0,0
planner_daily_h14,53,compound,42,31.0,True,1359006.082556299,0.0627928624402641,0.9968057560595257,23,1,21,0,23,76,0,0
planner_daily_h14,54,single,42,0.0,True,372758.61364649725,0.0,1.0,0,0,120,0,0,0,0,0
planner_daily_h14,55,dual,42,0.0,True,365110.53048399807,0.0,1.0,0,0,17,0,0,103,0,0
planner_daily_h14,56,compound,42,33.0,True,1734369.6438711456,0.4391071727910407,0.9484037214439303,26,4,22,0,26,72,0,0
planner_daily_h14,57,single,42,0.0,True,416874.4598865072,0.0,1.0,0,0,10,0,0,110,0,0
planner_daily_h14,58,dual,42,0.0,True,363453.5206654419,0.0,1.0,0,0,22,0,0,98,0,0
planner_daily_h14,59,compound,42,0.0,True,1318790.219336604,0.0,1.0,18,0,28,0,18,74,0,0
planner_daily_h14,60,single,42,109.0,True,587527.5515867035,0.36933043427315193,0.8691713488650827,0,0,63,4,0,53,0,0
planner_daily_h14,61,dual,42,0.0,True,399121.0101084924,0.0,1.0,0,0,23,4,0,93,0,0
planner_daily_h14,62,compound,42,110.0,False,1061318.2992100837,0.29968484794860456,0.9146424124162609,16,0,33,9,16,62,0,0
planner_daily_h14,63,single,42,0.0,True,381999.41341169557,0.0,1.0,0,0,10,0,0,110,0,0
planner_daily_h14,64,dual,42,23.0,True,1412231.124337221,0.30987705754563866,0.9792180130120436,22,0,18,0,22,80,0,0
planner_daily_h14,65,compound,42,0.0,True,420250.1485068755,0.0,1.0,0,0,29,8,0,83,0,0
planner_daily_h14,66,single,42,0.0,True,360807.7614433371,0.0,1.0,0,0,10,0,0,110,0,0
planner_daily_h14,67,dual,42,110.0,False,1082422.9670940312,0.2060764873165797,0.9565032853068826,15,0,22,0,15,83,0,0
planner_daily_h14,68,compound,42,28.0,True,1580969.5969895648,0.34846939609002026,0.9683456068928008,26,4,19,0,26,75,0,0
planner_daily_h14,69,single,42,0.0,True,383029.0738676682,0.0,1.0,0,0,10,0,0,110,0,0
planner_daily_h14,70,dual,42,0.0,True,307214.15777025616,0.0,1.0,0,0,120,0,0,0,0,0
planner_daily_h14,71,compound,42,98.0,True,1106095.6818306888,0.31837244806716014,0.9169173220774887,9,0,41,5,9,65,0,0
planner_daily_h14,72,single,42,0.0,True,389423.29619734146,0.0,1.0,0,0,120,0,0,0,0,0
planner_daily_h14,73,dual,42,0.0,True,377521.0552680405,0.0,1.0,0,0,33,0,0,87,0,0
planner_daily_h14,74,compound,42,0.0,True,1342385.5865028282,0.0,1.0,19,0,24,0,19,77,0,0
planner_daily_h14,75,single,42,0.0,True,354033.02876500797,0.0,1.0,0,0,120,0,0,0,0,0
planner_daily_h14,76,dual,42,110.0,False,1070156.0106782438,0.37755932449595536,0.8705464158731996,10,0,30,3,10,77,0,0
planner_daily_h14,77,compound,42,110.0,False,884744.1551431451,0.19903873019505985,0.9596496132441867,11,0,38,0,11,71,0,0
planner_daily_h14,78,single,42,0.0,True,366959.20389469207,0.0,1.0,0,0,120,0,0,0,0,0
planner_daily_h14,79,dual,42,108.0,True,354444.72098945954,0.05386779116904262,0.9949135756742573,0,0,28,0,0,92,0,0
planner_daily_h14,80,compound,42,34.0,True,1540468.084802182,0.17537062168087356,0.9877274720134238,23,1,25,0,23,72,0,0
planner_daily_h14,81,single,42,0.0,True,415331.51511821034,0.0,1.0,0,0,10,0,0,110,0,0
planner_daily_h14,82,dual,42,101.0,True,551033.5472750225,0.29199961356434057,0.9216932253644267,0,0,59,8,0,53,0,0
planner_daily_h14,83,compound,42,31.0,True,1459056.1561089815,0.4788809809648546,0.9415002182166894,26,3,19,0,26,75,0,0
planner_daily_h14,84,single,42,103.0,True,512524.601405574,0.2226574427462142,0.9507470349127743,0,0,46,5,0,69,0,0
planner_daily_h14,85,dual,42,25.0,True,1046010.8745184632,0.20845974694029518,0.9890399822074045,11,0,17,2,11,90,0,0
planner_daily_h14,86,compound,42,31.0,True,1545287.411648125,0.41041904152430003,0.9572172380148319,22,0,22,0,22,76,0,0
planner_daily_h14,87,single,42,0.0,True,341397.7589490199,0.0,1.0,0,0,120,0,0,0,0,0
planner_daily_h14,88,dual,42,0.0,True,347939.8545265737,0.0,1.0,0,0,27,0,0,93,0,0
planner_daily_h14,89,compound,42,0.0,True,1021313.764648791,0.0,1.0,16,0,25,0,16,79,0,0
planner_daily_h14,90,single,42,0.0,True,348905.1219217885,0.0,1.0,0,0,10,0,0,110,0,0
planner_daily_h14,91,dual,42,110.0,False,1409740.9462527959,0.38892910212846155,0.8648167164279787,14,0,27,10,14,69,0,0
planner_daily_h14,92,compound,42,34.0,True,1577125.7119990615,0.3634156589322499,0.9566978961760508,25,3,22,0,25,73,0,0
planner_daily_h14,93,single,42,0.0,True,428256.2593271037,0.0,1.0,0,0,10,0,0,110,0,0
planner_daily_h14,94,dual,42,0.0,True,373862.91247661016,0.0,1.0,0,0,118,2,0,0,0,0
planner_daily_h14,95,compound,42,0.0,True,1189117.7494455797,0.0,1.0,17,0,26,0,17,77,0,0
planner_daily_h14,96,single,42,0.0,True,374697.0088336398,0.0,1.0,0,0,10,0,0,110,0,0
planner_daily_h14,97,dual,42,0.0,True,396631.7465663399,0.0,1.0,0,0,30,0,0,90,0,0
planner_daily_h14,98,compound,42,0.0,True,1522554.7252246812,0.0,1.0,22,0,23,0,22,75,0,0
planner_daily_h14,99,single,42,0.0,True,375528.7140390187,0.0,1.0,0,0,10,0,0,110,0,0
planner_daily_h14,100,dual,42,0.0,True,587453.8948279727,0.0,1.0,3,0,14,9,3,94,0,0
planner_daily_h14,101,compound,42,31.0,True,1611295.5163440201,0.3868874323320345,0.9568040710482304,28,5,18,0,28,74,0,0
planner_daily_h14,102,single,42,0.0,True,326763.64960782655,0.0,1.0,0,0,120,0,0,0,0,0
planner_daily_h14,103,dual,42,0.0,True,320684.8244401521,0.0,1.0,0,0,120,0,0,0,0,0
planner_daily_h14,104,compound,42,0.0,True,417632.7448374914,0.0,1.0,0,0,34,6,0,80,0,0
planner_daily_h14,105,single,42,0.0,True,372041.9091710677,0.0,1.0,0,0,12,0,0,108,0,0
planner_daily_h14,106,dual,42,110.0,False,922943.4959470758,0.09610759331869669,0.9901601370767193,14,0,19,0,14,87,0,0
planner_daily_h14,107,compound,42,0.0,True,386718.43469133705,0.0,1.0,1,0,37,0,1,82,0,0
planner_daily_h14,108,single,42,0.0,True,293546.48233901395,0.0,1.0,0,0,120,0,0,0,0,0
planner_daily_h14,109,dual,42,0.0,True,531673.570089964,0.0,1.0,1,0,16,10,1,93,0,0
planner_daily_h14,110,compound,42,36.0,True,1703372.5976767798,0.39929179871319626,0.9529989918703192,21,0,26,0,21,73,0,0
planner_daily_h14,111,single,42,0.0,True,382011.2393014327,0.0,1.0,0,0,10,0,0,110,0,0
planner_daily_h14,112,dual,42,0.0,True,373485.0520779483,0.0,1.0,0,0,34,0,0,86,0,0
planner_daily_h14,113,compound,42,110.0,False,695048.8351142149,0.1199192511597558,0.9832162710331319,8,0,39,0,8,73,0,0
planner_daily_h14,114,single,42,38.0,True,464449.0236121936,0.17535988686364873,0.9875668446479214,0,0,24,4,0,92,0,0
planner_daily_h14,115,dual,42,0.0,True,1412163.3297284842,0.0,0.9999489214410419,20,0,25,0,20,75,0,0
planner_daily_h14,116,compound,42,35.0,True,1334430.6021944839,0.31028696270002604,0.970236856344248,22,0,98,0,22,0,0,0
planner_daily_h14,117,single,42,0.0,True,367350.6092773071,0.0,1.0,0,0,120,0,0,0,0,0
planner_daily_h14,118,dual,42,29.0,True,1442615.579685414,0.30524973505707415,0.9713047398252576,21,0,20,0,21,79,0,0
planner_daily_h14,119,compound,42,29.0,True,1572900.3505139872,0.46878857246088734,0.9485149056106821,26,3,19,0,26,75,0,0
planner_daily_h14,120,single,42,0.0,True,378568.016478957,0.0,1.0,0,0,10,0,0,110,0,0
planner_daily_h14,121,dual,42,83.0,True,480382.4606022891,0.20111245988160392,0.9665966631633914,2,0,42,3,2,73,0,0
planner_daily_h14,122,compound,42,35.0,True,1529963.9108603594,0.10518193000251154,0.9932707277465938,21,0,27,0,21,72,0,0
planner_daily_h14,123,single,42,0.0,True,406915.85437698715,0.0,1.0,0,0,10,0,0,110,0,0
planner_daily_h14,124,dual,42,95.0,True,1032013.8860482199,0.4933679509724598,0.8241746075297685,9,0,41,8,9,62,0,0
planner_daily_h14,125,compound,42,110.0,False,1005009.3467159166,0.14992286812792904,0.9759364911193475,13,0,33,0,13,74,0,0
planner_daily_h14,126,single,42,0.0,True,350580.4776965405,0.0,1.0,0,0,120,0,0,0,0,0
planner_daily_h14,127,dual,42,0.0,True,396950.5295161365,0.0,1.0,0,0,29,1,0,90,0,0
planner_daily_h14,128,compound,42,0.0,True,824799.6536261823,0.0,1.0,11,0,28,0,11,81,0,0
planner_daily_h14,129,single,42,108.0,True,504077.6530426073,0.2403428322791696,0.9372568745498946,0,0,35,1,0,84,0,0
planner_daily_h14,130,dual,42,100.0,True,941168.4482773186,0.3391254553239706,0.9039880840372521,11,0,34,0,11,75,0,0
planner_daily_h14,131,compound,42,0.0,True,641212.8452710039,0.0,1.0,4,0,28,6,4,82,0,0
planner_daily_h14,132,single,42,0.0,True,381291.1923697371,0.0,1.0,0,0,10,0,0,110,0,0
planner_daily_h14,133,dual,42,0.0,True,1180775.249952724,0.0,1.0,19,0,15,0,19,86,0,0
planner_daily_h14,134,compound,42,0.0,True,1497067.6867260076,0.0,1.0,24,2,26,0,24,70,0,0
planner_daily_h14,135,single,42,0.0,True,406868.0165224978,0.0,1.0,0,0,10,0,0,110,0,0
planner_daily_h14,136,dual,42,33.0,True,1511315.2428377785,0.24401027070392858,0.9825050599004758,18,0,24,0,18,78,0,0
planner_daily_h14,137,compound,42,0.0,True,420221.8050543553,0.0,1.0,1,0,39,0,1,80,0,0
planner_daily_h14,138,single,42,0.0,True,333015.80819978885,0.0,1.0,0,0,120,0,0,0,0,0
planner_daily_h14,139,dual,42,0.0,True,882763.3080963615,0.0,1.0,9,0,17,2,9,92,0,0
planner_daily_h14,140,compound,42,0.0,True,1372922.679338187,0.0,1.0,25,3,21,2,25,72,0,0
planner_daily_h14,141,single,42,0.0,True,387369.4540731728,0.0,1.0,0,0,10,0,0,110,0,0
planner_daily_h14,142,dual,42,0.0,True,378500.7191909562,0.0,1.0,0,0,22,0,0,98,0,0
planner_daily_h14,143,compound,42,31.0,True,1686870.5773826053,0.45480169258938363,0.9488828249627168,26,3,20,1,26,73,0,0
planner_daily_h14,144,single,42,0.0,True,402888.83872634644,0.0,1.0,0,0,12,0,0,108,0,0
planner_daily_h14,145,dual,42,105.0,True,629282.7769191371,0.17371804520473771,0.9683348500849182,3,0,31,10,3,76,0,0
planner_daily_h14,146,compound,42,33.0,True,1609820.1534795023,0.18842517765987704,0.9875915637580043,22,1,25,0,22,73,0,0
planner_daily_h14,147,single,42,95.0,True,477959.4058895493,0.2880817953102463,0.9295128488742714,0,0,36,2,0,82,0,0
planner_daily_h14,148,dual,42,103.0,True,1040230.5090496216,0.4686548021650521,0.8283333766287205,10,0,39,9,10,62,0,0
planner_daily_h14,149,compound,42,0.0,True,361621.63181076664,0.0,1.0,0,0,37,0,0,83,0,0
planner_daily_h14,150,single,42,110.0,False,478535.8122650048,0.30883708203315685,0.9049456494590674,0,0,47,7,0,66,0,0
planner_daily_h14,151,dual,42,104.0,True,1132128.9621914881,0.5943484946105959,0.750887071183914,12,0,51,9,12,48,0,0
planner_daily_h14,152,compound,42,29.0,True,1302515.5455229022,0.4596775160433915,0.9473670684660622,29,7,91,0,29,0,0,0
planner_daily_h14,153,single,42,0.0,True,331811.86494220654,0.0,1.0,0,0,120,0,0,0,0,0
planner_daily_h14,154,dual,42,0.0,True,391834.0903187187,0.0,1.0,0,0,16,2,0,102,0,0
planner_daily_h14,155,compound,42,28.0,True,1554488.4641603592,0.5504889329047871,0.9367564881877232,29,6,18,1,29,72,0,0
planner_daily_h14,156,single,42,44.0,True,437230.85152565496,0.24408481572168836,0.9755518710057577,0,0,24,0,0,96,0,0
planner_daily_h14,157,dual,42,0.0,True,443403.6857805828,0.0,1.0,0,0,21,1,0,98,0,0
planner_daily_h14,158,compound,42,0.0,True,1451663.850709789,0.0,1.0,18,0,25,0,18,77,0,0
planner_daily_h14,159,single,42,0.0,True,419230.0039360908,0.0,1.0,0,0,10,0,0,110,0,0
planner_daily_h14,160,dual,42,0.0,True,339219.2317132721,0.0,1.0,0,0,118,2,0,0,0,0
planner_daily_h14,161,compound,42,29.0,True,1758625.8734240602,0.40014993951465927,0.9631655426381527,23,1,21,1,23,75,0,0
planner_daily_h14,162,single,42,0.0,True,357405.4124515174,0.0,1.0,0,0,10,0,0,110,0,0
planner_daily_h14,163,dual,42,104.0,True,434786.751360206,0.14444572909436665,0.9785901639451494,0,0,23,1,0,96,0,0
planner_daily_h14,164,compound,42,30.0,True,1206172.2758510197,0.07592832874182404,0.9962081353484965,23,2,97,0,23,0,0,0
planner_daily_h14,165,single,42,105.0,True,594492.4034713742,0.2869302584069778,0.9158196268092104,0,0,55,6,0,59,0,0
planner_daily_h14,166,dual,42,83.0,True,1048021.0896650875,0.5128097725804572,0.8394007595734666,9,0,37,9,9,65,0,0
planner_daily_h14,167,compound,42,0.0,True,1232827.2225982465,0.0,1.0,26,4,94,0,26,0,0,0
planner_daily_h14,168,single,42,0.0,True,367941.4889447143,0.0,1.0,0,0,10,0,0,110,0,0
planner_daily_h14,169,dual,42,0.0,True,404209.6905464444,0.0,1.0,0,0,10,0,0,110,0,0
planner_daily_h14,170,compound,42,33.0,True,1659744.3507491944,0.4440429051748309,0.9463938971930326,24,1,21,0,24,75,0,0
planner_daily_h14,171,single,42,110.0,False,389669.5650049345,0.1593312637877829,0.9711538515173486,0,0,34,0,0,86,0,0
planner_daily_h14,172,dual,42,106.0,True,1001674.5907953426,0.3284917132420187,0.9039105754135107,11,0,29,0,11,80,0,0
planner_daily_h14,173,compound,42,31.0,True,1645335.2402799928,0.19143683419119112,0.9880705866419152,23,1,24,0,23,73,0,0
planner_daily_h14,174,single,42,0.0,True,381036.9605317182,0.0,1.0,0,0,10,0,0,110,0,0
planner_daily_h14,175,dual,42,0.0,True,308134.68800185487,0.0,1.0,0,0,27,0,0,93,0,0
planner_daily_h14,176,compound,42,0.0,True,1287934.6861715124,0.0,1.0,22,1,98,0,22,0,0,0
planner_daily_h14,177,single,42,0.0,True,397114.6114932156,0.0,1.0,0,0,10,0,0,110,0,0
planner_daily_h14,178,dual,42,0.0,True,1436430.5636127673,0.0,1.0,19,0,26,1,19,74,0,0
planner_daily_h14,179,compound,42,30.0,True,1187268.764411064,0.19700611932667805,0.9877251564006888,27,4,91,2,27,0,0,0
planner_daily_h14,180,single,42,0.0,True,349709.7064261981,0.0,1.0,0,0,10,0,0,110,0,0
planner_daily_h14,181,dual,42,0.0,True,361175.705328068,0.0,1.0,0,0,33,0,0,87,0,0
planner_daily_h14,182,compound,42,34.0,True,1363669.6665234081,0.1461418247722675,0.9902486451811818,24,3,25,0,24,71,0,0
planner_daily_h14,183,single,42,86.0,True,489096.46912497067,0.39247433697236916,0.8934824785974105,0,0,37,4,0,79,0,0
planner_daily_h14,184,dual,42,107.0,True,471984.87469079497,0.1713741676801824,0.9690517396677276,0,0,44,9,0,67,0,0
planner_daily_h14,185,compound,42,33.0,True,1530614.646895982,0.2864327955203397,0.9726819756871911,24,3,24,0,24,72,0,0
planner_daily_h14,186,single,42,0.0,True,358760.1909716968,0.0,1.0,0,0,10,0,0,110,0,0
planner_daily_h14,187,dual,42,109.0,True,781224.2766181402,0.30415654812142906,0.9099117864975226,9,0,37,10,9,64,0,0
planner_daily_h14,188,compound,42,27.0,True,1518457.375400615,0.20809704963663467,0.9877243489592582,28,6,19,0,28,73,0,0
planner_daily_h14,189,single,42,96.0,True,508094.77306666167,0.13980602091429079,0.9786084141864958,0,0,32,4,0,84,0,0
planner_daily_h14,190,dual,42,103.0,True,1029480.267285809,0.27074085201233183,0.933967124373754,9,0,31,2,9,78,0,0
planner_daily_h14,191,compound,42,32.0,True,1584800.6402774057,0.26354015323347635,0.9792539268369979,21,0,29,0,21,70,0,0
planner_daily_h14,192,single,42,0.0,True,330515.0129895087,0.0,1.0,0,0,120,0,0,0,0,0
planner_daily_h14,193,dual,42,0.0,True,441358.4435946199,0.0,1.0,0,0,30,0,0,90,0,0
planner_daily_h14,194,compound,42,29.0,True,1567792.0723773493,0.28717696670526155,0.9776345708203453,24,2,20,0,24,76,0,0
planner_daily_h14,195,single,42,106.0,True,502075.23473181826,0.2815288565656995,0.9170263127426275,0,0,56,0,0,64,0,0
planner_daily_h14,196,dual,42,0.0,True,467118.9175751673,0.0,0.9987692741539451,1,0,20,9,1,90,0,0
planner_daily_h14,197,compound,42,0.0,True,1236233.5654755046,0.0,1.0,20,0,25,0,20,75,0,0
planner_daily_h14,198,single,42,0.0,True,330999.16107774543,0.0,1.0,0,0,120,0,0,0,0,0
planner_daily_h14,199,dual,42,110.0,False,1236829.5872280165,0.502791430758081,0.7912550904170448,13,0,43,9,13,55,0,0
planner_daily_h14,0,single,43,0.0,True,332563.0591712982,0.0,1.0,0,0,120,0,0,0,0,0
planner_daily_h14,1,dual,43,84.0,True,540413.6215750994,0.3488597343625474,0.9057049846514004,0,0,59,6,0,55,0,0
planner_daily_h14,2,compound,43,0.0,True,1076842.819818022,0.0,1.0,17,0,25,0,17,78,0,0
planner_daily_h14,3,single,43,0.0,True,345729.9334943593,0.0,1.0,0,0,120,0,0,0,0,0
planner_daily_h14,4,dual,43,110.0,False,1072695.2081228958,0.34954660324136033,0.8910153556947994,13,0,29,0,13,78,0,0
planner_daily_h14,5,compound,43,30.0,True,1485522.8852250902,0.5829393137744607,0.9260876085501559,27,4,18,0,27,75,0,0
planner_daily_h14,6,single,43,0.0,True,390295.1960526101,0.0,1.0,0,0,10,0,0,110,0,0
planner_daily_h14,7,dual,43,108.0,True,818010.9680499323,0.4467397104872435,0.8231132798906,3,0,73,8,3,36,0,0
planner_daily_h14,8,compound,43,27.0,True,1175819.5289309917,0.29317505833148844,0.9784257141926712,17,0,23,8,17,72,0,0
planner_daily_h14,9,single,43,44.0,True,400045.97739886073,0.20694040611744308,0.9827419826642537,0,0,24,1,0,95,0,0
planner_daily_h14,10,dual,43,110.0,False,1084992.2516413,0.2905031422223469,0.9177143535306016,11,0,31,2,11,76,0,0
planner_daily_h14,11,compound,43,0.0,True,1476172.3246002859,0.0,1.0,18,0,27,0,18,75,0,0
planner_daily_h14,12,single,43,0.0,True,386806.7763738877,0.0,1.0,0,0,10,0,0,110,0,0
planner_daily_h14,13,dual,43,0.0,True,1315618.9462076812,0.0,1.0,20,0,99,1,20,0,0,0
planner_daily_h14,14,compound,43,0.0,True,1538933.288055496,0.0,1.0,25,2,19,0,25,76,0,0
planner_daily_h14,15,single,43,0.0,True,331926.0948761814,0.0,1.0,0,0,120,0,0,0,0,0
planner_daily_h14,16,dual,43,0.0,True,388472.9067080088,0.0,1.0,0,0,32,0,0,88,0,0
planner_daily_h14,17,compound,43,34.0,True,1573062.9146399798,0.5170257346055397,0.931023256248212,24,1,20,0,24,76,0,0
planner_daily_h14,18,single,43,0.0,True,353253.97989165876,0.0,1.0,0,0,10,0,0,110,0,0
planner_daily_h14,19,dual,43,97.0,True,506458.94471498,0.23523576216887454,0.9503223111147677,0,0,53,4,0,63,0,0
planner_daily_h14,20,compound,43,30.0,True,1650502.0807981414,0.5254225496652389,0.9376435121613688,30,8,18,0,30,72,0,0
planner_daily_h14,21,single,43,76.0,True,561702.1313397491,0.4097234861121173,0.8922299213172002,0,0,37,6,0,77,0,0
planner_daily_h14,22,dual,43,0.0,True,372216.81532826065,0.0,1.0,0,0,13,0,0,107,0,0
planner_daily_h14,23,compound,43,30.0,True,1465840.1166079757,0.2741136645613234,0.9789679342526975,27,4,20,0,27,73,0,0
planner_daily_h14,24,single,43,0.0,True,335530.25950484816,0.0,1.0,0,0,120,0,0,0,0,0
planner_daily_h14,25,dual,43,0.0,True,421681.6914487839,0.0,1.0,0,0,26,1,0,93,0,0
planner_daily_h14,26,compound,43,0.0,True,1336888.3537594415,0.0,1.0,18,0,28,0,18,74,0,0
planner_daily_h14,27,single,43,0.0,True,352769.9531272985,0.0,1.0,0,0,120,0,0,0,0,0
planner_daily_h14,28,dual,43,0.0,True,361142.2931322726,0.0,1.0,0,0,28,0,0,92,0,0
planner_daily_h14,29,compound,43,41.0,True,1383528.8499758297,0.04424325707414012,0.9974107096738299,24,2,95,1,24,0,0,0
planner_daily_h14,30,single,43,0.0,True,416251.0655866762,0.0,1.0,0,0,10,0,0,110,0,0
planner_daily_h14,31,dual,43,0.0,True,352071.15179774235,0.0,1.0,0,0,36,0,0,84,0,0
planner_daily_h14,32,compound,43,0.0,True,1145260.628436827,0.0,1.0,17,0,26,0,17,77,0,0
planner_daily_h14,33,single,43,0.0,True,319467.05495977995,0.0,1.0,0,0,120,0,0,0,0,0
planner_daily_h14,34,dual,43,0.0,True,354798.0892838199,0.0,1.0,0,0,28,0,0,92,0,0
planner_daily_h14,35,compound,43,30.0,True,1252498.4966139428,0.4552260870040158,0.9478662484741064,29,6,91,0,29,0,0,0
planner_daily_h14,36,single,43,0.0,True,400796.3834607285,0.0,1.0,0,0,10,0,0,110,0,0
planner_daily_h14,37,dual,43,0.0,True,340435.07603795204,0.0,1.0,0,0,120,0,0,0,0,0
planner_daily_h14,38,compound,43,29.0,True,1414206.6835395047,0.44639179265863477,0.9503057848290121,29,6,91,0,29,0,0,0
planner_daily_h14,39,single,43,0.0,True,383274.6392632002,0.0,1.0,0,0,19,0,0,101,0,0
planner_daily_h14,40,dual,43,0.0,True,379597.17207487795,0.0,1.0,0,0,12,0,0,108,0,0
planner_daily_h14,41,compound,43,34.0,True,1482509.6080458318,0.3933237793887669,0.9568506797798114,21,0,23,0,21,76,0,0
planner_daily_h14,42,single,43,0.0,True,342818.814151824,0.0,1.0,0,0,120,0,0,0,0,0
planner_daily_h14,43,dual,43,110.0,False,1019431.9968968347,0.43194232648873976,0.8405017761358915,12,0,37,0,12,71,0,0
planner_daily_h14,44,compound,43,33.0,True,1627700.2265196189,0.46196675755315747,0.9421506622892674,29,6,18,0,29,73,0,0
planner_daily_h14,45,single,43,0.0,True,327254.19400583865,0.0,1.0,0,0,120,0,0,0,0,0
planner_daily_h14,46,dual,43,30.0,True,1623569.53182421,0.32516062258666434,0.9698563905124712,22,0,24,0,22,74,0,0
planner_daily_h14,47,compound,43,34.0,True,1669494.5464999464,0.3676778538200351,0.961603455772337,23,1,23,0,23,74,0,0
planner_daily_h14,48,single,43,0.0,True,349787.8382147088,0.0,1.0,0,0,10,0,0,110,0,0
planner_daily_h14,49,dual,43,70.0,True,511387.8304228596,0.2671184717102804,0.9545598949048825,2,0,44,4,2,70,0,0
planner_daily_h14,50,compound,43,33.0,True,1729512.011442745,0.5203718257757144,0.9325601099181224,26,4,21,1,26,72,0,0
planner_daily_h14,51,single,43,0.0,True,372110.89186583954,0.0,1.0,0,0,11,0,0,109,0,0
planner_daily_h14,52,dual,43,0.0,True,334289.60772994236,0.0,1.0,0,0,24,0,0,96,0,0
planner_daily_h14,53,compound,43,31.0,True,1378160.4049590263,0.0627928624402641,0.9968057560595257,24,1,20,0,24,76,0,0
planner_daily_h14,54,single,43,0.0,True,372758.61364649725,0.0,1.0,0,0,120,0,0,0,0,0
planner_daily_h14,55,dual,43,0.0,True,381125.8237482519,0.0,1.0,0,0,15,2,0,103,0,0
planner_daily_h14,56,compound,43,33.0,True,1737261.2327026436,0.4391071727910407,0.9484037214439303,23,1,22,0,23,75,0,0
planner_daily_h14,57,single,43,0.0,True,416874.4598865072,0.0,1.0,0,0,10,0,0,110,0,0
planner_daily_h14,58,dual,43,0.0,True,363453.5206654419,0.0,1.0,0,0,24,0,0,96,0,0
planner_daily_h14,59,compound,43,0.0,True,604790.5943919793,0.0,1.0,4,0,30,7,4,79,0,0
planner_daily_h14,60,single,43,97.0,True,581102.5997697304,0.3205109179014382,0.9119227188376132,0,0,47,6,0,67,0,0
planner_daily_h14,61,dual,43,0.0,True,399121.0101084924,0.0,1.0,0,0,22,4,0,94,0,0
planner_daily_h14,62,compound,43,34.0,True,901090.9902274061,0.25411931351360195,0.9785576267955204,17,0,95,8,17,0,0,0
planner_daily_h14,63,single,43,0.0,True,381999.41341169557,0.0,1.0,0,0,10,0,0,110,0,0
planner_daily_h14,64,dual,43,24.0,True,1436060.6597570155,0.3347420408472943,0.9759214194685607,22,0,15,0,22,83,0,0
planner_daily_h14,65,compound,43,110.0,False,416680.7975783161,0.09688371482778739,0.9895285573476346,0,0,38,6,0,76,0,0
planner_daily_h14,66,single,43,0.0,True,360807.7614433371,0.0,1.0,0,0,10,0,0,110,0,0
planner_daily_h14,67,dual,43,110.0,False,1095833.9332869644,0.3294958721856272,0.8976182380043308,14,0,28,0,14,78,0,0
planner_daily_h14,68,compound,43,28.0,True,1601123.9918734243,0.34846939609002026,0.9683456068928008,27,4,18,0,27,75,0,0
planner_daily_h14,69,single,43,0.0,True,383029.0738676682,0.0,1.0,0,0,10,0,0,110,0,0
planner_daily_h14,70,dual,43,0.0,True,307214.15777025616,0.0,1.0,0,0,120,0,0,0,0,0
planner_daily_h14,71,compound,43,37.0,True,1376295.1026956944,0.20390734236922736,0.9825384303526595,22,1,98,0,22,0,0,0
planner_daily_h14,72,single,43,0.0,True,389423.29619734146,0.0,1.0,0,0,120,0,0,0,0,0
planner_daily_h14,73,dual,43,0.0,True,376368.223717269,0.0,1.0,0,0,32,0,0,88,0,0
planner_daily_h14,74,compound,43,0.0,True,1342385.5865028282,0.0,1.0,19,0,24,0,19,77,0,0
planner_daily_h14,75,single,43,0.0,True,354033.02876500797,0.0,1.0,0,0,120,0,0,0,0,0
planner_daily_h14,76,dual,43,110.0,False,1135907.1604536348,0.6584631856616664,0.6933864048322055,10,0,51,9,10,50,0,0
planner_daily_h14,77,compound,43,0.0,True,1338673.2983989925,0.0,1.0,18,0,26,0,18,76,0,0
planner_daily_h14,78,single,43,0.0,True,366959.20389469207,0.0,1.0,0,0,120,0,0,0,0,0
planner_daily_h14,79,dual,43,108.0,True,354444.72098945954,0.05386779116904262,0.9949135756742573,0,0,30,0,0,90,0,0
planner_daily_h14,80,compound,43,34.0,True,1540468.084802182,0.17537062168087356,0.9877274720134238,23,1,25,0,23,72,0,0
planner_daily_h14,81,single,43,0.0,True,415331.51511821034,0.0,1.0,0,0,10,0,0,110,0,0
planner_daily_h14,82,dual,43,102.0,True,566871.0078835713,0.3020348007023781,0.9157036312940634,0,0,56,9,0,55,0,0
planner_daily_h14,83,compound,43,30.0,True,1443850.5178133522,0.43551266852785464,0.9505911273075984,28,5,18,0,28,74,0,0
planner_daily_h14,84,single,43,103.0,True,512524.601405574,0.2226574427462142,0.9507470349127743,0,0,46,5,0,69,0,0
planner_daily_h14,85,dual,43,109.0,True,1099137.6354443342,0.13656637643371952,0.9778648525137107,11,0,23,2,11,84,0,0
planner_daily_h14,86,compound,43,31.0,True,1545287.411648125,0.41041904152430003,0.9572172380148319,22,0,22,0,22,76,0,0
planner_daily_h14,87,single,43,0.0,True,341397.7589490199,0.0,1.0,0,0,120,0,0,0,0,0
planner_daily_h14,88,dual,43,0.0,True,372109.46802635945,0.0,1.0,0,0,28,0,0,92,0,0
planner_daily_h14,89,compound,43,0.0,True,1447527.4813422475,0.0,1.0,23,1,20,0,23,77,0,0
planner_daily_h14,90,single,43,0.0,True,348905.1219217885,0.0,1.0,0,0,10,0,0,110,0,0
planner_daily_h14,91,dual,43,110.0,False,1352244.0101369396,0.4293581474067425,0.8390187324293021,12,0,34,10,12,64,0,0
planner_daily_h14,92,compound,43,31.0,True,1563946.700307676,0.37674587331761833,0.9598861998301782,25,3,21,0,25,74,0,0
planner_daily_h14,93,single,43,0.0,True,428256.2593271037,0.0,1.0,0,0,10,0,0,110,0,0
planner_daily_h14,94,dual,43,0.0,True,385128.60518348985,0.0,1.0,0,0,119,1,0,0,0,0
planner_daily_h14,95,compound,43,0.0,True,1189117.7494455797,0.0,1.0,17,0,26,0,17,77,0,0
planner_daily_h14,96,single,43,0.0,True,374697.0088336398,0.0,1.0,0,0,10,0,0,110,0,0
planner_daily_h14,97,dual,43,0.0,True,396631.7465663399,0.0,1.0,0,0,29,0,0,91,0,0
planner_daily_h14,98,compound,43,0.0,True,1522554.7252246812,0.0,1.0,22,0,23,0,22,75,0,0
planner_daily_h14,99,single,43,0.0,True,375528.7140390187,0.0,1.0,0,0,10,0,0,110,0,0
planner_daily_h14,100,dual,43,105.0,True,525796.8885140726,0.036924154131025504,0.9954616616213959,2,0,22,10,2,86,0,0
planner_daily_h14,101,compound,43,31.0,True,1611295.5163440201,0.3868874323320345,0.9568040710482304,28,5,18,0,28,74,0,0
planner_daily_h14,102,single,43,0.0,True,326763.64960782655,0.0,1.0,0,0,120,0,0,0,0,0
planner_daily_h14,103,dual,43,0.0,True,320684.8244401521,0.0,1.0,0,0,120,0,0,0,0,0
planner_daily_h14,104,compound,43,99.0,True,411960.3545938302,0.14901489188808834,0.9782835869557805,0,0,38,5,0,77,0,0
planner_daily_h14,105,single,43,0.0,True,372041.9091710677,0.0,1.0,0,0,11,0,0,109,0,0
planner_daily_h14,106,dual,43,110.0,False,922943.4959470758,0.09610759331869669,0.9901601370767193,14,0,19,0,14,87,0,0
planner_daily_h14,107,compound,43,0.0,True,420272.53402541584,0.0,1.0,2,0,35,0,2,83,0,0
planner_daily_h14,108,single,43,0.0,True,331626.0126184661,0.0,1.0,0,0,119,1,0,0,0,0
planner_daily_h14,109,dual,43,0.0,True,486036.40826198907,0.0,1.0,0,0,16,10,0,94,0,0
planner_daily_h14,110,compound,43,36.0,True,1695287.8503973228,0.39929179871319626,0.9529989918703192,21,0,25,0,21,74,0,0
planner_daily_h14,111,single,43,0.0,True,382011.2393014327,0.0,1.0,0,0,10,0,0,110,0,0
planner_daily_h14,112,dual,43,0.0,True,373485.0520779483,0.0,1.0,0,0,34,0,0,86,0,0
planner_daily_h14,113,compound,43,83.0,True,593164.8229570865,0.10695930989288852,0.9911915927676843,6,0,44,0,6,70,0,0
planner_daily_h14,114,single,43,38.0,True,464449.0236121936,0.17535988686364873,0.9875668446479214,0,0,21,4,0,95,0,0
planner_daily_h14,115,dual,43,76.0,True,578979.3106331608,0.42097458105264224,0.892000320592758,1,0,58,9,1,52,0,0
planner_daily_h14,116,compound,43,35.0,True,1530205.865000745,0.31028696270002604,0.970236856344248,21,0,27,0,21,72,0,0
planner_daily_h14,117,single,43,0.0,True,367350.6092773071,0.0,1.0,0,0,120,0,0,0,0,0
planner_daily_h14,118,dual,43,29.0,True,1513172.6038961902,0.30524973505707415,0.9713047398252576,22,0,17,0,22,81,0,0
planner_daily_h14,119,compound,43,29.0,True,1370121.4831359792,0.46878857246088734,0.9485149056106821,28,5,90,2,28,0,0,0
planner_daily_h14,120,single,43,0.0,True,378568.016478957,0.0,1.0,0,0,10,0,0,110,0,0
planner_daily_h14,121,dual,43,83.0,True,419357.2574805131,0.21250024720680372,0.9635004796130454,0,0,44,9,0,67,0,0
planner_daily_h14,122,compound,43,35.0,True,1529963.9108603594,0.10518193000251154,0.9932707277465938,21,0,27,0,21,72,0,0
planner_daily_h14,123,single,43,0.0,True,406915.85437698715,0.0,1.0,0,0,10,0,0,110,0,0
planner_daily_h14,124,dual,43,96.0,True,918822.1060942828,0.4348398671280556,0.8551147402799947,8,0,41,10,8,61,0,0
planner_daily_h14,125,compound,43,0.0,True,1423632.4917682083,0.0,1.0,19,0,26,0,19,75,0,0
planner_daily_h14,126,single,43,0.0,True,350580.4776965405,0.0,1.0,0,0,120,0,0,0,0,0
planner_daily_h14,127,dual,43,0.0,True,382058.7716343484,0.0,1.0,0,0,27,0,0,93,0,0
planner_daily_h14,128,compound,43,0.0,True,655494.1931505784,0.0,1.0,5,0,29,1,5,85,0,0
planner_daily_h14,129,single,43,108.0,True,493863.3201074878,0.23790514633290305,0.9393313245001572,0,0,35,1,0,84,0,0
planner_daily_h14,130,dual,43,100.0,True,951877.0998599131,0.38707588874441046,0.880225529754395,11,0,36,0,11,73,0,0
planner_daily_h14,131,compound,43,110.0,False,623215.697828355,0.16289354450740967,0.9734694770183512,3,0,32,8,3,77,0,0
planner_daily_h14,132,single,43,0.0,True,381291.1923697371,0.0,1.0,0,0,10,0,0,110,0,0
planner_daily_h14,133,dual,43,0.0,True,1051413.5068864275,0.0,1.0,17,0,20,0,17,83,0,0
planner_daily_h14,134,compound,43,0.0,True,1324368.1778788466,0.0,1.0,24,2,94,2,24,0,0,0
planner_daily_h14,135,single,43,0.0,True,406868.0165224978,0.0,1.0,0,0,10,0,0,110,0,0
planner_daily_h14,136,dual,43,32.0,True,1652478.919336698,0.16563124345585173,0.9915959689913849,20,0,23,1,20,76,0,0
planner_daily_h14,137,compound,43,0.0,True,1279589.3525226829,0.0,1.0,17,0,27,0,17,76,0,0
planner_daily_h14,138,single,43,0.0,True,333015.80819978885,0.0,1.0,0,0,120,0,0,0,0,0
planner_daily_h14,139,dual,43,0.0,True,817426.3508438878,0.0,1.0,9,0,21,2,9,88,0,0
planner_daily_h14,140,compound,43,0.0,True,1372922.679338187,0.0,1.0,25,3,21,2,25,72,0,0
planner_daily_h14,141,single,43,0.0,True,387369.4540731728,0.0,1.0,0,0,10,0,0,110,0,0
planner_daily_h14,142,dual,43,0.0,True,378420.3656680698,0.0,1.0,0,0,25,0,0,95,0,0
planner_daily_h14,143,compound,43,31.0,True,1686870.5773826053,0.45480169258938363,0.9488828249627168,26,3,20,1,26,73,0,0
planner_daily_h14,144,single,43,0.0,True,402888.83872634644,0.0,1.0,0,0,11,0,0,109,0,0
planner_daily_h14,145,dual,43,106.0,True,832107.9521950912,0.42161207786978255,0.8446449109641223,5,0,48,8,5,59,0,0
planner_daily_h14,146,compound,43,33.0,True,1609820.1534795023,0.18842517765987704,0.9875915637580043,22,1,25,0,22,73,0,0
planner_daily_h14,147,single,43,95.0,True,477959.4058895493,0.2880817953102463,0.9295128488742714,0,0,40,2,0,78,0,0
planner_daily_h14,148,dual,43,103.0,True,1125177.5119098802,0.3649366014250703,0.8879523845722459,11,0,27,8,11,74,0,0
planner_daily_h14,149,compound,43,0.0,True,361621.63181076664,0.0,1.0,0,0,37,0,0,83,0,0
planner_daily_h14,150,single,43,110.0,False,478535.8122650048,0.30883708203315685,0.9049456494590674,0,0,46,8,0,66,0,0
planner_daily_h14,151,dual,43,103.0,True,1166662.055637447,0.5864523742286982,0.7559034418900074,12,0,45,10,12,53,0,0
planner_daily_h14,152,compound,43,29.0,True,1539375.6009004386,0.4596775160433915,0.9473670684660622,29,7,19,0,29,72,0,0
planner_daily_h14,153,single,43,0.0,True,331811.86494220654,0.0,1.0,0,0,120,0,0,0,0,0
planner_daily_h14,154,dual,43,0.0,True,391838.6133383638,0.0,1.0,0,0,14,2,0,104,0,0
planner_daily_h14,155,compound,43,28.0,True,1564685.9092220312,0.5504889329047871,0.9367564881877232,28,5,17,0,28,75,0,0
planner_daily_h14,156,single,43,44.0,True,437230.85152565496,0.24408481572168836,0.9755518710057577,0,0,26,0,0,94,0,0
planner_daily_h14,157,dual,43,0.0,True,383012.3978215455,0.0,1.0,0,0,23,0,0,97,0,0
planner_daily_h14,158,compound,43,103.0,True,964544.5802658972,0.22596234465119308,0.9539977872460339,11,0,39,0,11,70,0,0
planner_daily_h14,159,single,43,0.0,True,419230.0039360908,0.0,1.0,0,0,10,0,0,110,0,0
planner_daily_h14,160,dual,43,0.0,True,367449.5759280988,0.0,1.0,0,0,43,0,0,77,0,0
planner_daily_h14,161,compound,43,29.0,True,1758625.8734240602,0.40014993951465927,0.9631655426381527,23,1,21,1,23,75,0,0
planner_daily_h14,162,single,43,0.0,True,357405.4124515174,0.0,1.0,0,0,10,0,0,110,0,0
planner_daily_h14,163,dual,43,104.0,True,434786.751360206,0.14444572909436665,0.9785901639451494,0,0,23,1,0,96,0,0
planner_daily_h14,164,compound,43,30.0,True,1450787.1804264511,0.07592832874182404,0.9962081353484965,23,2,25,0,23,72,0,0
planner_daily_h14,165,single,43,105.0,True,594492.4034713742,0.2869302584069778,0.9158196268092104,0,0,53,6,0,61,0,0
planner_daily_h14,166,dual,43,110.0,False,1021043.7155296896,0.4163781323976259,0.8456713525613027,9,0,41,10,9,60,0,0
planner_daily_h14,167,compound,43,0.0,True,1472668.2775983813,0.0,1.0,27,5,21,0,27,72,0,0
planner_daily_h14,168,single,43,0.0,True,367941.4889447143,0.0,1.0,0,0,10,0,0,110,0,0
planner_daily_h14,169,dual,43,0.0,True,404209.6905464444,0.0,1.0,0,0,10,0,0,110,0,0
planner_daily_h14,170,compound,43,33.0,True,1659744.3507491944,0.4440429051748309,0.9463938971930326,24,1,21,0,24,75,0,0
planner_daily_h14,171,single,43,110.0,False,389669.5650049345,0.1593312637877829,0.9711538515173486,0,0,34,0,0,86,0,0
planner_daily_h14,172,dual,43,96.0,True,675075.3582332684,0.20950978214372004,0.9611385992632285,6,0,35,0,6,79,0,0
planner_daily_h14,173,compound,43,31.0,True,1663752.598366538,0.19143683419119112,0.9880705866419152,24,2,25,0,24,71,0,0
planner_daily_h14,174,single,43,0.0,True,381036.9605317182,0.0,1.0,0,0,10,0,0,110,0,0
planner_daily_h14,175,dual,43,0.0,True,308134.68800185487,0.0,1.0,0,0,27,0,0,93,0,0
planner_daily_h14,176,compound,43,0.0,True,1287934.6861715124,0.0,1.0,22,1,98,0,22,0,0,0
planner_daily_h14,177,single,43,0.0,True,397114.6114932156,0.0,1.0,0,0,10,0,0,110,0,0
planner_daily_h14,178,dual,43,110.0,False,518704.80015812174,0.29391771167280306,0.9162134524072048,0,0,54,9,0,57,0,0
planner_daily_h14,179,compound,43,30.0,True,1239613.7597510624,0.19700611932667805,0.9877251564006888,27,4,92,1,27,0,0,0
planner_daily_h14,180,single,43,0.0,True,349709.7064261981,0.0,1.0,0,0,10,0,0,110,0,0
planner_daily_h14,181,dual,43,0.0,True,427355.58236514864,0.0,1.0,0,0,33,1,0,86,0,0
planner_daily_h14,182,compound,43,34.0,True,1363669.6665234081,0.1461418247722675,0.9902486451811818,24,3,25,0,24,71,0,0
planner_daily_h14,183,single,43,85.0,True,471865.36625052604,0.3414317028492682,0.9134564444021366,0,0,42,4,0,74,0,0
planner_daily_h14,184,dual,43,109.0,True,539980.8807291175,0.2774307779139208,0.9243633719216678,0,0,63,9,0,48,0,0
planner_daily_h14,185,compound,43,33.0,True,1363746.4445250446,0.2864327955203397,0.9726819756871911,24,3,95,1,24,0,0,0
planner_daily_h14,186,single,43,0.0,True,358760.1909716968,0.0,1.0,0,0,10,0,0,110,0,0
planner_daily_h14,187,dual,43,0.0,True,756573.8517932477,0.0,0.9998825487364782,8,0,19,1,8,92,0,0
planner_daily_h14,188,compound,43,27.0,True,1518457.375400615,0.20809704963663467,0.9877243489592582,28,6,19,0,28,73,0,0
planner_daily_h14,189,single,43,96.0,True,508094.77306666167,0.13980602091429079,0.9786084141864958,0,0,32,4,0,84,0,0
planner_daily_h14,190,dual,43,103.0,True,1071421.210908273,0.4992593213512332,0.8103164255074888,10,0,41,8,10,61,0,0
planner_daily_h14,191,compound,43,32.0,True,1584995.762858192,0.26354015323347635,0.9792539268369979,22,1,28,0,22,70,0,0
planner_daily_h14,192,single,43,0.0,True,350495.58351079415,0.0,1.0,0,0,119,1,0,0,0,0
planner_daily_h14,193,dual,43,0.0,True,441358.4435946199,0.0,1.0,0,0,30,0,0,90,0,0
planner_daily_h14,194,compound,43,29.0,True,1588263.409841464,0.28717696670526155,0.9776345708203453,25,2,19,0,25,76,0,0
planner_daily_h14,195,single,43,106.0,True,502075.23473181826,0.2815288565656995,0.9170263127426275,0,0,56,0,0,64,0,0
planner_daily_h14,196,dual,43,98.0,True,526653.6346072018,0.19206611150341893,0.9639280894328408,2,0,32,9,2,77,0,0
planner_daily_h14,197,compound,43,0.0,True,1236233.5654755046,0.0,1.0,20,0,25,0,20,75,0,0
planner_daily_h14,198,single,43,0.0,True,330999.16107774543,0.0,1.0,0,0,120,0,0,0,0,0
planner_daily_h14,199,dual,43,107.0,True,1199414.6502840011,0.43548579122851144,0.8418464555765481,13,0,36,10,13,61,0,0
planner_daily_h14,0,single,44,0.0,True,332563.0591712982,0.0,1.0,0,0,120,0,0,0,0,0
planner_daily_h14,1,dual,44,84.0,True,540413.6215750994,0.3488597343625474,0.9057049846514004,0,0,60,6,0,54,0,0
planner_daily_h14,2,compound,44,0.0,True,1241743.378155067,0.0,1.0,25,2,95,0,25,0,0,0
planner_daily_h14,3,single,44,0.0,True,345729.9334943593,0.0,1.0,0,0,120,0,0,0,0,0
planner_daily_h14,4,dual,44,110.0,False,1064964.488394405,0.19874947055208153,0.959773007888902,14,0,21,0,14,85,0,0
planner_daily_h14,5,compound,44,30.0,True,1485522.8852250902,0.5829393137744607,0.9260876085501559,27,4,18,0,27,75,0,0
planner_daily_h14,6,single,44,0.0,True,390295.1960526101,0.0,1.0,0,0,10,0,0,110,0,0
planner_daily_h14,7,dual,44,108.0,True,796039.5813682969,0.4248496136662233,0.8343280769028235,3,0,70,9,3,38,0,0
planner_daily_h14,8,compound,44,110.0,False,1068131.5819662216,0.28438462108195617,0.921103746935145,16,0,31,9,16,64,0,0
planner_daily_h14,9,single,44,44.0,True,400045.97739886073,0.20694040611744308,0.9827419826642537,0,0,21,3,0,96,0,0
planner_daily_h14,10,dual,44,110.0,False,994511.9546721946,0.4535794239744652,0.8218446355099592,9,0,49,10,9,52,0,0
planner_daily_h14,11,compound,44,110.0,False,1071934.9462611899,0.10660856916864044,0.986486012974932,13,0,31,0,13,76,0,0
planner_daily_h14,12,single,44,0.0,True,386806.7763738877,0.0,1.0,0,0,10,0,0,110,0,0
planner_daily_h14,13,dual,44,97.0,True,504686.79001758224,0.21435619683062343,0.9571736420659273,0,0,52,9,0,59,0,0
planner_daily_h14,14,compound,44,0.0,True,1533430.0462137293,0.0,1.0,26,3,18,0,26,76,0,0
planner_daily_h14,15,single,44,0.0,True,331926.0948761814,0.0,1.0,0,0,120,0,0,0,0,0
planner_daily_h14,16,dual,44,0.0,True,388472.9067080088,0.0,1.0,0,0,30,0,0,90,0,0
planner_daily_h14,17,compound,44,34.0,True,1573062.9146399798,0.5170257346055397,0.931023256248212,24,1,20,0,24,76,0,0
planner_daily_h14,18,single,44,0.0,True,353253.97989165876,0.0,1.0,0,0,10,0,0,110,0,0
planner_daily_h14,19,dual,44,54.0,True,455732.01062958146,0.20326886934991664,0.9778827964113469,0,0,47,9,0,64,0,0
planner_daily_h14,20,compound,44,30.0,True,1650502.0807981414,0.5254225496652389,0.9376435121613688,30,8,18,0,30,72,0,0
planner_daily_h14,21,single,44,76.0,True,561702.1313397491,0.4097234861121173,0.8922299213172002,0,0,38,5,0,77,0,0
planner_daily_h14,22,dual,44,0.0,True,372216.81532826065,0.0,1.0,0,0,12,0,0,108,0,0
planner_daily_h14,23,compound,44,30.0,True,1465840.1166079757,0.2741136645613234,0.9789679342526975,27,4,20,0,27,73,0,0
planner_daily_h14,24,single,44,0.0,True,335530.25950484816,0.0,1.0,0,0,120,0,0,0,0,0
planner_daily_h14,25,dual,44,0.0,True,371542.871320977,0.0,1.0,0,0,26,0,0,94,0,0
planner_daily_h14,26,compound,44,0.0,True,577871.5965656992,0.0,1.0,3,0,35,5,3,77,0,0
planner_daily_h14,27,single,44,0.0,True,352769.9531272985,0.0,1.0,0,0,120,0,0,0,0,0
planner_daily_h14,28,dual,44,0.0,True,362660.38585539814,0.0,1.0,0,0,30,0,0,90,0,0
planner_daily_h14,29,compound,44,41.0,True,1353018.9808273753,0.04424325707414012,0.9974107096738299,25,3,94,1,25,0,0,0
planner_daily_h14,30,single,44,0.0,True,416251.0655866762,0.0,1.0,0,0,10,0,0,110,0,0
planner_daily_h14,31,dual,44,0.0,True,352071.15179774235,0.0,1.0,0,0,39,0,0,81,0,0
planner_daily_h14,32,compound,44,0.0,True,1145260.628436827,0.0,1.0,17,0,26,0,17,77,0,0
planner_daily_h14,33,single,44,0.0,True,319467.05495977995,0.0,1.0,0,0,120,0,0,0,0,0
planner_daily_h14,34,dual,44,0.0,True,354798.0892838199,0.0,1.0,0,0,31,0,0,89,0,0
planner_daily_h14,35,compound,44,30.0,True,1252498.4966139428,0.4552260870040158,0.9478662484741064,29,6,91,0,29,0,0,0
planner_daily_h14,36,single,44,0.0,True,400796.3834607285,0.0,1.0,0,0,10,0,0,110,0,0
planner_daily_h14,37,dual,44,0.0,True,340435.07603795204,0.0,1.0,0,0,120,0,0,0,0,0
planner_daily_h14,38,compound,44,29.0,True,1414206.6835395047,0.44639179265863477,0.9503057848290121,29,6,91,0,29,0,0,0
planner_daily_h14,39,single,44,0.0,True,383274.6392632002,0.0,1.0,0,0,18,0,0,102,0,0
planner_daily_h14,40,dual,44,0.0,True,379597.17207487795,0.0,1.0,0,0,11,0,0,109,0,0
planner_daily_h14,41,compound,44,34.0,True,1482509.6080458318,0.3933237793887669,0.9568506797798114,21,0,23,0,21,76,0,0
planner_daily_h14,42,single,44,0.0,True,342818.814151824,0.0,1.0,0,0,120,0,0,0,0,0
planner_daily_h14,43,dual,44,110.0,False,1039995.2518551659,0.34081038642517614,0.8939179866167811,13,0,31,0,13,76,0,0
planner_daily_h14,44,compound,44,33.0,True,1627700.2265196189,0.46196675755315747,0.9421506622892674,29,6,18,0,29,73,0,0
planner_daily_h14,45,single,44,0.0,True,327254.19400583865,0.0,1.0,0,0,120,0,0,0,0,0
planner_daily_h14,46,dual,44,30.0,True,1362990.1326187216,0.32516062258666434,0.9698563905124712,18,0,24,0,18,78,0,0
planner_daily_h14,47,compound,44,34.0,True,1669494.5464999464,0.3676778538200351,0.961603455772337,23,1,23,0,23,74,0,0
planner_daily_h14,48,single,44,0.0,True,349787.8382147088,0.0,1.0,0,0,10,0,0,110,0,0
planner_daily_h14,49,dual,44,69.0,True,432697.7095710514,0.21322000191208132,0.9725186189863206,0,0,46,8,0,66,0,0
planner_daily_h14,50,compound,44,32.0,True,1685239.0146393077,0.4819524302553049,0.9416510190090316,27,5,20,0,27,73,0,0
planner_daily_h14,51,single,44,0.0,True,372110.89186583954,0.0,1.0,0,0,10,0,0,110,0,0
planner_daily_h14,52,dual,44,0.0,True,335302.7107350371,0.0,1.0,0,0,23,0,0,97,0,0
planner_daily_h14,53,compound,44,31.0,True,1378160.4049590263,0.0627928624402641,0.9968057560595257,24,1,20,0,24,76,0,0
planner_daily_h14,54,single,44,0.0,True,372758.61364649725,0.0,1.0,0,0,120,0,0,0,0,0
planner_daily_h14,55,dual,44,0.0,True,376179.1599197026,0.0,1.0,0,0,15,1,0,104,0,0
planner_daily_h14,56,compound,44,33.0,True,1734369.6438711456,0.4391071727910407,0.9484037214439303,26,4,22,0,26,72,0,0
planner_daily_h14,57,single,44,0.0,True,416874.4598865072,0.0,1.0,0,0,10,0,0,110,0,0
planner_daily_h14,58,dual,44,0.0,True,363453.5206654419,0.0,1.0,0,0,23,0,0,97,0,0
planner_daily_h14,59,compound,44,0.0,True,603822.8598061776,0.0,1.0,3,0,32,6,3,79,0,0
planner_daily_h14,60,single,44,109.0,True,587596.1878213778,0.3606120295345847,0.8755356637047944,0,0,54,6,0,60,0,0
planner_daily_h14,61,dual,44,110.0,False,439186.92724248563,0.2920678614265112,0.9180389246336023,0,0,42,5,0,73,0,0
planner_daily_h14,62,compound,44,34.0,True,901090.9902274061,0.25411931351360195,0.9785576267955204,17,0,95,8,17,0,0,0
planner_daily_h14,63,single,44,0.0,True,381999.41341169557,0.0,1.0,0,0,10,0,0,110,0,0
planner_daily_h14,64,dual,44,24.0,True,1363363.2016393961,0.3347420408472943,0.9759214194685607,21,0,16,0,21,83,0,0
planner_daily_h14,65,compound,44,0.0,True,415621.47239512746,0.0,1.0,0,0,34,4,0,82,0,0
planner_daily_h14,66,single,44,0.0,True,360807.7614433371,0.0,1.0,0,0,10,0,0,110,0,0
planner_daily_h14,67,dual,44,25.0,True,1124534.3019250254,0.33144682183385504,0.975307780355468,16,0,18,0,16,86,0,0
planner_daily_h14,68,compound,44,28.0,True,1591487.6261308976,0.34846939609002026,0.9683456068928008,27,4,17,0,27,76,0,0
planner_daily_h14,69,single,44,0.0,True,383029.0738676682,0.0,1.0,0,0,10,0,0,110,0,0
planner_daily_h14,70,dual,44,0.0,True,307214.15777025616,0.0,1.0,0,0,120,0,0,0,0,0
planner_daily_h14,71,compound,44,37.0,True,1641091.2809664442,0.20390734236922736,0.9825384303526595,21,0,26,0,21,73,0,0
planner_daily_h14,72,single,44,0.0,True,389423.29619734146,0.0,1.0,0,0,120,0,0,0,0,0
planner_daily_h14,73,dual,44,0.0,True,414150.75922889373,0.0,1.0,0,0,31,1,0,88,0,0
planner_daily_h14,74,compound,44,110.0,False,942612.9069209226,0.42466896688080064,0.8433825262389179,10,0,47,5,10,58,0,0
planner_daily_h14,75,single,44,0.0,True,354033.02876500797,0.0,1.0,0,0,120,0,0,0,0,0
planner_daily_h14,76,dual,44,109.0,True,1145590.3513557212,0.39005940886534346,0.8653103944087924,12,0,30,1,12,77,0,0
planner_daily_h14,77,compound,44,110.0,False,884744.1551431451,0.19903873019505985,0.9596496132441867,11,0,38,0,11,71,0,0
planner_daily_h14,78,single,44,0.0,True,366959.20389469207,0.0,1.0,0,0,120,0,0,0,0,0
planner_daily_h14,79,dual,44,108.0,True,354444.72098945954,0.05386779116904262,0.9949135756742573,0,0,27,0,0,93,0,0
planner_daily_h14,80,compound,44,30.0,True,1523780.5583136484,0.0809085901718502,0.9959631022977754,24,2,24,0,24,72,0,0
planner_daily_h14,81,single,44,0.0,True,415331.51511821034,0.0,1.0,0,0,10,0,0,110,0,0
planner_daily_h14,82,dual,44,101.0,True,551033.5472750225,0.29199961356434057,0.9216932253644267,0,0,60,9,0,51,0,0
planner_daily_h14,83,compound,44,30.0,True,1443850.5178133522,0.43551266852785464,0.9505911273075984,28,5,18,0,28,74,0,0
planner_daily_h14,84,single,44,103.0,True,512524.601405574,0.2226574427462142,0.9507470349127743,0,0,48,5,0,67,0,0
planner_daily_h14,85,dual,44,108.0,True,931499.3031175586,0.28834104415625317,0.9217613486020999,8,0,37,7,8,68,0,0
planner_daily_h14,86,compound,44,31.0,True,1545287.411648125,0.41041904152430003,0.9572172380148319,22,0,22,0,22,76,0,0
planner_daily_h14,87,single,44,0.0,True,341397.7589490199,0.0,1.0,0,0,120,0,0,0,0,0
planner_daily_h14,88,dual,44,0.0,True,347919.50301352853,0.0,1.0,0,0,26,0,0,94,0,0
planner_daily_h14,89,compound,44,0.0,True,1447527.4813422475,0.0,1.0,23,1,20,0,23,77,0,0
planner_daily_h14,90,single,44,0.0,True,348905.1219217885,0.0,1.0,0,0,10,0,0,110,0,0
planner_daily_h14,91,dual,44,110.0,False,1407589.754164654,0.45918563470111734,0.8222309336674922,13,0,34,10,13,63,0,0
planner_daily_h14,92,compound,44,34.0,True,1577125.7119990615,0.3634156589322499,0.9566978961760508,25,3,22,0,25,73,0,0
planner_daily_h14,93,single,44,0.0,True,428256.2593271037,0.0,1.0,0,0,10,0,0,110,0,0
planner_daily_h14,94,dual,44,0.0,True,385905.0082972675,0.0,1.0,0,0,43,0,0,77,0,0
planner_daily_h14,95,compound,44,0.0,True,527699.7150457583,0.0,1.0,2,0,28,5,2,85,0,0
planner_daily_h14,96,single,44,0.0,True,374697.0088336398,0.0,1.0,0,0,10,0,0,110,0,0
planner_daily_h14,97,dual,44,0.0,True,396631.7465663399,0.0,1.0,0,0,30,0,0,90,0,0
planner_daily_h14,98,compound,44,0.0,True,1522554.7252246812,0.0,1.0,22,0,23,0,22,75,0,0
planner_daily_h14,99,single,44,0.0,True,375528.7140390187,0.0,1.0,0,0,10,0,0,110,0,0
planner_daily_h14,100,dual,44,105.0,True,589219.6482512049,0.19245444736424924,0.962583429253502,4,0,24,9,4,83,0,0
planner_daily_h14,101,compound,44,31.0,True,1611295.5163440201,0.3868874323320345,0.9568040710482304,28,5,18,0,28,74,0,0
planner_daily_h14,102,single,44,0.0,True,326763.64960782655,0.0,1.0,0,0,120,0,0,0,0,0
planner_daily_h14,103,dual,44,0.0,True,320684.8244401521,0.0,1.0,0,0,120,0,0,0,0,0
planner_daily_h14,104,compound,44,0.0,True,775904.3529964116,0.0,1.0,13,0,107,0,13,0,0,0
planner_daily_h14,105,single,44,0.0,True,372041.9091710677,0.0,1.0,0,0,12,0,0,108,0,0
planner_daily_h14,106,dual,44,0.0,True,976474.6775963877,0.0,1.0,15,0,15,0,15,90,0,0
planner_daily_h14,107,compound,44,0.0,True,420272.53402541584,0.0,1.0,2,0,34,0,2,84,0,0
planner_daily_h14,108,single,44,0.0,True,358324.67050106736,0.0,1.0,0,0,24,0,0,96,0,0
planner_daily_h14,109,dual,44,99.0,True,529309.5593847829,0.28254034365784636,0.9288598840639074,0,0,44,10,0,66,0,0
planner_daily_h14,110,compound,44,36.0,True,1695287.8503973228,0.39929179871319626,0.9529989918703192,21,0,25,0,21,74,0,0
planner_daily_h14,111,single,44,0.0,True,382011.2393014327,0.0,1.0,0,0,10,0,0,110,0,0
planner_daily_h14,112,dual,44,0.0,True,403729.1584209538,0.0,1.0,0,0,40,3,0,77,0,0
planner_daily_h14,113,compound,44,0.0,True,385704.5643352848,0.0,1.0,1,0,38,0,1,81,0,0
planner_daily_h14,114,single,44,75.0,True,452629.71322658076,0.1812560430217693,0.9760476363676798,0,0,29,5,0,86,0,0
planner_daily_h14,115,dual,44,77.0,True,502143.16531660233,0.3070014091194043,0.9349905582670327,0,0,49,10,0,61,0,0
planner_daily_h14,116,compound,44,35.0,True,1334430.6021944839,0.31028696270002604,0.970236856344248,22,0,98,0,22,0,0,0
planner_daily_h14,117,single,44,0.0,True,367350.6092773071,0.0,1.0,0,0,120,0,0,0,0,0
planner_daily_h14,118,dual,44,29.0,True,1438775.5976698424,0.30524973505707415,0.9713047398252576,21,0,18,0,21,81,0,0
planner_daily_h14,119,compound,44,33.0,True,1540400.0991610293,0.4127868134282776,0.950651537033143,28,5,18,0,28,74,0,0
planner_daily_h14,120,single,44,0.0,True,378568.016478957,0.0,1.0,0,0,10,0,0,110,0,0
planner_daily_h14,121,dual,44,0.0,True,406065.3919718675,0.0,1.0,0,0,28,7,0,85,0,0
planner_daily_h14,122,compound,44,110.0,False,1017275.6845336354,0.4115694508999335,0.8507058500085802,10,0,56,2,10,52,0,0
planner_daily_h14,123,single,44,0.0,True,406915.85437698715,0.0,1.0,0,0,10,0,0,110,0,0
planner_daily_h14,124,dual,44,96.0,True,918822.1060942828,0.4348398671280556,0.8551147402799947,8,0,38,10,8,64,0,0
planner_daily_h14,125,compound,44,108.0,True,998861.0811773957,0.22110662126739145,0.9528680618716524,12,0,38,0,12,70,0,0
planner_daily_h14,126,single,44,0.0,True,350580.4776965405,0.0,1.0,0,0,120,0,0,0,0,0
planner_daily_h14,127,dual,44,0.0,True,383638.9547223692,0.0,1.0,0,0,28,0,0,92,0,0
planner_daily_h14,128,compound,44,0.0,True,969779.8594548277,0.0,1.0,16,0,104,0,16,0,0,0
planner_daily_h14,129,single,44,108.0,True,504077.6530426073,0.2403428322791696,0.9372568745498946,0,0,35,2,0,83,0,0
planner_daily_h14,130,dual,44,110.0,False,954916.2830131997,0.2925135008138017,0.9185157299906379,12,0,33,0,12,75,0,0
planner_daily_h14,131,compound,44,110.0,False,783497.1809818953,0.24686239390665754,0.9368284402412228,6,0,42,9,6,63,0,0
planner_daily_h14,132,single,44,0.0,True,381291.1923697371,0.0,1.0,0,0,10,0,0,110,0,0
planner_daily_h14,133,dual,44,0.0,True,1112843.364013409,0.0,1.0,18,0,15,0,18,87,0,0
planner_daily_h14,134,compound,44,0.0,True,1245717.126830504,0.0,1.0,24,2,96,0,24,0,0,0
planner_daily_h14,135,single,44,0.0,True,406868.0165224978,0.0,1.0,0,0,10,0,0,110,0,0
planner_daily_h14,136,dual,44,109.0,True,600749.7319936393,0.2601947304443122,0.9269337356610557,0,0,57,10,0,53,0,0
planner_daily_h14,137,compound,44,0.0,True,454828.9351853507,0.0,1.0,2,0,38,0,2,80,0,0
planner_daily_h14,138,single,44,0.0,True,333015.80819978885,0.0,1.0,0,0,120,0,0,0,0,0
planner_daily_h14,139,dual,44,102.0,True,891882.4933509586,0.2732141676926554,0.9335487812792037,11,0,28,9,11,72,0,0
planner_daily_h14,140,compound,44,0.0,True,1387694.7178146981,0.0,1.0,23,1,21,0,23,76,0,0
planner_daily_h14,141,single,44,0.0,True,387369.4540731728,0.0,1.0,0,0,10,0,0,110,0,0
planner_daily_h14,142,dual,44,0.0,True,378420.3656680698,0.0,1.0,0,0,27,0,0,93,0,0
planner_daily_h14,143,compound,44,31.0,True,1686870.5773826053,0.45480169258938363,0.9488828249627168,26,3,20,1,26,73,0,0
planner_daily_h14,144,single,44,0.0,True,402888.83872634644,0.0,1.0,0,0,11,0,0,109,0,0
planner_daily_h14,145,dual,44,106.0,True,809327.0609449664,0.4233435803118556,0.8455665254988695,5,0,49,9,5,57,0,0
planner_daily_h14,146,compound,44,33.0,True,1609820.1534795023,0.18842517765987704,0.9875915637580043,22,1,25,0,22,73,0,0
planner_daily_h14,147,single,44,0.0,True,397336.65215037303,0.0,1.0,0,0,16,1,0,103,0,0
planner_daily_h14,148,dual,44,0.0,True,912095.8962472003,0.0,1.0,9,0,18,1,9,92,0,0
planner_daily_h14,149,compound,44,110.0,False,702038.394605712,0.13777423583476106,0.9797463958183092,8,0,41,0,8,71,0,0
planner_daily_h14,150,single,44,110.0,False,476911.50291951775,0.30004132531547867,0.9077126155592131,0,0,52,4,0,64,0,0
planner_daily_h14,151,dual,44,107.0,True,1153103.0065328777,0.3168466382630909,0.9102459529741784,13,0,29,1,13,77,0,0
planner_daily_h14,152,compound,44,29.0,True,1539375.6009004386,0.4596775160433915,0.9473670684660622,29,7,19,0,29,72,0,0
planner_daily_h14,153,single,44,0.0,True,331811.86494220654,0.0,1.0,0,0,120,0,0,0,0,0
planner_daily_h14,154,dual,44,0.0,True,391821.55514274107,0.0,1.0,0,0,15,1,0,104,0,0
planner_daily_h14,155,compound,44,28.0,True,1564685.9092220312,0.5504889329047871,0.9367564881877232,28,5,17,0,28,75,0,0
planner_daily_h14,156,single,44,44.0,True,437230.85152565496,0.24408481572168836,0.9755518710057577,0,0,24,0,0,96,0,0
planner_daily_h14,157,dual,44,0.0,True,442800.9089840362,0.0,1.0,0,0,20,1,0,99,0,0
planner_daily_h14,158,compound,44,0.0,True,1451663.850709789,0.0,1.0,18,0,25,0,18,77,0,0
planner_daily_h14,159,single,44,0.0,True,419230.0039360908,0.0,1.0,0,0,10,0,0,110,0,0
planner_daily_h14,160,dual,44,0.0,True,339219.2317132721,0.0,1.0,0,0,118,2,0,0,0,0
planner_daily_h14,161,compound,44,29.0,True,1486822.114604536,0.40014993951465927,0.9631655426381527,28,5,91,1,28,0,0,0
planner_daily_h14,162,single,44,0.0,True,357405.4124515174,0.0,1.0,0,0,10,0,0,110,0,0
planner_daily_h14,163,dual,44,0.0,True,420313.51568447246,0.0,0.9987239682394475,0,0,21,1,0,98,0,0
planner_daily_h14,164,compound,44,30.0,True,1450787.1804264511,0.07592832874182404,0.9962081353484965,23,2,25,0,23,72,0,0
planner_daily_h14,165,single,44,105.0,True,594492.4034713742,0.2869302584069778,0.9158196268092104,0,0,50,7,0,63,0,0
planner_daily_h14,166,dual,44,110.0,False,1125012.986100636,0.45840617825735697,0.8204190411809585,9,0,41,8,9,62,0,0
planner_daily_h14,167,compound,44,0.0,True,1455751.2577878612,0.0,1.0,27,5,20,0,27,73,0,0
planner_daily_h14,168,single,44,0.0,True,367941.4889447143,0.0,1.0,0,0,10,0,0,110,0,0
planner_daily_h14,169,dual,44,0.0,True,404209.6905464444,0.0,1.0,0,0,10,0,0,110,0,0
planner_daily_h14,170,compound,44,33.0,True,1659744.3507491944,0.4440429051748309,0.9463938971930326,24,1,21,0,24,75,0,0
planner_daily_h14,171,single,44,110.0,False,389669.5650049345,0.1593312637877829,0.9711538515173486,0,0,33,0,0,87,0,0
planner_daily_h14,172,dual,44,104.0,True,798692.2470582684,0.2609263281879036,0.9343545749719468,8,0,35,0,8,77,0,0
planner_daily_h14,173,compound,44,31.0,True,1645335.2402799928,0.19143683419119112,0.9880705866419152,23,1,24,0,23,73,0,0
planner_daily_h14,174,single,44,0.0,True,381036.9605317182,0.0,1.0,0,0,10,0,0,110,0,0
planner_daily_h14,175,dual,44,0.0,True,308134.68800185487,0.0,1.0,0,0,27,0,0,93,0,0
planner_daily_h14,176,compound,44,84.0,True,882066.3418060296,0.4080011518224568,0.8877907779389023,6,0,44,10,6,60,0,0
planner_daily_h14,177,single,44,0.0,True,397114.6114932156,0.0,1.0,0,0,10,0,0,110,0,0
planner_daily_h14,178,dual,44,110.0,False,505821.52025806915,0.24915556354949636,0.9347397395140536,0,0,58,8,0,54,0,0
planner_daily_h14,179,compound,44,30.0,True,1208314.72184682,0.19700611932667805,0.9877251564006888,27,4,93,0,27,0,0,0
planner_daily_h14,180,single,44,0.0,True,349709.7064261981,0.0,1.0,0,0,10,0,0,110,0,0
planner_daily_h14,181,dual,44,0.0,True,385545.3401775331,0.0,1.0,0,0,34,0,0,86,0,0
planner_daily_h14,182,compound,44,34.0,True,1363669.6665234081,0.1461418247722675,0.9902486451811818,24,3,25,0,24,71,0,0
planner_daily_h14,183,single,44,86.0,True,489096.46912497067,0.39247433697236916,0.8934824785974105,0,0,41,4,0,75,0,0
planner_daily_h14,184,dual,44,109.0,True,593517.6588260373,0.26901491366928004,0.9270745492212678,1,0,61,9,1,49,0,0
planner_daily_h14,185,compound,44,33.0,True,1363746.4445250446,0.2864327955203397,0.9726819756871911,24,3,95,1,24,0,0,0
planner_daily_h14,186,single,44,0.0,True,358760.1909716968,0.0,1.0,0,0,10,0,0,110,0,0
planner_daily_h14,187,dual,44,110.0,False,911123.2123341737,0.24149738420848757,0.9414375351470108,11,0,28,2,11,79,0,0
planner_daily_h14,188,compound,44,27.0,True,1518457.375400615,0.20809704963663467,0.9877243489592582,28,6,19,0,28,73,0,0
planner_daily_h14,189,single,44,96.0,True,508094.77306666167,0.13980602091429079,0.9786084141864958,0,0,32,4,0,84,0,0
planner_daily_h14,190,dual,44,102.0,True,985394.0199914845,0.42530953335233673,0.8510362274842002,9,0,40,10,9,61,0,0
planner_daily_h14,191,compound,44,32.0,True,1584995.762858192,0.26354015323347635,0.9792539268369979,22,1,28,0,22,70,0,0
planner_daily_h14,192,single,44,0.0,True,330515.0129895087,0.0,1.0,0,0,120,0,0,0,0,0
planner_daily_h14,193,dual,44,0.0,True,441358.4435946199,0.0,1.0,0,0,31,0,0,89,0,0
planner_daily_h14,194,compound,44,29.0,True,1588263.409841464,0.28717696670526155,0.9776345708203453,25,2,19,0,25,76,0,0
planner_daily_h14,195,single,44,106.0,True,502075.23473181826,0.2815288565656995,0.9170263127426275,0,0,54,0,0,66,0,0
planner_daily_h14,196,dual,44,110.0,False,507694.80154393736,0.1347001271930761,0.9809917933432192,2,0,31,8,2,79,0,0
planner_daily_h14,197,compound,44,0.0,True,1236233.5654755046,0.0,1.0,20,0,25,0,20,75,0,0
planner_daily_h14,198,single,44,0.0,True,330999.16107774543,0.0,1.0,0,0,120,0,0,0,0,0
planner_daily_h14,199,dual,44,110.0,False,1209773.5354387616,0.40280147751504564,0.8557615863402793,14,0,32,10,14,64,0,0
planner_daily_h14,0,single,45,0.0,True,332563.0591712982,0.0,1.0,0,0,120,0,0,0,0,0
planner_daily_h14,1,dual,45,85.0,True,535408.8705819503,0.3282580000502928,0.9177557496540596,0,0,58,6,0,56,0,0
planner_daily_h14,2,compound,45,0.0,True,1241743.378155067,0.0,1.0,25,2,95,0,25,0,0,0
planner_daily_h14,3,single,45,0.0,True,345729.9334943593,0.0,1.0,0,0,120,0,0,0,0,0
planner_daily_h14,4,dual,45,110.0,False,1072695.2081228958,0.34954660324136033,0.8910153556947994,13,0,30,0,13,77,0,0
planner_daily_h14,5,compound,45,30.0,True,1485522.8852250902,0.5829393137744607,0.9260876085501559,27,4,18,0,27,75,0,0
planner_daily_h14,6,single,45,0.0,True,390295.1960526101,0.0,1.0,0,0,10,0,0,110,0,0
planner_daily_h14,7,dual,45,0.0,True,1494852.4892515924,0.0,1.0,21,0,19,0,21,80,0,0
planner_daily_h14,8,compound,45,27.0,True,1119338.9780104263,0.29317505833148844,0.9784257141926712,16,0,24,8,16,72,0,0
planner_daily_h14,9,single,45,44.0,True,396030.6918731888,0.20694040611744308,0.9827419826642537,0,0,19,2,0,99,0,0
planner_daily_h14,10,dual,45,110.0,False,942566.0856278706,0.46470268044666585,0.8124131320011083,8,0,52,9,8,51,0,0
planner_daily_h14,11,compound,45,0.0,True,1476172.3246002859,0.0,1.0,18,0,27,0,18,75,0,0
planner_daily_h14,12,single,45,0.0,True,386806.7763738877,0.0,1.0,0,0,10,0,0,110,0,0
planner_daily_h14,13,dual,45,0.0,True,1315618.9462076812,0.0,1.0,20,0,99,1,20,0,0,0
planner_daily_h14,14,compound,45,0.0,True,1533430.0462137293,0.0,1.0,26,3,18,0,26,76,0,0
planner_daily_h14,15,single,45,0.0,True,331926.0948761814,0.0,1.0,0,0,120,0,0,0,0,0
planner_daily_h14,16,dual,45,0.0,True,388472.9067080088,0.0,1.0,0,0,31,0,0,89,0,0
planner_daily_h14,17,compound,45,32.0,True,1570439.679324365,0.5791937000350404,0.9253151085793664,28,5,19,0,28,73,0,0
planner_daily_h14,18,single,45,0.0,True,353253.97989165876,0.0,1.0,0,0,10,0,0,110,0,0
planner_daily_h14,19,dual,45,83.0,True,437006.628830399,0.1104943653780421,0.9906024664091198,0,0,38,3,0,79,0,0
planner_daily_h14,20,compound,45,30.0,True,1390903.9612435887,0.5254225496652389,0.9376435121613688,32,10,88,0,32,0,0,0
planner_daily_h14,21,single,45,76.0,True,530088.0905281035,0.334241651234174,0.9252480693449786,0,0,33,5,0,82,0,0
planner_daily_h14,22,dual,45,0.0,True,372216.81532826065,0.0,1.0,0,0,14,0,0,106,0,0
planner_daily_h14,23,compound,45,30.0,True,1477314.102095732,0.2741136645613234,0.9789679342526975,25,2,19,0,25,76,0,0
planner_daily_h14,24,single,45,0.0,True,335530.25950484816,0.0,1.0,0,0,120,0,0,0,0,0
planner_daily_h14,25,dual,45,0.0,True,371542.871320977,0.0,1.0,0,0,26,0,0,94,0,0
planner_daily_h14,26,compound,45,0.0,True,565991.9346391604,0.0,1.0,3,0,29,8,3,80,0,0
planner_daily_h14,27,single,45,0.0,True,352769.9531272985,0.0,1.0,0,0,120,0,0,0,0,0
planner_daily_h14,28,dual,45,0.0,True,426062.3027830487,0.0,1.0,0,0,27,1,0,92,0,0
planner_daily_h14,29,compound,45,41.0,True,1383528.8499758297,0.04424325707414012,0.9974107096738299,24,2,95,1,24,0,0,0
planner_daily_h14,30,single,45,0.0,True,416251.0655866762,0.0,1.0,0,0,10,0,0,110,0,0
planner_daily_h14,31,dual,45,0.0,True,352071.15179774235,0.0,1.0,0,0,38,0,0,82,0,0
planner_daily_h14,32,compound,45,0.0,True,1145260.628436827,0.0,1.0,17,0,26,0,17,77,0,0
planner_daily_h14,33,single,45,0.0,True,319467.05495977995,0.0,1.0,0,0,120,0,0,0,0,0
planner_daily_h14,34,dual,45,0.0,True,354798.0892838199,0.0,1.0,0,0,29,0,0,91,0,0
planner_daily_h14,35,compound,45,30.0,True,1292724.3230705217,0.4552260870040158,0.9478662484741064,29,6,90,1,29,0,0,0
planner_daily_h14,36,single,45,0.0,True,400796.3834607285,0.0,1.0,0,0,10,0,0,110,0,0
planner_daily_h14,37,dual,45,0.0,True,340435.07603795204,0.0,1.0,0,0,120,0,0,0,0,0
planner_daily_h14,38,compound,45,29.0,True,1662908.5266797317,0.44639179265863477,0.9503057848290121,28,5,18,0,28,74,0,0
planner_daily_h14,39,single,45,0.0,True,383274.6392632002,0.0,1.0,0,0,17,0,0,103,0,0
planner_daily_h14,40,dual,45,0.0,True,379597.17207487795,0.0,1.0,0,0,10,0,0,110,0,0
planner_daily_h14,41,compound,45,34.0,True,1482509.6080458318,0.3933237793887669,0.9568506797798114,21,0,23,0,21,76,0,0
planner_daily_h14,42,single,45,0.0,True,342818.814151824,0.0,1.0,0,0,120,0,0,0,0,0
planner_daily_h14,43,dual,45,110.0,False,1010998.9782543301,0.4032808730207007,0.857973995879521,12,0,39,0,12,69,0,0
planner_daily_h14,44,compound,45,33.0,True,1627700.2265196189,0.46196675755315747,0.9421506622892674,29,6,18,0,29,73,0,0
planner_daily_h14,45,single,45,0.0,True,327254.19400583865,0.0,1.0,0,0,120,0,0,0,0,0
planner_daily_h14,46,dual,45,30.0,True,1389268.1723548253,0.32516062258666434,0.9698563905124712,19,0,23,0,19,78,0,0
planner_daily_h14,47,compound,45,35.0,True,1703849.6317358909,0.4105786858253973,0.9525125466814278,23,1,24,0,23,73,0,0
planner_daily_h14,48,single,45,0.0,True,349787.8382147088,0.0,1.0,0,0,10,0,0,110,0,0
planner_daily_h14,49,dual,45,43.0,True,425039.6292243541,0.18519667604442122,0.9849675907464135,0,0,48,8,0,64,0,0
planner_daily_h14,50,compound,45,32.0,True,1685239.0146393077,0.4819524302553049,0.9416510190090316,27,5,20,0,27,73,0,0
planner_daily_h14,51,single,45,0.0,True,372110.89186583954,0.0,1.0,0,0,11,0,0,109,0,0
planner_daily_h14,52,dual,45,0.0,True,334289.60772994236,0.0,1.0,0,0,24,0,0,96,0,0
planner_daily_h14,53,compound,45,31.0,True,1378160.4049590263,0.0627928624402641,0.9968057560595257,24,1,20,0,24,76,0,0
planner_daily_h14,54,single,45,0.0,True,372758.61364649725,0.0,1.0,0,0,120,0,0,0,0,0
planner_daily_h14,55,dual,45,0.0,True,381125.8237482519,0.0,1.0,0,0,17,1,0,102,0,0
planner_daily_h14,56,compound,45,33.0,True,1734369.6438711456,0.4391071727910407,0.9484037214439303,26,4,22,0,26,72,0,0
planner_daily_h14,57,single,45,0.0,True,416874.4598865072,0.0,1.0,0,0,10,0,0,110,0,0
planner_daily_h14,58,dual,45,0.0,True,363453.5206654419,0.0,1.0,0,0,21,0,0,99,0,0
planner_daily_h14,59,compound,45,0.0,True,569963.8334812268,0.0,1.0,4,0,32,8,4,76,0,0
planner_daily_h14,60,single,45,97.0,True,581102.5997697304,0.3205109179014382,0.9119227188376132,0,0,48,6,0,66,0,0
planner_daily_h14,61,dual,45,0.0,True,399121.0101084924,0.0,1.0,0,0,22,5,0,93,0,0
planner_daily_h14,62,compound,45,31.0,True,956028.8659085045,0.10865552360675351,0.9932463940276177,18,0,94,8,18,0,0,0
planner_daily_h14,63,single,45,0.0,True,381999.41341169557,0.0,1.0,0,0,10,0,0,110,0,0
planner_daily_h14,64,dual,45,24.0,True,1436060.6597570155,0.3347420408472943,0.9759214194685607,22,0,15,0,22,83,0,0
planner_daily_h14,65,compound,45,110.0,False,416680.7975783161,0.09688371482778739,0.9895285573476346,0,0,40,5,0,75,0,0
planner_daily_h14,66,single,45,0.0,True,360807.7614433371,0.0,1.0,0,0,10,0,0,110,0,0
planner_daily_h14,67,dual,45,25.0,True,1135339.728845807,0.33144682183385504,0.975307780355468,16,0,18,0,16,86,0,0
planner_daily_h14,68,compound,45,28.0,True,1601123.9918734243,0.34846939609002026,0.9683456068928008,27,4,18,0,27,75,0,0
planner_daily_h14,69,single,45,0.0,True,383029.0738676682,0.0,1.0,0,0,10,0,0,110,0,0
planner_daily_h14,70,dual,45,0.0,True,367193.8111539902,0.0,1.0,0,0,35,0,0,85,0,0
planner_daily_h14,71,compound,45,33.0,True,1602257.7197714571,0.11037830524217793,0.9942583394620581,22,1,25,0,22,73,0,0
planner_daily_h14,72,single,45,0.0,True,389423.29619734146,0.0,1.0,0,0,120,0,0,0,0,0
planner_daily_h14,73,dual,45,0.0,True,376368.223717269,0.0,1.0,0,0,33,0,0,87,0,0
planner_daily_h14,74,compound,45,0.0,True,1342385.5865028282,0.0,1.0,19,0,24,0,19,77,0,0
planner_daily_h14,75,single,45,0.0,True,354033.02876500797,0.0,1.0,0,0,120,0,0,0,0,0
planner_daily_h14,76,dual,45,110.0,False,1066799.6013666517,0.3923040958003049,0.861277315651581,10,0,33,3,10,74,0,0
planner_daily_h14,77,compound,45,110.0,False,884744.1551431451,0.19903873019505985,0.9596496132441867,11,0,38,0,11,71,0,0
planner_daily_h14,78,single,45,0.0,True,366959.20389469207,0.0,1.0,0,0,120,0,0,0,0,0
planner_daily_h14,79,dual,45,108.0,True,354444.72098945954,0.05386779116904262,0.9949135756742573,0,0,25,0,0,95,0,0
planner_daily_h14,80,compound,45,34.0,True,1540468.084802182,0.17537062168087356,0.9877274720134238,23,1,25,0,23,72,0,0
planner_daily_h14,81,single,45,0.0,True,415331.51511821034,0.0,1.0,0,0,10,0,0,110,0,0
planner_daily_h14,82,dual,45,101.0,True,551033.5472750225,0.29199961356434057,0.9216932253644267,0,0,59,9,0,52,0,0
planner_daily_h14,83,compound,45,30.0,True,1443850.5178133522,0.43551266852785464,0.9505911273075984,28,5,18,0,28,74,0,0
planner_daily_h14,84,single,45,103.0,True,512524.601405574,0.2226574427462142,0.9507470349127743,0,0,48,5,0,67,0,0
planner_daily_h14,85,dual,45,97.0,True,999827.6442768357,0.4719905998140559,0.8351566315009192,9,0,42,10,9,59,0,0
planner_daily_h14,86,compound,45,31.0,True,1545287.411648125,0.41041904152430003,0.9572172380148319,22,0,22,0,22,76,0,0
planner_daily_h14,87,single,45,0.0,True,341397.7589490199,0.0,1.0,0,0,120,0,0,0,0,0
planner_daily_h14,88,dual,45,0.0,True,393866.0035174268,0.0,1.0,0,0,26,1,0,93,0,0
planner_daily_h14,89,compound,45,0.0,True,1447527.4813422475,0.0,1.0,23,1,20,0,23,77,0,0
planner_daily_h14,90,single,45,0.0,True,348905.1219217885,0.0,1.0,0,0,10,0,0,110,0,0
planner_daily_h14,91,dual,45,25.0,True,1585787.276949197,0.36952722167970786,0.9721693719481346,16,0,12,1,16,91,0,0
planner_daily_h14,92,compound,45,34.0,True,1577125.7119990615,0.3634156589322499,0.9566978961760508,25,3,22,0,25,73,0,0
planner_daily_h14,93,single,45,0.0,True,428256.2593271037,0.0,1.0,0,0,10,0,0,110,0,0
planner_daily_h14,94,dual,45,0.0,True,422782.0877753972,0.0,1.0,0,0,42,1,0,77,0,0
planner_daily_h14,95,compound,45,0.0,True,1163119.9845926207,0.0,1.0,16,0,27,0,16,77,0,0
planner_daily_h14,96,single,45,0.0,True,374697.0088336398,0.0,1.0,0,0,10,0,0,110,0,0
planner_daily_h14,97,dual,45,0.0,True,396631.7465663399,0.0,1.0,0,0,31,0,0,89,0,0
planner_daily_h14,98,compound,45,0.0,True,1522554.7252246812,0.0,1.0,22,0,23,0,22,75,0,0
planner_daily_h14,99,single,45,0.0,True,375528.7140390187,0.0,1.0,0,0,10,0,0,110,0,0
planner_daily_h14,100,dual,45,105.0,True,490989.8422783466,0.21098813046188658,0.9549764277247345,1,0,33,9,1,77,0,0
planner_daily_h14,101,compound,45,31.0,True,1611295.5163440201,0.3868874323320345,0.9568040710482304,28,5,18,0,28,74,0,0
planner_daily_h14,102,single,45,0.0,True,326763.64960782655,0.0,1.0,0,0,120,0,0,0,0,0
planner_daily_h14,103,dual,45,0.0,True,320684.8244401521,0.0,1.0,0,0,120,0,0,0,0,0
planner_daily_h14,104,compound,45,0.0,True,775904.3529964116,0.0,1.0,13,0,107,0,13,0,0,0
planner_daily_h14,105,single,45,0.0,True,372041.9091710677,0.0,1.0,0,0,12,0,0,108,0,0
planner_daily_h14,106,dual,45,110.0,False,922943.4959470758,0.09610759331869669,0.9901601370767193,14,0,19,0,14,87,0,0
planner_daily_h14,107,compound,45,0.0,True,387813.3369459892,0.0,1.0,1,0,34,0,1,85,0,0
planner_daily_h14,108,single,45,0.0,True,293546.48233901395,0.0,1.0,0,0,120,0,0,0,0,0
planner_daily_h14,109,dual,45,0.0,True,531673.570089964,0.0,1.0,1,0,16,10,1,93,0,0
planner_daily_h14,110,compound,45,36.0,True,1695287.8503973228,0.39929179871319626,0.9529989918703192,21,0,25,0,21,74,0,0
planner_daily_h14,111,single,45,0.0,True,382011.2393014327,0.0,1.0,0,0,10,0,0,110,0,0
planner_daily_h14,112,dual,45,110.0,False,418381.1657453956,0.19529531545344686,0.9571341730198984,0,0,53,1,0,66,0,0
planner_daily_h14,113,compound,45,83.0,True,633750.3934092086,0.14084578973891954,0.9837807420809896,7,0,42,0,7,71,0,0
planner_daily_h14,114,single,45,38.0,True,464449.0236121936,0.17535988686364873,0.9875668446479214,0,0,23,4,0,93,0,0
planner_daily_h14,115,dual,45,76.0,True,460378.7818604378,0.29348750042873084,0.9436188640062539,0,0,54,10,0,56,0,0
planner_daily_h14,116,compound,45,35.0,True,1334430.6021944839,0.31028696270002604,0.970236856344248,22,0,98,0,22,0,0,0
planner_daily_h14,117,single,45,0.0,True,367350.6092773071,0.0,1.0,0,0,120,0,0,0,0,0
planner_daily_h14,118,dual,45,29.0,True,1438775.5976698424,0.30524973505707415,0.9713047398252576,21,0,19,0,21,80,0,0
planner_daily_h14,119,compound,45,33.0,True,1540400.0991610293,0.4127868134282776,0.950651537033143,28,5,18,0,28,74,0,0
planner_daily_h14,120,single,45,0.0,True,378568.016478957,0.0,1.0,0,0,10,0,0,110,0,0
planner_daily_h14,121,dual,45,0.0,True,406065.3919718675,0.0,1.0,0,0,27,7,0,86,0,0
planner_daily_h14,122,compound,45,35.0,True,1529963.9108603594,0.10518193000251154,0.9932707277465938,21,0,27,0,21,72,0,0
planner_daily_h14,123,single,45,0.0,True,406915.85437698715,0.0,1.0,0,0,10,0,0,110,0,0
planner_daily_h14,124,dual,45,110.0,False,1202382.136000578,0.27519374384536494,0.926226330857398,14,0,23,1,14,82,0,0
planner_daily_h14,125,compound,45,0.0,True,1423632.4917682083,0.0,1.0,19,0,26,0,19,75,0,0
planner_daily_h14,126,single,45,0.0,True,350580.4776965405,0.0,1.0,0,0,120,0,0,0,0,0
planner_daily_h14,127,dual,45,0.0,True,382058.7716343484,0.0,1.0,0,0,27,0,0,93,0,0
planner_daily_h14,128,compound,45,0.0,True,427987.7379415975,0.0,1.0,0,0,37,4,0,79,0,0
planner_daily_h14,129,single,45,108.0,True,493863.3201074878,0.23790514633290305,0.9393313245001572,0,0,33,1,0,86,0,0
planner_daily_h14,130,dual,45,110.0,False,996556.4932714355,0.29858869461356696,0.91758355884117,13,0,28,0,13,79,0,0
planner_daily_h14,131,compound,45,0.0,True,692214.3573649505,0.0,1.0,5,0,27,10,5,78,0,0
planner_daily_h14,132,single,45,0.0,True,381291.1923697371,0.0,1.0,0,0,10,0,0,110,0,0
planner_daily_h14,133,dual,45,0.0,True,1180775.249952724,0.0,1.0,19,0,15,0,19,86,0,0
planner_daily_h14,134,compound,45,0.0,True,1491066.368970863,0.0,1.0,22,0,24,0,22,74,0,0
planner_daily_h14,135,single,45,0.0,True,406868.0165224978,0.0,1.0,0,0,10,0,0,110,0,0
planner_daily_h14,136,dual,45,89.0,True,600192.5553747866,0.26854676325232857,0.938156329014723,0,0,56,10,0,54,0,0
planner_daily_h14,137,compound,45,0.0,True,483108.72458121745,0.0,1.0,3,0,36,0,3,81,0,0
planner_daily_h14,138,single,45,0.0,True,333015.80819978885,0.0,1.0,0,0,120,0,0,0,0,0
planner_daily_h14,139,dual,45,102.0,True,892718.8461157928,0.25549165535388985,0.9402102724483785,11,0,30,8,11,71,0,0
planner_daily_h14,140,compound,45,0.0,True,1387694.7178146981,0.0,1.0,23,1,21,0,23,76,0,0
planner_daily_h14,141,single,45,0.0,True,387369.4540731728,0.0,1.0,0,0,10,0,0,110,0,0
planner_daily_h14,142,dual,45,0.0,True,378420.3656680698,0.0,1.0,0,0,24,0,0,96,0,0
planner_daily_h14,143,compound,45,33.0,True,1713263.7445917367,0.42861182084045124,0.9497900153802089,27,4,18,1,27,74,0,0
planner_daily_h14,144,single,45,0.0,True,402888.83872634644,0.0,1.0,0,0,11,0,0,109,0,0
planner_daily_h14,145,dual,45,28.0,True,875879.7067633679,0.19898087981431548,0.9885421389638378,8,0,15,6,8,91,0,0
planner_daily_h14,146,compound,45,33.0,True,1609820.1534795023,0.18842517765987704,0.9875915637580043,22,1,25,0,22,73,0,0
planner_daily_h14,147,single,45,0.0,True,397336.65215037303,0.0,1.0,0,0,16,1,0,103,0,0
planner_daily_h14,148,dual,45,103.0,True,1106533.4738827879,0.42793404045472866,0.854810145442749,11,0,32,10,11,67,0,0
planner_daily_h14,149,compound,45,0.0,True,361621.63181076664,0.0,1.0,0,0,37,0,0,83,0,0
planner_daily_h14,150,single,45,110.0,False,493534.45208276197,0.3535045149383425,0.877847164673948,0,0,55,9,0,56,0,0
planner_daily_h14,151,dual,45,108.0,True,1180444.0950613376,0.5241872791419936,0.7841271849887375,13,0,42,9,13,56,0,0
planner_daily_h14,152,compound,45,29.0,True,1408864.8279451013,0.4596775160433915,0.9473670684660622,29,7,90,1,29,0,0,0
planner_daily_h14,153,single,45,0.0,True,331811.86494220654,0.0,1.0,0,0,120,0,0,0,0,0
planner_daily_h14,154,dual,45,0.0,True,391838.6133383638,0.0,1.0,0,0,14,2,0,104,0,0
planner_daily_h14,155,compound,45,28.0,True,1564685.9092220312,0.5504889329047871,0.9367564881877232,28,5,17,0,28,75,0,0
planner_daily_h14,156,single,45,44.0,True,437230.85152565496,0.24408481572168836,0.9755518710057577,0,0,24,0,0,96,0,0
planner_daily_h14,157,dual,45,0.0,True,382916.94065816846,0.0,1.0,0,0,23,0,0,97,0,0
planner_daily_h14,158,compound,45,0.0,True,1451663.850709789,0.0,1.0,18,0,25,0,18,77,0,0
planner_daily_h14,159,single,45,0.0,True,419230.0039360908,0.0,1.0,0,0,10,0,0,110,0,0
planner_daily_h14,160,dual,45,0.0,True,339219.2317132721,0.0,1.0,0,0,118,2,0,0,0,0
planner_daily_h14,161,compound,45,29.0,True,1645385.823719486,0.40014993951465927,0.9631655426381527,23,1,21,0,23,76,0,0
planner_daily_h14,162,single,45,0.0,True,357405.4124515174,0.0,1.0,0,0,10,0,0,110,0,0
planner_daily_h14,163,dual,45,104.0,True,434786.751360206,0.14444572909436665,0.9785901639451494,0,0,24,1,0,95,0,0
planner_daily_h14,164,compound,45,30.0,True,1206172.2758510197,0.07592832874182404,0.9962081353484965,23,2,97,0,23,0,0,0
planner_daily_h14,165,single,45,106.0,True,626124.8469024106,0.35054648079437806,0.8812681335512371,0,0,60,5,0,55,0,0
planner_daily_h14,166,dual,45,110.0,False,1330428.3057124126,0.32922060191346236,0.8991997315016697,13,0,26,2,13,79,0,0
planner_daily_h14,167,compound,45,0.0,True,1455751.2577878612,0.0,1.0,27,5,20,0,27,73,0,0
planner_daily_h14,168,single,45,0.0,True,367941.4889447143,0.0,1.0,0,0,10,0,0,110,0,0
planner_daily_h14,169,dual,45,0.0,True,404209.6905464444,0.0,1.0,0,0,10,0,0,110,0,0
planner_daily_h14,170,compound,45,33.0,True,1659744.3507491944,0.4440429051748309,0.9463938971930326,24,1,21,0,24,75,0,0
planner_daily_h14,171,single,45,110.0,False,389669.5650049345,0.1593312637877829,0.9711538515173486,0,0,34,0,0,86,0,0
planner_daily_h14,172,dual,45,104.0,True,905947.4163096822,0.268034856140518,0.9335181291771919,10,0,28,0,10,82,0,0
planner_daily_h14,173,compound,45,31.0,True,1669558.4527064075,0.19143683419119112,0.9880705866419152,23,1,25,0,23,72,0,0
planner_daily_h14,174,single,45,0.0,True,381036.9605317182,0.0,1.0,0,0,10,0,0,110,0,0
planner_daily_h14,175,dual,45,0.0,True,308134.68800185487,0.0,1.0,0,0,27,0,0,93,0,0
planner_daily_h14,176,compound,45,0.0,True,1287934.6861715124,0.0,1.0,22,1,98,0,22,0,0,0
planner_daily_h14,177,single,45,0.0,True,397114.6114932156,0.0,1.0,0,0,10,0,0,110,0,0
planner_daily_h14,178,dual,45,110.0,False,518704.80015812174,0.29391771167280306,0.9162134524072048,0,0,53,10,0,57,0,0
planner_daily_h14,179,compound,45,31.0,True,1438707.0364394689,0.2709953100834574,0.9786342473097798,24,2,21,0,24,75,0,0
planner_daily_h14,180,single,45,0.0,True,349709.7064261981,0.0,1.0,0,0,10,0,0,110,0,0
planner_daily_h14,181,dual,45,0.0,True,385545.3401775331,0.0,1.0,0,0,34,0,0,86,0,0
planner_daily_h14,182,compound,45,34.0,True,1363669.6665234081,0.1461418247722675,0.9902486451811818,24,3,25,0,24,71,0,0
planner_daily_h14,183,single,45,85.0,True,471865.36625052604,0.3414317028492682,0.9134564444021366,0,0,47,3,0,70,0,0
planner_daily_h14,184,dual,45,109.0,True,539980.8807291175,0.2774307779139208,0.9243633719216678,0,0,63,9,0,48,0,0
planner_daily_h14,185,compound,45,33.0,True,1530614.646895982,0.2864327955203397,0.9726819756871911,24,3,24,0,24,72,0,0
planner_daily_h14,186,single,45,0.0,True,358760.1909716968,0.0,1.0,0,0,10,0,0,110,0,0
planner_daily_h14,187,dual,45,108.0,True,724393.2685633621,0.23295101286806202,0.942155142649305,8,0,32,8,8,72,0,0
planner_daily_h14,188,compound,45,27.0,True,1518457.375400615,0.20809704963663467,0.9877243489592582,28,6,19,0,28,73,0,0
planner_daily_h14,189,single,45,0.0,True,489906.3748251077,0.0,1.0,0,0,24,1,0,95,0,0
planner_daily_h14,190,dual,45,108.0,True,904431.8823222033,0.35605578281714045,0.8823326853185175,7,0,43,10,7,60,0,0
planner_daily_h14,191,compound,45,32.0,True,1584995.762858192,0.26354015323347635,0.9792539268369979,22,1,28,0,22,70,0,0
planner_daily_h14,192,single,45,0.0,True,330515.0129895087,0.0,1.0,0,0,120,0,0,0,0,0
planner_daily_h14,193,dual,45,0.0,True,441358.4435946199,0.0,1.0,0,0,30,0,0,90,0,0
planner_daily_h14,194,compound,45,29.0,True,1567792.0723773493,0.28717696670526155,0.9776345708203453,24,2,20,0,24,76,0,0
planner_daily_h14,195,single,45,106.0,True,502075.23473181826,0.2815288565656995,0.9170263127426275,0,0,56,0,0,64,0,0
planner_daily_h14,196,dual,45,0.0,True,671489.8806277897,0.0,1.0,5,0,19,5,5,91,0,0
planner_daily_h14,197,compound,45,0.0,True,1236233.5654755046,0.0,1.0,20,0,25,0,20,75,0,0
planner_daily_h14,198,single,45,0.0,True,330999.16107774543,0.0,1.0,0,0,120,0,0,0,0,0
planner_daily_h14,199,dual,45,108.0,True,1169314.3389308772,0.43634785004881693,0.8343881341292683,12,0,38,10,12,60,0,0
planner_daily_h14,0,single,46,0.0,True,332563.0591712982,0.0,1.0,0,0,120,0,0,0,0,0
planner_daily_h14,1,dual,46,85.0,True,913879.1768656991,0.11200254452188114,0.9888072222592456,8,0,31,1,8,80,0,0
planner_daily_h14,2,compound,46,0.0,True,1396404.02419189,0.0,1.0,21,0,21,0,21,78,0,0
planner_daily_h14,3,single,46,0.0,True,345729.9334943593,0.0,1.0,0,0,120,0,0,0,0,0
planner_daily_h14,4,dual,46,110.0,False,1053364.9222064205,0.22219998260914878,0.9507310439074894,14,0,22,0,14,84,0,0
planner_daily_h14,5,compound,46,32.0,True,1474799.1592334749,0.537160372726151,0.9283431289976558,28,5,17,0,28,75,0,0
planner_daily_h14,6,single,46,0.0,True,390295.1960526101,0.0,1.0,0,0,10,0,0,110,0,0
planner_daily_h14,7,dual,46,0.0,True,1494852.4892515924,0.0,1.0,21,0,19,0,21,80,0,0
planner_daily_h14,8,compound,46,27.0,True,1193025.2613776452,0.29317505833148844,0.9784257141926712,17,0,21,9,17,73,0,0
planner_daily_h14,9,single,46,44.0,True,400045.97739886073,0.20694040611744308,0.9827419826642537,0,0,21,2,0,97,0,0
planner_daily_h14,10,dual,46,110.0,False,997222.6659999617,0.5373384989045414,0.7699054330991645,8,0,57,10,8,45,0,0
planner_daily_h14,11,compound,46,0.0,True,932008.6337694537,0.0,1.0,11,0,32,0,11,77,0,0
planner_daily_h14,12,single,46,0.0,True,386806.7763738877,0.0,1.0,0,0,10,0,0,110,0,0
planner_daily_h14,13,dual,46,0.0,True,1661053.9872059086,0.0,1.0,20,0,25,1,20,74,0,0
planner_daily_h14,14,compound,46,0.0,True,1533430.0462137293,0.0,1.0,26,3,18,0,26,76,0,0
planner_daily_h14,15,single,46,0.0,True,331926.0948761814,0.0,1.0,0,0,120,0,0,0,0,0
planner_daily_h14,16,dual,46,0.0,True,388472.9067080088,0.0,1.0,0,0,31,0,0,89,0,0
planner_daily_h14,17,compound,46,34.0,True,1573062.9146399798,0.5170257346055397,0.931023256248212,24,1,20,0,24,76,0,0
planner_daily_h14,18,single,46,0.0,True,353253.97989165876,0.0,1.0,0,0,10,0,0,110,0,0
planner_daily_h14,19,dual,46,54.0,True,455732.01062958146,0.20326886934991664,0.9778827964113469,0,0,47,8,0,65,0,0
planner_daily_h14,20,compound,46,30.0,True,1390903.9612435887,0.5254225496652389,0.9376435121613688,32,10,88,0,32,0,0,0
planner_daily_h14,21,single,46,76.0,True,561702.1313397491,0.4097234861121173,0.8922299213172002,0,0,33,7,0,80,0,0
planner_daily_h14,22,dual,46,0.0,True,372216.81532826065,0.0,1.0,0,0,12,0,0,108,0,0
planner_daily_h14,23,compound,46,30.0,True,1465840.1166079757,0.2741136645613234,0.9789679342526975,27,4,20,0,27,73,0,0
planner_daily_h14,24,single,46,0.0,True,335530.25950484816,0.0,1.0,0,0,120,0,0,0,0,0
planner_daily_h14,25,dual,46,0.0,True,371337.09964005975,0.0,1.0,0,0,28,0,0,92,0,0
planner_daily_h14,26,compound,46,0.0,True,566052.7268125607,0.0,1.0,3,0,31,8,3,78,0,0
planner_daily_h14,27,single,46,0.0,True,352769.9531272985,0.0,1.0,0,0,120,0,0,0,0,0
planner_daily_h14,28,dual,46,0.0,True,446339.8167395638,0.0,1.0,2,0,29,0,2,89,0,0
planner_daily_h14,29,compound,46,41.0,True,1353018.9808273753,0.04424325707414012,0.9974107096738299,25,3,94,1,25,0,0,0
planner_daily_h14,30,single,46,0.0,True,416251.0655866762,0.0,1.0,0,0,10,0,0,110,0,0
planner_daily_h14,31,dual,46,0.0,True,352071.15179774235,0.0,1.0,0,0,36,0,0,84,0,0
planner_daily_h14,32,compound,46,69.0,True,523684.70704306953,0.19050898619289888,0.9759452255016917,5,0,45,0,5,70,0,0
planner_daily_h14,33,single,46,0.0,True,319467.05495977995,0.0,1.0,0,0,120,0,0,0,0,0
planner_daily_h14,34,dual,46,0.0,True,354798.0892838199,0.0,1.0,0,0,29,0,0,91,0,0
planner_daily_h14,35,compound,46,30.0,True,1252498.4966139428,0.4552260870040158,0.9478662484741064,29,6,91,0,29,0,0,0
planner_daily_h14,36,single,46,0.0,True,400796.3834607285,0.0,1.0,0,0,10,0,0,110,0,0
planner_daily_h14,37,dual,46,0.0,True,340435.07603795204,0.0,1.0,0,0,120,0,0,0,0,0
planner_daily_h14,38,compound,46,29.0,True,1414206.6835395047,0.44639179265863477,0.9503057848290121,29,6,91,0,29,0,0,0
planner_daily_h14,39,single,46,0.0,True,383274.6392632002,0.0,1.0,0,0,18,0,0,102,0,0
planner_daily_h14,40,dual,46,0.0,True,379597.17207487795,0.0,1.0,0,0,10,0,0,110,0,0
planner_daily_h14,41,compound,46,34.0,True,1482509.6080458318,0.3933237793887669,0.9568506797798114,21,0,23,0,21,76,0,0
planner_daily_h14,42,single,46,0.0,True,342818.814151824,0.0,1.0,0,0,120,0,0,0,0,0
planner_daily_h14,43,dual,46,110.0,False,1019431.9968968347,0.43194232648873976,0.8405017761358915,12,0,39,0,12,69,0,0
planner_daily_h14,44,compound,46,33.0,True,1627700.2265196189,0.46196675755315747,0.9421506622892674,29,6,18,0,29,73,0,0
planner_daily_h14,45,single,46,0.0,True,327254.19400583865,0.0,1.0,0,0,120,0,0,0,0,0
planner_daily_h14,46,dual,46,109.0,True,1106635.053260402,0.3967982132410339,0.8644578349384976,13,0,47,0,13,60,0,0
planner_daily_h14,47,compound,46,34.0,True,1669494.5464999464,0.3676778538200351,0.961603455772337,23,1,23,0,23,74,0,0
planner_daily_h14,48,single,46,0.0,True,349787.8382147088,0.0,1.0,0,0,10,0,0,110,0,0
planner_daily_h14,49,dual,46,43.0,True,425039.6292243541,0.18519667604442122,0.9849675907464135,0,0,47,8,0,65,0,0
planner_daily_h14,50,compound,46,32.0,True,1685239.0146393077,0.4819524302553049,0.9416510190090316,27,5,20,0,27,73,0,0
planner_daily_h14,51,single,46,0.0,True,372110.89186583954,0.0,1.0,0,0,10,0,0,110,0,0
planner_daily_h14,52,dual,46,0.0,True,334289.60772994236,0.0,1.0,0,0,24,0,0,96,0,0
planner_daily_h14,53,compound,46,31.0,True,1359006.082556299,0.0627928624402641,0.9968057560595257,23,1,21,0,23,76,0,0
planner_daily_h14,54,single,46,0.0,True,372758.61364649725,0.0,1.0,0,0,120,0,0,0,0,0
planner_daily_h14,55,dual,46,0.0,True,415995.1783824247,0.0,1.0,0,0,14,1,0,105,0,0
planner_daily_h14,56,compound,46,32.0,True,1702122.932275064,0.39581459901909344,0.9574946305348393,25,3,21,0,25,74,0,0
planner_daily_h14,57,single,46,0.0,True,416874.4598865072,0.0,1.0,0,0,10,0,0,110,0,0
planner_daily_h14,58,dual,46,0.0,True,363453.5206654419,0.0,1.0,0,0,22,0,0,98,0,0
planner_daily_h14,59,compound,46,0.0,True,1344785.914576831,0.0,1.0,19,0,27,0,19,74,0,0
planner_daily_h14,60,single,46,109.0,True,587596.1878213778,0.3606120295345847,0.8755356637047944,0,0,55,6,0,59,0,0
planner_daily_h14,61,dual,46,0.0,True,399121.0101084924,0.0,1.0,0,0,25,2,0,93,0,0
planner_daily_h14,62,compound,46,110.0,False,1061318.2992100837,0.29968484794860456,0.9146424124162609,16,0,32,9,16,63,0,0
planner_daily_h14,63,single,46,0.0,True,381999.41341169557,0.0,1.0,0,0,10,0,0,110,0,0
planner_daily_h14,64,dual,46,24.0,True,1436060.6597570155,0.3347420408472943,0.9759214194685607,22,0,15,0,22,83,0,0
planner_daily_h14,65,compound,46,0.0,True,548520.5905566416,0.0,1.0,2,0,34,3,2,81,0,0
planner_daily_h14,66,single,46,0.0,True,360807.7614433371,0.0,1.0,0,0,10,0,0,110,0,0
planner_daily_h14,67,dual,46,110.0,False,1089173.123472737,0.3439861658467588,0.8898103232476441,14,0,30,0,14,76,0,0
planner_daily_h14,68,compound,46,28.0,True,1591487.6261308976,0.34846939609002026,0.9683456068928008,27,4,17,0,27,76,0,0
planner_daily_h14,69,single,46,0.0,True,383029.0738676682,0.0,1.0,0,0,10,0,0,110,0,0
planner_daily_h14,70,dual,46,0.0,True,307214.15777025616,0.0,1.0,0,0,120,0,0,0,0,0
planner_daily_h14,71,compound,46,33.0,True,1469456.1990123955,0.11037830524217793,0.9942583394620581,22,1,96,2,22,0,0,0
planner_daily_h14,72,single,46,0.0,True,389423.29619734146,0.0,1.0,0,0,120,0,0,0,0,0
planner_daily_h14,73,dual,46,0.0,True,376368.223717269,0.0,1.0,0,0,32,0,0,88,0,0
planner_daily_h14,74,compound,46,0.0,True,1017365.7022583071,0.0,1.0,11,0,25,2,11,82,0,0
planner_daily_h14,75,single,46,0.0,True,354033.02876500797,0.0,1.0,0,0,120,0,0,0,0,0
planner_daily_h14,76,dual,46,110.0,False,1002940.841019677,0.4382711020970444,0.8303741235593468,8,0,42,9,8,61,0,0
planner_daily_h14,77,compound,46,0.0,True,1338673.2983989925,0.0,1.0,18,0,26,0,18,76,0,0
planner_daily_h14,78,single,46,0.0,True,366959.20389469207,0.0,1.0,0,0,120,0,0,0,0,0
planner_daily_h14,79,dual,46,108.0,True,354444.72098945954,0.05386779116904262,0.9949135756742573,0,0,27,0,0,93,0,0
planner_daily_h14,80,compound,46,34.0,True,1540468.084802182,0.17537062168087356,0.9877274720134238,23,1,25,0,23,72,0,0
planner_daily_h14,81,single,46,0.0,True,415331.51511821034,0.0,1.0,0,0,10,0,0,110,0,0
planner_daily_h14,82,dual,46,102.0,True,561171.445273025,0.2934839471321215,0.9195227823143415,0,0,58,7,0,55,0,0
planner_daily_h14,83,compound,46,31.0,True,1459056.1561089815,0.4788809809648546,0.9415002182166894,26,3,19,0,26,75,0,0
planner_daily_h14,84,single,46,103.0,True,576531.48809261,0.32192542135649815,0.8985869302766202,0,0,51,4,0,65,0,0
planner_daily_h14,85,dual,46,110.0,False,1059587.5336742103,0.3760793676671491,0.8735510353163307,10,0,35,8,10,67,0,0
planner_daily_h14,86,compound,46,31.0,True,1545287.411648125,0.41041904152430003,0.9572172380148319,22,0,22,0,22,76,0,0
planner_daily_h14,87,single,46,0.0,True,341397.7589490199,0.0,1.0,0,0,120,0,0,0,0,0
planner_daily_h14,88,dual,46,0.0,True,347939.8545265737,0.0,1.0,0,0,27,0,0,93,0,0
planner_daily_h14,89,compound,46,0.0,True,1451671.3619711227,0.0,0.9995273683179844,22,0,21,0,22,77,0,0
planner_daily_h14,90,single,46,0.0,True,348905.1219217885,0.0,1.0,0,0,10,0,0,110,0,0
planner_daily_h14,91,dual,46,110.0,False,1378015.3487103526,0.2959421473732504,0.9188508733878892,13,0,26,1,13,80,0,0
planner_daily_h14,92,compound,46,31.0,True,1563946.700307676,0.37674587331761833,0.9598861998301782,25,3,21,0,25,74,0,0
planner_daily_h14,93,single,46,0.0,True,428256.2593271037,0.0,1.0,0,0,10,0,0,110,0,0
planner_daily_h14,94,dual,46,0.0,True,422782.0877753972,0.0,1.0,0,0,42,1,0,77,0,0
planner_daily_h14,95,compound,46,90.0,True,706787.7963756531,0.21757624967030725,0.9595304881265357,5,0,44,9,5,62,0,0
planner_daily_h14,96,single,46,0.0,True,374697.0088336398,0.0,1.0,0,0,10,0,0,110,0,0
planner_daily_h14,97,dual,46,0.0,True,396631.7465663399,0.0,1.0,0,0,29,0,0,91,0,0
planner_daily_h14,98,compound,46,0.0,True,1522554.7252246812,0.0,1.0,22,0,23,0,22,75,0,0
planner_daily_h14,99,single,46,0.0,True,375528.7140390187,0.0,1.0,0,0,10,0,0,110,0,0
planner_daily_h14,100,dual,46,105.0,True,592177.9542487664,0.1515026707576967,0.9763897562888694,3,0,22,6,3,89,0,0
planner_daily_h14,101,compound,46,31.0,True,1611295.5163440201,0.3868874323320345,0.9568040710482304,28,5,18,0,28,74,0,0
planner_daily_h14,102,single,46,0.0,True,326763.64960782655,0.0,1.0,0,0,120,0,0,0,0,0
planner_daily_h14,103,dual,46,0.0,True,320684.8244401521,0.0,1.0,0,0,120,0,0,0,0,0
planner_daily_h14,104,compound,46,0.0,True,775904.3529964116,0.0,1.0,13,0,107,0,13,0,0,0
planner_daily_h14,105,single,46,0.0,True,372041.9091710677,0.0,1.0,0,0,11,0,0,109,0,0
planner_daily_h14,106,dual,46,0.0,True,985443.319129415,0.0,1.0,15,0,15,0,15,90,0,0
planner_daily_h14,107,compound,46,0.0,True,387813.3369459892,0.0,1.0,1,0,35,0,1,84,0,0
planner_daily_h14,108,single,46,0.0,True,331626.0126184661,0.0,1.0,0,0,119,1,0,0,0,0
planner_daily_h14,109,dual,46,99.0,True,505066.4992178605,0.23073986167208882,0.9539390386274588,0,0,27,10,0,83,0,0
planner_daily_h14,110,compound,46,36.0,True,1695287.8503973228,0.39929179871319626,0.9529989918703192,21,0,25,0,21,74,0,0
planner_daily_h14,111,single,46,0.0,True,382011.2393014327,0.0,1.0,0,0,10,0,0,110,0,0
planner_daily_h14,112,dual,46,0.0,True,398136.3653777426,0.0,1.0,0,0,40,2,0,78,0,0
planner_daily_h14,113,compound,46,109.0,True,760811.0057921892,0.15194910797138617,0.9730781814155447,9,0,37,0,9,74,0,0
planner_daily_h14,114,single,46,38.0,True,464449.0236121936,0.17535988686364873,0.9875668446479214,0,0,24,4,0,92,0,0
planner_daily_h14,115,dual,46,0.0,True,1412163.3297284842,0.0,0.9999489214410419,20,0,25,0,20,75,0,0
planner_daily_h14,116,compound,46,35.0,True,1339356.1177049899,0.31028696270002604,0.970236856344248,22,0,98,0,22,0,0,0
planner_daily_h14,117,single,46,0.0,True,367350.6092773071,0.0,1.0,0,0,120,0,0,0,0,0
planner_daily_h14,118,dual,46,29.0,True,1513172.6038961902,0.30524973505707415,0.9713047398252576,22,0,17,0,22,81,0,0
planner_daily_h14,119,compound,46,33.0,True,1540400.0991610293,0.4127868134282776,0.950651537033143,28,5,18,0,28,74,0,0
planner_daily_h14,120,single,46,0.0,True,378568.016478957,0.0,1.0,0,0,10,0,0,110,0,0
planner_daily_h14,121,dual,46,0.0,True,406065.3919718675,0.0,1.0,0,0,27,7,0,86,0,0
planner_daily_h14,122,compound,46,103.0,True,906460.1467416362,0.39319546976321906,0.8686043983182056,8,0,51,10,8,51,0,0
planner_daily_h14,123,single,46,0.0,True,406915.85437698715,0.0,1.0,0,0,10,0,0,110,0,0
planner_daily_h14,124,dual,46,96.0,True,940389.3353903836,0.4181407849534074,0.8640959382674398,8,0,40,8,8,64,0,0
planner_daily_h14,125,compound,46,109.0,True,968723.4365289628,0.19823635481687962,0.9604613802260537,12,0,39,0,12,69,0,0
planner_daily_h14,126,single,46,0.0,True,350580.4776965405,0.0,1.0,0,0,120,0,0,0,0,0
planner_daily_h14,127,dual,46,0.0,True,396950.5295161365,0.0,1.0,0,0,28,1,0,91,0,0
planner_daily_h14,128,compound,46,99.0,True,468380.0615696559,0.2150122863781011,0.9565444688355038,0,0,45,4,0,71,0,0
planner_daily_h14,129,single,46,108.0,True,493863.3201074878,0.23790514633290305,0.9393313245001572,0,0,35,1,0,84,0,0
planner_daily_h14,130,dual,46,110.0,False,1012621.8487509307,0.3967701978724923,0.8631986939100852,12,0,37,0,12,71,0,0
planner_daily_h14,131,compound,46,0.0,True,1309332.0672488145,0.0,1.0,18,0,25,0,18,77,0,0
planner_daily_h14,132,single,46,0.0,True,381291.1923697371,0.0,1.0,0,0,10,0,0,110,0,0
planner_daily_h14,133,dual,46,0.0,True,983492.9197895578,0.0,1.0,16,0,19,0,16,85,0,0
planner_daily_h14,134,compound,46,0.0,True,1491066.368970863,0.0,1.0,22,0,24,0,22,74,0,0
planner_daily_h14,135,single,46,0.0,True,406868.0165224978,0.0,1.0,0,0,10,0,0,110,0,0
planner_daily_h14,136,dual,46,33.0,True,1796603.4723552011,0.24401027070392858,0.9825050599004758,21,0,24,1,21,74,0,0
planner_daily_h14,137,compound,46,0.0,True,483108.72458121745,0.0,1.0,3,0,35,0,3,82,0,0
planner_daily_h14,138,single,46,0.0,True,333015.80819978885,0.0,1.0,0,0,120,0,0,0,0,0
planner_daily_h14,139,dual,46,0.0,True,915118.4987793175,0.0,1.0,10,0,19,1,10,90,0,0
planner_daily_h14,140,compound,46,0.0,True,1387694.7178146981,0.0,1.0,23,1,21,0,23,76,0,0
planner_daily_h14,141,single,46,0.0,True,387369.4540731728,0.0,1.0,0,0,10,0,0,110,0,0
planner_daily_h14,142,dual,46,0.0,True,378500.7191909562,0.0,1.0,0,0,22,0,0,98,0,0
planner_daily_h14,143,compound,46,31.0,True,1723169.8822786864,0.45480169258938363,0.9488828249627168,26,3,19,2,26,73,0,0
planner_daily_h14,144,single,46,0.0,True,402888.83872634644,0.0,1.0,0,0,11,0,0,109,0,0
planner_daily_h14,145,dual,46,88.0,True,816128.7766944699,0.43478352669672354,0.8711449485042349,6,0,38,8,6,68,0,0
planner_daily_h14,146,compound,46,33.0,True,1609820.1534795023,0.18842517765987704,0.9875915637580043,22,1,25,0,22,73,0,0
planner_daily_h14,147,single,46,95.0,True,477959.4058895493,0.2880817953102463,0.9295128488742714,0,0,39,2,0,79,0,0
planner_daily_h14,148,dual,46,110.0,False,1063781.3522175797,0.341480885621987,0.8906662497993583,10,0,33,8,10,69,0,0
planner_daily_h14,149,compound,46,110.0,False,702038.394605712,0.13777423583476106,0.9797463958183092,8,0,41,0,8,71,0,0
planner_daily_h14,150,single,46,110.0,False,478535.8122650048,0.30883708203315685,0.9049456494590674,0,0,49,7,0,64,0,0
planner_daily_h14,151,dual,46,107.0,True,1153103.0065328777,0.3168466382630909,0.9102459529741784,13,0,29,1,13,77,0,0
planner_daily_h14,152,compound,46,29.0,True,1408864.8279451013,0.4596775160433915,0.9473670684660622,29,7,90,1,29,0,0,0
planner_daily_h14,153,single,46,0.0,True,331811.86494220654,0.0,1.0,0,0,120,0,0,0,0,0
planner_daily_h14,154,dual,46,0.0,True,391834.0903187187,0.0,1.0,0,0,13,4,0,103,0,0
planner_daily_h14,155,compound,46,28.0,True,1554488.4641603592,0.5504889329047871,0.9367564881877232,29,6,18,1,29,72,0,0
planner_daily_h14,156,single,46,44.0,True,437230.85152565496,0.24408481572168836,0.9755518710057577,0,0,24,0,0,96,0,0
planner_daily_h14,157,dual,46,0.0,True,383012.3978215455,0.0,1.0,0,0,23,0,0,97,0,0
planner_daily_h14,158,compound,46,106.0,True,1014792.7935411743,0.14964396286499293,0.9766572625045742,12,0,36,0,12,72,0,0
planner_daily_h14,159,single,46,0.0,True,419230.0039360908,0.0,1.0,0,0,10,0,0,110,0,0
planner_daily_h14,160,dual,46,0.0,True,339292.41108697385,0.0,1.0,0,0,119,1,0,0,0,0
planner_daily_h14,161,compound,46,29.0,True,1645385.823719486,0.40014993951465927,0.9631655426381527,23,1,21,0,23,76,0,0
planner_daily_h14,162,single,46,0.0,True,357405.4124515174,0.0,1.0,0,0,10,0,0,110,0,0
planner_daily_h14,163,dual,46,104.0,True,434786.751360206,0.14444572909436665,0.9785901639451494,0,0,24,1,0,95,0,0
planner_daily_h14,164,compound,46,30.0,True,1206172.2758510197,0.07592832874182404,0.9962081353484965,23,2,97,0,23,0,0,0
planner_daily_h14,165,single,46,106.0,True,626124.8469024106,0.35054648079437806,0.8812681335512371,0,0,60,7,0,53,0,0
planner_daily_h14,166,dual,46,110.0,False,1204975.5980458912,0.3809366106281791,0.8682735337620017,11,0,27,10,11,72,0,0
planner_daily_h14,167,compound,46,0.0,True,1232827.2225982465,0.0,1.0,26,4,94,0,26,0,0,0
planner_daily_h14,168,single,46,0.0,True,367941.4889447143,0.0,1.0,0,0,10,0,0,110,0,0
planner_daily_h14,169,dual,46,0.0,True,404209.6905464444,0.0,1.0,0,0,11,0,0,109,0,0
planner_daily_h14,170,compound,46,31.0,True,1612556.735127623,0.35301288287588034,0.9645757153748508,28,5,20,0,28,72,0,0
planner_daily_h14,171,single,46,110.0,False,389669.5650049345,0.1593312637877829,0.9711538515173486,0,0,36,0,0,84,0,0
planner_daily_h14,172,dual,46,106.0,True,859998.8588397175,0.2537962088684115,0.9372990959557856,9,0,31,0,9,80,0,0
planner_daily_h14,173,compound,46,31.0,True,1645335.2402799928,0.19143683419119112,0.9880705866419152,23,1,24,0,23,73,0,0
planner_daily_h14,174,single,46,0.0,True,381036.9605317182,0.0,1.0,0,0,10,0,0,110,0,0
planner_daily_h14,175,dual,46,0.0,True,308242.5011690916,0.0,1.0,0,0,27,0,0,93,0,0
planner_daily_h14,176,compound,46,0.0,True,1287934.6861715124,0.0,1.0,22,1,98,0,22,0,0,0
planner_daily_h14,177,single,46,0.0,True,397114.6114932156,0.0,1.0,0,0,10,0,0,110,0,0
planner_daily_h14,178,dual,46,0.0,True,1436430.5636127673,0.0,1.0,19,0,26,1,19,74,0,0
planner_daily_h14,179,compound,46,30.0,True,1239613.7597510624,0.19700611932667805,0.9877251564006888,27,4,92,1,27,0,0,0
planner_daily_h14,180,single,46,0.0,True,349709.7064261981,0.0,1.0,0,0,10,0,0,110,0,0
planner_daily_h14,181,dual,46,0.0,True,427355.58236514864,0.0,1.0,0,0,33,1,0,86,0,0
planner_daily_h14,182,compound,46,34.0,True,1363669.6665234081,0.1461418247722675,0.9902486451811818,24,3,25,0,24,71,0,0
planner_daily_h14,183,single,46,85.0,True,471865.36625052604,0.3414317028492682,0.9134564444021366,0,0,45,3,0,72,0,0
planner_daily_h14,184,dual,46,0.0,True,1437576.514132503,0.0,1.0,21,0,21,0,21,78,0,0
planner_daily_h14,185,compound,46,33.0,True,1530614.646895982,0.2864327955203397,0.9726819756871911,24,3,24,0,24,72,0,0
planner_daily_h14,186,single,46,0.0,True,358760.1909716968,0.0,1.0,0,0,10,0,0,110,0,0
planner_daily_h14,187,dual,46,108.0,True,701292.8480927896,0.30587483508658336,0.9108965825562916,8,0,40,9,8,63,0,0
planner_daily_h14,188,compound,46,27.0,True,1518259.1059105408,0.20809704963663467,0.9877243489592582,27,5,20,0,27,73,0,0
planner_daily_h14,189,single,46,0.0,True,465776.9701449164,0.0,1.0,0,0,23,3,0,94,0,0
planner_daily_h14,190,dual,46,102.0,True,985394.0199914845,0.42530953335233673,0.8510362274842002,9,0,39,10,9,62,0,0
planner_daily_h14,191,compound,46,32.0,True,1584995.762858192,0.26354015323347635,0.9792539268369979,22,1,28,0,22,70,0,0
planner_daily_h14,192,single,46,0.0,True,330515.0129895087,0.0,1.0,0,0,120,0,0,0,0,0
planner_daily_h14,193,dual,46,0.0,True,441358.4435946199,0.0,1.0,0,0,30,0,0,90,0,0
planner_daily_h14,194,compound,46,29.0,True,1588263.409841464,0.28717696670526155,0.9776345708203453,25,2,19,0,25,76,0,0
planner_daily_h14,195,single,46,106.0,True,502075.23473181826,0.2815288565656995,0.9170263127426275,0,0,53,0,0,67,0,0
planner_daily_h14,196,dual,46,110.0,False,665752.2304322803,0.14393910176659236,0.9772312578067168,5,0,25,5,5,85,0,0
planner_daily_h14,197,compound,46,0.0,True,1236233.5654755046,0.0,1.0,20,0,25,0,20,75,0,0
planner_daily_h14,198,single,46,0.0,True,330999.16107774543,0.0,1.0,0,0,120,0,0,0,0,0
planner_daily_h14,199,dual,46,110.0,False,1219586.7071919374,0.3696053120389634,0.8752119217211993,14,0,30,9,14,67,0,0
planner_daily_no_expedite,0,single,42,0.0,True,332563.0591712982,0.0,1.0,0,0,120,0,0,0,0,0
planner_daily_no_expedite,1,dual,42,84.0,True,548275.2439722517,0.3677477551129851,0.8994470340593138,0,0,60,4,0,56,0,0
planner_daily_no_expedite,2,compound,42,90.0,True,371429.2363565684,0.17865139980167719,0.968386413518098,0,0,58,0,0,62,0,0
planner_daily_no_expedite,3,single,42,0.0,True,345729.9334943593,0.0,1.0,0,0,120,0,0,0,0,0
planner_daily_no_expedite,4,dual,42,110.0,False,507892.3565552204,0.3057219846878051,0.9021761645497548,0,0,57,0,0,62,0,1
planner_daily_no_expedite,5,compound,42,103.0,True,590863.5911692067,0.46589207768605045,0.8238842885554981,0,0,56,10,0,54,0,0
planner_daily_no_expedite,6,single,42,0.0,True,390295.1960526101,0.0,1.0,0,0,10,0,0,110,0,0
planner_daily_no_expedite,7,dual,42,108.0,True,567948.261214001,0.38429672116340213,0.8641194436800422,0,0,76,9,0,35,0,0
planner_daily_no_expedite,8,compound,42,82.0,True,488990.4850705285,0.20775961080933378,0.9647703749662826,0,0,47,7,0,66,0,0
planner_daily_no_expedite,9,single,42,44.0,True,400045.97739886073,0.20694040611744308,0.9827419826642537,0,0,25,2,0,93,0,0
planner_daily_no_expedite,10,dual,42,109.0,True,546239.2973863272,0.29826029637330054,0.909337074114967,0,0,56,10,0,54,0,0
planner_daily_no_expedite,11,compound,42,0.0,True,429191.73775580217,0.0,1.0,0,0,48,0,0,72,0,0
planner_daily_no_expedite,12,single,42,0.0,True,386806.7763738877,0.0,1.0,0,0,10,0,0,110,0,0
planner_daily_no_expedite,13,dual,42,97.0,True,521122.3081604863,0.28039637768319153,0.932145123787809,0,0,51,9,0,60,0,0
planner_daily_no_expedite,14,compound,42,94.0,True,444974.90002812224,0.1641078332733381,0.9688200133865569,0,0,52,10,0,57,0,1
planner_daily_no_expedite,15,single,42,0.0,True,331926.0948761814,0.0,1.0,0,0,120,0,0,0,0,0
planner_daily_no_expedite,16,dual,42,0.0,True,388472.9067080088,0.0,1.0,0,0,30,0,0,90,0,0
planner_daily_no_expedite,17,compound,42,103.0,True,540584.0741087336,0.40876017547913346,0.8583484657722844,0,0,68,0,0,50,0,2
planner_daily_no_expedite,18,single,42,0.0,True,353253.97989165876,0.0,1.0,0,0,10,0,0,110,0,0
planner_daily_no_expedite,19,dual,42,54.0,True,455732.01062958146,0.20326886934991664,0.9778827964113469,0,0,47,8,0,65,0,0
planner_daily_no_expedite,20,compound,42,103.0,True,624028.4298915466,0.42278667374967643,0.8498059920272931,0,0,64,0,0,55,0,1
planner_daily_no_expedite,21,single,42,76.0,True,530088.0905281035,0.334241651234174,0.9252480693449786,0,0,31,6,0,83,0,0
planner_daily_no_expedite,22,dual,42,0.0,True,372216.81532826065,0.0,1.0,0,0,12,0,0,108,0,0
planner_daily_no_expedite,23,compound,42,55.0,True,397997.67127594625,0.3249430528770925,0.9397406894357647,0,0,60,0,0,57,0,3
planner_daily_no_expedite,24,single,42,0.0,True,335530.25950484816,0.0,1.0,0,0,120,0,0,0,0,0
planner_daily_no_expedite,25,dual,42,0.0,True,371337.09964005975,0.0,1.0,0,0,28,0,0,92,0,0
planner_daily_no_expedite,26,compound,42,0.0,True,415035.2554969904,0.0,1.0,0,0,35,9,0,76,0,0
planner_daily_no_expedite,27,single,42,0.0,True,352769.9531272985,0.0,1.0,0,0,120,0,0,0,0,0
planner_daily_no_expedite,28,dual,42,0.0,True,362660.38585539814,0.0,1.0,0,0,30,0,0,90,0,0
planner_daily_no_expedite,29,compound,42,95.0,True,477291.7428753953,0.2165310504400885,0.9589956814294027,0,0,47,10,0,63,0,0
planner_daily_no_expedite,30,single,42,0.0,True,416251.0655866762,0.0,1.0,0,0,10,0,0,110,0,0
planner_daily_no_expedite,31,dual,42,0.0,True,352071.15179774235,0.0,1.0,0,0,37,0,0,83,0,0
planner_daily_no_expedite,32,compound,42,0.0,True,354323.92545552744,0.0,1.0,0,0,45,0,0,75,0,0
planner_daily_no_expedite,33,single,42,0.0,True,319467.05495977995,0.0,1.0,0,0,120,0,0,0,0,0
planner_daily_no_expedite,34,dual,42,0.0,True,354798.0892838199,0.0,1.0,0,0,28,0,0,92,0,0
planner_daily_no_expedite,35,compound,42,110.0,False,535700.3941022306,0.37299515830971974,0.8641731291701723,0,0,67,10,0,42,0,1
planner_daily_no_expedite,36,single,42,0.0,True,400796.3834607285,0.0,1.0,0,0,10,0,0,110,0,0
planner_daily_no_expedite,37,dual,42,0.0,True,340435.07603795204,0.0,1.0,0,0,120,0,0,0,0,0
planner_daily_no_expedite,38,compound,42,110.0,False,577953.415269049,0.3635151168473013,0.8758982547699031,0,0,62,0,0,57,0,1
planner_daily_no_expedite,39,single,42,0.0,True,383274.6392632002,0.0,1.0,0,0,18,0,0,102,0,0
planner_daily_no_expedite,40,dual,42,0.0,True,379597.17207487795,0.0,1.0,0,0,10,0,0,110,0,0
planner_daily_no_expedite,41,compound,42,48.0,True,448953.84854304866,0.4123138029924391,0.9347188491279754,0,0,59,0,0,60,0,1
planner_daily_no_expedite,42,single,42,0.0,True,342818.814151824,0.0,1.0,0,0,120,0,0,0,0,0
planner_daily_no_expedite,43,dual,42,85.0,True,458258.2256497473,0.31274157161286315,0.9250825054969999,0,0,56,0,0,63,0,1
planner_daily_no_expedite,44,compound,42,109.0,True,549178.2556268023,0.31467855513975873,0.8968765551482378,0,0,49,10,0,59,0,2
planner_daily_no_expedite,45,single,42,0.0,True,327254.19400583865,0.0,1.0,0,0,120,0,0,0,0,0
planner_daily_no_expedite,46,dual,42,97.0,True,540711.173352497,0.357563960165291,0.8901477513824227,0,0,71,0,0,47,0,2
planner_daily_no_expedite,47,compound,42,110.0,False,516358.65892954124,0.2222053929963236,0.9497173503039061,0,0,55,10,0,55,0,0
planner_daily_no_expedite,48,single,42,0.0,True,349787.8382147088,0.0,1.0,0,0,10,0,0,110,0,0
planner_daily_no_expedite,49,dual,42,43.0,True,435461.44781518617,0.2766967245802591,0.9705218037441401,0,0,52,6,0,62,0,0
planner_daily_no_expedite,50,compound,42,91.0,True,656010.816917431,0.49939465110187803,0.8282477107177868,0,0,64,10,0,46,0,0
planner_daily_no_expedite,51,single,42,0.0,True,372110.89186583954,0.0,1.0,0,0,10,0,0,110,0,0
planner_daily_no_expedite,52,dual,42,0.0,True,334289.60772994236,0.0,1.0,0,0,24,0,0,96,0,0
planner_daily_no_expedite,53,compound,42,110.0,False,387216.5528743751,0.28436097812738237,0.9157947896205486,0,0,65,10,0,44,0,1
planner_daily_no_expedite,54,single,42,0.0,True,372758.61364649725,0.0,1.0,0,0,120,0,0,0,0,0
planner_daily_no_expedite,55,dual,42,0.0,True,365110.53048399807,0.0,1.0,0,0,17,0,0,103,0,0
planner_daily_no_expedite,56,compound,42,110.0,False,551988.4037663909,0.3073731332863054,0.9063632407116629,0,0,62,0,0,58,0,0
planner_daily_no_expedite,57,single,42,0.0,True,416874.4598865072,0.0,1.0,0,0,10,0,0,110,0,0
planner_daily_no_expedite,58,dual,42,0.0,True,363453.5206654419,0.0,1.0,0,0,22,0,0,98,0,0
planner_daily_no_expedite,59,compound,42,0.0,True,418820.6281085554,0.0,1.0,0,0,35,8,0,77,0,0
planner_daily_no_expedite,60,single,42,109.0,True,587527.5515867035,0.36933043427315193,0.8691713488650827,0,0,63,4,0,53,0,0
planner_daily_no_expedite,61,dual,42,0.0,True,399121.0101084924,0.0,1.0,0,0,23,4,0,93,0,0
planner_daily_no_expedite,62,compound,42,80.0,True,486550.14880746894,0.33715063714964383,0.917564125574034,0,0,111,9,0,0,0,0
planner_daily_no_expedite,63,single,42,0.0,True,381999.41341169557,0.0,1.0,0,0,10,0,0,110,0,0
planner_daily_no_expedite,64,dual,42,88.0,True,547293.9716975454,0.3882286313576708,0.8882741879466584,0,0,62,0,0,58,0,0
planner_daily_no_expedite,65,compound,42,0.0,True,420250.1485068755,0.0,1.0,0,0,29,8,0,83,0,0
planner_daily_no_expedite,66,single,42,0.0,True,360807.7614433371,0.0,1.0,0,0,10,0,0,110,0,0
planner_daily_no_expedite,67,dual,42,95.0,True,521669.2975843104,0.3308672280879315,0.908323114213683,0,0,48,0,0,71,0,1
planner_daily_no_expedite,68,compound,42,83.0,True,559777.7045663362,0.3052541042460738,0.9309050253360783,0,0,42,10,0,68,0,0
planner_daily_no_expedite,69,single,42,0.0,True,383029.0738676682,0.0,1.0,0,0,10,0,0,110,0,0
planner_daily_no_expedite,70,dual,42,0.0,True,307214.15777025616,0.0,1.0,0,0,120,0,0,0,0,0
planner_daily_no_expedite,71,compound,42,85.0,True,549089.5825958664,0.34560703648019847,0.9086205223309706,0,0,59,10,0,51,0,0
planner_daily_no_expedite,72,single,42,0.0,True,389423.29619734146,0.0,1.0,0,0,120,0,0,0,0,0
planner_daily_no_expedite,73,dual,42,0.0,True,377521.0552680405,0.0,1.0,0,0,33,0,0,87,0,0
planner_daily_no_expedite,74,compound,42,0.0,True,404860.8373237997,0.0,1.0,0,0,32,10,0,78,0,0
planner_daily_no_expedite,75,single,42,0.0,True,354033.02876500797,0.0,1.0,0,0,120,0,0,0,0,0
planner_daily_no_expedite,76,dual,42,110.0,False,503016.6537500458,0.2566679632743036,0.932084257907629,0,0,39,10,0,71,0,0
planner_daily_no_expedite,77,compound,42,110.0,False,390172.8036146967,0.19857087703491247,0.9597030679099686,0,0,65,0,0,55,0,0
planner_daily_no_expedite,78,single,42,0.0,True,366959.20389469207,0.0,1.0,0,0,120,0,0,0,0,0
planner_daily_no_expedite,79,dual,42,108.0,True,354444.72098945954,0.05386779116904262,0.9949135756742573,0,0,28,0,0,92,0,0
planner_daily_no_expedite,80,compound,42,110.0,False,527640.396402654,0.3029990713685422,0.9102047147474445,0,0,63,9,0,48,0,0
planner_daily_no_expedite,81,single,42,0.0,True,415331.51511821034,0.0,1.0,0,0,10,0,0,110,0,0
planner_daily_no_expedite,82,dual,42,101.0,True,551033.5472750225,0.29199961356434057,0.9216932253644267,0,0,59,8,0,53,0,0
planner_daily_no_expedite,83,compound,42,109.0,True,523454.564851373,0.28196429562839104,0.9187833675852406,0,0,46,10,0,63,0,1
planner_daily_no_expedite,84,single,42,103.0,True,512524.601405574,0.2226574427462142,0.9507470349127743,0,0,46,5,0,69,0,0
planner_daily_no_expedite,85,dual,42,98.0,True,483747.4168206897,0.24121243593811595,0.9450624574895716,0,0,41,10,0,69,0,0
planner_daily_no_expedite,86,compound,42,108.0,True,548322.3867314246,0.3581530284155354,0.8811000583592077,0,0,61,10,0,48,0,1
planner_daily_no_expedite,87,single,42,0.0,True,341397.7589490199,0.0,1.0,0,0,120,0,0,0,0,0
planner_daily_no_expedite,88,dual,42,0.0,True,347939.8545265737,0.0,1.0,0,0,27,0,0,93,0,0
planner_daily_no_expedite,89,compound,42,63.0,True,366482.26812540327,0.1874736407926534,0.9762489788497757,0,0,52,0,0,66,0,2
planner_daily_no_expedite,90,single,42,0.0,True,348905.1219217885,0.0,1.0,0,0,10,0,0,110,0,0
planner_daily_no_expedite,91,dual,42,110.0,False,654784.0385806753,0.31568980179145717,0.8986118419669199,0,0,55,10,0,55,0,0
planner_daily_no_expedite,92,compound,42,95.0,True,520705.92491204175,0.32601737905235595,0.912018772054907,0,0,52,9,0,59,0,0
planner_daily_no_expedite,93,single,42,0.0,True,428256.2593271037,0.0,1.0,0,0,10,0,0,110,0,0
planner_daily_no_expedite,94,dual,42,0.0,True,373862.91247661016,0.0,1.0,0,0,118,2,0,0,0,0
planner_daily_no_expedite,95,compound,42,0.0,True,441624.0006916166,0.0,1.0,0,0,31,9,0,80,0,0
planner_daily_no_expedite,96,single,42,0.0,True,374697.0088336398,0.0,1.0,0,0,10,0,0,110,0,0
planner_daily_no_expedite,97,dual,42,0.0,True,396631.7465663399,0.0,1.0,0,0,30,0,0,90,0,0
planner_daily_no_expedite,98,compound,42,0.0,True,429595.8285312955,0.0,1.0,0,0,40,9,0,71,0,0
planner_daily_no_expedite,99,single,42,0.0,True,375528.7140390187,0.0,1.0,0,0,10,0,0,110,0,0
planner_daily_no_expedite,100,dual,42,104.0,True,418289.0199661833,0.15898653792817127,0.9749890047875779,0,0,26,10,0,84,0,0
planner_daily_no_expedite,101,compound,42,104.0,True,654257.2726224341,0.45485337776648266,0.8228905732066704,0,0,67,10,0,43,0,0
planner_daily_no_expedite,102,single,42,0.0,True,326763.64960782655,0.0,1.0,0,0,120,0,0,0,0,0
planner_daily_no_expedite,103,dual,42,0.0,True,320684.8244401521,0.0,1.0,0,0,120,0,0,0,0,0
planner_daily_no_expedite,104,compound,42,0.0,True,417632.7448374914,0.0,1.0,0,0,34,6,0,80,0,0
planner_daily_no_expedite,105,single,42,0.0,True,372041.9091710677,0.0,1.0,0,0,12,0,0,108,0,0
planner_daily_no_expedite,106,dual,42,102.0,True,354552.7120485514,0.026781133082655256,0.9957267578561043,0,0,50,0,0,69,0,1
planner_daily_no_expedite,107,compound,42,0.0,True,354259.2376119106,0.0,1.0,0,0,38,0,0,82,0,0
planner_daily_no_expedite,108,single,42,0.0,True,293546.48233901395,0.0,1.0,0,0,120,0,0,0,0,0
planner_daily_no_expedite,109,dual,42,99.0,True,505066.4992178605,0.23073986167208882,0.9539390386274588,0,0,26,10,0,84,0,0
planner_daily_no_expedite,110,compound,42,40.0,True,512543.94024964876,0.48972892546163416,0.9240386864207725,0,0,50,0,0,69,0,1
planner_daily_no_expedite,111,single,42,0.0,True,382011.2393014327,0.0,1.0,0,0,10,0,0,110,0,0
planner_daily_no_expedite,112,dual,42,0.0,True,373485.0520779483,0.0,1.0,0,0,34,0,0,86,0,0
planner_daily_no_expedite,113,compound,42,0.0,True,356055.7492648089,0.0,1.0,0,0,46,0,0,74,0,0
planner_daily_no_expedite,114,single,42,38.0,True,464449.0236121936,0.17535988686364873,0.9875668446479214,0,0,24,4,0,92,0,0
planner_daily_no_expedite,115,dual,42,76.0,True,460378.7818604378,0.29348750042873084,0.9436188640062539,0,0,53,10,0,57,0,0
planner_daily_no_expedite,116,compound,42,107.0,True,508950.3134960405,0.25151138498808284,0.9376002466482933,0,0,46,9,0,65,0,0
planner_daily_no_expedite,117,single,42,0.0,True,367350.6092773071,0.0,1.0,0,0,120,0,0,0,0,0
planner_daily_no_expedite,118,dual,42,38.0,True,531441.5968288939,0.6137370592769541,0.8978872379971446,0,0,55,0,0,64,0,1
planner_daily_no_expedite,119,compound,42,77.0,True,590789.7557319198,0.44144637640557394,0.8776397840557898,0,0,54,10,0,56,0,0
planner_daily_no_expedite,120,single,42,0.0,True,378568.016478957,0.0,1.0,0,0,10,0,0,110,0,0
planner_daily_no_expedite,121,dual,42,83.0,True,407699.21470253554,0.10019697613075919,0.9917423958460443,0,0,40,9,0,71,0,0
planner_daily_no_expedite,122,compound,42,110.0,False,608838.565106448,0.3178462568699105,0.9008852945183484,0,0,63,10,0,47,0,0
planner_daily_no_expedite,123,single,42,0.0,True,406915.85437698715,0.0,1.0,0,0,10,0,0,110,0,0
planner_daily_no_expedite,124,dual,42,83.0,True,517482.7223545922,0.31610542040192796,0.9247390271842162,0,0,45,10,0,65,0,0
planner_daily_no_expedite,125,compound,42,90.0,True,397469.3260448547,0.06319329625503058,0.9933587466796838,0,0,59,0,0,60,0,1
planner_daily_no_expedite,126,single,42,0.0,True,350580.4776965405,0.0,1.0,0,0,120,0,0,0,0,0
planner_daily_no_expedite,127,dual,42,0.0,True,396950.5295161365,0.0,1.0,0,0,29,1,0,90,0,0
planner_daily_no_expedite,128,compound,42,99.0,True,482376.55117337895,0.26389430641058736,0.9371451470470374,0,0,46,6,0,68,0,0
planner_daily_no_expedite,129,single,42,108.0,True,504077.6530426073,0.2403428322791696,0.9372568745498946,0,0,35,1,0,84,0,0
planner_daily_no_expedite,130,dual,42,70.0,True,483227.27341410256,0.35653810798651003,0.919148664583404,0,0,48,0,0,70,0,2
planner_daily_no_expedite,131,compound,42,110.0,False,473987.7063174588,0.25395920354699786,0.9380419003064325,0,0,48,10,0,62,0,0
planner_daily_no_expedite,132,single,42,0.0,True,381291.1923697371,0.0,1.0,0,0,10,0,0,110,0,0
planner_daily_no_expedite,133,dual,42,105.0,True,425823.2128830915,0.2825606842050314,0.9203794641329465,0,0,61,0,0,59,0,0
planner_daily_no_expedite,134,compound,42,33.0,True,436918.1283188675,0.17679488349522682,0.9907786741985393,0,0,37,10,0,73,0,0
planner_daily_no_expedite,135,single,42,0.0,True,406868.0165224978,0.0,1.0,0,0,10,0,0,110,0,0
planner_daily_no_expedite,136,dual,42,109.0,True,600749.7319936393,0.2601947304443122,0.9269337356610557,0,0,57,10,0,53,0,0
planner_daily_no_expedite,137,compound,42,0.0,True,389443.8287521081,0.0,1.0,0,0,44,0,0,76,0,0
planner_daily_no_expedite,138,single,42,0.0,True,333015.80819978885,0.0,1.0,0,0,120,0,0,0,0,0
planner_daily_no_expedite,139,dual,42,0.0,True,408334.8870945167,0.0,0.998761340639515,0,0,31,10,0,79,0,0
planner_daily_no_expedite,140,compound,42,104.0,True,437114.65877476806,0.21408864172264713,0.9549890543364261,0,0,49,10,0,61,0,0
planner_daily_no_expedite,141,single,42,0.0,True,387369.4540731728,0.0,1.0,0,0,10,0,0,110,0,0
planner_daily_no_expedite,142,dual,42,0.0,True,378500.7191909562,0.0,1.0,0,0,22,0,0,98,0,0
planner_daily_no_expedite,143,compound,42,97.0,True,646869.3167654829,0.46415581326227956,0.8360197193478285,0,0,56,10,0,53,0,1
planner_daily_no_expedite,144,single,42,0.0,True,402888.83872634644,0.0,1.0,0,0,12,0,0,108,0,0
planner_daily_no_expedite,145,dual,42,110.0,False,479086.61737069284,0.22084916373076127,0.9469683062653996,0,0,45,10,0,65,0,0
planner_daily_no_expedite,146,compound,42,94.0,True,526530.0442672072,0.2427230330398703,0.9483518373141804,0,0,44,10,0,66,0,0
planner_daily_no_expedite,147,single,42,95.0,True,477959.4058895493,0.2880817953102463,0.9295128488742714,0,0,36,2,0,82,0,0
planner_daily_no_expedite,148,dual,42,96.0,True,524587.2180098329,0.2980808998129686,0.9221277721608198,0,0,42,10,0,68,0,0
planner_daily_no_expedite,149,compound,42,0.0,True,361621.63181076664,0.0,1.0,0,0,37,0,0,83,0,0
planner_daily_no_expedite,150,single,42,110.0,False,478535.8122650048,0.30883708203315685,0.9049456494590674,0,0,47,7,0,66,0,0
planner_daily_no_expedite,151,dual,42,104.0,True,543140.4511122337,0.32925120637048283,0.8954708187476438,0,0,60,10,0,50,0,0
planner_daily_no_expedite,152,compound,42,108.0,True,546713.4807756334,0.2849920464158952,0.9186827954179028,0,0,49,10,0,60,0,1
planner_daily_no_expedite,153,single,42,0.0,True,331811.86494220654,0.0,1.0,0,0,120,0,0,0,0,0
planner_daily_no_expedite,154,dual,42,0.0,True,391834.0903187187,0.0,1.0,0,0,16,2,0,102,0,0
planner_daily_no_expedite,155,compound,42,41.0,True,572325.9950878718,0.5158328469466439,0.9079650948897444,0,0,44,10,0,65,0,1
planner_daily_no_expedite,156,single,42,44.0,True,437230.85152565496,0.24408481572168836,0.9755518710057577,0,0,24,0,0,96,0,0
planner_daily_no_expedite,157,dual,42,0.0,True,443403.6857805828,0.0,1.0,0,0,21,1,0,98,0,0
planner_daily_no_expedite,158,compound,42,0.0,True,419499.6082622663,0.0,1.0,0,0,50,0,0,70,0,0
planner_daily_no_expedite,159,single,42,0.0,True,419230.0039360908,0.0,1.0,0,0,10,0,0,110,0,0
planner_daily_no_expedite,160,dual,42,0.0,True,339219.2317132721,0.0,1.0,0,0,118,2,0,0,0,0
planner_daily_no_expedite,161,compound,42,108.0,True,595279.3295281678,0.3775631811137912,0.8663571671783898,0,0,61,10,0,49,0,0
planner_daily_no_expedite,162,single,42,0.0,True,357405.4124515174,0.0,1.0,0,0,10,0,0,110,0,0
planner_daily_no_expedite,163,dual,42,104.0,True,434786.751360206,0.14444572909436665,0.9785901639451494,0,0,23,1,0,96,0,0
planner_daily_no_expedite,164,compound,42,107.0,True,434850.33084288996,0.1086607910284514,0.9858102048080041,0,0,47,10,0,63,0,0
planner_daily_no_expedite,165,single,42,105.0,True,594492.4034713742,0.2869302584069778,0.9158196268092104,0,0,55,6,0,59,0,0
planner_daily_no_expedite,166,dual,42,97.0,True,597029.1359689997,0.3615871845463086,0.8897180929423615,0,0,55,9,0,56,0,0
planner_daily_no_expedite,167,compound,42,39.0,True,418853.0022783585,0.31401375352517996,0.9626919288030161,0,0,50,0,0,69,0,1
planner_daily_no_expedite,168,single,42,0.0,True,367941.4889447143,0.0,1.0,0,0,10,0,0,110,0,0
planner_daily_no_expedite,169,dual,42,0.0,True,404209.6905464444,0.0,1.0,0,0,10,0,0,110,0,0
planner_daily_no_expedite,170,compound,42,58.0,True,518670.54872346367,0.5091777616632449,0.8853256618305161,0,0,61,0,0,58,0,1
planner_daily_no_expedite,171,single,42,110.0,False,389669.5650049345,0.1593312637877829,0.9711538515173486,0,0,34,0,0,86,0,0
planner_daily_no_expedite,172,dual,42,105.0,True,455486.02642238705,0.20050722721870018,0.9610780856104587,0,0,49,0,0,71,0,0
planner_daily_no_expedite,173,compound,42,54.0,True,448064.9845284333,0.2535007684839415,0.966368240673536,0,0,58,0,0,62,0,0
planner_daily_no_expedite,174,single,42,0.0,True,381036.9605317182,0.0,1.0,0,0,10,0,0,110,0,0
planner_daily_no_expedite,175,dual,42,0.0,True,308134.68800185487,0.0,1.0,0,0,27,0,0,93,0,0
planner_daily_no_expedite,176,compound,42,39.0,True,490939.6332058224,0.3835036449871385,0.9543432425427417,0,0,43,10,0,67,0,0
planner_daily_no_expedite,177,single,42,0.0,True,397114.6114932156,0.0,1.0,0,0,10,0,0,110,0,0
planner_daily_no_expedite,178,dual,42,110.0,False,505821.52025806915,0.24915556354949636,0.9347397395140536,0,0,55,8,0,57,0,0
planner_daily_no_expedite,179,compound,42,107.0,True,441159.9955880939,0.18820872410635536,0.9613316634922762,0,0,37,10,0,72,0,1
planner_daily_no_expedite,180,single,42,0.0,True,349709.7064261981,0.0,1.0,0,0,10,0,0,110,0,0
planner_daily_no_expedite,181,dual,42,0.0,True,361175.705328068,0.0,1.0,0,0,33,0,0,87,0,0
planner_daily_no_expedite,182,compound,42,102.0,True,469730.4359813443,0.28385176821914915,0.924162411925604,0,0,52,10,0,57,0,1
planner_daily_no_expedite,183,single,42,86.0,True,489096.46912497067,0.39247433697236916,0.8934824785974105,0,0,37,4,0,79,0,0
planner_daily_no_expedite,184,dual,42,107.0,True,471984.87469079497,0.1713741676801824,0.9690517396677276,0,0,44,9,0,67,0,0
planner_daily_no_expedite,185,compound,42,96.0,True,627760.9851792332,0.44964359310424745,0.843436089364859,0,0,64,10,0,46,0,0
planner_daily_no_expedite,186,single,42,0.0,True,358760.1909716968,0.0,1.0,0,0,10,0,0,110,0,0
planner_daily_no_expedite,187,dual,42,104.0,True,380377.1731155245,0.10055318487203226,0.9890623209544763,0,0,37,10,0,73,0,0
planner_daily_no_expedite,188,compound,42,47.0,True,374787.6707422221,0.27355318660815525,0.9657234807084104,0,0,60,0,0,60,0,0
planner_daily_no_expedite,189,single,42,96.0,True,508094.77306666167,0.13980602091429079,0.9786084141864958,0,0,32,4,0,84,0,0
planner_daily_no_expedite,190,dual,42,103.0,True,524354.1230372847,0.29205814791126666,0.9190946680394699,0,0,53,10,0,57,0,0
planner_daily_no_expedite,191,compound,42,43.0,True,468791.3517436122,0.4885777324687142,0.9219609240500318,0,0,53,0,0,66,0,1
planner_daily_no_expedite,192,single,42,0.0,True,330515.0129895087,0.0,1.0,0,0,120,0,0,0,0,0
planner_daily_no_expedite,193,dual,42,0.0,True,441358.4435946199,0.0,1.0,0,0,30,0,0,90,0,0
planner_daily_no_expedite,194,compound,42,110.0,False,452887.09289945225,0.20932723407531073,0.9487835144186614,0,0,67,0,0,53,0,0
planner_daily_no_expedite,195,single,42,106.0,True,502075.23473181826,0.2815288565656995,0.9170263127426275,0,0,56,0,0,64,0,0
planner_daily_no_expedite,196,dual,42,110.0,False,402349.8388066011,0.06266497145495131,0.9940335959616667,0,0,21,10,0,89,0,0
planner_daily_no_expedite,197,compound,42,34.0,True,331921.6271063138,0.16136917215194738,0.990296213781136,0,0,52,0,0,67,0,1
planner_daily_no_expedite,198,single,42,0.0,True,330999.16107774543,0.0,1.0,0,0,120,0,0,0,0,0
planner_daily_no_expedite,199,dual,42,106.0,True,522092.2416567566,0.2787943394572177,0.9216269324587,0,0,58,10,0,52,0,0
planner_daily_no_expedite,0,single,43,0.0,True,332563.0591712982,0.0,1.0,0,0,120,0,0,0,0,0
planner_daily_no_expedite,1,dual,43,84.0,True,540413.6215750994,0.3488597343625474,0.9057049846514004,0,0,59,6,0,55,0,0
planner_daily_no_expedite,2,compound,43,90.0,True,371429.2363565684,0.17865139980167719,0.968386413518098,0,0,57,0,0,63,0,0
planner_daily_no_expedite,3,single,43,0.0,True,345729.9334943593,0.0,1.0,0,0,120,0,0,0,0,0
planner_daily_no_expedite,4,dual,43,110.0,False,507893.96127008606,0.3055140968714606,0.9022696463184542,0,0,57,0,0,62,0,1
planner_daily_no_expedite,5,compound,43,110.0,False,611437.5069709289,0.43723666681974355,0.822815979924035,0,0,63,10,0,46,0,1
planner_daily_no_expedite,6,single,43,0.0,True,390295.1960526101,0.0,1.0,0,0,10,0,0,110,0,0
planner_daily_no_expedite,7,dual,43,108.0,True,635677.9246679548,0.4376397975768336,0.8238179468206955,0,0,79,9,0,32,0,0
planner_daily_no_expedite,8,compound,43,82.0,True,488992.83930280607,0.2057274884421686,0.9651928851097378,0,0,47,6,0,66,0,1
planner_daily_no_expedite,9,single,43,44.0,True,400045.97739886073,0.20694040611744308,0.9827419826642537,0,0,24,1,0,95,0,0
planner_daily_no_expedite,10,dual,43,55.0,True,457855.7326211386,0.07876767748968096,0.9946973767978402,0,0,34,10,0,76,0,0
planner_daily_no_expedite,11,compound,43,0.0,True,429191.73775580217,0.0,1.0,0,0,48,0,0,72,0,0
planner_daily_no_expedite,12,single,43,0.0,True,386806.7763738877,0.0,1.0,0,0,10,0,0,110,0,0
planner_daily_no_expedite,13,dual,43,97.0,True,521122.3081604863,0.28039637768319153,0.932145123787809,0,0,53,9,0,58,0,0
planner_daily_no_expedite,14,compound,43,0.0,True,408302.43878168834,0.0,1.0,0,0,44,10,0,66,0,0
planner_daily_no_expedite,15,single,43,0.0,True,331926.0948761814,0.0,1.0,0,0,120,0,0,0,0,0
planner_daily_no_expedite,16,dual,43,0.0,True,388472.9067080088,0.0,1.0,0,0,32,0,0,88,0,0
planner_daily_no_expedite,17,compound,43,103.0,True,540579.5682260558,0.4133103986066156,0.8551556975513488,0,0,69,0,0,51,0,0
planner_daily_no_expedite,18,single,43,0.0,True,353253.97989165876,0.0,1.0,0,0,10,0,0,110,0,0
planner_daily_no_expedite,19,dual,43,97.0,True,506458.94471498,0.23523576216887454,0.9503223111147677,0,0,53,4,0,63,0,0
planner_daily_no_expedite,20,compound,43,103.0,True,587220.827611945,0.3895803569224701,0.8639851347179964,0,0,65,0,0,52,0,3
planner_daily_no_expedite,21,single,43,76.0,True,561702.1313397491,0.4097234861121173,0.8922299213172002,0,0,37,6,0,77,0,0
planner_daily_no_expedite,22,dual,43,0.0,True,372216.81532826065,0.0,1.0,0,0,13,0,0,107,0,0
planner_daily_no_expedite,23,compound,43,54.0,True,412331.31031127874,0.38219161469350205,0.9316797124236341,0,0,57,0,0,62,0,1
planner_daily_no_expedite,24,single,43,0.0,True,335530.25950484816,0.0,1.0,0,0,120,0,0,0,0,0
planner_daily_no_expedite,25,dual,43,0.0,True,421681.6914487839,0.0,1.0,0,0,26,1,0,93,0,0
planner_daily_no_expedite,26,compound,43,0.0,True,415127.0931397046,0.0,1.0,0,0,34,9,0,77,0,0
planner_daily_no_expedite,27,single,43,0.0,True,352769.9531272985,0.0,1.0,0,0,120,0,0,0,0,0
planner_daily_no_expedite,28,dual,43,0.0,True,361142.2931322726,0.0,1.0,0,0,28,0,0,92,0,0
planner_daily_no_expedite,29,compound,43,95.0,True,477291.7428753953,0.2165310504400885,0.9589956814294027,0,0,46,10,0,64,0,0
planner_daily_no_expedite,30,single,43,0.0,True,416251.0655866762,0.0,1.0,0,0,10,0,0,110,0,0
planner_daily_no_expedite,31,dual,43,0.0,True,352071.15179774235,0.0,1.0,0,0,36,0,0,84,0,0
planner_daily_no_expedite,32,compound,43,0.0,True,354323.92545552744,0.0,1.0,0,0,45,0,0,75,0,0
planner_daily_no_expedite,33,single,43,0.0,True,319467.05495977995,0.0,1.0,0,0,120,0,0,0,0,0
planner_daily_no_expedite,34,dual,43,0.0,True,354798.0892838199,0.0,1.0,0,0,28,0,0,92,0,0
planner_daily_no_expedite,35,compound,43,110.0,False,535698.1243788779,0.37634696148071123,0.8637957437399476,0,0,67,10,0,43,0,0
planner_daily_no_expedite,36,single,43,0.0,True,400796.3834607285,0.0,1.0,0,0,10,0,0,110,0,0
planner_daily_no_expedite,37,dual,43,0.0,True,340435.07603795204,0.0,1.0,0,0,120,0,0,0,0,0
planner_daily_no_expedite,38,compound,43,110.0,False,577955.6637551582,0.3631012555069269,0.8756726743874704,0,0,61,0,0,58,0,1
planner_daily_no_expedite,39,single,43,0.0,True,383274.6392632002,0.0,1.0,0,0,19,0,0,101,0,0
planner_daily_no_expedite,40,dual,43,0.0,True,379597.17207487795,0.0,1.0,0,0,12,0,0,108,0,0
planner_daily_no_expedite,41,compound,43,48.0,True,448951.2221166781,0.4162984412875077,0.9331481149965012,0,0,60,0,0,60,0,0
planner_daily_no_expedite,42,single,43,0.0,True,342818.814151824,0.0,1.0,0,0,120,0,0,0,0,0
planner_daily_no_expedite,43,dual,43,85.0,True,458255.80350146163,0.3130013163455582,0.9251131481479026,0,0,57,0,0,63,0,0
planner_daily_no_expedite,44,compound,43,109.0,True,560990.3069358179,0.3210593777308022,0.8932272645094517,0,0,51,10,0,57,0,2
planner_daily_no_expedite,45,single,43,0.0,True,327254.19400583865,0.0,1.0,0,0,120,0,0,0,0,0
planner_daily_no_expedite,46,dual,43,97.0,True,540707.8827925297,0.36254328177581413,0.889841275390936,0,0,70,0,0,49,0,1
planner_daily_no_expedite,47,compound,43,82.0,True,512732.4104374107,0.28216980532781216,0.9397061022645395,0,0,51,10,0,59,0,0
planner_daily_no_expedite,48,single,43,0.0,True,349787.8382147088,0.0,1.0,0,0,10,0,0,110,0,0
planner_daily_no_expedite,49,dual,43,43.0,True,435461.44781518617,0.2766967245802591,0.9705218037441401,0,0,53,7,0,60,0,0
planner_daily_no_expedite,50,compound,43,103.0,True,600619.5627901604,0.34329529076399706,0.8951599339773986,0,0,47,10,0,63,0,0
planner_daily_no_expedite,51,single,43,0.0,True,372110.89186583954,0.0,1.0,0,0,11,0,0,109,0,0
planner_daily_no_expedite,52,dual,43,0.0,True,334289.60772994236,0.0,1.0,0,0,24,0,0,96,0,0
planner_daily_no_expedite,53,compound,43,77.0,True,372158.83086991945,0.1199116776563123,0.9871341300492116,0,0,44,10,0,65,0,1
planner_daily_no_expedite,54,single,43,0.0,True,372758.61364649725,0.0,1.0,0,0,120,0,0,0,0,0
planner_daily_no_expedite,55,dual,43,0.0,True,381125.8237482519,0.0,1.0,0,0,15,2,0,103,0,0
planner_daily_no_expedite,56,compound,43,110.0,False,551989.6368040862,0.30582900416880693,0.9073232745667503,0,0,61,0,0,58,0,1
planner_daily_no_expedite,57,single,43,0.0,True,416874.4598865072,0.0,1.0,0,0,10,0,0,110,0,0
planner_daily_no_expedite,58,dual,43,0.0,True,363453.5206654419,0.0,1.0,0,0,24,0,0,96,0,0
planner_daily_no_expedite,59,compound,43,101.0,True,408251.83372735354,0.07461744340979831,0.992706767813426,0,0,42,8,0,70,0,0
planner_daily_no_expedite,60,single,43,97.0,True,581102.5997697304,0.3205109179014382,0.9119227188376132,0,0,47,6,0,67,0,0
planner_daily_no_expedite,61,dual,43,0.0,True,399121.0101084924,0.0,1.0,0,0,22,4,0,94,0,0
planner_daily_no_expedite,62,compound,43,85.0,True,416143.3635009458,0.22732019764793862,0.9563757821291851,0,0,111,9,0,0,0,0
planner_daily_no_expedite,63,single,43,0.0,True,381999.41341169557,0.0,1.0,0,0,10,0,0,110,0,0
planner_daily_no_expedite,64,dual,43,89.0,True,492991.7539820276,0.34856657269098207,0.8980314636279797,0,0,68,0,0,51,0,1
planner_daily_no_expedite,65,compound,43,110.0,False,416680.7975783161,0.09688371482778739,0.9895285573476346,0,0,38,6,0,76,0,0
planner_daily_no_expedite,66,single,43,0.0,True,360807.7614433371,0.0,1.0,0,0,10,0,0,110,0,0
planner_daily_no_expedite,67,dual,43,95.0,True,521668.67273727694,0.3355516607171234,0.9076384300807456,0,0,49,0,0,71,0,0
planner_daily_no_expedite,68,compound,43,33.0,True,514120.567066317,0.33331155108054233,0.965598271188622,0,0,36,10,0,74,0,0
planner_daily_no_expedite,69,single,43,0.0,True,383029.0738676682,0.0,1.0,0,0,10,0,0,110,0,0
planner_daily_no_expedite,70,dual,43,0.0,True,307214.15777025616,0.0,1.0,0,0,120,0,0,0,0,0
planner_daily_no_expedite,71,compound,43,85.0,True,549089.5825958664,0.34560703648019847,0.9086205223309706,0,0,60,10,0,50,0,0
planner_daily_no_expedite,72,single,43,0.0,True,389423.29619734146,0.0,1.0,0,0,120,0,0,0,0,0
planner_daily_no_expedite,73,dual,43,0.0,True,376368.223717269,0.0,1.0,0,0,32,0,0,88,0,0
planner_daily_no_expedite,74,compound,43,0.0,True,404860.8373237997,0.0,1.0,0,0,31,10,0,79,0,0
planner_daily_no_expedite,75,single,43,0.0,True,354033.02876500797,0.0,1.0,0,0,120,0,0,0,0,0
planner_daily_no_expedite,76,dual,43,110.0,False,504602.1333936453,0.22261107033694666,0.9470594911346132,0,0,32,10,0,78,0,0
planner_daily_no_expedite,77,compound,43,110.0,False,390172.8036146967,0.19857087703491247,0.9597030679099686,0,0,65,0,0,55,0,0
planner_daily_no_expedite,78,single,43,0.0,True,366959.20389469207,0.0,1.0,0,0,120,0,0,0,0,0
planner_daily_no_expedite,79,dual,43,108.0,True,354444.72098945954,0.05386779116904262,0.9949135756742573,0,0,30,0,0,90,0,0
planner_daily_no_expedite,80,compound,43,110.0,False,516997.17073027324,0.2910329778673057,0.9144196193609171,0,0,59,9,0,52,0,0
planner_daily_no_expedite,81,single,43,0.0,True,415331.51511821034,0.0,1.0,0,0,10,0,0,110,0,0
planner_daily_no_expedite,82,dual,43,102.0,True,566871.0078835713,0.3020348007023781,0.9157036312940634,0,0,56,9,0,55,0,0
planner_daily_no_expedite,83,compound,43,70.0,True,486720.02318838896,0.3687438900184713,0.9160937611845139,0,0,46,10,0,61,0,3
planner_daily_no_expedite,84,single,43,103.0,True,512524.601405574,0.2226574427462142,0.9507470349127743,0,0,46,5,0,69,0,0
planner_daily_no_expedite,85,dual,43,98.0,True,505646.44954692345,0.27580484354891394,0.9346485078617811,0,0,62,10,0,48,0,0
planner_daily_no_expedite,86,compound,43,108.0,True,521308.64523094014,0.28585350123317427,0.9204407307708506,0,0,61,10,0,49,0,0
planner_daily_no_expedite,87,single,43,0.0,True,341397.7589490199,0.0,1.0,0,0,120,0,0,0,0,0
planner_daily_no_expedite,88,dual,43,0.0,True,372109.46802635945,0.0,1.0,0,0,28,0,0,92,0,0
planner_daily_no_expedite,89,compound,43,63.0,True,366484.7927398814,0.18619287169422766,0.9766986033323204,0,0,53,0,0,65,0,2
planner_daily_no_expedite,90,single,43,0.0,True,348905.1219217885,0.0,1.0,0,0,10,0,0,110,0,0
planner_daily_no_expedite,91,dual,43,110.0,False,606414.3959763424,0.2300105595096939,0.9430656539684098,0,0,52,10,0,58,0,0
planner_daily_no_expedite,92,compound,43,108.0,True,517852.08599320485,0.23391018538351416,0.9423006448593582,0,0,48,9,0,63,0,0
planner_daily_no_expedite,93,single,43,0.0,True,428256.2593271037,0.0,1.0,0,0,10,0,0,110,0,0
planner_daily_no_expedite,94,dual,43,0.0,True,385128.60518348985,0.0,1.0,0,0,119,1,0,0,0,0
planner_daily_no_expedite,95,compound,43,0.0,True,441624.0006916166,0.0,1.0,0,0,33,8,0,79,0,0
planner_daily_no_expedite,96,single,43,0.0,True,374697.0088336398,0.0,1.0,0,0,10,0,0,110,0,0
planner_daily_no_expedite,97,dual,43,0.0,True,396631.7465663399,0.0,1.0,0,0,29,0,0,91,0,0
planner_daily_no_expedite,98,compound,43,0.0,True,429595.8285312955,0.0,1.0,0,0,41,9,0,70,0,0
planner_daily_no_expedite,99,single,43,0.0,True,375528.7140390187,0.0,1.0,0,0,10,0,0,110,0,0
planner_daily_no_expedite,100,dual,43,105.0,True,421462.4769114814,0.17689423479805047,0.9681456414007656,0,0,37,10,0,73,0,0
planner_daily_no_expedite,101,compound,43,103.0,True,663924.1012601232,0.5059662123433194,0.7860550623274071,0,0,82,10,0,28,0,0
planner_daily_no_expedite,102,single,43,0.0,True,326763.64960782655,0.0,1.0,0,0,120,0,0,0,0,0
planner_daily_no_expedite,103,dual,43,0.0,True,320684.8244401521,0.0,1.0,0,0,120,0,0,0,0,0
planner_daily_no_expedite,104,compound,43,99.0,True,411960.3545938302,0.14901489188808834,0.9782835869557805,0,0,38,5,0,77,0,0
planner_daily_no_expedite,105,single,43,0.0,True,372041.9091710677,0.0,1.0,0,0,11,0,0,109,0,0
planner_daily_no_expedite,106,dual,43,102.0,True,354549.7032099108,0.02856855357743082,0.99542583333709,0,0,50,0,0,69,0,1
planner_daily_no_expedite,107,compound,43,0.0,True,354259.2376119106,0.0,1.0,0,0,38,0,0,82,0,0
planner_daily_no_expedite,108,single,43,0.0,True,331626.0126184661,0.0,1.0,0,0,119,1,0,0,0,0
planner_daily_no_expedite,109,dual,43,0.0,True,486036.40826198907,0.0,1.0,0,0,16,10,0,94,0,0
planner_daily_no_expedite,110,compound,43,40.0,True,512542.2269778595,0.4936823774757258,0.9245680886794709,0,0,51,0,0,69,0,0
planner_daily_no_expedite,111,single,43,0.0,True,382011.2393014327,0.0,1.0,0,0,10,0,0,110,0,0
planner_daily_no_expedite,112,dual,43,0.0,True,373485.0520779483,0.0,1.0,0,0,34,0,0,86,0,0
planner_daily_no_expedite,113,compound,43,0.0,True,356055.7492648089,0.0,1.0,0,0,45,0,0,75,0,0
planner_daily_no_expedite,114,single,43,38.0,True,464449.0236121936,0.17535988686364873,0.9875668446479214,0,0,21,4,0,95,0,0
planner_daily_no_expedite,115,dual,43,76.0,True,460378.7818604378,0.29348750042873084,0.9436188640062539,0,0,54,10,0,56,0,0
planner_daily_no_expedite,116,compound,43,37.0,True,515757.13421026006,0.4422452635294039,0.9433471677426779,0,0,37,9,0,74,0,0
planner_daily_no_expedite,117,single,43,0.0,True,367350.6092773071,0.0,1.0,0,0,120,0,0,0,0,0
planner_daily_no_expedite,118,dual,43,38.0,True,531443.5760225209,0.6106233705251314,0.8978706633246542,0,0,48,0,0,70,0,2
planner_daily_no_expedite,119,compound,43,77.0,True,625748.5080822429,0.5296733188495167,0.8371507575555411,0,0,57,10,0,53,0,0
planner_daily_no_expedite,120,single,43,0.0,True,378568.016478957,0.0,1.0,0,0,10,0,0,110,0,0
planner_daily_no_expedite,121,dual,43,83.0,True,419357.2574805131,0.21250024720680372,0.9635004796130454,0,0,44,9,0,67,0,0
planner_daily_no_expedite,122,compound,43,110.0,False,608838.565106448,0.3178462568699105,0.9008852945183484,0,0,62,10,0,48,0,0
planner_daily_no_expedite,123,single,43,0.0,True,406915.85437698715,0.0,1.0,0,0,10,0,0,110,0,0
planner_daily_no_expedite,124,dual,43,108.0,True,637903.7696361863,0.4513609235635839,0.8227435923063777,0,0,62,10,0,48,0,0
planner_daily_no_expedite,125,compound,43,0.0,True,389632.0029643754,0.0,1.0,0,0,49,0,0,71,0,0
planner_daily_no_expedite,126,single,43,0.0,True,350580.4776965405,0.0,1.0,0,0,120,0,0,0,0,0
planner_daily_no_expedite,127,dual,43,0.0,True,382058.7716343484,0.0,1.0,0,0,27,0,0,93,0,0
planner_daily_no_expedite,128,compound,43,0.0,True,427960.5857085388,0.0,1.0,0,0,35,4,0,81,0,0
planner_daily_no_expedite,129,single,43,108.0,True,493863.3201074878,0.23790514633290305,0.9393313245001572,0,0,35,1,0,84,0,0
planner_daily_no_expedite,130,dual,43,70.0,True,483226.18353453744,0.3569006831430913,0.9189490663936417,0,0,51,0,0,68,0,1
planner_daily_no_expedite,131,compound,43,110.0,False,473987.7063174588,0.25395920354699786,0.9380419003064325,0,0,48,10,0,62,0,0
planner_daily_no_expedite,132,single,43,0.0,True,381291.1923697371,0.0,1.0,0,0,10,0,0,110,0,0
planner_daily_no_expedite,133,dual,43,105.0,True,425824.0532306928,0.27995822068226284,0.920316812223432,0,0,63,0,0,56,0,1
planner_daily_no_expedite,134,compound,43,32.0,True,441321.82491105335,0.15989674901362724,0.9906229561347044,0,0,35,10,0,74,0,1
planner_daily_no_expedite,135,single,43,0.0,True,406868.0165224978,0.0,1.0,0,0,10,0,0,110,0,0
planner_daily_no_expedite,136,dual,43,109.0,True,600749.7319936393,0.2601947304443122,0.9269337356610557,0,0,57,10,0,53,0,0
planner_daily_no_expedite,137,compound,43,0.0,True,389443.8287521081,0.0,1.0,0,0,44,0,0,76,0,0
planner_daily_no_expedite,138,single,43,0.0,True,333015.80819978885,0.0,1.0,0,0,120,0,0,0,0,0
planner_daily_no_expedite,139,dual,43,0.0,True,408334.8870945167,0.0,0.998761340639515,0,0,34,10,0,76,0,0
planner_daily_no_expedite,140,compound,43,104.0,True,437114.65877476806,0.21408864172264713,0.9549890543364261,0,0,51,10,0,59,0,0
planner_daily_no_expedite,141,single,43,0.0,True,387369.4540731728,0.0,1.0,0,0,10,0,0,110,0,0
planner_daily_no_expedite,142,dual,43,0.0,True,378420.3656680698,0.0,1.0,0,0,25,0,0,95,0,0
planner_daily_no_expedite,143,compound,43,97.0,True,646874.2681852707,0.46155405376672193,0.8352339640052324,0,0,52,10,0,54,0,4
planner_daily_no_expedite,144,single,43,0.0,True,402888.83872634644,0.0,1.0,0,0,11,0,0,109,0,0
planner_daily_no_expedite,145,dual,43,88.0,True,518414.12351472554,0.3084279628014521,0.9240171940965163,0,0,51,10,0,59,0,0
planner_daily_no_expedite,146,compound,43,94.0,True,567538.1664744851,0.3306194241013239,0.9104250105207926,0,0,64,10,0,46,0,0
planner_daily_no_expedite,147,single,43,95.0,True,477959.4058895493,0.2880817953102463,0.9295128488742714,0,0,40,2,0,78,0,0
planner_daily_no_expedite,148,dual,43,0.0,True,442438.7140904944,0.0,1.0,0,0,22,10,0,88,0,0
planner_daily_no_expedite,149,compound,43,0.0,True,361621.63181076664,0.0,1.0,0,0,37,0,0,83,0,0
planner_daily_no_expedite,150,single,43,110.0,False,478535.8122650048,0.30883708203315685,0.9049456494590674,0,0,46,8,0,66,0,0
planner_daily_no_expedite,151,dual,43,104.0,True,543140.4511122337,0.32925120637048283,0.8954708187476438,0,0,57,10,0,53,0,0
planner_daily_no_expedite,152,compound,43,108.0,True,546710.9733903019,0.28839388603545313,0.9183021604353797,0,0,51,10,0,59,0,0
planner_daily_no_expedite,153,single,43,0.0,True,331811.86494220654,0.0,1.0,0,0,120,0,0,0,0,0
planner_daily_no_expedite,154,dual,43,0.0,True,391838.6133383638,0.0,1.0,0,0,14,2,0,104,0,0
planner_daily_no_expedite,155,compound,43,36.0,True,577313.5861516198,0.560852947698797,0.9099266130095329,0,0,44,10,0,65,0,1
planner_daily_no_expedite,156,single,43,44.0,True,437230.85152565496,0.24408481572168836,0.9755518710057577,0,0,26,0,0,94,0,0
planner_daily_no_expedite,157,dual,43,0.0,True,383012.3978215455,0.0,1.0,0,0,23,0,0,97,0,0
planner_daily_no_expedite,158,compound,43,0.0,True,419499.6082622663,0.0,1.0,0,0,50,0,0,70,0,0
planner_daily_no_expedite,159,single,43,0.0,True,419230.0039360908,0.0,1.0,0,0,10,0,0,110,0,0
planner_daily_no_expedite,160,dual,43,0.0,True,367449.5759280988,0.0,1.0,0,0,43,0,0,77,0,0
planner_daily_no_expedite,161,compound,43,108.0,True,595279.3295281678,0.3775631811137912,0.8663571671783898,0,0,61,10,0,49,0,0
planner_daily_no_expedite,162,single,43,0.0,True,357405.4124515174,0.0,1.0,0,0,10,0,0,110,0,0
planner_daily_no_expedite,163,dual,43,104.0,True,434786.751360206,0.14444572909436665,0.9785901639451494,0,0,23,1,0,96,0,0
planner_daily_no_expedite,164,compound,43,107.0,True,434850.33084288996,0.1086607910284514,0.9858102048080041,0,0,47,10,0,63,0,0
planner_daily_no_expedite,165,single,43,105.0,True,594492.4034713742,0.2869302584069778,0.9158196268092104,0,0,53,6,0,61,0,0
planner_daily_no_expedite,166,dual,43,110.0,False,553782.865435363,0.21122653827732324,0.9553399914026305,0,0,35,10,0,75,0,0
planner_daily_no_expedite,167,compound,43,40.0,True,430804.467456505,0.36958646370300574,0.951789828787363,0,0,49,0,0,69,0,2
planner_daily_no_expedite,168,single,43,0.0,True,367941.4889447143,0.0,1.0,0,0,10,0,0,110,0,0
planner_daily_no_expedite,169,dual,43,0.0,True,404209.6905464444,0.0,1.0,0,0,10,0,0,110,0,0
planner_daily_no_expedite,170,compound,43,58.0,True,518670.97910801286,0.5068046275122894,0.8853608814534397,0,0,60,0,0,58,0,2
planner_daily_no_expedite,171,single,43,110.0,False,389669.5650049345,0.1593312637877829,0.9711538515173486,0,0,34,0,0,86,0,0
planner_daily_no_expedite,172,dual,43,105.0,True,455486.02642238705,0.20050722721870018,0.9610780856104587,0,0,49,0,0,71,0,0
planner_daily_no_expedite,173,compound,43,54.0,True,448069.1511816811,0.2504575764113527,0.9650224847257598,0,0,57,0,0,61,0,2
planner_daily_no_expedite,174,single,43,0.0,True,381036.9605317182,0.0,1.0,0,0,10,0,0,110,0,0
planner_daily_no_expedite,175,dual,43,0.0,True,308134.68800185487,0.0,1.0,0,0,27,0,0,93,0,0
planner_daily_no_expedite,176,compound,43,39.0,True,490939.6332058224,0.3835036449871385,0.9543432425427417,0,0,44,10,0,66,0,0
planner_daily_no_expedite,177,single,43,0.0,True,397114.6114932156,0.0,1.0,0,0,10,0,0,110,0,0
planner_daily_no_expedite,178,dual,43,110.0,False,518704.80015812174,0.29391771167280306,0.9162134524072048,0,0,54,9,0,57,0,0
planner_daily_no_expedite,179,compound,43,96.0,True,500751.12942726584,0.4283671629694713,0.85280306569524,0,0,69,10,0,41,0,0
planner_daily_no_expedite,180,single,43,0.0,True,349709.7064261981,0.0,1.0,0,0,10,0,0,110,0,0
planner_daily_no_expedite,181,dual,43,0.0,True,427355.58236514864,0.0,1.0,0,0,33,1,0,86,0,0
planner_daily_no_expedite,182,compound,43,102.0,True,465510.57519557845,0.2711796843147931,0.9270309345177005,0,0,50,10,0,59,0,1
planner_daily_no_expedite,183,single,43,85.0,True,471865.36625052604,0.3414317028492682,0.9134564444021366,0,0,42,4,0,74,0,0
planner_daily_no_expedite,184,dual,43,109.0,True,539980.8807291175,0.2774307779139208,0.9243633719216678,0,0,63,9,0,48,0,0
planner_daily_no_expedite,185,compound,43,96.0,True,627760.9851792332,0.44964359310424745,0.843436089364859,0,0,65,10,0,45,0,0
planner_daily_no_expedite,186,single,43,0.0,True,358760.1909716968,0.0,1.0,0,0,10,0,0,110,0,0
planner_daily_no_expedite,187,dual,43,0.0,True,383694.3580849722,0.0,0.9988648125215842,0,0,22,9,0,89,0,0
planner_daily_no_expedite,188,compound,43,41.0,True,400878.61508918984,0.3527563526296871,0.9517733995523266,0,0,62,0,0,56,0,2
planner_daily_no_expedite,189,single,43,96.0,True,508094.77306666167,0.13980602091429079,0.9786084141864958,0,0,32,4,0,84,0,0
planner_daily_no_expedite,190,dual,43,103.0,True,524354.1230372847,0.29205814791126666,0.9190946680394699,0,0,53,10,0,57,0,0
planner_daily_no_expedite,191,compound,43,43.0,True,468793.49898624665,0.48162570656281206,0.9220333524384423,0,0,54,0,0,65,0,1
planner_daily_no_expedite,192,single,43,0.0,True,350495.58351079415,0.0,1.0,0,0,119,1,0,0,0,0
planner_daily_no_expedite,193,dual,43,0.0,True,441358.4435946199,0.0,1.0,0,0,30,0,0,90,0,0
planner_daily_no_expedite,194,compound,43,110.0,False,452887.09289945225,0.20932723407531073,0.9487835144186614,0,0,66,0,0,54,0,0
planner_daily_no_expedite,195,single,43,106.0,True,502075.23473181826,0.2815288565656995,0.9170263127426275,0,0,56,0,0,64,0,0
planner_daily_no_expedite,196,dual,43,110.0,False,469536.1333787914,0.31505406839353534,0.9073415093104517,0,0,50,10,0,60,0,0
planner_daily_no_expedite,197,compound,43,34.0,True,331922.84033377777,0.16916335091637044,0.9898967280647774,0,0,53,0,0,66,0,1
planner_daily_no_expedite,198,single,43,0.0,True,330999.16107774543,0.0,1.0,0,0,120,0,0,0,0,0
planner_daily_no_expedite,199,dual,43,106.0,True,522092.2416567566,0.2787943394572177,0.9216269324587,0,0,57,10,0,53,0,0
planner_daily_no_expedite,0,single,44,0.0,True,332563.0591712982,0.0,1.0,0,0,120,0,0,0,0,0
planner_daily_no_expedite,1,dual,44,84.0,True,540413.6215750994,0.3488597343625474,0.9057049846514004,0,0,60,6,0,54,0,0
planner_daily_no_expedite,2,compound,44,90.0,True,371434.4268443992,0.1740194262561253,0.9688012848971469,0,0,55,0,0,63,0,2
planner_daily_no_expedite,3,single,44,0.0,True,345729.9334943593,0.0,1.0,0,0,120,0,0,0,0,0
planner_daily_no_expedite,4,dual,44,110.0,False,507892.0579193476,0.30923432161012837,0.9020380184745986,0,0,60,0,0,60,0,0
planner_daily_no_expedite,5,compound,44,103.0,True,559016.7577580765,0.44092674086933553,0.8390740536739569,0,0,49,10,0,60,0,1
planner_daily_no_expedite,6,single,44,0.0,True,390295.1960526101,0.0,1.0,0,0,10,0,0,110,0,0
planner_daily_no_expedite,7,dual,44,108.0,True,635677.9246679548,0.4376397975768336,0.8238179468206955,0,0,78,9,0,33,0,0
planner_daily_no_expedite,8,compound,44,109.0,True,510003.9750200768,0.2735809199817379,0.9222446674393059,0,0,60,9,0,51,0,0
planner_daily_no_expedite,9,single,44,44.0,True,400045.97739886073,0.20694040611744308,0.9827419826642537,0,0,21,3,0,96,0,0
planner_daily_no_expedite,10,dual,44,0.0,True,453100.00376560184,0.0,1.0,0,0,32,10,0,78,0,0
planner_daily_no_expedite,11,compound,44,0.0,True,431636.43812807737,0.0,1.0,0,0,47,0,0,73,0,0
planner_daily_no_expedite,12,single,44,0.0,True,386806.7763738877,0.0,1.0,0,0,10,0,0,110,0,0
planner_daily_no_expedite,13,dual,44,97.0,True,504686.79001758224,0.21435619683062343,0.9571736420659273,0,0,52,9,0,59,0,0
planner_daily_no_expedite,14,compound,44,94.0,True,444976.2959029161,0.16401599049211435,0.9678933636338499,0,0,53,10,0,55,0,2
planner_daily_no_expedite,15,single,44,0.0,True,331926.0948761814,0.0,1.0,0,0,120,0,0,0,0,0
planner_daily_no_expedite,16,dual,44,0.0,True,388472.9067080088,0.0,1.0,0,0,30,0,0,90,0,0
planner_daily_no_expedite,17,compound,44,75.0,True,591316.5626533349,0.5220270617642675,0.8403957493641036,0,0,69,0,0,51,0,0
planner_daily_no_expedite,18,single,44,0.0,True,353253.97989165876,0.0,1.0,0,0,10,0,0,110,0,0
planner_daily_no_expedite,19,dual,44,54.0,True,455732.01062958146,0.20326886934991664,0.9778827964113469,0,0,47,9,0,64,0,0
planner_daily_no_expedite,20,compound,44,103.0,True,587215.9992698642,0.3994127027435508,0.8630597425029327,0,0,66,0,0,53,0,1
planner_daily_no_expedite,21,single,44,76.0,True,561702.1313397491,0.4097234861121173,0.8922299213172002,0,0,38,5,0,77,0,0
planner_daily_no_expedite,22,dual,44,0.0,True,372216.81532826065,0.0,1.0,0,0,12,0,0,108,0,0
planner_daily_no_expedite,23,compound,44,54.0,True,412335.09628258034,0.3662645806014605,0.9336948719175445,0,0,58,0,0,60,0,2
planner_daily_no_expedite,24,single,44,0.0,True,335530.25950484816,0.0,1.0,0,0,120,0,0,0,0,0
planner_daily_no_expedite,25,dual,44,0.0,True,371542.871320977,0.0,1.0,0,0,26,0,0,94,0,0
planner_daily_no_expedite,26,compound,44,0.0,True,415127.0931397046,0.0,1.0,0,0,37,8,0,75,0,0
planner_daily_no_expedite,27,single,44,0.0,True,352769.9531272985,0.0,1.0,0,0,120,0,0,0,0,0
planner_daily_no_expedite,28,dual,44,0.0,True,362660.38585539814,0.0,1.0,0,0,30,0,0,90,0,0
planner_daily_no_expedite,29,compound,44,108.0,True,523285.00277875393,0.2796004163613837,0.9230270644404281,0,0,52,10,0,58,0,0
planner_daily_no_expedite,30,single,44,0.0,True,416251.0655866762,0.0,1.0,0,0,10,0,0,110,0,0
planner_daily_no_expedite,31,dual,44,0.0,True,352071.15179774235,0.0,1.0,0,0,39,0,0,81,0,0
planner_daily_no_expedite,32,compound,44,0.0,True,354323.92545552744,0.0,1.0,0,0,46,0,0,74,0,0
planner_daily_no_expedite,33,single,44,0.0,True,319467.05495977995,0.0,1.0,0,0,120,0,0,0,0,0
planner_daily_no_expedite,34,dual,44,0.0,True,354798.0892838199,0.0,1.0,0,0,31,0,0,89,0,0
planner_daily_no_expedite,35,compound,44,110.0,False,535698.1243788779,0.37634696148071123,0.8637957437399476,0,0,66,10,0,44,0,0
planner_daily_no_expedite,36,single,44,0.0,True,400796.3834607285,0.0,1.0,0,0,10,0,0,110,0,0
planner_daily_no_expedite,37,dual,44,0.0,True,340435.07603795204,0.0,1.0,0,0,120,0,0,0,0,0
planner_daily_no_expedite,38,compound,44,110.0,False,577953.415269049,0.3635151168473013,0.8758982547699031,0,0,63,0,0,57,0,0
planner_daily_no_expedite,39,single,44,0.0,True,383274.6392632002,0.0,1.0,0,0,18,0,0,102,0,0
planner_daily_no_expedite,40,dual,44,0.0,True,379597.17207487795,0.0,1.0,0,0,11,0,0,109,0,0
planner_daily_no_expedite,41,compound,44,48.0,True,448953.8247424415,0.414062692626935,0.9343117755851673,0,0,60,0,0,59,0,1
planner_daily_no_expedite,42,single,44,0.0,True,342818.814151824,0.0,1.0,0,0,120,0,0,0,0,0
planner_daily_no_expedite,43,dual,44,85.0,True,458257.0809704361,0.3133046161996129,0.9249314352103113,0,0,55,0,0,64,0,1
planner_daily_no_expedite,44,compound,44,109.0,True,549174.2737293844,0.31755071084339037,0.8971611663865067,0,0,52,10,0,58,0,0
planner_daily_no_expedite,45,single,44,0.0,True,327254.19400583865,0.0,1.0,0,0,120,0,0,0,0,0
planner_daily_no_expedite,46,dual,44,97.0,True,540705.3426727077,0.36566852428695445,0.89027380188568,0,0,71,0,0,49,0,0
planner_daily_no_expedite,47,compound,44,82.0,True,512732.4104374107,0.28216980532781216,0.9397061022645395,0,0,53,10,0,57,0,0
planner_daily_no_expedite,48,single,44,0.0,True,349787.8382147088,0.0,1.0,0,0,10,0,0,110,0,0
planner_daily_no_expedite,49,dual,44,69.0,True,432697.7095710514,0.21322000191208132,0.9725186189863206,0,0,46,8,0,66,0,0
planner_daily_no_expedite,50,compound,44,91.0,True,656010.816917431,0.49939465110187803,0.8282477107177868,0,0,68,10,0,42,0,0
planner_daily_no_expedite,51,single,44,0.0,True,372110.89186583954,0.0,1.0,0,0,10,0,0,110,0,0
planner_daily_no_expedite,52,dual,44,0.0,True,335302.7107350371,0.0,1.0,0,0,23,0,0,97,0,0
planner_daily_no_expedite,53,compound,44,77.0,True,372147.21303977096,0.12428217864611889,0.9871384192156739,0,0,48,10,0,62,0,0
planner_daily_no_expedite,54,single,44,0.0,True,372758.61364649725,0.0,1.0,0,0,120,0,0,0,0,0
planner_daily_no_expedite,55,dual,44,0.0,True,376179.1599197026,0.0,1.0,0,0,15,1,0,104,0,0
planner_daily_no_expedite,56,compound,44,110.0,False,551989.7326863363,0.30628273313058557,0.9064306678621323,0,0,60,0,0,58,0,2
planner_daily_no_expedite,57,single,44,0.0,True,416874.4598865072,0.0,1.0,0,0,10,0,0,110,0,0
planner_daily_no_expedite,58,dual,44,0.0,True,363453.5206654419,0.0,1.0,0,0,23,0,0,97,0,0
planner_daily_no_expedite,59,compound,44,0.0,True,418820.6281085554,0.0,1.0,0,0,35,9,0,76,0,0
planner_daily_no_expedite,60,single,44,109.0,True,587596.1878213778,0.3606120295345847,0.8755356637047944,0,0,54,6,0,60,0,0
planner_daily_no_expedite,61,dual,44,110.0,False,439186.92724248563,0.2920678614265112,0.9180389246336023,0,0,42,5,0,73,0,0
planner_daily_no_expedite,62,compound,44,80.0,True,486550.14880746894,0.33715063714964383,0.917564125574034,0,0,111,9,0,0,0,0
planner_daily_no_expedite,63,single,44,0.0,True,381999.41341169557,0.0,1.0,0,0,10,0,0,110,0,0
planner_daily_no_expedite,64,dual,44,89.0,True,492991.2223927739,0.34760067153740243,0.8984571840713503,0,0,67,0,0,52,0,1
planner_daily_no_expedite,65,compound,44,0.0,True,415621.47239512746,0.0,1.0,0,0,34,4,0,82,0,0
planner_daily_no_expedite,66,single,44,0.0,True,360807.7614433371,0.0,1.0,0,0,10,0,0,110,0,0
planner_daily_no_expedite,67,dual,44,95.0,True,521669.2975843104,0.3308672280879315,0.908323114213683,0,0,48,0,0,71,0,1
planner_daily_no_expedite,68,compound,44,83.0,True,559777.7045663362,0.3052541042460738,0.9309050253360783,0,0,42,10,0,68,0,0
planner_daily_no_expedite,69,single,44,0.0,True,383029.0738676682,0.0,1.0,0,0,10,0,0,110,0,0
planner_daily_no_expedite,70,dual,44,0.0,True,307214.15777025616,0.0,1.0,0,0,120,0,0,0,0,0
planner_daily_no_expedite,71,compound,44,85.0,True,549089.5825958664,0.34560703648019847,0.9086205223309706,0,0,59,10,0,51,0,0
planner_daily_no_expedite,72,single,44,0.0,True,389423.29619734146,0.0,1.0,0,0,120,0,0,0,0,0
planner_daily_no_expedite,73,dual,44,0.0,True,414150.75922889373,0.0,1.0,0,0,31,1,0,88,0,0
planner_daily_no_expedite,74,compound,44,0.0,True,404877.5127724968,0.0,1.0,0,0,32,9,0,79,0,0
planner_daily_no_expedite,75,single,44,0.0,True,354033.02876500797,0.0,1.0,0,0,120,0,0,0,0,0
planner_daily_no_expedite,76,dual,44,110.0,False,503016.6537500458,0.2566679632743036,0.932084257907629,0,0,37,10,0,73,0,0
planner_daily_no_expedite,77,compound,44,110.0,False,390172.8036146967,0.19857087703491247,0.9597030679099686,0,0,63,0,0,57,0,0
planner_daily_no_expedite,78,single,44,0.0,True,366959.20389469207,0.0,1.0,0,0,120,0,0,0,0,0
planner_daily_no_expedite,79,dual,44,108.0,True,354444.72098945954,0.05386779116904262,0.9949135756742573,0,0,27,0,0,93,0,0
planner_daily_no_expedite,80,compound,44,110.0,False,497812.417379358,0.24971163463431012,0.9369438849621796,0,0,53,9,0,58,0,0
planner_daily_no_expedite,81,single,44,0.0,True,415331.51511821034,0.0,1.0,0,0,10,0,0,110,0,0
planner_daily_no_expedite,82,dual,44,101.0,True,551033.5472750225,0.29199961356434057,0.9216932253644267,0,0,60,9,0,51,0,0
planner_daily_no_expedite,83,compound,44,70.0,True,527481.7444814368,0.4695239288063911,0.8766661918384226,0,0,54,10,0,55,0,1
planner_daily_no_expedite,84,single,44,103.0,True,512524.601405574,0.2226574427462142,0.9507470349127743,0,0,48,5,0,67,0,0
planner_daily_no_expedite,85,dual,44,98.0,True,505646.44954692345,0.27580484354891394,0.9346485078617811,0,0,60,10,0,50,0,0
planner_daily_no_expedite,86,compound,44,108.0,True,548321.1518700344,0.3585598071717526,0.8812305485662943,0,0,61,10,0,49,0,0
planner_daily_no_expedite,87,single,44,0.0,True,341397.7589490199,0.0,1.0,0,0,120,0,0,0,0,0
planner_daily_no_expedite,88,dual,44,0.0,True,347919.50301352853,0.0,1.0,0,0,26,0,0,94,0,0
planner_daily_no_expedite,89,compound,44,63.0,True,366486.86584307585,0.18596061142812212,0.9767894552439238,0,0,53,0,0,65,0,2
planner_daily_no_expedite,90,single,44,0.0,True,348905.1219217885,0.0,1.0,0,0,10,0,0,110,0,0
planner_daily_no_expedite,91,dual,44,110.0,False,654784.0385806753,0.31568980179145717,0.8986118419669199,0,0,56,10,0,54,0,0
planner_daily_no_expedite,92,compound,44,95.0,True,520705.92491204175,0.32601737905235595,0.912018772054907,0,0,55,9,0,56,0,0
planner_daily_no_expedite,93,single,44,0.0,True,428256.2593271037,0.0,1.0,0,0,10,0,0,110,0,0
planner_daily_no_expedite,94,dual,44,0.0,True,385905.0082972675,0.0,1.0,0,0,43,0,0,77,0,0
planner_daily_no_expedite,95,compound,44,0.0,True,413108.16357055126,0.0,1.0,0,0,28,7,0,85,0,0
planner_daily_no_expedite,96,single,44,0.0,True,374697.0088336398,0.0,1.0,0,0,10,0,0,110,0,0
planner_daily_no_expedite,97,dual,44,0.0,True,396631.7465663399,0.0,1.0,0,0,30,0,0,90,0,0
planner_daily_no_expedite,98,compound,44,0.0,True,429595.8285312955,0.0,1.0,0,0,41,9,0,70,0,0
planner_daily_no_expedite,99,single,44,0.0,True,375528.7140390187,0.0,1.0,0,0,10,0,0,110,0,0
planner_daily_no_expedite,100,dual,44,105.0,True,421462.4769114814,0.17689423479805047,0.9681456414007656,0,0,34,9,0,77,0,0
planner_daily_no_expedite,101,compound,44,104.0,True,654258.9263421668,0.4538587283522617,0.8224021783918564,0,0,65,10,0,44,0,1
planner_daily_no_expedite,102,single,44,0.0,True,326763.64960782655,0.0,1.0,0,0,120,0,0,0,0,0
planner_daily_no_expedite,103,dual,44,0.0,True,320684.8244401521,0.0,1.0,0,0,120,0,0,0,0,0
planner_daily_no_expedite,104,compound,44,0.0,True,405698.7603558893,0.0,1.0,0,0,35,6,0,79,0,0
planner_daily_no_expedite,105,single,44,0.0,True,372041.9091710677,0.0,1.0,0,0,12,0,0,108,0,0
planner_daily_no_expedite,106,dual,44,102.0,True,354552.57942567155,0.025086826180260677,0.9960765854655599,0,0,48,0,0,71,0,1
planner_daily_no_expedite,107,compound,44,0.0,True,354259.2376119106,0.0,1.0,0,0,37,0,0,83,0,0
planner_daily_no_expedite,108,single,44,0.0,True,358324.67050106736,0.0,1.0,0,0,24,0,0,96,0,0
planner_daily_no_expedite,109,dual,44,99.0,True,529309.5593847829,0.28254034365784636,0.9288598840639074,0,0,44,10,0,66,0,0
planner_daily_no_expedite,110,compound,44,40.0,True,512547.3996784758,0.4829905748725419,0.9231909813414978,0,0,48,0,0,69,0,3
planner_daily_no_expedite,111,single,44,0.0,True,382011.2393014327,0.0,1.0,0,0,10,0,0,110,0,0
planner_daily_no_expedite,112,dual,44,0.0,True,403729.1584209538,0.0,1.0,0,0,40,3,0,77,0,0
planner_daily_no_expedite,113,compound,44,0.0,True,355284.23844948644,0.0,1.0,0,0,43,0,0,77,0,0
planner_daily_no_expedite,114,single,44,75.0,True,452629.71322658076,0.1812560430217693,0.9760476363676798,0,0,29,5,0,86,0,0
planner_daily_no_expedite,115,dual,44,77.0,True,502143.16531660233,0.3070014091194043,0.9349905582670327,0,0,49,10,0,61,0,0
planner_daily_no_expedite,116,compound,44,107.0,True,505351.68856512714,0.24826995117959497,0.9410271734280401,0,0,46,9,0,65,0,0
planner_daily_no_expedite,117,single,44,0.0,True,367350.6092773071,0.0,1.0,0,0,120,0,0,0,0,0
planner_daily_no_expedite,118,dual,44,38.0,True,531444.3482041416,0.6099446296454222,0.8972558752209336,0,0,51,0,0,66,0,3
planner_daily_no_expedite,119,compound,44,104.0,True,608822.9172334735,0.4033297388496595,0.8561823139034712,0,0,55,10,0,54,0,1
planner_daily_no_expedite,120,single,44,0.0,True,378568.016478957,0.0,1.0,0,0,10,0,0,110,0,0
planner_daily_no_expedite,121,dual,44,0.0,True,406065.3919718675,0.0,1.0,0,0,28,7,0,85,0,0
planner_daily_no_expedite,122,compound,44,110.0,False,573891.3151906885,0.264904067478889,0.9303234189428916,0,0,60,10,0,50,0,0
planner_daily_no_expedite,123,single,44,0.0,True,406915.85437698715,0.0,1.0,0,0,10,0,0,110,0,0
planner_daily_no_expedite,124,dual,44,108.0,True,637903.7696361863,0.4513609235635839,0.8227435923063777,0,0,59,10,0,51,0,0
planner_daily_no_expedite,125,compound,44,90.0,True,397465.0364904823,0.07023336617595087,0.9927399576622531,0,0,60,0,0,59,0,1
planner_daily_no_expedite,126,single,44,0.0,True,350580.4776965405,0.0,1.0,0,0,120,0,0,0,0,0
planner_daily_no_expedite,127,dual,44,0.0,True,383638.9547223692,0.0,1.0,0,0,28,0,0,92,0,0
planner_daily_no_expedite,128,compound,44,99.0,True,482376.55117337895,0.26389430641058736,0.9371451470470374,0,0,48,4,0,68,0,0
planner_daily_no_expedite,129,single,44,108.0,True,504077.6530426073,0.2403428322791696,0.9372568745498946,0,0,35,2,0,83,0,0
planner_daily_no_expedite,130,dual,44,70.0,True,483226.71617668675,0.3563966238117063,0.9195523581177114,0,0,49,0,0,70,0,1
planner_daily_no_expedite,131,compound,44,110.0,False,473987.7063174588,0.25395920354699786,0.9380419003064325,0,0,47,10,0,63,0,0
planner_daily_no_expedite,132,single,44,0.0,True,381291.1923697371,0.0,1.0,0,0,10,0,0,110,0,0
planner_daily_no_expedite,133,dual,44,105.0,True,425823.2128830915,0.2825606842050314,0.9203794641329465,0,0,60,0,0,60,0,0
planner_daily_no_expedite,134,compound,44,0.0,True,429254.75221098884,0.0,1.0,0,0,34,10,0,76,0,0
planner_daily_no_expedite,135,single,44,0.0,True,406868.0165224978,0.0,1.0,0,0,10,0,0,110,0,0
planner_daily_no_expedite,136,dual,44,109.0,True,600749.7319936393,0.2601947304443122,0.9269337356610557,0,0,57,10,0,53,0,0
planner_daily_no_expedite,137,compound,44,0.0,True,389443.8287521081,0.0,1.0,0,0,44,0,0,76,0,0
planner_daily_no_expedite,138,single,44,0.0,True,333015.80819978885,0.0,1.0,0,0,120,0,0,0,0,0
planner_daily_no_expedite,139,dual,44,0.0,True,428631.22963567666,0.0,1.0,0,0,22,10,0,88,0,0
planner_daily_no_expedite,140,compound,44,110.0,False,383687.1531964255,0.1395741289451613,0.9776982544038381,0,0,47,10,0,63,0,0
planner_daily_no_expedite,141,single,44,0.0,True,387369.4540731728,0.0,1.0,0,0,10,0,0,110,0,0
planner_daily_no_expedite,142,dual,44,0.0,True,378420.3656680698,0.0,1.0,0,0,27,0,0,93,0,0
planner_daily_no_expedite,143,compound,44,39.0,True,526634.3378472466,0.36457658720609704,0.9508020714144397,0,0,40,10,0,69,0,1
planner_daily_no_expedite,144,single,44,0.0,True,402888.83872634644,0.0,1.0,0,0,11,0,0,109,0,0
planner_daily_no_expedite,145,dual,44,110.0,False,479086.61737069284,0.22084916373076127,0.9469683062653996,0,0,50,10,0,60,0,0
planner_daily_no_expedite,146,compound,44,94.0,True,526530.0442672072,0.2427230330398703,0.9483518373141804,0,0,44,10,0,66,0,0
planner_daily_no_expedite,147,single,44,0.0,True,397336.65215037303,0.0,1.0,0,0,16,1,0,103,0,0
planner_daily_no_expedite,148,dual,44,0.0,True,442438.7140904944,0.0,1.0,0,0,24,10,0,86,0,0
planner_daily_no_expedite,149,compound,44,0.0,True,362580.7223261501,0.0,1.0,0,0,43,0,0,77,0,0
planner_daily_no_expedite,150,single,44,110.0,False,476911.50291951775,0.30004132531547867,0.9077126155592131,0,0,52,4,0,64,0,0
planner_daily_no_expedite,151,dual,44,105.0,True,496767.94679301634,0.20755650263269831,0.9546874552502919,0,0,49,10,0,61,0,0
planner_daily_no_expedite,152,compound,44,109.0,True,553257.1639223248,0.3489623060969234,0.8800198435282155,0,0,51,10,0,57,0,2
planner_daily_no_expedite,153,single,44,0.0,True,331811.86494220654,0.0,1.0,0,0,120,0,0,0,0,0
planner_daily_no_expedite,154,dual,44,0.0,True,391821.55514274107,0.0,1.0,0,0,15,1,0,104,0,0
planner_daily_no_expedite,155,compound,44,41.0,True,572325.9950878718,0.5158328469466439,0.9079650948897444,0,0,44,10,0,65,0,1
planner_daily_no_expedite,156,single,44,44.0,True,437230.85152565496,0.24408481572168836,0.9755518710057577,0,0,24,0,0,96,0,0
planner_daily_no_expedite,157,dual,44,0.0,True,442800.9089840362,0.0,1.0,0,0,20,1,0,99,0,0
planner_daily_no_expedite,158,compound,44,0.0,True,421129.15422582795,0.0,0.9986363636363635,0,0,48,0,0,71,0,1
planner_daily_no_expedite,159,single,44,0.0,True,419230.0039360908,0.0,1.0,0,0,10,0,0,110,0,0
planner_daily_no_expedite,160,dual,44,0.0,True,339219.2317132721,0.0,1.0,0,0,118,2,0,0,0,0
planner_daily_no_expedite,161,compound,44,109.0,True,472452.76542069815,0.1785643671922481,0.963107907263744,0,0,50,9,0,61,0,0
planner_daily_no_expedite,162,single,44,0.0,True,357405.4124515174,0.0,1.0,0,0,10,0,0,110,0,0
planner_daily_no_expedite,163,dual,44,0.0,True,420313.51568447246,0.0,0.9987239682394475,0,0,21,1,0,98,0,0
planner_daily_no_expedite,164,compound,44,110.0,False,519652.73844612646,0.35645008626007074,0.8787616508805413,0,0,68,10,0,42,0,0
planner_daily_no_expedite,165,single,44,105.0,True,594492.4034713742,0.2869302584069778,0.9158196268092104,0,0,50,7,0,63,0,0
planner_daily_no_expedite,166,dual,44,97.0,True,597029.1359689997,0.3615871845463086,0.8897180929423615,0,0,55,10,0,55,0,0
planner_daily_no_expedite,167,compound,44,39.0,True,418854.395581079,0.3112540527762399,0.9625571875242794,0,0,49,0,0,69,0,2
planner_daily_no_expedite,168,single,44,0.0,True,367941.4889447143,0.0,1.0,0,0,10,0,0,110,0,0
planner_daily_no_expedite,169,dual,44,0.0,True,404209.6905464444,0.0,1.0,0,0,10,0,0,110,0,0
planner_daily_no_expedite,170,compound,44,58.0,True,573536.9677998549,0.5400065387917412,0.8705905200739078,0,0,61,0,0,58,0,1
planner_daily_no_expedite,171,single,44,110.0,False,389669.5650049345,0.1593312637877829,0.9711538515173486,0,0,33,0,0,87,0,0
planner_daily_no_expedite,172,dual,44,105.0,True,455486.02642238705,0.20050722721870018,0.9610780856104587,0,0,49,0,0,71,0,0
planner_daily_no_expedite,173,compound,44,54.0,True,448064.9845284333,0.2535007684839415,0.966368240673536,0,0,59,0,0,61,0,0
planner_daily_no_expedite,174,single,44,0.0,True,381036.9605317182,0.0,1.0,0,0,10,0,0,110,0,0
planner_daily_no_expedite,175,dual,44,0.0,True,308134.68800185487,0.0,1.0,0,0,27,0,0,93,0,0
planner_daily_no_expedite,176,compound,44,84.0,True,493476.4592020817,0.251842581684799,0.9518154897461807,0,0,49,10,0,61,0,0
planner_daily_no_expedite,177,single,44,0.0,True,397114.6114932156,0.0,1.0,0,0,10,0,0,110,0,0
planner_daily_no_expedite,178,dual,44,110.0,False,505821.52025806915,0.24915556354949636,0.9347397395140536,0,0,58,8,0,54,0,0
planner_daily_no_expedite,179,compound,44,96.0,True,500751.12942726584,0.4283671629694713,0.85280306569524,0,0,70,10,0,40,0,0
planner_daily_no_expedite,180,single,44,0.0,True,349709.7064261981,0.0,1.0,0,0,10,0,0,110,0,0
planner_daily_no_expedite,181,dual,44,0.0,True,385545.3401775331,0.0,1.0,0,0,34,0,0,86,0,0
planner_daily_no_expedite,182,compound,44,108.0,True,453765.01490440447,0.2540884320731741,0.929486349669623,0,0,59,10,0,50,0,1
planner_daily_no_expedite,183,single,44,86.0,True,489096.46912497067,0.39247433697236916,0.8934824785974105,0,0,41,4,0,75,0,0
planner_daily_no_expedite,184,dual,44,107.0,True,471984.87469079497,0.1713741676801824,0.9690517396677276,0,0,44,9,0,67,0,0
planner_daily_no_expedite,185,compound,44,97.0,True,572009.6387796843,0.3714072903410357,0.8848606466453155,0,0,58,10,0,52,0,0
planner_daily_no_expedite,186,single,44,0.0,True,358760.1909716968,0.0,1.0,0,0,10,0,0,110,0,0
planner_daily_no_expedite,187,dual,44,104.0,True,380377.1731155245,0.10055318487203226,0.9890623209544763,0,0,35,10,0,75,0,0
planner_daily_no_expedite,188,compound,44,47.0,True,374791.43450763996,0.256512144272398,0.9659243252105886,0,0,59,0,0,59,0,2
planner_daily_no_expedite,189,single,44,96.0,True,508094.77306666167,0.13980602091429079,0.9786084141864958,0,0,32,4,0,84,0,0
planner_daily_no_expedite,190,dual,44,103.0,True,524354.1230372847,0.29205814791126666,0.9190946680394699,0,0,53,10,0,57,0,0
planner_daily_no_expedite,191,compound,44,43.0,True,468791.3517436122,0.4885777324687142,0.9219609240500318,0,0,55,0,0,65,0,0
planner_daily_no_expedite,192,single,44,0.0,True,330515.0129895087,0.0,1.0,0,0,120,0,0,0,0,0
planner_daily_no_expedite,193,dual,44,0.0,True,441358.4435946199,0.0,1.0,0,0,31,0,0,89,0,0
planner_daily_no_expedite,194,compound,44,90.0,True,409696.8970399783,0.18514956030841515,0.9675005604742091,0,0,62,0,0,57,0,1
planner_daily_no_expedite,195,single,44,106.0,True,502075.23473181826,0.2815288565656995,0.9170263127426275,0,0,54,0,0,66,0,0
planner_daily_no_expedite,196,dual,44,110.0,False,469536.1333787914,0.31505406839353534,0.9073415093104517,0,0,52,10,0,58,0,0
planner_daily_no_expedite,197,compound,44,34.0,True,331923.29798809,0.15526853631565202,0.9906099852760498,0,0,53,0,0,66,0,1
planner_daily_no_expedite,198,single,44,0.0,True,330999.16107774543,0.0,1.0,0,0,120,0,0,0,0,0
planner_daily_no_expedite,199,dual,44,106.0,True,522092.2416567566,0.2787943394572177,0.9216269324587,0,0,57,10,0,53,0,0
planner_daily_no_expedite,0,single,45,0.0,True,332563.0591712982,0.0,1.0,0,0,120,0,0,0,0,0
planner_daily_no_expedite,1,dual,45,85.0,True,535408.8705819503,0.3282580000502928,0.9177557496540596,0,0,58,6,0,56,0,0
planner_daily_no_expedite,2,compound,45,90.0,True,371429.2363565684,0.17865139980167719,0.968386413518098,0,0,58,0,0,62,0,0
planner_daily_no_expedite,3,single,45,0.0,True,345729.9334943593,0.0,1.0,0,0,120,0,0,0,0,0
planner_daily_no_expedite,4,dual,45,110.0,False,507894.1224396739,0.30680845941459084,0.9017125897252583,0,0,61,0,0,58,0,1
planner_daily_no_expedite,5,compound,45,103.0,True,590863.5911692067,0.46589207768605045,0.8238842885554981,0,0,55,10,0,55,0,0
planner_daily_no_expedite,6,single,45,0.0,True,390295.1960526101,0.0,1.0,0,0,10,0,0,110,0,0
planner_daily_no_expedite,7,dual,45,108.0,True,567948.261214001,0.38429672116340213,0.8641194436800422,0,0,76,9,0,35,0,0
planner_daily_no_expedite,8,compound,45,80.0,True,398897.82493038505,0.16688763261473635,0.975499379297948,0,0,111,9,0,0,0,0
planner_daily_no_expedite,9,single,45,44.0,True,396030.6918731888,0.20694040611744308,0.9827419826642537,0,0,19,2,0,99,0,0
planner_daily_no_expedite,10,dual,45,0.0,True,453100.00376560184,0.0,1.0,0,0,31,10,0,79,0,0
planner_daily_no_expedite,11,compound,45,0.0,True,429191.73775580217,0.0,1.0,0,0,48,0,0,72,0,0
planner_daily_no_expedite,12,single,45,0.0,True,386806.7763738877,0.0,1.0,0,0,10,0,0,110,0,0
planner_daily_no_expedite,13,dual,45,97.0,True,521122.3081604863,0.28039637768319153,0.932145123787809,0,0,51,9,0,60,0,0
planner_daily_no_expedite,14,compound,45,94.0,True,444974.3918137607,0.1645138149452294,0.9686183363918416,0,0,53,10,0,56,0,1
planner_daily_no_expedite,15,single,45,0.0,True,331926.0948761814,0.0,1.0,0,0,120,0,0,0,0,0
planner_daily_no_expedite,16,dual,45,0.0,True,388472.9067080088,0.0,1.0,0,0,31,0,0,89,0,0
planner_daily_no_expedite,17,compound,45,75.0,True,591316.5626533349,0.5220270617642675,0.8403957493641036,0,0,68,0,0,52,0,0
planner_daily_no_expedite,18,single,45,0.0,True,353253.97989165876,0.0,1.0,0,0,10,0,0,110,0,0
planner_daily_no_expedite,19,dual,45,83.0,True,437006.628830399,0.1104943653780421,0.9906024664091198,0,0,38,3,0,79,0,0
planner_daily_no_expedite,20,compound,45,103.0,True,587214.9875785367,0.3998762782827471,0.8629370181315055,0,0,67,0,0,53,0,0
planner_daily_no_expedite,21,single,45,76.0,True,530088.0905281035,0.334241651234174,0.9252480693449786,0,0,33,5,0,82,0,0
planner_daily_no_expedite,22,dual,45,0.0,True,372216.81532826065,0.0,1.0,0,0,14,0,0,106,0,0
planner_daily_no_expedite,23,compound,45,54.0,True,412331.31031127874,0.38219161469350205,0.9316797124236341,0,0,58,0,0,61,0,1
planner_daily_no_expedite,24,single,45,0.0,True,335530.25950484816,0.0,1.0,0,0,120,0,0,0,0,0
planner_daily_no_expedite,25,dual,45,0.0,True,371542.871320977,0.0,1.0,0,0,26,0,0,94,0,0
planner_daily_no_expedite,26,compound,45,0.0,True,415035.2554969904,0.0,1.0,0,0,36,9,0,75,0,0
planner_daily_no_expedite,27,single,45,0.0,True,352769.9531272985,0.0,1.0,0,0,120,0,0,0,0,0
planner_daily_no_expedite,28,dual,45,0.0,True,426062.3027830487,0.0,1.0,0,0,27,1,0,92,0,0
planner_daily_no_expedite,29,compound,45,108.0,True,520305.3207015782,0.2751516108736174,0.9245068259666914,0,0,53,10,0,57,0,0
planner_daily_no_expedite,30,single,45,0.0,True,416251.0655866762,0.0,1.0,0,0,10,0,0,110,0,0
planner_daily_no_expedite,31,dual,45,0.0,True,352071.15179774235,0.0,1.0,0,0,38,0,0,82,0,0
planner_daily_no_expedite,32,compound,45,0.0,True,355979.4698434235,0.0,0.9986363636363635,0,0,44,0,0,75,0,1
planner_daily_no_expedite,33,single,45,0.0,True,319467.05495977995,0.0,1.0,0,0,120,0,0,0,0,0
planner_daily_no_expedite,34,dual,45,0.0,True,354798.0892838199,0.0,1.0,0,0,29,0,0,91,0,0
planner_daily_no_expedite,35,compound,45,110.0,False,535700.92463563,0.3720966030659349,0.8635461851518211,0,0,64,10,0,44,0,2
planner_daily_no_expedite,36,single,45,0.0,True,400796.3834607285,0.0,1.0,0,0,10,0,0,110,0,0
planner_daily_no_expedite,37,dual,45,0.0,True,340435.07603795204,0.0,1.0,0,0,120,0,0,0,0,0
planner_daily_no_expedite,38,compound,45,110.0,False,577953.415269049,0.3635151168473013,0.8758982547699031,0,0,62,0,0,58,0,0
planner_daily_no_expedite,39,single,45,0.0,True,383274.6392632002,0.0,1.0,0,0,17,0,0,103,0,0
planner_daily_no_expedite,40,dual,45,0.0,True,379597.17207487795,0.0,1.0,0,0,10,0,0,110,0,0
planner_daily_no_expedite,41,compound,45,48.0,True,448951.2221166781,0.4162984412875077,0.9331481149965012,0,0,61,0,0,59,0,0
planner_daily_no_expedite,42,single,45,0.0,True,342818.814151824,0.0,1.0,0,0,120,0,0,0,0,0
planner_daily_no_expedite,43,dual,45,85.0,True,458255.80350146163,0.3130013163455582,0.9251131481479026,0,0,59,0,0,61,0,0
planner_daily_no_expedite,44,compound,45,109.0,True,570706.1496184714,0.29737410589927754,0.910827149944927,0,0,48,10,0,62,0,0
planner_daily_no_expedite,45,single,45,0.0,True,327254.19400583865,0.0,1.0,0,0,120,0,0,0,0,0
planner_daily_no_expedite,46,dual,45,97.0,True,540705.3426727077,0.36566852428695445,0.89027380188568,0,0,69,0,0,51,0,0
planner_daily_no_expedite,47,compound,45,110.0,False,516358.65892954124,0.2222053929963236,0.9497173503039061,0,0,55,10,0,55,0,0
planner_daily_no_expedite,48,single,45,0.0,True,349787.8382147088,0.0,1.0,0,0,10,0,0,110,0,0
planner_daily_no_expedite,49,dual,45,43.0,True,425039.6292243541,0.18519667604442122,0.9849675907464135,0,0,48,8,0,64,0,0
planner_daily_no_expedite,50,compound,45,103.0,True,600620.4269341435,0.34349702750829186,0.8943986478713525,0,0,45,10,0,64,0,1
planner_daily_no_expedite,51,single,45,0.0,True,372110.89186583954,0.0,1.0,0,0,11,0,0,109,0,0
planner_daily_no_expedite,52,dual,45,0.0,True,334289.60772994236,0.0,1.0,0,0,24,0,0,96,0,0
planner_daily_no_expedite,53,compound,45,77.0,True,372158.83086991945,0.1199116776563123,0.9871341300492116,0,0,46,10,0,63,0,1
planner_daily_no_expedite,54,single,45,0.0,True,372758.61364649725,0.0,1.0,0,0,120,0,0,0,0,0
planner_daily_no_expedite,55,dual,45,0.0,True,381125.8237482519,0.0,1.0,0,0,17,1,0,102,0,0
planner_daily_no_expedite,56,compound,45,110.0,False,551989.7326863363,0.30628273313058557,0.9064306678621323,0,0,61,0,0,58,0,1
planner_daily_no_expedite,57,single,45,0.0,True,416874.4598865072,0.0,1.0,0,0,10,0,0,110,0,0
planner_daily_no_expedite,58,dual,45,0.0,True,363453.5206654419,0.0,1.0,0,0,21,0,0,99,0,0
planner_daily_no_expedite,59,compound,45,101.0,True,408251.83372735354,0.07461744340979831,0.992706767813426,0,0,42,9,0,69,0,0
planner_daily_no_expedite,60,single,45,97.0,True,581102.5997697304,0.3205109179014382,0.9119227188376132,0,0,48,6,0,66,0,0
planner_daily_no_expedite,61,dual,45,0.0,True,399121.0101084924,0.0,1.0,0,0,22,5,0,93,0,0
planner_daily_no_expedite,62,compound,45,85.0,True,416143.3635009458,0.22732019764793862,0.9563757821291851,0,0,111,9,0,0,0,0
planner_daily_no_expedite,63,single,45,0.0,True,381999.41341169557,0.0,1.0,0,0,10,0,0,110,0,0
planner_daily_no_expedite,64,dual,45,89.0,True,492991.68689536117,0.34831767055533913,0.8981374256901148,0,0,68,0,0,51,0,1
planner_daily_no_expedite,65,compound,45,110.0,False,416680.7975783161,0.09688371482778739,0.9895285573476346,0,0,40,5,0,75,0,0
planner_daily_no_expedite,66,single,45,0.0,True,360807.7614433371,0.0,1.0,0,0,10,0,0,110,0,0
planner_daily_no_expedite,67,dual,45,95.0,True,521669.2975843104,0.3308672280879315,0.908323114213683,0,0,48,0,0,71,0,1
planner_daily_no_expedite,68,compound,45,33.0,True,514122.27010791906,0.331066875643481,0.9650069854045323,0,0,35,10,0,74,0,1
planner_daily_no_expedite,69,single,45,0.0,True,383029.0738676682,0.0,1.0,0,0,10,0,0,110,0,0
planner_daily_no_expedite,70,dual,45,0.0,True,367193.8111539902,0.0,1.0,0,0,35,0,0,85,0,0
planner_daily_no_expedite,71,compound,45,85.0,True,549089.5825958664,0.34560703648019847,0.9086205223309706,0,0,59,10,0,51,0,0
planner_daily_no_expedite,72,single,45,0.0,True,389423.29619734146,0.0,1.0,0,0,120,0,0,0,0,0
planner_daily_no_expedite,73,dual,45,0.0,True,376368.223717269,0.0,1.0,0,0,33,0,0,87,0,0
planner_daily_no_expedite,74,compound,45,0.0,True,404860.8373237997,0.0,1.0,0,0,32,10,0,78,0,0
planner_daily_no_expedite,75,single,45,0.0,True,354033.02876500797,0.0,1.0,0,0,120,0,0,0,0,0
planner_daily_no_expedite,76,dual,45,110.0,False,503016.6537500458,0.2566679632743036,0.932084257907629,0,0,40,10,0,70,0,0
planner_daily_no_expedite,77,compound,45,110.0,False,390189.86222831137,0.19551653943352892,0.9600572091030082,0,0,60,0,0,58,0,2
planner_daily_no_expedite,78,single,45,0.0,True,366959.20389469207,0.0,1.0,0,0,120,0,0,0,0,0
planner_daily_no_expedite,79,dual,45,108.0,True,354444.72098945954,0.05386779116904262,0.9949135756742573,0,0,25,0,0,95,0,0
planner_daily_no_expedite,80,compound,45,110.0,False,495371.7367586899,0.24533304241013623,0.9382077203779314,0,0,52,9,0,59,0,0
planner_daily_no_expedite,81,single,45,0.0,True,415331.51511821034,0.0,1.0,0,0,10,0,0,110,0,0
planner_daily_no_expedite,82,dual,45,101.0,True,551033.5472750225,0.29199961356434057,0.9216932253644267,0,0,59,9,0,52,0,0
planner_daily_no_expedite,83,compound,45,70.0,True,527481.4645180617,0.4693225920844441,0.8767832231494939,0,0,54,10,0,55,0,1
planner_daily_no_expedite,84,single,45,103.0,True,512524.601405574,0.2226574427462142,0.9507470349127743,0,0,48,5,0,67,0,0
planner_daily_no_expedite,85,dual,45,98.0,True,505646.44954692345,0.27580484354891394,0.9346485078617811,0,0,62,10,0,48,0,0
planner_daily_no_expedite,86,compound,45,90.0,True,495668.9621461094,0.27512519712860223,0.9335726568133772,0,0,55,10,0,55,0,0
planner_daily_no_expedite,87,single,45,0.0,True,341397.7589490199,0.0,1.0,0,0,120,0,0,0,0,0
planner_daily_no_expedite,88,dual,45,0.0,True,393866.0035174268,0.0,1.0,0,0,26,1,0,93,0,0
planner_daily_no_expedite,89,compound,45,63.0,True,366480.39308798924,0.18701880754808228,0.9766671186808509,0,0,54,0,0,65,0,1
planner_daily_no_expedite,90,single,45,0.0,True,348905.1219217885,0.0,1.0,0,0,10,0,0,110,0,0
planner_daily_no_expedite,91,dual,45,110.0,False,611841.4902578223,0.33102151647843786,0.8923139665037794,0,0,48,10,0,62,0,0
planner_daily_no_expedite,92,compound,45,108.0,True,517852.08599320485,0.23391018538351416,0.9423006448593582,0,0,50,9,0,61,0,0
planner_daily_no_expedite,93,single,45,0.0,True,428256.2593271037,0.0,1.0,0,0,10,0,0,110,0,0
planner_daily_no_expedite,94,dual,45,0.0,True,422782.0877753972,0.0,1.0,0,0,42,1,0,77,0,0
planner_daily_no_expedite,95,compound,45,0.0,True,418329.4449702389,0.0,1.0,0,0,31,9,0,80,0,0
planner_daily_no_expedite,96,single,45,0.0,True,374697.0088336398,0.0,1.0,0,0,10,0,0,110,0,0
planner_daily_no_expedite,97,dual,45,0.0,True,396631.7465663399,0.0,1.0,0,0,31,0,0,89,0,0
planner_daily_no_expedite,98,compound,45,0.0,True,429595.8285312955,0.0,1.0,0,0,40,9,0,71,0,0
planner_daily_no_expedite,99,single,45,0.0,True,375528.7140390187,0.0,1.0,0,0,10,0,0,110,0,0
planner_daily_no_expedite,100,dual,45,104.0,True,418289.0199661833,0.15898653792817127,0.9749890047875779,0,0,28,9,0,83,0,0
planner_daily_no_expedite,101,compound,45,103.0,True,663924.1012601232,0.5059662123433194,0.7860550623274071,0,0,81,10,0,29,0,0
planner_daily_no_expedite,102,single,45,0.0,True,326763.64960782655,0.0,1.0,0,0,120,0,0,0,0,0
planner_daily_no_expedite,103,dual,45,0.0,True,320684.8244401521,0.0,1.0,0,0,120,0,0,0,0,0
planner_daily_no_expedite,104,compound,45,0.0,True,405698.7603558893,0.0,1.0,0,0,33,6,0,81,0,0
planner_daily_no_expedite,105,single,45,0.0,True,372041.9091710677,0.0,1.0,0,0,12,0,0,108,0,0
planner_daily_no_expedite,106,dual,45,102.0,True,354543.2173313652,0.0336667336544787,0.9957182507319373,0,0,49,0,0,71,0,0
planner_daily_no_expedite,107,compound,45,0.0,True,354259.2376119106,0.0,1.0,0,0,35,0,0,85,0,0
planner_daily_no_expedite,108,single,45,0.0,True,293546.48233901395,0.0,1.0,0,0,120,0,0,0,0,0
planner_daily_no_expedite,109,dual,45,99.0,True,505066.4992178605,0.23073986167208882,0.9539390386274588,0,0,27,10,0,83,0,0
planner_daily_no_expedite,110,compound,45,40.0,True,512545.2677162364,0.48571770863546393,0.9236681503459137,0,0,49,0,0,69,0,2
planner_daily_no_expedite,111,single,45,0.0,True,382011.2393014327,0.0,1.0,0,0,10,0,0,110,0,0
planner_daily_no_expedite,112,dual,45,110.0,False,418381.1657453956,0.19529531545344686,0.9571341730198984,0,0,53,1,0,66,0,0
planner_daily_no_expedite,113,compound,45,0.0,True,357412.1752407051,0.0,0.9986363636363635,0,0,44,0,0,75,0,1
planner_daily_no_expedite,114,single,45,38.0,True,464449.0236121936,0.17535988686364873,0.9875668446479214,0,0,23,4,0,93,0,0
planner_daily_no_expedite,115,dual,45,76.0,True,460378.7818604378,0.29348750042873084,0.9436188640062539,0,0,54,10,0,56,0,0
planner_daily_no_expedite,116,compound,45,37.0,True,515757.13421026006,0.4422452635294039,0.9433471677426779,0,0,37,9,0,74,0,0
planner_daily_no_expedite,117,single,45,0.0,True,367350.6092773071,0.0,1.0,0,0,120,0,0,0,0,0
planner_daily_no_expedite,118,dual,45,38.0,True,531442.5376815209,0.6105328295981987,0.8979161085963328,0,0,53,0,0,65,0,2
planner_daily_no_expedite,119,compound,45,104.0,True,608822.9172334735,0.4033297388496595,0.8561823139034712,0,0,55,10,0,54,0,1
planner_daily_no_expedite,120,single,45,0.0,True,378568.016478957,0.0,1.0,0,0,10,0,0,110,0,0
planner_daily_no_expedite,121,dual,45,0.0,True,406065.3919718675,0.0,1.0,0,0,27,7,0,86,0,0
planner_daily_no_expedite,122,compound,45,82.0,True,489127.8695838839,0.22827878011388422,0.9527791872063704,0,0,54,10,0,56,0,0
planner_daily_no_expedite,123,single,45,0.0,True,406915.85437698715,0.0,1.0,0,0,10,0,0,110,0,0
planner_daily_no_expedite,124,dual,45,83.0,True,517482.7223545922,0.31610542040192796,0.9247390271842162,0,0,47,10,0,63,0,0
planner_daily_no_expedite,125,compound,45,0.0,True,389632.0029643754,0.0,1.0,0,0,49,0,0,71,0,0
planner_daily_no_expedite,126,single,45,0.0,True,350580.4776965405,0.0,1.0,0,0,120,0,0,0,0,0
planner_daily_no_expedite,127,dual,45,0.0,True,382058.7716343484,0.0,1.0,0,0,27,0,0,93,0,0
planner_daily_no_expedite,128,compound,45,0.0,True,427987.7379415975,0.0,1.0,0,0,37,4,0,79,0,0
planner_daily_no_expedite,129,single,45,108.0,True,493863.3201074878,0.23790514633290305,0.9393313245001572,0,0,33,1,0,86,0,0
planner_daily_no_expedite,130,dual,45,70.0,True,483225.6150582699,0.35644022804991504,0.9194869106582902,0,0,49,0,0,70,0,1
planner_daily_no_expedite,131,compound,45,110.0,False,473987.7063174588,0.25395920354699786,0.9380419003064325,0,0,47,10,0,63,0,0
planner_daily_no_expedite,132,single,45,0.0,True,381291.1923697371,0.0,1.0,0,0,10,0,0,110,0,0
planner_daily_no_expedite,133,dual,45,105.0,True,425823.2128830915,0.2825606842050314,0.9203794641329465,0,0,59,0,0,61,0,0
planner_daily_no_expedite,134,compound,45,81.0,True,436951.6912351,0.19792863017912088,0.9697661694427179,0,0,50,10,0,60,0,0
planner_daily_no_expedite,135,single,45,0.0,True,406868.0165224978,0.0,1.0,0,0,10,0,0,110,0,0
planner_daily_no_expedite,136,dual,45,89.0,True,600192.5553747866,0.26854676325232857,0.938156329014723,0,0,56,10,0,54,0,0
planner_daily_no_expedite,137,compound,45,0.0,True,389443.8287521081,0.0,1.0,0,0,44,0,0,76,0,0
planner_daily_no_expedite,138,single,45,0.0,True,333015.80819978885,0.0,1.0,0,0,120,0,0,0,0,0
planner_daily_no_expedite,139,dual,45,77.0,True,422093.4937425202,0.13618644763307663,0.9834752465885199,0,0,33,10,0,77,0,0
planner_daily_no_expedite,140,compound,45,104.0,True,437114.65877476806,0.21408864172264713,0.9549890543364261,0,0,49,10,0,61,0,0
planner_daily_no_expedite,141,single,45,0.0,True,387369.4540731728,0.0,1.0,0,0,10,0,0,110,0,0
planner_daily_no_expedite,142,dual,45,0.0,True,378420.3656680698,0.0,1.0,0,0,24,0,0,96,0,0
planner_daily_no_expedite,143,compound,45,39.0,True,534212.1438307681,0.3804788793852777,0.9487428813802431,0,0,40,10,0,69,0,1
planner_daily_no_expedite,144,single,45,0.0,True,402888.83872634644,0.0,1.0,0,0,11,0,0,109,0,0
planner_daily_no_expedite,145,dual,45,75.0,True,467022.881397457,0.27424484044220443,0.9456461068963231,0,0,50,10,0,60,0,0
planner_daily_no_expedite,146,compound,45,94.0,True,605255.4651662204,0.39153286399255294,0.8789392823067501,0,0,63,10,0,47,0,0
planner_daily_no_expedite,147,single,45,0.0,True,397336.65215037303,0.0,1.0,0,0,16,1,0,103,0,0
planner_daily_no_expedite,148,dual,45,0.0,True,442438.7140904944,0.0,1.0,0,0,23,10,0,87,0,0
planner_daily_no_expedite,149,compound,45,0.0,True,361621.63181076664,0.0,1.0,0,0,37,0,0,83,0,0
planner_daily_no_expedite,150,single,45,110.0,False,493534.45208276197,0.3535045149383425,0.877847164673948,0,0,55,9,0,56,0,0
planner_daily_no_expedite,151,dual,45,105.0,True,496767.94679301634,0.20755650263269831,0.9546874552502919,0,0,48,9,0,63,0,0
planner_daily_no_expedite,152,compound,45,108.0,True,546712.4000471348,0.2858731577019958,0.9182145425275499,0,0,49,10,0,60,0,1
planner_daily_no_expedite,153,single,45,0.0,True,331811.86494220654,0.0,1.0,0,0,120,0,0,0,0,0
planner_daily_no_expedite,154,dual,45,0.0,True,391838.6133383638,0.0,1.0,0,0,14,2,0,104,0,0
planner_daily_no_expedite,155,compound,45,82.0,True,562457.247446674,0.370350057379387,0.8986205934432769,0,0,52,10,0,57,0,1
planner_daily_no_expedite,156,single,45,44.0,True,437230.85152565496,0.24408481572168836,0.9755518710057577,0,0,24,0,0,96,0,0
planner_daily_no_expedite,157,dual,45,0.0,True,382916.94065816846,0.0,1.0,0,0,23,0,0,97,0,0
planner_daily_no_expedite,158,compound,45,0.0,True,419499.6082622663,0.0,1.0,0,0,50,0,0,70,0,0
planner_daily_no_expedite,159,single,45,0.0,True,419230.0039360908,0.0,1.0,0,0,10,0,0,110,0,0
planner_daily_no_expedite,160,dual,45,0.0,True,339219.2317132721,0.0,1.0,0,0,118,2,0,0,0,0
planner_daily_no_expedite,161,compound,45,109.0,True,515713.377830302,0.24630464091274418,0.9328070729597243,0,0,54,10,0,56,0,0
planner_daily_no_expedite,162,single,45,0.0,True,357405.4124515174,0.0,1.0,0,0,10,0,0,110,0,0
planner_daily_no_expedite,163,dual,45,104.0,True,434786.751360206,0.14444572909436665,0.9785901639451494,0,0,24,1,0,95,0,0
planner_daily_no_expedite,164,compound,45,110.0,False,538215.6060959041,0.38900446806703637,0.8583402384525775,0,0,66,10,0,44,0,0
planner_daily_no_expedite,165,single,45,106.0,True,626124.8469024106,0.35054648079437806,0.8812681335512371,0,0,60,5,0,55,0,0
planner_daily_no_expedite,166,dual,45,110.0,False,529822.8658842588,0.20248963167383807,0.9579194993296726,0,0,37,10,0,73,0,0
planner_daily_no_expedite,167,compound,45,104.0,True,435301.69069634064,0.22619597865020272,0.950579982913896,0,0,54,0,0,65,0,1
planner_daily_no_expedite,168,single,45,0.0,True,367941.4889447143,0.0,1.0,0,0,10,0,0,110,0,0
planner_daily_no_expedite,169,dual,45,0.0,True,404209.6905464444,0.0,1.0,0,0,10,0,0,110,0,0
planner_daily_no_expedite,170,compound,45,58.0,True,518673.2632962725,0.5092955262687817,0.8843433312220499,0,0,59,0,0,58,0,3
planner_daily_no_expedite,171,single,45,110.0,False,389669.5650049345,0.1593312637877829,0.9711538515173486,0,0,34,0,0,86,0,0
planner_daily_no_expedite,172,dual,45,105.0,True,455486.02642238705,0.20050722721870018,0.9610780856104587,0,0,48,0,0,72,0,0
planner_daily_no_expedite,173,compound,45,54.0,True,448068.0727705641,0.2515379529982044,0.9657577683715012,0,0,59,0,0,60,0,1
planner_daily_no_expedite,174,single,45,0.0,True,381036.9605317182,0.0,1.0,0,0,10,0,0,110,0,0
planner_daily_no_expedite,175,dual,45,0.0,True,308134.68800185487,0.0,1.0,0,0,27,0,0,93,0,0
planner_daily_no_expedite,176,compound,45,84.0,True,493476.4592020817,0.251842581684799,0.9518154897461807,0,0,48,10,0,62,0,0
planner_daily_no_expedite,177,single,45,0.0,True,397114.6114932156,0.0,1.0,0,0,10,0,0,110,0,0
planner_daily_no_expedite,178,dual,45,110.0,False,518704.80015812174,0.29391771167280306,0.9162134524072048,0,0,53,10,0,57,0,0
planner_daily_no_expedite,179,compound,45,96.0,True,458784.2201880783,0.31914473164676693,0.9130318105147296,0,0,52,10,0,58,0,0
planner_daily_no_expedite,180,single,45,0.0,True,349709.7064261981,0.0,1.0,0,0,10,0,0,110,0,0
planner_daily_no_expedite,181,dual,45,0.0,True,385545.3401775331,0.0,1.0,0,0,34,0,0,86,0,0
planner_daily_no_expedite,182,compound,45,108.0,True,453763.637279796,0.25552096722476186,0.9297899326582786,0,0,59,10,0,51,0,0
planner_daily_no_expedite,183,single,45,85.0,True,471865.36625052604,0.3414317028492682,0.9134564444021366,0,0,47,3,0,70,0,0
planner_daily_no_expedite,184,dual,45,109.0,True,539980.8807291175,0.2774307779139208,0.9243633719216678,0,0,63,9,0,48,0,0
planner_daily_no_expedite,185,compound,45,97.0,True,544388.4672028907,0.306959125056796,0.9155055118782013,0,0,59,10,0,51,0,0
planner_daily_no_expedite,186,single,45,0.0,True,358760.1909716968,0.0,1.0,0,0,10,0,0,110,0,0
planner_daily_no_expedite,187,dual,45,103.0,True,376919.8804529495,0.020366266118587172,0.9981155658390686,0,0,31,10,0,79,0,0
planner_daily_no_expedite,188,compound,45,47.0,True,374792.3695670477,0.25320011636295575,0.9655231178390506,0,0,57,0,0,60,0,3
planner_daily_no_expedite,189,single,45,0.0,True,489906.3748251077,0.0,1.0,0,0,24,1,0,95,0,0
planner_daily_no_expedite,190,dual,45,103.0,True,524354.1230372847,0.29205814791126666,0.9190946680394699,0,0,54,10,0,56,0,0
planner_daily_no_expedite,191,compound,45,43.0,True,468791.3517436122,0.4885777324687142,0.9219609240500318,0,0,56,0,0,64,0,0
planner_daily_no_expedite,192,single,45,0.0,True,330515.0129895087,0.0,1.0,0,0,120,0,0,0,0,0
planner_daily_no_expedite,193,dual,45,0.0,True,441358.4435946199,0.0,1.0,0,0,30,0,0,90,0,0
planner_daily_no_expedite,194,compound,45,110.0,False,452887.09289945225,0.20932723407531073,0.9487835144186614,0,0,66,0,0,54,0,0
planner_daily_no_expedite,195,single,45,106.0,True,502075.23473181826,0.2815288565656995,0.9170263127426275,0,0,56,0,0,64,0,0
planner_daily_no_expedite,196,dual,45,110.0,False,403857.3247275505,0.07363330262264418,0.9929966022307002,0,0,29,8,0,83,0,0
planner_daily_no_expedite,197,compound,45,34.0,True,331924.22945462755,0.1370886246764234,0.9903018557906209,0,0,50,0,0,67,0,3
planner_daily_no_expedite,198,single,45,0.0,True,330999.16107774543,0.0,1.0,0,0,120,0,0,0,0,0
planner_daily_no_expedite,199,dual,45,106.0,True,580555.5929009942,0.3921511674496097,0.8640252298231709,0,0,67,10,0,43,0,0
planner_daily_no_expedite,0,single,46,0.0,True,332563.0591712982,0.0,1.0,0,0,120,0,0,0,0,0
planner_daily_no_expedite,1,dual,46,85.0,True,541069.3182818291,0.33917615172722076,0.9142146308545053,0,0,64,2,0,54,0,0
planner_daily_no_expedite,2,compound,46,90.0,True,371431.9567014239,0.17689300484686044,0.9686634191616964,0,0,56,0,0,63,0,1
planner_daily_no_expedite,3,single,46,0.0,True,345729.9334943593,0.0,1.0,0,0,120,0,0,0,0,0
planner_daily_no_expedite,4,dual,46,110.0,False,507892.0579193476,0.30923432161012837,0.9020380184745986,0,0,59,0,0,61,0,0
planner_daily_no_expedite,5,compound,46,110.0,False,610201.6233669019,0.43996309303543535,0.8211906107249197,0,0,63,10,0,46,0,1
planner_daily_no_expedite,6,single,46,0.0,True,390295.1960526101,0.0,1.0,0,0,10,0,0,110,0,0
planner_daily_no_expedite,7,dual,46,108.0,True,567948.261214001,0.38429672116340213,0.8641194436800422,0,0,77,9,0,34,0,0
planner_daily_no_expedite,8,compound,46,80.0,True,398897.82493038505,0.16688763261473635,0.975499379297948,0,0,112,8,0,0,0,0
planner_daily_no_expedite,9,single,46,44.0,True,400045.97739886073,0.20694040611744308,0.9827419826642537,0,0,21,2,0,97,0,0
planner_daily_no_expedite,10,dual,46,0.0,True,453100.00376560184,0.0,1.0,0,0,32,10,0,78,0,0
planner_daily_no_expedite,11,compound,46,0.0,True,429191.73775580217,0.0,1.0,0,0,49,0,0,71,0,0
planner_daily_no_expedite,12,single,46,0.0,True,386806.7763738877,0.0,1.0,0,0,10,0,0,110,0,0
planner_daily_no_expedite,13,dual,46,97.0,True,504686.79001758224,0.21435619683062343,0.9571736420659273,0,0,50,9,0,61,0,0
planner_daily_no_expedite,14,compound,46,15.0,True,411006.79815209535,0.05203081136319169,0.9972727272727273,0,0,43,10,0,65,0,2
planner_daily_no_expedite,15,single,46,0.0,True,331926.0948761814,0.0,1.0,0,0,120,0,0,0,0,0
planner_daily_no_expedite,16,dual,46,0.0,True,388472.9067080088,0.0,1.0,0,0,31,0,0,89,0,0
planner_daily_no_expedite,17,compound,46,103.0,True,540581.1202855592,0.4103133163352779,0.8562668222837281,0,0,69,0,0,50,0,1
planner_daily_no_expedite,18,single,46,0.0,True,353253.97989165876,0.0,1.0,0,0,10,0,0,110,0,0
planner_daily_no_expedite,19,dual,46,54.0,True,455732.01062958146,0.20326886934991664,0.9778827964113469,0,0,47,8,0,65,0,0
planner_daily_no_expedite,20,compound,46,103.0,True,587214.9875785367,0.3998762782827471,0.8629370181315055,0,0,66,0,0,54,0,0
planner_daily_no_expedite,21,single,46,76.0,True,561702.1313397491,0.4097234861121173,0.8922299213172002,0,0,33,7,0,80,0,0
planner_daily_no_expedite,22,dual,46,0.0,True,372216.81532826065,0.0,1.0,0,0,12,0,0,108,0,0
planner_daily_no_expedite,23,compound,46,54.0,True,412332.89258918667,0.3753246584656849,0.9331545281305498,0,0,58,0,0,61,0,1
planner_daily_no_expedite,24,single,46,0.0,True,335530.25950484816,0.0,1.0,0,0,120,0,0,0,0,0
planner_daily_no_expedite,25,dual,46,0.0,True,371337.09964005975,0.0,1.0,0,0,28,0,0,92,0,0
planner_daily_no_expedite,26,compound,46,0.0,True,415127.0931397046,0.0,1.0,0,0,35,8,0,77,0,0
planner_daily_no_expedite,27,single,46,0.0,True,352769.9531272985,0.0,1.0,0,0,120,0,0,0,0,0
planner_daily_no_expedite,28,dual,46,0.0,True,362660.38585539814,0.0,1.0,0,0,31,0,0,89,0,0
planner_daily_no_expedite,29,compound,46,108.0,True,523285.00277875393,0.2796004163613837,0.9230270644404281,0,0,51,10,0,59,0,0
planner_daily_no_expedite,30,single,46,0.0,True,416251.0655866762,0.0,1.0,0,0,10,0,0,110,0,0
planner_daily_no_expedite,31,dual,46,0.0,True,352071.15179774235,0.0,1.0,0,0,36,0,0,84,0,0
planner_daily_no_expedite,32,compound,46,0.0,True,354323.92545552744,0.0,1.0,0,0,45,0,0,75,0,0
planner_daily_no_expedite,33,single,46,0.0,True,319467.05495977995,0.0,1.0,0,0,120,0,0,0,0,0
planner_daily_no_expedite,34,dual,46,0.0,True,354798.0892838199,0.0,1.0,0,0,29,0,0,91,0,0
planner_daily_no_expedite,35,compound,46,110.0,False,535700.3941022306,0.37299515830971974,0.8641731291701723,0,0,65,10,0,44,0,1
planner_daily_no_expedite,36,single,46,0.0,True,400796.3834607285,0.0,1.0,0,0,10,0,0,110,0,0
planner_daily_no_expedite,37,dual,46,0.0,True,340435.07603795204,0.0,1.0,0,0,120,0,0,0,0,0
planner_daily_no_expedite,38,compound,46,110.0,False,577953.415269049,0.3635151168473013,0.8758982547699031,0,0,63,0,0,57,0,0
planner_daily_no_expedite,39,single,46,0.0,True,383274.6392632002,0.0,1.0,0,0,18,0,0,102,0,0
planner_daily_no_expedite,40,dual,46,0.0,True,379597.17207487795,0.0,1.0,0,0,10,0,0,110,0,0
planner_daily_no_expedite,41,compound,46,48.0,True,448951.2221166781,0.4162984412875077,0.9331481149965012,0,0,61,0,0,58,0,1
planner_daily_no_expedite,42,single,46,0.0,True,342818.814151824,0.0,1.0,0,0,120,0,0,0,0,0
planner_daily_no_expedite,43,dual,46,85.0,True,458255.80350146163,0.3130013163455582,0.9251131481479026,0,0,57,0,0,63,0,0
planner_daily_no_expedite,44,compound,46,109.0,True,579104.3823203539,0.32582459219814003,0.89185178946826,0,0,49,10,0,59,0,2
planner_daily_no_expedite,45,single,46,0.0,True,327254.19400583865,0.0,1.0,0,0,120,0,0,0,0,0
planner_daily_no_expedite,46,dual,46,97.0,True,540705.3426727077,0.36566852428695445,0.89027380188568,0,0,71,0,0,49,0,0
planner_daily_no_expedite,47,compound,46,110.0,False,516358.65892954124,0.2222053929963236,0.9497173503039061,0,0,51,10,0,59,0,0
planner_daily_no_expedite,48,single,46,0.0,True,349787.8382147088,0.0,1.0,0,0,10,0,0,110,0,0
planner_daily_no_expedite,49,dual,46,43.0,True,425039.6292243541,0.18519667604442122,0.9849675907464135,0,0,47,8,0,65,0,0
planner_daily_no_expedite,50,compound,46,91.0,True,656010.816917431,0.49939465110187803,0.8282477107177868,0,0,67,10,0,43,0,0
planner_daily_no_expedite,51,single,46,0.0,True,372110.89186583954,0.0,1.0,0,0,10,0,0,110,0,0
planner_daily_no_expedite,52,dual,46,0.0,True,334289.60772994236,0.0,1.0,0,0,24,0,0,96,0,0
planner_daily_no_expedite,53,compound,46,110.0,False,363581.1735966196,0.1755479815906173,0.9672449263894155,0,0,47,10,0,63,0,0
planner_daily_no_expedite,54,single,46,0.0,True,372758.61364649725,0.0,1.0,0,0,120,0,0,0,0,0
planner_daily_no_expedite,55,dual,46,0.0,True,415995.1783824247,0.0,1.0,0,0,14,1,0,105,0,0
planner_daily_no_expedite,56,compound,46,110.0,False,551991.4943948849,0.30582710657844714,0.9073293308166075,0,0,61,0,0,58,0,1
planner_daily_no_expedite,57,single,46,0.0,True,416874.4598865072,0.0,1.0,0,0,10,0,0,110,0,0
planner_daily_no_expedite,58,dual,46,0.0,True,363453.5206654419,0.0,1.0,0,0,22,0,0,98,0,0
planner_daily_no_expedite,59,compound,46,101.0,True,408251.83372735354,0.07461744340979831,0.992706767813426,0,0,41,9,0,70,0,0
planner_daily_no_expedite,60,single,46,109.0,True,587596.1878213778,0.3606120295345847,0.8755356637047944,0,0,55,6,0,59,0,0
planner_daily_no_expedite,61,dual,46,0.0,True,399121.0101084924,0.0,1.0,0,0,25,2,0,93,0,0
planner_daily_no_expedite,62,compound,46,85.0,True,416143.3635009458,0.22732019764793862,0.9563757821291851,0,0,110,10,0,0,0,0
planner_daily_no_expedite,63,single,46,0.0,True,381999.41341169557,0.0,1.0,0,0,10,0,0,110,0,0
planner_daily_no_expedite,64,dual,46,89.0,True,492991.7539820276,0.34856657269098207,0.8980314636279797,0,0,66,0,0,53,0,1
planner_daily_no_expedite,65,compound,46,110.0,False,416680.7975783161,0.09688371482778739,0.9895285573476346,0,0,42,5,0,73,0,0
planner_daily_no_expedite,66,single,46,0.0,True,360807.7614433371,0.0,1.0,0,0,10,0,0,110,0,0
planner_daily_no_expedite,67,dual,46,95.0,True,521668.67273727694,0.3355516607171234,0.9076384300807456,0,0,50,0,0,70,0,0
planner_daily_no_expedite,68,compound,46,33.0,True,506161.62313691544,0.32462767666287407,0.9692298729630924,0,0,37,10,0,73,0,0
planner_daily_no_expedite,69,single,46,0.0,True,383029.0738676682,0.0,1.0,0,0,10,0,0,110,0,0
planner_daily_no_expedite,70,dual,46,0.0,True,307214.15777025616,0.0,1.0,0,0,120,0,0,0,0,0
planner_daily_no_expedite,71,compound,46,85.0,True,549089.5825958664,0.34560703648019847,0.9086205223309706,0,0,59,10,0,51,0,0
planner_daily_no_expedite,72,single,46,0.0,True,389423.29619734146,0.0,1.0,0,0,120,0,0,0,0,0
planner_daily_no_expedite,73,dual,46,0.0,True,376368.223717269,0.0,1.0,0,0,32,0,0,88,0,0
planner_daily_no_expedite,74,compound,46,110.0,False,396493.34799776744,0.01810407179609421,0.9982689461599937,0,0,34,10,0,76,0,0
planner_daily_no_expedite,75,single,46,0.0,True,354033.02876500797,0.0,1.0,0,0,120,0,0,0,0,0
planner_daily_no_expedite,76,dual,46,110.0,False,504602.1333936453,0.22261107033694666,0.9470594911346132,0,0,32,10,0,78,0,0
planner_daily_no_expedite,77,compound,46,110.0,False,390172.8036146967,0.19857087703491247,0.9597030679099686,0,0,65,0,0,55,0,0
planner_daily_no_expedite,78,single,46,0.0,True,366959.20389469207,0.0,1.0,0,0,120,0,0,0,0,0
planner_daily_no_expedite,79,dual,46,108.0,True,354444.72098945954,0.05386779116904262,0.9949135756742573,0,0,27,0,0,93,0,0
planner_daily_no_expedite,80,compound,46,110.0,False,495371.7367586899,0.24533304241013623,0.9382077203779314,0,0,51,9,0,60,0,0
planner_daily_no_expedite,81,single,46,0.0,True,415331.51511821034,0.0,1.0,0,0,10,0,0,110,0,0
planner_daily_no_expedite,82,dual,46,102.0,True,561171.445273025,0.2934839471321215,0.9195227823143415,0,0,58,7,0,55,0,0
planner_daily_no_expedite,83,compound,46,70.0,True,527481.7444814368,0.4695239288063911,0.8766661918384226,0,0,55,10,0,54,0,1
planner_daily_no_expedite,84,single,46,103.0,True,576531.48809261,0.32192542135649815,0.8985869302766202,0,0,51,4,0,65,0,0
planner_daily_no_expedite,85,dual,46,98.0,True,505646.44954692345,0.27580484354891394,0.9346485078617811,0,0,61,10,0,49,0,0
planner_daily_no_expedite,86,compound,46,90.0,True,495668.9621461094,0.27512519712860223,0.9335726568133772,0,0,54,10,0,56,0,0
planner_daily_no_expedite,87,single,46,0.0,True,341397.7589490199,0.0,1.0,0,0,120,0,0,0,0,0
planner_daily_no_expedite,88,dual,46,0.0,True,347939.8545265737,0.0,1.0,0,0,27,0,0,93,0,0
planner_daily_no_expedite,89,compound,46,63.0,True,366479.8905044278,0.18724022923430522,0.9764600019270314,0,0,54,0,0,65,0,1
planner_daily_no_expedite,90,single,46,0.0,True,348905.1219217885,0.0,1.0,0,0,10,0,0,110,0,0
planner_daily_no_expedite,91,dual,46,110.0,False,630950.2399532819,0.35801037282583575,0.87434324602988,0,0,67,10,0,43,0,0
planner_daily_no_expedite,92,compound,46,95.0,True,520705.92491204175,0.32601737905235595,0.912018772054907,0,0,52,9,0,59,0,0
planner_daily_no_expedite,93,single,46,0.0,True,428256.2593271037,0.0,1.0,0,0,10,0,0,110,0,0
planner_daily_no_expedite,94,dual,46,0.0,True,422782.0877753972,0.0,1.0,0,0,42,1,0,77,0,0
planner_daily_no_expedite,95,compound,46,0.0,True,418329.4449702389,0.0,1.0,0,0,30,9,0,81,0,0
planner_daily_no_expedite,96,single,46,0.0,True,374697.0088336398,0.0,1.0,0,0,10,0,0,110,0,0
planner_daily_no_expedite,97,dual,46,0.0,True,396631.7465663399,0.0,1.0,0,0,29,0,0,91,0,0
planner_daily_no_expedite,98,compound,46,0.0,True,429595.8285312955,0.0,1.0,0,0,40,9,0,71,0,0
planner_daily_no_expedite,99,single,46,0.0,True,375528.7140390187,0.0,1.0,0,0,10,0,0,110,0,0
planner_daily_no_expedite,100,dual,46,105.0,True,421462.4769114814,0.17689423479805047,0.9681456414007656,0,0,37,9,0,74,0,0
planner_daily_no_expedite,101,compound,46,104.0,True,654257.2726224341,0.45485337776648266,0.8228905732066704,0,0,67,10,0,43,0,0
planner_daily_no_expedite,102,single,46,0.0,True,326763.64960782655,0.0,1.0,0,0,120,0,0,0,0,0
planner_daily_no_expedite,103,dual,46,0.0,True,320684.8244401521,0.0,1.0,0,0,120,0,0,0,0,0
planner_daily_no_expedite,104,compound,46,99.0,True,411960.3545938302,0.14901489188808834,0.9782835869557805,0,0,38,5,0,77,0,0
planner_daily_no_expedite,105,single,46,0.0,True,372041.9091710677,0.0,1.0,0,0,11,0,0,109,0,0
planner_daily_no_expedite,106,dual,46,102.0,True,354543.2173313652,0.0336667336544787,0.9957182507319373,0,0,51,0,0,69,0,0
planner_daily_no_expedite,107,compound,46,0.0,True,354259.2376119106,0.0,1.0,0,0,37,0,0,83,0,0
planner_daily_no_expedite,108,single,46,0.0,True,331626.0126184661,0.0,1.0,0,0,119,1,0,0,0,0
planner_daily_no_expedite,109,dual,46,99.0,True,505066.4992178605,0.23073986167208882,0.9539390386274588,0,0,27,10,0,83,0,0
planner_daily_no_expedite,110,compound,46,40.0,True,512548.1930693649,0.4815039188350188,0.9236728608225643,0,0,47,0,0,69,0,4
planner_daily_no_expedite,111,single,46,0.0,True,382011.2393014327,0.0,1.0,0,0,10,0,0,110,0,0
planner_daily_no_expedite,112,dual,46,0.0,True,398136.3653777426,0.0,1.0,0,0,40,2,0,78,0,0
planner_daily_no_expedite,113,compound,46,43.0,True,382750.4488411825,0.22545150354664656,0.9792320618277237,0,0,47,0,0,73,0,0
planner_daily_no_expedite,114,single,46,38.0,True,464449.0236121936,0.17535988686364873,0.9875668446479214,0,0,24,4,0,92,0,0
planner_daily_no_expedite,115,dual,46,77.0,True,502143.16531660233,0.3070014091194043,0.9349905582670327,0,0,50,10,0,60,0,0
planner_daily_no_expedite,116,compound,46,37.0,True,515757.13421026006,0.4422452635294039,0.9433471677426779,0,0,37,9,0,74,0,0
planner_daily_no_expedite,117,single,46,0.0,True,367350.6092773071,0.0,1.0,0,0,120,0,0,0,0,0
planner_daily_no_expedite,118,dual,46,38.0,True,531440.5073252834,0.61054031166918,0.899005928048535,0,0,52,0,0,67,0,1
planner_daily_no_expedite,119,compound,46,77.0,True,590790.7900619864,0.4392308414784942,0.8772699693807426,0,0,53,10,0,56,0,1
planner_daily_no_expedite,120,single,46,0.0,True,378568.016478957,0.0,1.0,0,0,10,0,0,110,0,0
planner_daily_no_expedite,121,dual,46,0.0,True,406065.3919718675,0.0,1.0,0,0,27,7,0,86,0,0
planner_daily_no_expedite,122,compound,46,110.0,False,608838.565106448,0.3178462568699105,0.9008852945183484,0,0,61,10,0,49,0,0
planner_daily_no_expedite,123,single,46,0.0,True,406915.85437698715,0.0,1.0,0,0,10,0,0,110,0,0
planner_daily_no_expedite,124,dual,46,108.0,True,637903.7696361863,0.4513609235635839,0.8227435923063777,0,0,61,10,0,49,0,0
planner_daily_no_expedite,125,compound,46,90.0,True,397463.03376613144,0.0729555082988443,0.9925018888007164,0,0,58,0,0,61,0,1
planner_daily_no_expedite,126,single,46,0.0,True,350580.4776965405,0.0,1.0,0,0,120,0,0,0,0,0
planner_daily_no_expedite,127,dual,46,0.0,True,396950.5295161365,0.0,1.0,0,0,28,1,0,91,0,0
planner_daily_no_expedite,128,compound,46,99.0,True,468380.0615696559,0.2150122863781011,0.9565444688355038,0,0,45,4,0,71,0,0
planner_daily_no_expedite,129,single,46,108.0,True,493863.3201074878,0.23790514633290305,0.9393313245001572,0,0,35,1,0,84,0,0
planner_daily_no_expedite,130,dual,46,70.0,True,483224.590919979,0.35812914098493703,0.9191091300399715,0,0,51,0,0,69,0,0
planner_daily_no_expedite,131,compound,46,110.0,False,473987.7063174588,0.25395920354699786,0.9380419003064325,0,0,47,10,0,63,0,0
planner_daily_no_expedite,132,single,46,0.0,True,381291.1923697371,0.0,1.0,0,0,10,0,0,110,0,0
planner_daily_no_expedite,133,dual,46,105.0,True,425824.67490638385,0.28051675009559657,0.9200446604548719,0,0,60,0,0,59,0,1
planner_daily_no_expedite,134,compound,46,33.0,True,436918.1283188675,0.17679488349522682,0.9907786741985393,0,0,37,10,0,73,0,0
planner_daily_no_expedite,135,single,46,0.0,True,406868.0165224978,0.0,1.0,0,0,10,0,0,110,0,0
planner_daily_no_expedite,136,dual,46,109.0,True,600749.7319936393,0.2601947304443122,0.9269337356610557,0,0,58,10,0,52,0,0
planner_daily_no_expedite,137,compound,46,0.0,True,389443.8287521081,0.0,1.0,0,0,43,0,0,77,0,0
planner_daily_no_expedite,138,single,46,0.0,True,333015.80819978885,0.0,1.0,0,0,120,0,0,0,0,0
planner_daily_no_expedite,139,dual,46,0.0,True,408334.8870945167,0.0,0.998761340639515,0,0,33,10,0,77,0,0
planner_daily_no_expedite,140,compound,46,104.0,True,437114.65877476806,0.21408864172264713,0.9549890543364261,0,0,51,10,0,59,0,0
planner_daily_no_expedite,141,single,46,0.0,True,387369.4540731728,0.0,1.0,0,0,10,0,0,110,0,0
planner_daily_no_expedite,142,dual,46,0.0,True,378500.7191909562,0.0,1.0,0,0,22,0,0,98,0,0
planner_daily_no_expedite,143,compound,46,39.0,True,526633.2341400089,0.3652347226514906,0.9505584848845989,0,0,40,10,0,69,0,1
planner_daily_no_expedite,144,single,46,0.0,True,402888.83872634644,0.0,1.0,0,0,11,0,0,109,0,0
planner_daily_no_expedite,145,dual,46,28.0,True,434060.3666283432,0.1607946242827697,0.9923595397961745,0,0,35,10,0,75,0,0
planner_daily_no_expedite,146,compound,46,94.0,True,605255.4651662204,0.39153286399255294,0.8789392823067501,0,0,62,10,0,48,0,0
planner_daily_no_expedite,147,single,46,95.0,True,477959.4058895493,0.2880817953102463,0.9295128488742714,0,0,39,2,0,79,0,0
planner_daily_no_expedite,148,dual,46,63.0,True,449122.22273293295,0.1818953933336826,0.9791703487592988,0,0,43,10,0,67,0,0
planner_daily_no_expedite,149,compound,46,0.0,True,362580.7223261501,0.0,1.0,0,0,42,0,0,78,0,0
planner_daily_no_expedite,150,single,46,110.0,False,478535.8122650048,0.30883708203315685,0.9049456494590674,0,0,49,7,0,64,0,0
planner_daily_no_expedite,151,dual,46,105.0,True,496767.94679301634,0.20755650263269831,0.9546874552502919,0,0,50,9,0,61,0,0
planner_daily_no_expedite,152,compound,46,108.0,True,546710.9733903019,0.28839388603545313,0.9183021604353797,0,0,50,10,0,60,0,0
planner_daily_no_expedite,153,single,46,0.0,True,331811.86494220654,0.0,1.0,0,0,120,0,0,0,0,0
planner_daily_no_expedite,154,dual,46,0.0,True,391834.0903187187,0.0,1.0,0,0,13,4,0,103,0,0
planner_daily_no_expedite,155,compound,46,41.0,True,572324.7235536247,0.5203325031751006,0.9084328404023962,0,0,45,10,0,65,0,0
planner_daily_no_expedite,156,single,46,44.0,True,437230.85152565496,0.24408481572168836,0.9755518710057577,0,0,24,0,0,96,0,0
planner_daily_no_expedite,157,dual,46,0.0,True,383012.3978215455,0.0,1.0,0,0,23,0,0,97,0,0
planner_daily_no_expedite,158,compound,46,0.0,True,419499.6082622663,0.0,1.0,0,0,50,0,0,70,0,0
planner_daily_no_expedite,159,single,46,0.0,True,419230.0039360908,0.0,1.0,0,0,10,0,0,110,0,0
planner_daily_no_expedite,160,dual,46,0.0,True,339292.41108697385,0.0,1.0,0,0,119,1,0,0,0,0
planner_daily_no_expedite,161,compound,46,109.0,True,515713.377830302,0.24630464091274418,0.9328070729597243,0,0,54,10,0,56,0,0
planner_daily_no_expedite,162,single,46,0.0,True,357405.4124515174,0.0,1.0,0,0,10,0,0,110,0,0
planner_daily_no_expedite,163,dual,46,104.0,True,434786.751360206,0.14444572909436665,0.9785901639451494,0,0,24,1,0,95,0,0
planner_daily_no_expedite,164,compound,46,110.0,False,538215.6060959041,0.38900446806703637,0.8583402384525775,0,0,66,10,0,44,0,0
planner_daily_no_expedite,165,single,46,106.0,True,626124.8469024106,0.35054648079437806,0.8812681335512371,0,0,60,7,0,53,0,0
planner_daily_no_expedite,166,dual,46,97.0,True,597029.1359689997,0.3615871845463086,0.8897180929423615,0,0,54,10,0,56,0,0
planner_daily_no_expedite,167,compound,46,39.0,True,418854.75300617394,0.3110433246478898,0.9636368539074454,0,0,50,0,0,69,0,1
planner_daily_no_expedite,168,single,46,0.0,True,367941.4889447143,0.0,1.0,0,0,10,0,0,110,0,0
planner_daily_no_expedite,169,dual,46,0.0,True,404209.6905464444,0.0,1.0,0,0,11,0,0,109,0,0
planner_daily_no_expedite,170,compound,46,57.0,True,546450.991173687,0.48799560843792283,0.8911550663785781,0,0,57,0,0,61,0,2
planner_daily_no_expedite,171,single,46,110.0,False,389669.5650049345,0.1593312637877829,0.9711538515173486,0,0,36,0,0,84,0,0
planner_daily_no_expedite,172,dual,46,105.0,True,455486.02642238705,0.20050722721870018,0.9610780856104587,0,0,50,0,0,70,0,0
planner_daily_no_expedite,173,compound,46,54.0,True,448067.6535284135,0.2517446430559813,0.9656962055361086,0,0,58,0,0,61,0,1
planner_daily_no_expedite,174,single,46,0.0,True,381036.9605317182,0.0,1.0,0,0,10,0,0,110,0,0
planner_daily_no_expedite,175,dual,46,0.0,True,308242.5011690916,0.0,1.0,0,0,27,0,0,93,0,0
planner_daily_no_expedite,176,compound,46,39.0,True,490939.6332058224,0.3835036449871385,0.9543432425427417,0,0,43,10,0,67,0,0
planner_daily_no_expedite,177,single,46,0.0,True,397114.6114932156,0.0,1.0,0,0,10,0,0,110,0,0
planner_daily_no_expedite,178,dual,46,110.0,False,515964.81881826546,0.26901276435153715,0.9257882019095696,0,0,56,10,0,54,0,0
planner_daily_no_expedite,179,compound,46,96.0,True,500753.0696404512,0.42671340023981097,0.8529182260300553,0,0,68,10,0,41,0,1
planner_daily_no_expedite,180,single,46,0.0,True,349709.7064261981,0.0,1.0,0,0,10,0,0,110,0,0
planner_daily_no_expedite,181,dual,46,0.0,True,427355.58236514864,0.0,1.0,0,0,33,1,0,86,0,0
planner_daily_no_expedite,182,compound,46,102.0,True,469730.4359813443,0.28385176821914915,0.924162411925604,0,0,52,10,0,57,0,1
planner_daily_no_expedite,183,single,46,85.0,True,471865.36625052604,0.3414317028492682,0.9134564444021366,0,0,45,3,0,72,0,0
planner_daily_no_expedite,184,dual,46,107.0,True,471984.87469079497,0.1713741676801824,0.9690517396677276,0,0,44,9,0,67,0,0
planner_daily_no_expedite,185,compound,46,97.0,True,544388.4672028907,0.306959125056796,0.9155055118782013,0,0,59,10,0,51,0,0
planner_daily_no_expedite,186,single,46,0.0,True,358760.1909716968,0.0,1.0,0,0,10,0,0,110,0,0
planner_daily_no_expedite,187,dual,46,103.0,True,376919.8804529495,0.020366266118587172,0.9981155658390686,0,0,32,10,0,78,0,0
planner_daily_no_expedite,188,compound,46,41.0,True,400873.8302027213,0.3679719749289121,0.9510415941300041,0,0,66,0,0,53,0,1
planner_daily_no_expedite,189,single,46,0.0,True,465776.9701449164,0.0,1.0,0,0,23,3,0,94,0,0
planner_daily_no_expedite,190,dual,46,103.0,True,524354.1230372847,0.29205814791126666,0.9190946680394699,0,0,52,10,0,58,0,0
planner_daily_no_expedite,191,compound,46,43.0,True,468791.3517436122,0.4885777324687142,0.9219609240500318,0,0,56,0,0,64,0,0
planner_daily_no_expedite,192,single,46,0.0,True,330515.0129895087,0.0,1.0,0,0,120,0,0,0,0,0
planner_daily_no_expedite,193,dual,46,0.0,True,441358.4435946199,0.0,1.0,0,0,30,0,0,90,0,0
planner_daily_no_expedite,194,compound,46,110.0,False,452889.59470579855,0.20851059213633152,0.9486182880446244,0,0,65,0,0,54,0,1
planner_daily_no_expedite,195,single,46,106.0,True,502075.23473181826,0.2815288565656995,0.9170263127426275,0,0,53,0,0,67,0,0
planner_daily_no_expedite,196,dual,46,110.0,False,403857.3247275505,0.07363330262264418,0.9929966022307002,0,0,28,8,0,84,0,0
planner_daily_no_expedite,197,compound,46,34.0,True,331922.7888880715,0.16815681267875993,0.9899482323236183,0,0,52,0,0,67,0,1
planner_daily_no_expedite,198,single,46,0.0,True,330999.16107774543,0.0,1.0,0,0,120,0,0,0,0,0
planner_daily_no_expedite,199,dual,46,106.0,True,537636.417590636,0.32245177800889935,0.902643178880514,0,0,57,10,0,53,0,0
planner_daily_expedite_7d,0,single,42,0.0,True,332563.0591712982,0.0,1.0,0,0,120,0,0,0,0,0
planner_daily_expedite_7d,1,dual,42,84.0,True,548275.2439722517,0.3677477551129851,0.8994470340593138,0,0,60,4,0,56,0,0
planner_daily_expedite_7d,2,compound,42,75.0,True,446578.90330590063,0.14737683392508294,0.9811476129281274,3,0,64,0,3,53,0,0
planner_daily_expedite_7d,3,single,42,0.0,True,345729.9334943593,0.0,1.0,0,0,120,0,0,0,0,0
planner_daily_expedite_7d,4,dual,42,53.0,True,524748.3408317569,0.3181885381838446,0.9481330819103326,2,0,45,0,2,72,0,1
planner_daily_expedite_7d,5,compound,42,103.0,True,819031.7172913945,0.5909064966244046,0.7406690588005089,4,0,77,9,4,30,0,0
planner_daily_expedite_7d,6,single,42,0.0,True,390295.1960526101,0.0,1.0,0,0,10,0,0,110,0,0
planner_daily_expedite_7d,7,dual,42,108.0,True,626059.2005984172,0.3855488460588154,0.864580215795874,1,0,67,10,1,42,0,0
planner_daily_expedite_7d,8,compound,42,82.0,True,640518.288267202,0.36557716279224184,0.9046939055996992,3,0,65,7,3,45,0,0
planner_daily_expedite_7d,9,single,42,44.0,True,400045.97739886073,0.20694040611744308,0.9827419826642537,0,0,25,2,0,93,0,0
planner_daily_expedite_7d,10,dual,42,110.0,False,586246.1807229471,0.1581593448098417,0.9683301956248281,2,0,44,9,2,65,0,0
planner_daily_expedite_7d,11,compound,42,0.0,True,543147.7592649031,0.0,1.0,3,0,41,0,3,76,0,0
planner_daily_expedite_7d,12,single,42,0.0,True,386806.7763738877,0.0,1.0,0,0,10,0,0,110,0,0
planner_daily_expedite_7d,13,dual,42,99.0,True,611204.4467579817,0.2734336383917843,0.9323677312827146,1,0,51,9,1,59,0,0
planner_daily_expedite_7d,14,compound,42,94.0,True,579197.9564006143,0.17891175629386902,0.965881040581508,3,0,58,8,3,50,0,1
planner_daily_expedite_7d,15,single,42,0.0,True,331926.0948761814,0.0,1.0,0,0,120,0,0,0,0,0
planner_daily_expedite_7d,16,dual,42,0.0,True,388472.9067080088,0.0,1.0,0,0,30,0,0,90,0,0
planner_daily_expedite_7d,17,compound,42,104.0,True,677961.4939911825,0.42974035950776573,0.839138891962075,4,0,68,0,4,46,0,2
planner_daily_expedite_7d,18,single,42,0.0,True,353253.97989165876,0.0,1.0,0,0,10,0,0,110,0,0
planner_daily_expedite_7d,19,dual,42,54.0,True,455732.01062958146,0.20326886934991664,0.9778827964113469,0,0,47,8,0,65,0,0
planner_daily_expedite_7d,20,compound,42,103.0,True,810155.6223798229,0.48739461824292957,0.8093386403108358,4,0,66,0,4,50,0,0
planner_daily_expedite_7d,21,single,42,76.0,True,530088.0905281035,0.334241651234174,0.9252480693449786,0,0,31,6,0,83,0,0
planner_daily_expedite_7d,22,dual,42,0.0,True,372216.81532826065,0.0,1.0,0,0,12,0,0,108,0,0
planner_daily_expedite_7d,23,compound,42,84.0,True,530538.072042718,0.32801898716856104,0.9161896475453278,4,0,55,0,4,59,0,2
planner_daily_expedite_7d,24,single,42,0.0,True,335530.25950484816,0.0,1.0,0,0,120,0,0,0,0,0
planner_daily_expedite_7d,25,dual,42,0.0,True,371337.09964005975,0.0,1.0,0,0,28,0,0,92,0,0
planner_daily_expedite_7d,26,compound,42,0.0,True,484927.0123595577,0.0,1.0,1,0,30,9,1,80,0,0
planner_daily_expedite_7d,27,single,42,0.0,True,352769.9531272985,0.0,1.0,0,0,120,0,0,0,0,0
planner_daily_expedite_7d,28,dual,42,0.0,True,362660.38585539814,0.0,1.0,0,0,30,0,0,90,0,0
planner_daily_expedite_7d,29,compound,42,108.0,True,687600.256494406,0.3694876239212822,0.8702562220632881,3,0,73,9,3,35,0,0
planner_daily_expedite_7d,30,single,42,0.0,True,416251.0655866762,0.0,1.0,0,0,10,0,0,110,0,0
planner_daily_expedite_7d,31,dual,42,0.0,True,352071.15179774235,0.0,1.0,0,0,37,0,0,83,0,0
planner_daily_expedite_7d,32,compound,42,0.0,True,407006.1092426238,0.0,1.0,2,0,47,0,2,71,0,0
planner_daily_expedite_7d,33,single,42,0.0,True,319467.05495977995,0.0,1.0,0,0,120,0,0,0,0,0
planner_daily_expedite_7d,34,dual,42,0.0,True,354798.0892838199,0.0,1.0,0,0,28,0,0,92,0,0
planner_daily_expedite_7d,35,compound,42,80.0,True,612903.2602320489,0.3073664909002872,0.9322392596648839,4,0,47,9,4,59,0,1
planner_daily_expedite_7d,36,single,42,0.0,True,400796.3834607285,0.0,1.0,0,0,10,0,0,110,0,0
planner_daily_expedite_7d,37,dual,42,0.0,True,340435.07603795204,0.0,1.0,0,0,120,0,0,0,0,0
planner_daily_expedite_7d,38,compound,42,110.0,False,730710.1439781612,0.43995585819181554,0.8275278630124082,4,0,72,0,4,44,0,0
planner_daily_expedite_7d,39,single,42,0.0,True,383274.6392632002,0.0,1.0,0,0,18,0,0,102,0,0
planner_daily_expedite_7d,40,dual,42,0.0,True,379597.17207487795,0.0,1.0,0,0,10,0,0,110,0,0
planner_daily_expedite_7d,41,compound,42,50.0,True,585286.2145777247,0.5054365729171839,0.9023855755949755,3,0,54,0,3,62,0,1
planner_daily_expedite_7d,42,single,42,0.0,True,342818.814151824,0.0,1.0,0,0,120,0,0,0,0,0
planner_daily_expedite_7d,43,dual,42,85.0,True,524765.3710747343,0.3250290145007919,0.9214803621797719,2,0,51,0,2,66,0,1
planner_daily_expedite_7d,44,compound,42,110.0,False,803491.7086308333,0.37849218778908617,0.8610293585998775,4,0,62,9,4,43,0,2
planner_daily_expedite_7d,45,single,42,0.0,True,327254.19400583865,0.0,1.0,0,0,120,0,0,0,0,0
planner_daily_expedite_7d,46,dual,42,90.0,True,585177.4499315064,0.2689466752130545,0.9349320455464625,3,0,65,0,3,50,0,2
planner_daily_expedite_7d,47,compound,42,99.0,True,645010.6755176763,0.28153389625466146,0.925286303942648,2,0,64,9,2,45,0,0
planner_daily_expedite_7d,48,single,42,0.0,True,349787.8382147088,0.0,1.0,0,0,10,0,0,110,0,0
planner_daily_expedite_7d,49,dual,42,110.0,False,448990.4476860026,0.1487156512305672,0.9702997715471277,1,0,58,5,1,56,0,0
planner_daily_expedite_7d,50,compound,42,90.0,True,741258.4040397556,0.3858389649206032,0.8916597385051765,3,0,54,9,3,54,0,0
planner_daily_expedite_7d,51,single,42,0.0,True,372110.89186583954,0.0,1.0,0,0,10,0,0,110,0,0
planner_daily_expedite_7d,52,dual,42,0.0,True,334289.60772994236,0.0,1.0,0,0,24,0,0,96,0,0
planner_daily_expedite_7d,53,compound,42,106.0,True,614241.0821923848,0.3578958525437816,0.8804089043980688,3,0,57,9,3,50,0,1
planner_daily_expedite_7d,54,single,42,0.0,True,372758.61364649725,0.0,1.0,0,0,120,0,0,0,0,0
planner_daily_expedite_7d,55,dual,42,0.0,True,365110.53048399807,0.0,1.0,0,0,17,0,0,103,0,0
planner_daily_expedite_7d,56,compound,42,110.0,False,706807.3630925909,0.3978597655525587,0.8537118226744458,3,0,67,0,3,50,0,0
planner_daily_expedite_7d,57,single,42,0.0,True,416874.4598865072,0.0,1.0,0,0,10,0,0,110,0,0
planner_daily_expedite_7d,58,dual,42,0.0,True,363453.5206654419,0.0,1.0,0,0,22,0,0,98,0,0
planner_daily_expedite_7d,59,compound,42,0.0,True,476476.5513889893,0.0,1.0,1,0,31,8,1,80,0,0
planner_daily_expedite_7d,60,single,42,109.0,True,587527.5515867035,0.36933043427315193,0.8691713488650827,0,0,63,4,0,53,0,0
planner_daily_expedite_7d,61,dual,42,0.0,True,399121.0101084924,0.0,1.0,0,0,23,4,0,93,0,0
planner_daily_expedite_7d,62,compound,42,81.0,True,594880.0222188347,0.2821427533089759,0.9375703151071209,4,0,108,8,4,0,0,0
planner_daily_expedite_7d,63,single,42,0.0,True,381999.41341169557,0.0,1.0,0,0,10,0,0,110,0,0
planner_daily_expedite_7d,64,dual,42,90.0,True,683664.2369143604,0.5101578840496833,0.821366123693855,4,0,63,0,4,53,0,0
planner_daily_expedite_7d,65,compound,42,0.0,True,420250.1485068755,0.0,1.0,0,0,29,8,0,83,0,0
planner_daily_expedite_7d,66,single,42,0.0,True,360807.7614433371,0.0,1.0,0,0,10,0,0,110,0,0
planner_daily_expedite_7d,67,dual,42,71.0,True,662566.4102670177,0.5041953613753667,0.8604995346232626,3,0,55,0,3,61,0,1
planner_daily_expedite_7d,68,compound,42,104.0,True,701132.2951767305,0.2503504222806346,0.9399487745785553,3,0,50,9,3,58,0,0
planner_daily_expedite_7d,69,single,42,0.0,True,383029.0738676682,0.0,1.0,0,0,10,0,0,110,0,0
planner_daily_expedite_7d,70,dual,42,0.0,True,307214.15777025616,0.0,1.0,0,0,120,0,0,0,0,0
planner_daily_expedite_7d,71,compound,42,85.0,True,594332.7515160654,0.22422598232578067,0.9612404375816392,2,0,41,9,2,68,0,0
planner_daily_expedite_7d,72,single,42,0.0,True,389423.29619734146,0.0,1.0,0,0,120,0,0,0,0,0
planner_daily_expedite_7d,73,dual,42,0.0,True,377521.0552680405,0.0,1.0,0,0,33,0,0,87,0,0
planner_daily_expedite_7d,74,compound,42,0.0,True,534196.9476042497,0.0,1.0,2,0,27,9,2,82,0,0
planner_daily_expedite_7d,75,single,42,0.0,True,354033.02876500797,0.0,1.0,0,0,120,0,0,0,0,0
planner_daily_expedite_7d,76,dual,42,22.0,True,587590.8361491873,0.3167186875031985,0.981119817030969,2,0,18,8,2,92,0,0
planner_daily_expedite_7d,77,compound,42,110.0,False,465061.9602200816,0.14400493036882467,0.976606693671891,2,0,59,0,2,59,0,0
planner_daily_expedite_7d,78,single,42,0.0,True,366959.20389469207,0.0,1.0,0,0,120,0,0,0,0,0
planner_daily_expedite_7d,79,dual,42,108.0,True,354444.72098945954,0.05386779116904262,0.9949135756742573,0,0,28,0,0,92,0,0
planner_daily_expedite_7d,80,compound,42,110.0,False,629639.7344254277,0.2225715828091583,0.9473159418584503,3,0,57,8,3,52,0,0
planner_daily_expedite_7d,81,single,42,0.0,True,415331.51511821034,0.0,1.0,0,0,10,0,0,110,0,0
planner_daily_expedite_7d,82,dual,42,101.0,True,551033.5472750225,0.29199961356434057,0.9216932253644267,0,0,59,8,0,53,0,0
planner_daily_expedite_7d,83,compound,42,77.0,True,683080.314390317,0.4646732572824538,0.8595948436282291,4,0,53,9,4,53,0,1
planner_daily_expedite_7d,84,single,42,103.0,True,512524.601405574,0.2226574427462142,0.9507470349127743,0,0,46,5,0,69,0,0
planner_daily_expedite_7d,85,dual,42,98.0,True,617841.7664934297,0.2917358991305615,0.9241704490608638,2,0,41,8,2,69,0,0
planner_daily_expedite_7d,86,compound,42,108.0,True,656735.9235683387,0.3266519911706844,0.8948364830141962,3,0,59,9,3,48,0,1
planner_daily_expedite_7d,87,single,42,0.0,True,341397.7589490199,0.0,1.0,0,0,120,0,0,0,0,0
planner_daily_expedite_7d,88,dual,42,0.0,True,347939.8545265737,0.0,1.0,0,0,27,0,0,93,0,0
planner_daily_expedite_7d,89,compound,42,83.0,True,463831.9951749261,0.21741195842986802,0.9635671494921861,3,0,65,0,3,51,0,1
planner_daily_expedite_7d,90,single,42,0.0,True,348905.1219217885,0.0,1.0,0,0,10,0,0,110,0,0
planner_daily_expedite_7d,91,dual,42,110.0,False,847526.8258082538,0.40442311327732094,0.8449295349448149,3,0,67,9,3,41,0,0
planner_daily_expedite_7d,92,compound,42,95.0,True,664941.4398603978,0.23434176035841278,0.9474062899689999,3,0,56,8,3,53,0,0
planner_daily_expedite_7d,93,single,42,0.0,True,428256.2593271037,0.0,1.0,0,0,10,0,0,110,0,0
planner_daily_expedite_7d,94,dual,42,0.0,True,373862.91247661016,0.0,1.0,0,0,118,2,0,0,0,0
planner_daily_expedite_7d,95,compound,42,92.0,True,522109.5209712384,0.2978716582738143,0.9295396424728483,1,0,50,9,1,60,0,0
planner_daily_expedite_7d,96,single,42,0.0,True,374697.0088336398,0.0,1.0,0,0,10,0,0,110,0,0
planner_daily_expedite_7d,97,dual,42,0.0,True,396631.7465663399,0.0,1.0,0,0,30,0,0,90,0,0
planner_daily_expedite_7d,98,compound,42,103.0,True,547878.2733081101,0.14224650822559173,0.9799320836658413,3,0,40,8,3,69,0,0
planner_daily_expedite_7d,99,single,42,0.0,True,375528.7140390187,0.0,1.0,0,0,10,0,0,110,0,0
planner_daily_expedite_7d,100,dual,42,105.0,True,490989.8422783466,0.21098813046188658,0.9549764277247345,1,0,31,10,1,78,0,0
planner_daily_expedite_7d,101,compound,42,69.0,True,699774.5453414341,0.33562440342686595,0.9265042095509878,4,0,48,9,4,59,0,0
planner_daily_expedite_7d,102,single,42,0.0,True,326763.64960782655,0.0,1.0,0,0,120,0,0,0,0,0
planner_daily_expedite_7d,103,dual,42,0.0,True,320684.8244401521,0.0,1.0,0,0,120,0,0,0,0,0
planner_daily_expedite_7d,104,compound,42,0.0,True,417632.7448374914,0.0,1.0,0,0,34,6,0,80,0,0
planner_daily_expedite_7d,105,single,42,0.0,True,372041.9091710677,0.0,1.0,0,0,12,0,0,108,0,0
planner_daily_expedite_7d,106,dual,42,97.0,True,468187.39056003495,0.23435882683884574,0.9485081161238847,2,0,61,0,2,56,0,1
planner_daily_expedite_7d,107,compound,42,0.0,True,386718.43469133705,0.0,1.0,1,0,37,0,1,82,0,0
planner_daily_expedite_7d,108,single,42,0.0,True,293546.48233901395,0.0,1.0,0,0,120,0,0,0,0,0
planner_daily_expedite_7d,109,dual,42,0.0,True,531673.570089964,0.0,1.0,1,0,16,10,1,93,0,0
planner_daily_expedite_7d,110,compound,42,103.0,True,681874.083790169,0.39310656396795357,0.8615209304746816,3,0,68,0,3,48,0,1
planner_daily_expedite_7d,111,single,42,0.0,True,382011.2393014327,0.0,1.0,0,0,10,0,0,110,0,0
planner_daily_expedite_7d,112,dual,42,0.0,True,373485.0520779483,0.0,1.0,0,0,34,0,0,86,0,0
planner_daily_expedite_7d,113,compound,42,0.0,True,419651.98595719255,0.0,1.0,2,0,39,0,2,79,0,0
planner_daily_expedite_7d,114,single,42,38.0,True,464449.0236121936,0.17535988686364873,0.9875668446479214,0,0,24,4,0,92,0,0
planner_daily_expedite_7d,115,dual,42,76.0,True,578979.3106331608,0.42097458105264224,0.892000320592758,1,0,58,10,1,51,0,0
planner_daily_expedite_7d,116,compound,42,108.0,True,643058.2927883232,0.18911106106439302,0.9626217273458753,3,0,55,8,3,54,0,0
planner_daily_expedite_7d,117,single,42,0.0,True,367350.6092773071,0.0,1.0,0,0,120,0,0,0,0,0
planner_daily_expedite_7d,118,dual,42,109.0,True,683030.3010764801,0.3889879707495986,0.8517670748680853,4,0,72,0,4,43,0,1
planner_daily_expedite_7d,119,compound,42,78.0,True,775327.9523541225,0.40564413279483097,0.8881055974098401,4,0,48,9,4,59,0,0
planner_daily_expedite_7d,120,single,42,0.0,True,378568.016478957,0.0,1.0,0,0,10,0,0,110,0,0
planner_daily_expedite_7d,121,dual,42,83.0,True,406111.93263368384,0.07633770709246823,0.9932635256398443,1,0,42,6,1,71,0,0
planner_daily_expedite_7d,122,compound,42,110.0,False,707192.7533208012,0.29067748094679,0.9189298532021813,2,0,62,9,2,47,0,0
planner_daily_expedite_7d,123,single,42,0.0,True,406915.85437698715,0.0,1.0,0,0,10,0,0,110,0,0
planner_daily_expedite_7d,124,dual,42,108.0,True,773589.5982343369,0.46023658480881946,0.8139583038769362,3,0,66,9,3,42,0,0
planner_daily_expedite_7d,125,compound,42,0.0,True,457790.0792881789,0.0,0.9986363636363635,2,0,44,0,2,73,0,1
planner_daily_expedite_7d,126,single,42,0.0,True,350580.4776965405,0.0,1.0,0,0,120,0,0,0,0,0
planner_daily_expedite_7d,127,dual,42,0.0,True,396950.5295161365,0.0,1.0,0,0,29,1,0,90,0,0
planner_daily_expedite_7d,128,compound,42,98.0,True,528432.7059780466,0.24741859923081067,0.9429238678061187,1,0,46,6,1,67,0,0
planner_daily_expedite_7d,129,single,42,108.0,True,504077.6530426073,0.2403428322791696,0.9372568745498946,0,0,35,1,0,84,0,0
planner_daily_expedite_7d,130,dual,42,69.0,True,533136.2827213283,0.3632149206783663,0.9219321833949673,2,0,49,0,2,68,0,1
planner_daily_expedite_7d,131,compound,42,110.0,False,500772.200121943,0.15859276844923037,0.9742177282863846,1,0,35,9,1,75,0,0
planner_daily_expedite_7d,132,single,42,0.0,True,381291.1923697371,0.0,1.0,0,0,10,0,0,110,0,0
planner_daily_expedite_7d,133,dual,42,67.0,True,533937.2222968324,0.39449114257206347,0.9120497632859195,3,0,54,0,3,63,0,0
planner_daily_expedite_7d,134,compound,42,82.0,True,537715.275051759,0.16412885293990045,0.9771746687643176,2,0,44,9,2,65,0,0
planner_daily_expedite_7d,135,single,42,0.0,True,406868.0165224978,0.0,1.0,0,0,10,0,0,110,0,0
planner_daily_expedite_7d,136,dual,42,89.0,True,664364.7806685412,0.33590721198288664,0.9039442436352353,1,0,66,10,1,43,0,0
planner_daily_expedite_7d,137,compound,42,0.0,True,420221.8050543553,0.0,1.0,1,0,39,0,1,80,0,0
planner_daily_expedite_7d,138,single,42,0.0,True,333015.80819978885,0.0,1.0,0,0,120,0,0,0,0,0
planner_daily_expedite_7d,139,dual,42,0.0,True,503875.9174106075,0.0,1.0,2,0,21,8,2,89,0,0
planner_daily_expedite_7d,140,compound,42,110.0,False,566831.6343231614,0.26005816594050213,0.9337194089734657,3,0,46,9,3,62,0,0
planner_daily_expedite_7d,141,single,42,0.0,True,387369.4540731728,0.0,1.0,0,0,10,0,0,110,0,0
planner_daily_expedite_7d,142,dual,42,0.0,True,378500.7191909562,0.0,1.0,0,0,22,0,0,98,0,0
planner_daily_expedite_7d,143,compound,42,96.0,True,752924.7918574103,0.28835410417757307,0.922773881957792,4,0,43,9,4,63,0,1
planner_daily_expedite_7d,144,single,42,0.0,True,402888.83872634644,0.0,1.0,0,0,12,0,0,108,0,0
planner_daily_expedite_7d,145,dual,42,105.0,True,483673.2822324903,0.09395217751453117,0.9857264195198139,1,0,40,10,1,69,0,0
planner_daily_expedite_7d,146,compound,42,109.0,True,667243.6212441241,0.20339175839626328,0.9495243242660276,3,0,59,9,3,49,0,0
planner_daily_expedite_7d,147,single,42,95.0,True,477959.4058895493,0.2880817953102463,0.9295128488742714,0,0,36,2,0,82,0,0
planner_daily_expedite_7d,148,dual,42,108.0,True,659757.5075783372,0.21894701884398116,0.9503710210654931,3,0,37,9,3,71,0,0
planner_daily_expedite_7d,149,compound,42,0.0,True,361621.63181076664,0.0,1.0,0,0,37,0,0,83,0,0
planner_daily_expedite_7d,150,single,42,110.0,False,478535.8122650048,0.30883708203315685,0.9049456494590674,0,0,47,7,0,66,0,0
planner_daily_expedite_7d,151,dual,42,105.0,True,593932.0012792187,0.14941816982152262,0.9764043599787307,2,0,39,9,2,70,0,0
planner_daily_expedite_7d,152,compound,42,107.0,True,762147.4585965248,0.437288862623397,0.8204843909470939,4,0,65,9,4,41,0,1
planner_daily_expedite_7d,153,single,42,0.0,True,331811.86494220654,0.0,1.0,0,0,120,0,0,0,0,0
planner_daily_expedite_7d,154,dual,42,0.0,True,391834.0903187187,0.0,1.0,0,0,16,2,0,102,0,0
planner_daily_expedite_7d,155,compound,42,82.0,True,776708.9022971862,0.43266092858040056,0.8669563155339768,4,0,58,9,4,48,0,1
planner_daily_expedite_7d,156,single,42,44.0,True,437230.85152565496,0.24408481572168836,0.9755518710057577,0,0,24,0,0,96,0,0
planner_daily_expedite_7d,157,dual,42,0.0,True,443403.6857805828,0.0,1.0,0,0,21,1,0,98,0,0
planner_daily_expedite_7d,158,compound,42,54.0,True,537868.4667094679,0.03936299734219545,0.9973599665522321,3,0,55,0,3,62,0,0
planner_daily_expedite_7d,159,single,42,0.0,True,419230.0039360908,0.0,1.0,0,0,10,0,0,110,0,0
planner_daily_expedite_7d,160,dual,42,0.0,True,339219.2317132721,0.0,1.0,0,0,118,2,0,0,0,0
planner_daily_expedite_7d,161,compound,42,110.0,False,741444.2471820207,0.37397803231969756,0.8709843721608671,3,0,68,9,3,40,0,0
planner_daily_expedite_7d,162,single,42,0.0,True,357405.4124515174,0.0,1.0,0,0,10,0,0,110,0,0
planner_daily_expedite_7d,163,dual,42,104.0,True,434786.751360206,0.14444572909436665,0.9785901639451494,0,0,23,1,0,96,0,0
planner_daily_expedite_7d,164,compound,42,107.0,True,639267.1141655865,0.2768355984010768,0.9216227096864624,3,0,58,9,3,50,0,0
planner_daily_expedite_7d,165,single,42,105.0,True,594492.4034713742,0.2869302584069778,0.9158196268092104,0,0,55,6,0,59,0,0
planner_daily_expedite_7d,166,dual,42,97.0,True,685628.8814197152,0.31378654507579695,0.913827807161614,2,0,42,9,2,67,0,0
planner_daily_expedite_7d,167,compound,42,104.0,True,514584.4063811487,0.2119573029115768,0.9525867593374344,4,0,66,0,4,49,0,1
planner_daily_expedite_7d,168,single,42,0.0,True,367941.4889447143,0.0,1.0,0,0,10,0,0,110,0,0
planner_daily_expedite_7d,169,dual,42,0.0,True,404209.6905464444,0.0,1.0,0,0,10,0,0,110,0,0
planner_daily_expedite_7d,170,compound,42,57.0,True,636144.672703614,0.5505387621738731,0.8733291231636596,4,0,60,0,4,55,0,1
planner_daily_expedite_7d,171,single,42,110.0,False,389669.5650049345,0.1593312637877829,0.9711538515173486,0,0,34,0,0,86,0,0
planner_daily_expedite_7d,172,dual,42,0.0,True,467247.15459990874,0.0,1.0,2,0,31,0,2,87,0,0
planner_daily_expedite_7d,173,compound,42,83.0,True,557936.824267891,0.24338257024804402,0.9507636529516875,3,0,61,0,3,56,0,0
planner_daily_expedite_7d,174,single,42,0.0,True,381036.9605317182,0.0,1.0,0,0,10,0,0,110,0,0
planner_daily_expedite_7d,175,dual,42,0.0,True,308134.68800185487,0.0,1.0,0,0,27,0,0,93,0,0
planner_daily_expedite_7d,176,compound,42,85.0,True,719952.2418527429,0.4335832924134624,0.8702652300727552,3,0,65,9,3,43,0,0
planner_daily_expedite_7d,177,single,42,0.0,True,397114.6114932156,0.0,1.0,0,0,10,0,0,110,0,0
planner_daily_expedite_7d,178,dual,42,110.0,False,507085.0966104849,0.1979735213005788,0.9560100823631796,1,0,56,4,1,59,0,0
planner_daily_expedite_7d,179,compound,42,0.0,True,578625.3659526198,0.0,0.9986363636363635,3,0,27,9,3,80,0,1
planner_daily_expedite_7d,180,single,42,0.0,True,349709.7064261981,0.0,1.0,0,0,10,0,0,110,0,0
planner_daily_expedite_7d,181,dual,42,0.0,True,361175.705328068,0.0,1.0,0,0,33,0,0,87,0,0
planner_daily_expedite_7d,182,compound,42,102.0,True,582431.3934483302,0.3103250267477002,0.9070038406309046,2,0,63,9,2,45,0,1
planner_daily_expedite_7d,183,single,42,86.0,True,489096.46912497067,0.39247433697236916,0.8934824785974105,0,0,37,4,0,79,0,0
planner_daily_expedite_7d,184,dual,42,107.0,True,471984.87469079497,0.1713741676801824,0.9690517396677276,0,0,44,9,0,67,0,0
planner_daily_expedite_7d,185,compound,42,102.0,True,731459.640448713,0.42522572176383033,0.8465467418284515,3,0,65,9,3,43,0,0
planner_daily_expedite_7d,186,single,42,0.0,True,358760.1909716968,0.0,1.0,0,0,10,0,0,110,0,0
planner_daily_expedite_7d,187,dual,42,33.0,True,539810.1948385263,0.20759130769178719,0.9854153711833779,3,0,30,9,3,78,0,0
planner_daily_expedite_7d,188,compound,42,60.0,True,546892.3117705534,0.35976734436905466,0.9321371688660545,4,0,70,0,4,46,0,0
planner_daily_expedite_7d,189,single,42,96.0,True,508094.77306666167,0.13980602091429079,0.9786084141864958,0,0,32,4,0,84,0,0
planner_daily_expedite_7d,190,dual,42,103.0,True,656033.3093863588,0.35473061370951664,0.8890426653064671,2,0,52,8,2,58,0,0
planner_daily_expedite_7d,191,compound,42,110.0,False,667233.493606301,0.38834294494065025,0.8552552562589015,3,0,76,0,3,41,0,0
planner_daily_expedite_7d,192,single,42,0.0,True,330515.0129895087,0.0,1.0,0,0,120,0,0,0,0,0
planner_daily_expedite_7d,193,dual,42,0.0,True,441358.4435946199,0.0,1.0,0,0,30,0,0,90,0,0
planner_daily_expedite_7d,194,compound,42,56.0,True,569989.9576237316,0.397697871563137,0.926757988897487,4,0,60,0,4,55,0,1
planner_daily_expedite_7d,195,single,42,106.0,True,502075.23473181826,0.2815288565656995,0.9170263127426275,0,0,56,0,0,64,0,0
planner_daily_expedite_7d,196,dual,42,0.0,True,467118.9175751673,0.0,0.9987692741539451,1,0,20,9,1,90,0,0
planner_daily_expedite_7d,197,compound,42,75.0,True,422205.068670611,0.1448481995115594,0.9804351031302458,3,0,55,0,3,61,0,1
planner_daily_expedite_7d,198,single,42,0.0,True,330999.16107774543,0.0,1.0,0,0,120,0,0,0,0,0
planner_daily_expedite_7d,199,dual,42,107.0,True,707224.3071979744,0.36147319291985835,0.8811542983424672,3,0,63,9,3,45,0,0
planner_daily_expedite_7d,0,single,43,0.0,True,332563.0591712982,0.0,1.0,0,0,120,0,0,0,0,0
planner_daily_expedite_7d,1,dual,43,84.0,True,540413.6215750994,0.3488597343625474,0.9057049846514004,0,0,59,6,0,55,0,0
planner_daily_expedite_7d,2,compound,43,75.0,True,451872.91358480405,0.15108019711279022,0.9806585549427601,3,0,62,0,3,55,0,0
planner_daily_expedite_7d,3,single,43,0.0,True,345729.9334943593,0.0,1.0,0,0,120,0,0,0,0,0
planner_daily_expedite_7d,4,dual,43,53.0,True,524750.0013143735,0.31727378231806636,0.9483013467672715,2,0,44,0,2,73,0,1
planner_daily_expedite_7d,5,compound,43,110.0,False,763565.9117231289,0.4944643419376779,0.7812362015914871,4,0,72,9,4,34,0,1
planner_daily_expedite_7d,6,single,43,0.0,True,390295.1960526101,0.0,1.0,0,0,10,0,0,110,0,0
planner_daily_expedite_7d,7,dual,43,108.0,True,773264.2214861242,0.45108666129760144,0.8179484922395871,2,0,80,8,2,30,0,0
planner_daily_expedite_7d,8,compound,43,82.0,True,640519.5961740229,0.36344886180985403,0.904637848638495,3,0,65,6,3,45,0,1
planner_daily_expedite_7d,9,single,43,44.0,True,400045.97739886073,0.20694040611744308,0.9827419826642537,0,0,24,1,0,95,0,0
planner_daily_expedite_7d,10,dual,43,55.0,True,571085.7342512255,0.06721689088158889,0.9954679250307483,2,0,34,8,2,76,0,0
planner_daily_expedite_7d,11,compound,43,0.0,True,499241.57980896893,0.0,1.0,2,0,47,0,2,71,0,0
planner_daily_expedite_7d,12,single,43,0.0,True,386806.7763738877,0.0,1.0,0,0,10,0,0,110,0,0
planner_daily_expedite_7d,13,dual,43,99.0,True,611204.4467579817,0.2734336383917843,0.9323677312827146,1,0,53,9,1,57,0,0
planner_daily_expedite_7d,14,compound,43,94.0,True,578735.2670414327,0.17909720770179333,0.9668224554798996,3,0,57,9,3,51,0,0
planner_daily_expedite_7d,15,single,43,0.0,True,331926.0948761814,0.0,1.0,0,0,120,0,0,0,0,0
planner_daily_expedite_7d,16,dual,43,0.0,True,388472.9067080088,0.0,1.0,0,0,32,0,0,88,0,0
planner_daily_expedite_7d,17,compound,43,103.0,True,698130.6346109429,0.43194949074497885,0.8358794512456913,4,0,68,0,4,48,0,0
planner_daily_expedite_7d,18,single,43,0.0,True,353253.97989165876,0.0,1.0,0,0,10,0,0,110,0,0
planner_daily_expedite_7d,19,dual,43,97.0,True,506458.94471498,0.23523576216887454,0.9503223111147677,0,0,53,4,0,63,0,0
planner_daily_expedite_7d,20,compound,43,103.0,True,773346.9739306683,0.4573454182495677,0.8231752458154145,4,0,63,0,4,50,0,3
planner_daily_expedite_7d,21,single,43,76.0,True,561702.1313397491,0.4097234861121173,0.8922299213172002,0,0,37,6,0,77,0,0
planner_daily_expedite_7d,22,dual,43,0.0,True,372216.81532826065,0.0,1.0,0,0,13,0,0,107,0,0
planner_daily_expedite_7d,23,compound,43,84.0,True,553629.2660293924,0.37387960508471496,0.8989743327345713,4,0,57,0,4,57,0,2
planner_daily_expedite_7d,24,single,43,0.0,True,335530.25950484816,0.0,1.0,0,0,120,0,0,0,0,0
planner_daily_expedite_7d,25,dual,43,0.0,True,421681.6914487839,0.0,1.0,0,0,26,1,0,93,0,0
planner_daily_expedite_7d,26,compound,43,110.0,False,533740.5970035671,0.182026743258489,0.9659459900024143,2,0,48,8,2,62,0,0
planner_daily_expedite_7d,27,single,43,0.0,True,352769.9531272985,0.0,1.0,0,0,120,0,0,0,0,0
planner_daily_expedite_7d,28,dual,43,0.0,True,361142.2931322726,0.0,1.0,0,0,28,0,0,92,0,0
planner_daily_expedite_7d,29,compound,43,108.0,True,687600.256494406,0.3694876239212822,0.8702562220632881,3,0,72,9,3,36,0,0
planner_daily_expedite_7d,30,single,43,0.0,True,416251.0655866762,0.0,1.0,0,0,10,0,0,110,0,0
planner_daily_expedite_7d,31,dual,43,0.0,True,352071.15179774235,0.0,1.0,0,0,36,0,0,84,0,0
planner_daily_expedite_7d,32,compound,43,0.0,True,406573.18342402746,0.0,1.0,2,0,42,0,2,76,0,0
planner_daily_expedite_7d,33,single,43,0.0,True,319467.05495977995,0.0,1.0,0,0,120,0,0,0,0,0
planner_daily_expedite_7d,34,dual,43,0.0,True,354798.0892838199,0.0,1.0,0,0,28,0,0,92,0,0
planner_daily_expedite_7d,35,compound,43,80.0,True,612900.9905086962,0.3124442614848296,0.931861874234659,4,0,43,9,4,64,0,0
planner_daily_expedite_7d,36,single,43,0.0,True,400796.3834607285,0.0,1.0,0,0,10,0,0,110,0,0
planner_daily_expedite_7d,37,dual,43,0.0,True,340435.07603795204,0.0,1.0,0,0,120,0,0,0,0,0
planner_daily_expedite_7d,38,compound,43,110.0,False,730712.3924642703,0.4395698423370294,0.8273022826299754,4,0,72,0,4,43,0,1
planner_daily_expedite_7d,39,single,43,0.0,True,383274.6392632002,0.0,1.0,0,0,19,0,0,101,0,0
planner_daily_expedite_7d,40,dual,43,0.0,True,379597.17207487795,0.0,1.0,0,0,12,0,0,108,0,0
planner_daily_expedite_7d,41,compound,43,50.0,True,585283.518414711,0.5078684187678544,0.900862589020927,3,0,55,0,3,62,0,0
planner_daily_expedite_7d,42,single,43,0.0,True,342818.814151824,0.0,1.0,0,0,120,0,0,0,0,0
planner_daily_expedite_7d,43,dual,43,85.0,True,524761.7654270203,0.32930630773914127,0.9215752127774646,2,0,55,0,2,63,0,0
planner_daily_expedite_7d,44,compound,43,109.0,True,754987.4805980362,0.41247979984530997,0.8407841982799011,4,0,59,9,4,46,0,2
planner_daily_expedite_7d,45,single,43,0.0,True,327254.19400583865,0.0,1.0,0,0,120,0,0,0,0,0
planner_daily_expedite_7d,46,dual,43,97.0,True,626859.5273921284,0.36771370151426364,0.8865986033342502,2,0,70,0,2,47,0,1
planner_daily_expedite_7d,47,compound,43,110.0,False,690038.4606041274,0.26766532194560566,0.9186011929466045,3,0,69,9,3,39,0,0
planner_daily_expedite_7d,48,single,43,0.0,True,349787.8382147088,0.0,1.0,0,0,10,0,0,110,0,0
planner_daily_expedite_7d,49,dual,43,70.0,True,439125.4853852747,0.026042491873318516,0.9980111414374648,1,0,40,7,1,72,0,0
planner_daily_expedite_7d,50,compound,43,103.0,True,749058.2654448709,0.380663147527892,0.8726709260727331,3,0,56,9,3,52,0,0
planner_daily_expedite_7d,51,single,43,0.0,True,372110.89186583954,0.0,1.0,0,0,11,0,0,109,0,0
planner_daily_expedite_7d,52,dual,43,0.0,True,334289.60772994236,0.0,1.0,0,0,24,0,0,96,0,0
planner_daily_expedite_7d,53,compound,43,0.0,True,452946.9552592476,0.0,0.9986363636363635,2,0,32,9,2,76,0,1
planner_daily_expedite_7d,54,single,43,0.0,True,372758.61364649725,0.0,1.0,0,0,120,0,0,0,0,0
planner_daily_expedite_7d,55,dual,43,0.0,True,381125.8237482519,0.0,1.0,0,0,15,2,0,103,0,0
planner_daily_expedite_7d,56,compound,43,110.0,False,706808.5961302862,0.3965267533663085,0.8546718565295331,3,0,65,0,3,51,0,1
planner_daily_expedite_7d,57,single,43,0.0,True,416874.4598865072,0.0,1.0,0,0,10,0,0,110,0,0
planner_daily_expedite_7d,58,dual,43,0.0,True,363453.5206654419,0.0,1.0,0,0,24,0,0,96,0,0
planner_daily_expedite_7d,59,compound,43,0.0,True,476630.49191052903,0.0,1.0,1,0,32,8,1,79,0,0
planner_daily_expedite_7d,60,single,43,97.0,True,581102.5997697304,0.3205109179014382,0.9119227188376132,0,0,47,6,0,67,0,0
planner_daily_expedite_7d,61,dual,43,0.0,True,399121.0101084924,0.0,1.0,0,0,22,4,0,94,0,0
planner_daily_expedite_7d,62,compound,43,40.0,True,553696.4194124296,0.1374427554186467,0.9921692678841227,4,0,108,8,4,0,0,0
planner_daily_expedite_7d,63,single,43,0.0,True,381999.41341169557,0.0,1.0,0,0,10,0,0,110,0,0
planner_daily_expedite_7d,64,dual,43,89.0,True,624572.3428990155,0.38251758674223657,0.8835860350062484,4,0,61,0,4,54,0,1
planner_daily_expedite_7d,65,compound,43,110.0,False,416680.7975783161,0.09688371482778739,0.9895285573476346,0,0,38,6,0,76,0,0
planner_daily_expedite_7d,66,single,43,0.0,True,360807.7614433371,0.0,1.0,0,0,10,0,0,110,0,0
planner_daily_expedite_7d,67,dual,43,71.0,True,662565.7854199843,0.5095281695999085,0.8598148504903254,3,0,54,0,3,63,0,0
planner_daily_expedite_7d,68,compound,43,82.0,True,636435.5031253104,0.19203229261896138,0.9674698846128463,3,0,50,9,3,58,0,0
planner_daily_expedite_7d,69,single,43,0.0,True,383029.0738676682,0.0,1.0,0,0,10,0,0,110,0,0
planner_daily_expedite_7d,70,dual,43,0.0,True,307214.15777025616,0.0,1.0,0,0,120,0,0,0,0,0
planner_daily_expedite_7d,71,compound,43,84.0,True,708361.4748089719,0.37280750839882193,0.9037997724511511,3,0,53,9,3,55,0,0
planner_daily_expedite_7d,72,single,43,0.0,True,389423.29619734146,0.0,1.0,0,0,120,0,0,0,0,0
planner_daily_expedite_7d,73,dual,43,0.0,True,376368.223717269,0.0,1.0,0,0,32,0,0,88,0,0
planner_daily_expedite_7d,74,compound,43,0.0,True,522306.2611460062,0.0,1.0,2,0,26,9,2,83,0,0
planner_daily_expedite_7d,75,single,43,0.0,True,354033.02876500797,0.0,1.0,0,0,120,0,0,0,0,0
planner_daily_expedite_7d,76,dual,43,109.0,True,606598.2219318927,0.1821743305612683,0.9653120995567498,2,0,24,9,2,85,0,0
planner_daily_expedite_7d,77,compound,43,110.0,False,498736.1487978928,0.11925116065415699,0.9803403699642942,3,0,53,0,3,64,0,0
planner_daily_expedite_7d,78,single,43,0.0,True,366959.20389469207,0.0,1.0,0,0,120,0,0,0,0,0
planner_daily_expedite_7d,79,dual,43,108.0,True,354444.72098945954,0.05386779116904262,0.9949135756742573,0,0,30,0,0,90,0,0
planner_daily_expedite_7d,80,compound,43,110.0,False,630162.2215991316,0.14645144915128858,0.9742070795955451,3,0,50,8,3,59,0,0
planner_daily_expedite_7d,81,single,43,0.0,True,415331.51511821034,0.0,1.0,0,0,10,0,0,110,0,0
planner_daily_expedite_7d,82,dual,43,102.0,True,566871.0078835713,0.3020348007023781,0.9157036312940634,0,0,56,9,0,55,0,0
planner_daily_expedite_7d,83,compound,43,103.0,True,664642.7748460511,0.4110113285707785,0.8560448663319918,3,0,55,9,3,51,0,2
planner_daily_expedite_7d,84,single,43,103.0,True,512524.601405574,0.2226574427462142,0.9507470349127743,0,0,46,5,0,69,0,0
planner_daily_expedite_7d,85,dual,43,98.0,True,578047.5790916767,0.20713325997211512,0.9614050268474591,2,0,36,9,2,73,0,0
planner_daily_expedite_7d,86,compound,43,108.0,True,668218.4455755919,0.26488230758635345,0.9317664113734796,3,0,48,9,3,60,0,0
planner_daily_expedite_7d,87,single,43,0.0,True,341397.7589490199,0.0,1.0,0,0,120,0,0,0,0,0
planner_daily_expedite_7d,88,dual,43,0.0,True,372109.46802635945,0.0,1.0,0,0,28,0,0,92,0,0
planner_daily_expedite_7d,89,compound,43,83.0,True,473707.07651951676,0.25087441661258836,0.9490574549273537,3,0,60,0,3,55,0,2
planner_daily_expedite_7d,90,single,43,0.0,True,348905.1219217885,0.0,1.0,0,0,10,0,0,110,0,0
planner_daily_expedite_7d,91,dual,43,110.0,False,846337.1908062408,0.40166562447843673,0.8419897515223179,3,0,64,9,3,44,0,0
planner_daily_expedite_7d,92,compound,43,101.0,True,688191.5588117886,0.24102574901548673,0.9393798261827678,3,0,58,8,3,51,0,0
planner_daily_expedite_7d,93,single,43,0.0,True,428256.2593271037,0.0,1.0,0,0,10,0,0,110,0,0
planner_daily_expedite_7d,94,dual,43,0.0,True,385128.60518348985,0.0,1.0,0,0,119,1,0,0,0,0
planner_daily_expedite_7d,95,compound,43,92.0,True,522109.5209712384,0.2978716582738143,0.9295396424728483,1,0,48,8,1,63,0,0
planner_daily_expedite_7d,96,single,43,0.0,True,374697.0088336398,0.0,1.0,0,0,10,0,0,110,0,0
planner_daily_expedite_7d,97,dual,43,0.0,True,396631.7465663399,0.0,1.0,0,0,29,0,0,91,0,0
planner_daily_expedite_7d,98,compound,43,103.0,True,547878.2733081101,0.14224650822559173,0.9799320836658413,3,0,40,8,3,69,0,0
planner_daily_expedite_7d,99,single,43,0.0,True,375528.7140390187,0.0,1.0,0,0,10,0,0,110,0,0
planner_daily_expedite_7d,100,dual,43,0.0,True,454057.892095446,0.0,1.0,1,0,15,10,1,94,0,0
planner_daily_expedite_7d,101,compound,43,103.0,True,808409.3479200064,0.4005414045930181,0.859784175131944,4,0,59,9,4,48,0,0
planner_daily_expedite_7d,102,single,43,0.0,True,326763.64960782655,0.0,1.0,0,0,120,0,0,0,0,0
planner_daily_expedite_7d,103,dual,43,0.0,True,320684.8244401521,0.0,1.0,0,0,120,0,0,0,0,0
planner_daily_expedite_7d,104,compound,43,99.0,True,411960.3545938302,0.14901489188808834,0.9782835869557805,0,0,38,5,0,77,0,0
planner_daily_expedite_7d,105,single,43,0.0,True,372041.9091710677,0.0,1.0,0,0,11,0,0,109,0,0
planner_daily_expedite_7d,106,dual,43,97.0,True,468184.45608870016,0.23564574212802233,0.9482371722643163,2,0,59,0,2,58,0,1
planner_daily_expedite_7d,107,compound,43,0.0,True,386718.43469133705,0.0,1.0,1,0,37,0,1,82,0,0
planner_daily_expedite_7d,108,single,43,0.0,True,331626.0126184661,0.0,1.0,0,0,119,1,0,0,0,0
planner_daily_expedite_7d,109,dual,43,0.0,True,486036.40826198907,0.0,1.0,0,0,16,10,0,94,0,0
planner_daily_expedite_7d,110,compound,43,104.0,True,710404.8262492368,0.4315081299629226,0.8428564059370928,3,0,71,0,3,46,0,0
planner_daily_expedite_7d,111,single,43,0.0,True,382011.2393014327,0.0,1.0,0,0,10,0,0,110,0,0
planner_daily_expedite_7d,112,dual,43,0.0,True,373485.0520779483,0.0,1.0,0,0,34,0,0,86,0,0
planner_daily_expedite_7d,113,compound,43,0.0,True,388028.5895821522,0.0,1.0,1,0,41,0,1,78,0,0
planner_daily_expedite_7d,114,single,43,38.0,True,464449.0236121936,0.17535988686364873,0.9875668446479214,0,0,21,4,0,95,0,0
planner_daily_expedite_7d,115,dual,43,76.0,True,578979.3106331608,0.42097458105264224,0.892000320592758,1,0,58,9,1,52,0,0
planner_daily_expedite_7d,116,compound,43,108.0,True,639277.4401973166,0.2630077219974168,0.930863626624268,3,0,58,8,3,51,0,0
planner_daily_expedite_7d,117,single,43,0.0,True,367350.6092773071,0.0,1.0,0,0,120,0,0,0,0,0
planner_daily_expedite_7d,118,dual,43,110.0,False,691507.5972233659,0.4166828976815681,0.8380615400908403,4,0,65,0,4,49,0,2
planner_daily_expedite_7d,119,compound,43,77.0,True,823824.1418781657,0.46752439358466635,0.8652223154063154,4,0,60,8,4,48,0,0
planner_daily_expedite_7d,120,single,43,0.0,True,378568.016478957,0.0,1.0,0,0,10,0,0,110,0,0
planner_daily_expedite_7d,121,dual,43,83.0,True,419357.2574805131,0.21250024720680372,0.9635004796130454,0,0,44,9,0,67,0,0
planner_daily_expedite_7d,122,compound,43,110.0,False,707192.7533208012,0.29067748094679,0.9189298532021813,2,0,61,9,2,48,0,0
planner_daily_expedite_7d,123,single,43,0.0,True,406915.85437698715,0.0,1.0,0,0,10,0,0,110,0,0
planner_daily_expedite_7d,124,dual,43,83.0,True,689548.6132096937,0.3253858260781784,0.9162146101123594,3,0,49,9,3,59,0,0
planner_daily_expedite_7d,125,compound,43,90.0,True,465454.59504414746,0.10735605525870366,0.9888488291172579,2,0,58,0,2,60,0,0
planner_daily_expedite_7d,126,single,43,0.0,True,350580.4776965405,0.0,1.0,0,0,120,0,0,0,0,0
planner_daily_expedite_7d,127,dual,43,0.0,True,382058.7716343484,0.0,1.0,0,0,27,0,0,93,0,0
planner_daily_expedite_7d,128,compound,43,0.0,True,485215.3766019626,0.0,1.0,1,0,33,3,1,83,0,0
planner_daily_expedite_7d,129,single,43,108.0,True,493863.3201074878,0.23790514633290305,0.9393313245001572,0,0,35,1,0,84,0,0
planner_daily_expedite_7d,130,dual,43,68.0,True,535400.3098283922,0.2917806055330019,0.945645940695056,3,0,55,0,3,62,0,0
planner_daily_expedite_7d,131,compound,43,110.0,False,486399.74499536067,0.1408076524783544,0.9784281610648073,1,0,39,10,1,70,0,0
planner_daily_expedite_7d,132,single,43,0.0,True,381291.1923697371,0.0,1.0,0,0,10,0,0,110,0,0
planner_daily_expedite_7d,133,dual,43,67.0,True,535869.5240922882,0.39075749781396857,0.9117004253893561,3,0,55,0,3,61,0,1
planner_daily_expedite_7d,134,compound,43,82.0,True,579202.815498042,0.29904909543071384,0.9325239128996173,3,0,56,10,3,50,0,1
planner_daily_expedite_7d,135,single,43,0.0,True,406868.0165224978,0.0,1.0,0,0,10,0,0,110,0,0
planner_daily_expedite_7d,136,dual,43,109.0,True,665237.9622546581,0.2995196996120285,0.9112572421721385,1,0,59,10,1,50,0,0
planner_daily_expedite_7d,137,compound,43,0.0,True,419211.12025076797,0.0,1.0,1,0,44,0,1,75,0,0
planner_daily_expedite_7d,138,single,43,0.0,True,333015.80819978885,0.0,1.0,0,0,120,0,0,0,0,0
planner_daily_expedite_7d,139,dual,43,102.0,True,473850.2103630733,0.03254077873291351,0.9970072475241466,2,0,32,8,2,78,0,0
planner_daily_expedite_7d,140,compound,43,110.0,False,566831.6343231614,0.26005816594050213,0.9337194089734657,3,0,47,9,3,61,0,0
planner_daily_expedite_7d,141,single,43,0.0,True,387369.4540731728,0.0,1.0,0,0,10,0,0,110,0,0
planner_daily_expedite_7d,142,dual,43,0.0,True,378420.3656680698,0.0,1.0,0,0,25,0,0,95,0,0
planner_daily_expedite_7d,143,compound,43,96.0,True,752929.7432771982,0.2849615381849139,0.9219881266151959,4,0,40,9,4,63,0,4
planner_daily_expedite_7d,144,single,43,0.0,True,402888.83872634644,0.0,1.0,0,0,11,0,0,109,0,0
planner_daily_expedite_7d,145,dual,43,105.0,True,639077.5923226402,0.3856469313132724,0.8696182032138422,2,0,55,10,2,53,0,0
planner_daily_expedite_7d,146,compound,43,109.0,True,603475.8708034682,0.10149384732120467,0.9837418601376278,2,0,49,9,2,60,0,0
planner_daily_expedite_7d,147,single,43,95.0,True,477959.4058895493,0.2880817953102463,0.9295128488742714,0,0,40,2,0,78,0,0
planner_daily_expedite_7d,148,dual,43,103.0,True,678224.6694775231,0.31248330763127596,0.9091030322037531,2,0,55,9,2,54,0,0
planner_daily_expedite_7d,149,compound,43,0.0,True,361621.63181076664,0.0,1.0,0,0,37,0,0,83,0,0
planner_daily_expedite_7d,150,single,43,110.0,False,478535.8122650048,0.30883708203315685,0.9049456494590674,0,0,46,8,0,66,0,0
planner_daily_expedite_7d,151,dual,43,104.0,True,693567.0711827026,0.34617651707922287,0.886745327327773,3,0,62,9,3,46,0,0
planner_daily_expedite_7d,152,compound,43,107.0,True,762144.9512111933,0.4401006107470028,0.8201037559645709,4,0,66,9,4,41,0,0
planner_daily_expedite_7d,153,single,43,0.0,True,331811.86494220654,0.0,1.0,0,0,120,0,0,0,0,0
planner_daily_expedite_7d,154,dual,43,0.0,True,391838.6133383638,0.0,1.0,0,0,14,2,0,104,0,0
planner_daily_expedite_7d,155,compound,43,83.0,True,865944.0688454419,0.5347376468561783,0.8164263371312989,4,0,60,9,4,46,0,1
planner_daily_expedite_7d,156,single,43,44.0,True,437230.85152565496,0.24408481572168836,0.9755518710057577,0,0,26,0,0,94,0,0
planner_daily_expedite_7d,157,dual,43,0.0,True,383012.3978215455,0.0,1.0,0,0,23,0,0,97,0,0
planner_daily_expedite_7d,158,compound,43,54.0,True,537868.4667094679,0.03936299734219545,0.9973599665522321,3,0,57,0,3,60,0,0
planner_daily_expedite_7d,159,single,43,0.0,True,419230.0039360908,0.0,1.0,0,0,10,0,0,110,0,0
planner_daily_expedite_7d,160,dual,43,0.0,True,367449.5759280988,0.0,1.0,0,0,43,0,0,77,0,0
planner_daily_expedite_7d,161,compound,43,110.0,False,740855.1226156112,0.3422701381880828,0.8871211855403592,3,0,67,8,3,42,0,0
planner_daily_expedite_7d,162,single,43,0.0,True,357405.4124515174,0.0,1.0,0,0,10,0,0,110,0,0
planner_daily_expedite_7d,163,dual,43,104.0,True,434786.751360206,0.14444572909436665,0.9785901639451494,0,0,23,1,0,96,0,0
planner_daily_expedite_7d,164,compound,43,110.0,False,577469.5335900406,0.20991156462931188,0.9533485897076279,2,0,45,9,2,64,0,0
planner_daily_expedite_7d,165,single,43,105.0,True,594492.4034713742,0.2869302584069778,0.9158196268092104,0,0,53,6,0,61,0,0
planner_daily_expedite_7d,166,dual,43,24.0,True,639138.504563578,0.3553815943112415,0.9736438856806318,2,0,33,9,2,76,0,0
planner_daily_expedite_7d,167,compound,43,103.0,True,528518.1883944569,0.19801908987405595,0.9601388117644835,4,0,66,0,4,49,0,1
planner_daily_expedite_7d,168,single,43,0.0,True,367941.4889447143,0.0,1.0,0,0,10,0,0,110,0,0
planner_daily_expedite_7d,169,dual,43,0.0,True,404209.6905464444,0.0,1.0,0,0,10,0,0,110,0,0
planner_daily_expedite_7d,170,compound,43,57.0,True,636144.9229260911,0.5505001786386804,0.8733648512049833,4,0,60,0,4,55,0,1
planner_daily_expedite_7d,171,single,43,110.0,False,389669.5650049345,0.1593312637877829,0.9711538515173486,0,0,34,0,0,86,0,0
planner_daily_expedite_7d,172,dual,43,108.0,True,538289.7154305377,0.22247513936944985,0.9497472789217251,2,0,48,0,2,70,0,0
planner_daily_expedite_7d,173,compound,43,83.0,True,557942.6570132258,0.23620748613296866,0.9497457843533487,3,0,60,0,3,55,0,2
planner_daily_expedite_7d,174,single,43,0.0,True,381036.9605317182,0.0,1.0,0,0,10,0,0,110,0,0
planner_daily_expedite_7d,175,dual,43,0.0,True,308134.68800185487,0.0,1.0,0,0,27,0,0,93,0,0
planner_daily_expedite_7d,176,compound,43,85.0,True,620841.3810237492,0.24879460247422563,0.9512882081606818,2,0,50,10,2,58,0,0
planner_daily_expedite_7d,177,single,43,0.0,True,397114.6114932156,0.0,1.0,0,0,10,0,0,110,0,0
planner_daily_expedite_7d,178,dual,43,110.0,False,518704.80015812174,0.29391771167280306,0.9162134524072048,0,0,54,9,0,57,0,0
planner_daily_expedite_7d,179,compound,43,89.0,True,568292.7358314022,0.30009579600230774,0.9263279431936641,3,0,46,9,3,62,0,0
planner_daily_expedite_7d,180,single,43,0.0,True,349709.7064261981,0.0,1.0,0,0,10,0,0,110,0,0
planner_daily_expedite_7d,181,dual,43,0.0,True,427355.58236514864,0.0,1.0,0,0,33,1,0,86,0,0
planner_daily_expedite_7d,182,compound,43,102.0,True,553978.529094091,0.32398934100281085,0.9041608471156495,2,0,56,9,2,52,0,1
planner_daily_expedite_7d,183,single,43,85.0,True,471865.36625052604,0.3414317028492682,0.9134564444021366,0,0,42,4,0,74,0,0
planner_daily_expedite_7d,184,dual,43,109.0,True,539980.8807291175,0.2774307779139208,0.9243633719216678,0,0,63,9,0,48,0,0
planner_daily_expedite_7d,185,compound,43,102.0,True,731459.640448713,0.42522572176383033,0.8465467418284515,3,0,64,9,3,44,0,0
planner_daily_expedite_7d,186,single,43,0.0,True,358760.1909716968,0.0,1.0,0,0,10,0,0,110,0,0
planner_daily_expedite_7d,187,dual,43,0.0,True,496463.4307099756,0.0,1.0,2,0,17,7,2,94,0,0
planner_daily_expedite_7d,188,compound,43,61.0,True,606078.0785912363,0.46335316327214415,0.8928947304893872,4,0,64,0,4,50,0,2
planner_daily_expedite_7d,189,single,43,96.0,True,508094.77306666167,0.13980602091429079,0.9786084141864958,0,0,32,4,0,84,0,0
planner_daily_expedite_7d,190,dual,43,103.0,True,642131.4589717217,0.27354174266609926,0.9308916290444507,2,0,51,9,2,58,0,0
planner_daily_expedite_7d,191,compound,43,110.0,False,614648.2296202265,0.35032212504647053,0.8757949501819523,3,0,74,0,3,42,0,1
planner_daily_expedite_7d,192,single,43,0.0,True,350495.58351079415,0.0,1.0,0,0,119,1,0,0,0,0
planner_daily_expedite_7d,193,dual,43,0.0,True,441358.4435946199,0.0,1.0,0,0,30,0,0,90,0,0
planner_daily_expedite_7d,194,compound,43,55.0,True,530464.8733034856,0.31351050568335037,0.9513286586492765,4,0,61,0,4,55,0,0
planner_daily_expedite_7d,195,single,43,106.0,True,502075.23473181826,0.2815288565656995,0.9170263127426275,0,0,56,0,0,64,0,0
planner_daily_expedite_7d,196,dual,43,97.0,True,487005.66641689144,0.18303960408653644,0.969264563161902,1,0,29,10,1,80,0,0
planner_daily_expedite_7d,197,compound,43,102.0,True,493868.1021681453,0.28567654065843356,0.9169270782144064,3,0,74,0,3,42,0,1
planner_daily_expedite_7d,198,single,43,0.0,True,330999.16107774543,0.0,1.0,0,0,120,0,0,0,0,0
planner_daily_expedite_7d,199,dual,43,107.0,True,707224.3071979744,0.36147319291985835,0.8811542983424672,3,0,61,9,3,47,0,0
planner_daily_expedite_7d,0,single,44,0.0,True,332563.0591712982,0.0,1.0,0,0,120,0,0,0,0,0
planner_daily_expedite_7d,1,dual,44,84.0,True,540413.6215750994,0.3488597343625474,0.9057049846514004,0,0,60,6,0,54,0,0
planner_daily_expedite_7d,2,compound,44,75.0,True,446589.5142941464,0.14184781601698127,0.9807689079732935,3,0,60,0,3,55,0,2
planner_daily_expedite_7d,3,single,44,0.0,True,345729.9334943593,0.0,1.0,0,0,120,0,0,0,0,0
planner_daily_expedite_7d,4,dual,44,53.0,True,524747.1462882657,0.33535261817725914,0.9467935472628434,2,0,46,0,2,72,0,0
planner_daily_expedite_7d,5,compound,44,103.0,True,767035.522591436,0.548252177074654,0.7723152228457276,4,0,67,9,4,39,0,1
planner_daily_expedite_7d,6,single,44,0.0,True,390295.1960526101,0.0,1.0,0,0,10,0,0,110,0,0
planner_daily_expedite_7d,7,dual,44,108.0,True,694831.5258117868,0.4376397975768336,0.8238179468206955,1,0,77,9,1,33,0,0
planner_daily_expedite_7d,8,compound,44,109.0,True,642131.0809343654,0.24892649319213708,0.9368409876056906,3,0,48,8,3,61,0,0
planner_daily_expedite_7d,9,single,44,44.0,True,400045.97739886073,0.20694040611744308,0.9827419826642537,0,0,21,3,0,96,0,0
planner_daily_expedite_7d,10,dual,44,109.0,True,627484.3187495765,0.24341843626104717,0.9380048506491373,2,0,44,9,2,65,0,0
planner_daily_expedite_7d,11,compound,44,0.0,True,506206.25810769794,0.0,1.0,2,0,43,0,2,75,0,0
planner_daily_expedite_7d,12,single,44,0.0,True,386806.7763738877,0.0,1.0,0,0,10,0,0,110,0,0
planner_daily_expedite_7d,13,dual,44,97.0,True,504686.79001758224,0.21435619683062343,0.9571736420659273,0,0,52,9,0,59,0,0
planner_daily_expedite_7d,14,compound,44,15.0,True,556757.6468568611,0.05203081136319167,0.9972727272727273,3,0,40,9,3,66,0,2
planner_daily_expedite_7d,15,single,44,0.0,True,331926.0948761814,0.0,1.0,0,0,120,0,0,0,0,0
planner_daily_expedite_7d,16,dual,44,0.0,True,388472.9067080088,0.0,1.0,0,0,30,0,0,90,0,0
planner_daily_expedite_7d,17,compound,44,103.0,True,698130.6346109429,0.43194949074497885,0.8358794512456913,4,0,68,0,4,48,0,0
planner_daily_expedite_7d,18,single,44,0.0,True,353253.97989165876,0.0,1.0,0,0,10,0,0,110,0,0
planner_daily_expedite_7d,19,dual,44,54.0,True,455732.01062958146,0.20326886934991664,0.9778827964113469,0,0,47,9,0,64,0,0
planner_daily_expedite_7d,20,compound,44,103.0,True,810156.4448561987,0.48655965593887956,0.8088262888202222,4,0,65,0,4,50,0,1
planner_daily_expedite_7d,21,single,44,76.0,True,561702.1313397491,0.4097234861121173,0.8922299213172002,0,0,38,5,0,77,0,0
planner_daily_expedite_7d,22,dual,44,0.0,True,372216.81532826065,0.0,1.0,0,0,12,0,0,108,0,0
planner_daily_expedite_7d,23,compound,44,84.0,True,530537.5781335261,0.32696211427467137,0.9177884134761037,4,0,58,0,4,57,0,1
planner_daily_expedite_7d,24,single,44,0.0,True,335530.25950484816,0.0,1.0,0,0,120,0,0,0,0,0
planner_daily_expedite_7d,25,dual,44,0.0,True,371542.871320977,0.0,1.0,0,0,26,0,0,94,0,0
planner_daily_expedite_7d,26,compound,44,0.0,True,461284.0155343121,0.0,1.0,1,0,37,7,1,75,0,0
planner_daily_expedite_7d,27,single,44,0.0,True,352769.9531272985,0.0,1.0,0,0,120,0,0,0,0,0
planner_daily_expedite_7d,28,dual,44,0.0,True,362660.38585539814,0.0,1.0,0,0,30,0,0,90,0,0
planner_daily_expedite_7d,29,compound,44,108.0,True,696530.7621029288,0.33879752923617173,0.8894470993716161,3,0,62,9,3,46,0,0
planner_daily_expedite_7d,30,single,44,0.0,True,416251.0655866762,0.0,1.0,0,0,10,0,0,110,0,0
planner_daily_expedite_7d,31,dual,44,0.0,True,352071.15179774235,0.0,1.0,0,0,39,0,0,81,0,0
planner_daily_expedite_7d,32,compound,44,0.0,True,406573.18342402746,0.0,1.0,2,0,42,0,2,76,0,0
planner_daily_expedite_7d,33,single,44,0.0,True,319467.05495977995,0.0,1.0,0,0,120,0,0,0,0,0
planner_daily_expedite_7d,34,dual,44,0.0,True,354798.0892838199,0.0,1.0,0,0,31,0,0,89,0,0
planner_daily_expedite_7d,35,compound,44,80.0,True,612900.9905086962,0.3124442614848296,0.931861874234659,4,0,45,9,4,62,0,0
planner_daily_expedite_7d,36,single,44,0.0,True,400796.3834607285,0.0,1.0,0,0,10,0,0,110,0,0
planner_daily_expedite_7d,37,dual,44,0.0,True,340435.07603795204,0.0,1.0,0,0,120,0,0,0,0,0
planner_daily_expedite_7d,38,compound,44,110.0,False,730710.1439781612,0.43995585819181554,0.8275278630124082,4,0,73,0,4,43,0,0
planner_daily_expedite_7d,39,single,44,0.0,True,383274.6392632002,0.0,1.0,0,0,18,0,0,102,0,0
planner_daily_expedite_7d,40,dual,44,0.0,True,379597.17207487795,0.0,1.0,0,0,11,0,0,109,0,0
planner_daily_expedite_7d,41,compound,44,50.0,True,585286.1210404744,0.5058884644433715,0.9020262496095931,3,0,54,0,3,62,0,1
planner_daily_expedite_7d,42,single,44,0.0,True,342818.814151824,0.0,1.0,0,0,120,0,0,0,0,0
planner_daily_expedite_7d,43,dual,44,86.0,True,583083.9116045809,0.3859633557597832,0.8952287310406469,2,0,56,0,2,62,0,0
planner_daily_expedite_7d,44,compound,44,109.0,True,667771.3302319925,0.2697425303659423,0.9270477763742481,3,0,51,9,3,57,0,0
planner_daily_expedite_7d,45,single,44,0.0,True,327254.19400583865,0.0,1.0,0,0,120,0,0,0,0,0
planner_daily_expedite_7d,46,dual,44,90.0,True,605602.199597451,0.3032478734090981,0.9229035361248198,3,0,66,0,3,51,0,0
planner_daily_expedite_7d,47,compound,44,110.0,False,690038.4606041274,0.26766532194560566,0.9186011929466045,3,0,69,9,3,39,0,0
planner_daily_expedite_7d,48,single,44,0.0,True,349787.8382147088,0.0,1.0,0,0,10,0,0,110,0,0
planner_daily_expedite_7d,49,dual,44,69.0,True,432697.7095710514,0.21322000191208132,0.9725186189863206,0,0,46,8,0,66,0,0
planner_daily_expedite_7d,50,compound,44,90.0,True,741258.4040397556,0.3858389649206032,0.8916597385051765,3,0,55,8,3,54,0,0
planner_daily_expedite_7d,51,single,44,0.0,True,372110.89186583954,0.0,1.0,0,0,10,0,0,110,0,0
planner_daily_expedite_7d,52,dual,44,0.0,True,335302.7107350371,0.0,1.0,0,0,23,0,0,97,0,0
planner_daily_expedite_7d,53,compound,44,0.0,True,502845.24409924407,0.0,1.0,3,0,33,8,3,76,0,0
planner_daily_expedite_7d,54,single,44,0.0,True,372758.61364649725,0.0,1.0,0,0,120,0,0,0,0,0
planner_daily_expedite_7d,55,dual,44,0.0,True,376179.1599197026,0.0,1.0,0,0,15,1,0,104,0,0
planner_daily_expedite_7d,56,compound,44,110.0,False,706809.6192206191,0.3960833690535986,0.8534015848468829,3,0,64,0,3,51,0,2
planner_daily_expedite_7d,57,single,44,0.0,True,416874.4598865072,0.0,1.0,0,0,10,0,0,110,0,0
planner_daily_expedite_7d,58,dual,44,0.0,True,363453.5206654419,0.0,1.0,0,0,23,0,0,97,0,0
planner_daily_expedite_7d,59,compound,44,0.0,True,476605.9232430768,0.0,1.0,1,0,32,8,1,79,0,0
planner_daily_expedite_7d,60,single,44,109.0,True,587596.1878213778,0.3606120295345847,0.8755356637047944,0,0,54,6,0,60,0,0
planner_daily_expedite_7d,61,dual,44,110.0,False,439186.92724248563,0.2920678614265112,0.9180389246336023,0,0,42,5,0,73,0,0
planner_daily_expedite_7d,62,compound,44,81.0,True,594880.0222188347,0.2821427533089759,0.9375703151071209,4,0,108,8,4,0,0,0
planner_daily_expedite_7d,63,single,44,0.0,True,381999.41341169557,0.0,1.0,0,0,10,0,0,110,0,0
planner_daily_expedite_7d,64,dual,44,90.0,True,640272.8960885173,0.42248498872872503,0.8671532094187789,3,0,60,0,3,57,0,0
planner_daily_expedite_7d,65,compound,44,0.0,True,415621.47239512746,0.0,1.0,0,0,34,4,0,82,0,0
planner_daily_expedite_7d,66,single,44,0.0,True,360807.7614433371,0.0,1.0,0,0,10,0,0,110,0,0
planner_daily_expedite_7d,67,dual,44,71.0,True,662566.4102670177,0.5041953613753667,0.8604995346232626,3,0,51,0,3,65,0,1
planner_daily_expedite_7d,68,compound,44,104.0,True,755024.5681946583,0.3414355287091282,0.890638984303394,3,0,63,9,3,45,0,0
planner_daily_expedite_7d,69,single,44,0.0,True,383029.0738676682,0.0,1.0,0,0,10,0,0,110,0,0
planner_daily_expedite_7d,70,dual,44,0.0,True,307214.15777025616,0.0,1.0,0,0,120,0,0,0,0,0
planner_daily_expedite_7d,71,compound,44,84.0,True,708361.4748089719,0.37280750839882193,0.9037997724511511,3,0,55,9,3,53,0,0
planner_daily_expedite_7d,72,single,44,0.0,True,389423.29619734146,0.0,1.0,0,0,120,0,0,0,0,0
planner_daily_expedite_7d,73,dual,44,0.0,True,414150.75922889373,0.0,1.0,0,0,31,1,0,88,0,0
planner_daily_expedite_7d,74,compound,44,0.0,True,522376.91167916177,0.0,1.0,2,0,27,9,2,82,0,0
planner_daily_expedite_7d,75,single,44,0.0,True,354033.02876500797,0.0,1.0,0,0,120,0,0,0,0,0
planner_daily_expedite_7d,76,dual,44,22.0,True,587590.8361491873,0.3167186875031985,0.981119817030969,2,0,17,8,2,93,0,0
planner_daily_expedite_7d,77,compound,44,110.0,False,465061.9602200816,0.14400493036882467,0.976606693671891,2,0,59,0,2,59,0,0
planner_daily_expedite_7d,78,single,44,0.0,True,366959.20389469207,0.0,1.0,0,0,120,0,0,0,0,0
planner_daily_expedite_7d,79,dual,44,108.0,True,354444.72098945954,0.05386779116904262,0.9949135756742573,0,0,27,0,0,93,0,0
planner_daily_expedite_7d,80,compound,44,110.0,False,611606.9584361657,0.24472959844890635,0.9396346138625069,2,0,51,8,2,59,0,0
planner_daily_expedite_7d,81,single,44,0.0,True,415331.51511821034,0.0,1.0,0,0,10,0,0,110,0,0
planner_daily_expedite_7d,82,dual,44,101.0,True,551033.5472750225,0.29199961356434057,0.9216932253644267,0,0,60,9,0,51,0,0
planner_daily_expedite_7d,83,compound,44,69.0,True,653431.624921,0.41748348408599595,0.8989835180202399,4,0,46,9,4,60,0,1
planner_daily_expedite_7d,84,single,44,103.0,True,512524.601405574,0.2226574427462142,0.9507470349127743,0,0,48,5,0,67,0,0
planner_daily_expedite_7d,85,dual,44,97.0,True,782896.1759872439,0.46306159194896385,0.8328421765677148,3,0,63,9,3,45,0,0
planner_daily_expedite_7d,86,compound,44,108.0,True,656734.6887069485,0.32708586397874223,0.8949669732212828,3,0,59,9,3,49,0,0
planner_daily_expedite_7d,87,single,44,0.0,True,341397.7589490199,0.0,1.0,0,0,120,0,0,0,0,0
planner_daily_expedite_7d,88,dual,44,0.0,True,347919.50301352853,0.0,1.0,0,0,26,0,0,94,0,0
planner_daily_expedite_7d,89,compound,44,63.0,True,477570.42507276515,0.2927986101547049,0.952137275293023,3,0,59,0,3,56,0,2
planner_daily_expedite_7d,90,single,44,0.0,True,348905.1219217885,0.0,1.0,0,0,10,0,0,110,0,0
planner_daily_expedite_7d,91,dual,44,110.0,False,847526.8258082538,0.40442311327732094,0.8449295349448149,3,0,68,9,3,40,0,0
planner_daily_expedite_7d,92,compound,44,96.0,True,736481.0916651698,0.29989030968232727,0.919386656897746,3,0,57,8,3,52,0,0
planner_daily_expedite_7d,93,single,44,0.0,True,428256.2593271037,0.0,1.0,0,0,10,0,0,110,0,0
planner_daily_expedite_7d,94,dual,44,0.0,True,385905.0082972675,0.0,1.0,0,0,43,0,0,77,0,0
planner_daily_expedite_7d,95,compound,44,0.0,True,447423.9295004018,0.0,1.0,1,0,28,6,1,85,0,0
planner_daily_expedite_7d,96,single,44,0.0,True,374697.0088336398,0.0,1.0,0,0,10,0,0,110,0,0
planner_daily_expedite_7d,97,dual,44,0.0,True,396631.7465663399,0.0,1.0,0,0,30,0,0,90,0,0
planner_daily_expedite_7d,98,compound,44,103.0,True,547878.2733081101,0.14224650822559173,0.9799320836658413,3,0,40,8,3,69,0,0
planner_daily_expedite_7d,99,single,44,0.0,True,375528.7140390187,0.0,1.0,0,0,10,0,0,110,0,0
planner_daily_expedite_7d,100,dual,44,0.0,True,454057.892095446,0.0,1.0,1,0,15,9,1,95,0,0
planner_daily_expedite_7d,101,compound,44,69.0,True,699776.1990611668,0.3261237893361926,0.9277492155907529,4,0,47,9,4,59,0,1
planner_daily_expedite_7d,102,single,44,0.0,True,326763.64960782655,0.0,1.0,0,0,120,0,0,0,0,0
planner_daily_expedite_7d,103,dual,44,0.0,True,320684.8244401521,0.0,1.0,0,0,120,0,0,0,0,0
planner_daily_expedite_7d,104,compound,44,0.0,True,428345.1371984907,0.0,1.0,1,0,35,6,1,78,0,0
planner_daily_expedite_7d,105,single,44,0.0,True,372041.9091710677,0.0,1.0,0,0,12,0,0,108,0,0
planner_daily_expedite_7d,106,dual,44,89.0,True,461999.0289915981,0.15530225596791203,0.9779941459659568,3,0,44,0,3,73,0,0
planner_daily_expedite_7d,107,compound,44,0.0,True,386718.43469133705,0.0,1.0,1,0,36,0,1,83,0,0
planner_daily_expedite_7d,108,single,44,0.0,True,358324.67050106736,0.0,1.0,0,0,24,0,0,96,0,0
planner_daily_expedite_7d,109,dual,44,99.0,True,529309.5593847829,0.28254034365784636,0.9288598840639074,0,0,44,10,0,66,0,0
planner_daily_expedite_7d,110,compound,44,104.0,True,710409.1191786577,0.4279141245495717,0.8422431998848117,3,0,69,0,3,46,0,2
planner_daily_expedite_7d,111,single,44,0.0,True,382011.2393014327,0.0,1.0,0,0,10,0,0,110,0,0
planner_daily_expedite_7d,112,dual,44,0.0,True,403729.1584209538,0.0,1.0,0,0,40,3,0,77,0,0
planner_daily_expedite_7d,113,compound,44,0.0,True,385704.5643352848,0.0,1.0,1,0,38,0,1,81,0,0
planner_daily_expedite_7d,114,single,44,75.0,True,452629.71322658076,0.1812560430217693,0.9760476363676798,0,0,29,5,0,86,0,0
planner_daily_expedite_7d,115,dual,44,77.0,True,502143.16531660233,0.3070014091194043,0.9349905582670327,0,0,49,10,0,61,0,0
planner_daily_expedite_7d,116,compound,44,108.0,True,643058.2927883232,0.18911106106439302,0.9626217273458753,3,0,55,8,3,54,0,0
planner_daily_expedite_7d,117,single,44,0.0,True,367350.6092773071,0.0,1.0,0,0,120,0,0,0,0,0
planner_daily_expedite_7d,118,dual,44,110.0,False,691508.3694049866,0.41647782112213844,0.8374467519871198,4,0,64,0,4,49,0,3
planner_daily_expedite_7d,119,compound,44,77.0,True,718327.4085263277,0.47400776742278233,0.8623855657356594,3,0,56,9,3,51,0,1
planner_daily_expedite_7d,120,single,44,0.0,True,378568.016478957,0.0,1.0,0,0,10,0,0,110,0,0
planner_daily_expedite_7d,121,dual,44,0.0,True,406065.3919718675,0.0,1.0,0,0,28,7,0,85,0,0
planner_daily_expedite_7d,122,compound,44,110.0,False,591979.1610664866,0.06305080667474276,0.9939970806685605,2,0,44,8,2,66,0,0
planner_daily_expedite_7d,123,single,44,0.0,True,406915.85437698715,0.0,1.0,0,0,10,0,0,110,0,0
planner_daily_expedite_7d,124,dual,44,107.0,True,777905.7717703253,0.3809893669548555,0.862516918669799,3,0,59,9,3,49,0,0
planner_daily_expedite_7d,125,compound,44,0.0,True,454113.5682578256,0.0,0.9986363636363635,2,0,51,0,2,66,0,1
planner_daily_expedite_7d,126,single,44,0.0,True,350580.4776965405,0.0,1.0,0,0,120,0,0,0,0,0
planner_daily_expedite_7d,127,dual,44,0.0,True,383638.9547223692,0.0,1.0,0,0,28,0,0,92,0,0
planner_daily_expedite_7d,128,compound,44,0.0,True,485215.3766019626,0.0,1.0,1,0,32,4,1,83,0,0
planner_daily_expedite_7d,129,single,44,108.0,True,504077.6530426073,0.2403428322791696,0.9372568745498946,0,0,35,2,0,83,0,0
planner_daily_expedite_7d,130,dual,44,69.0,True,533133.4182885265,0.3666818352694781,0.9221919114938754,2,0,50,0,2,68,0,0
planner_daily_expedite_7d,131,compound,44,110.0,False,486399.74499536067,0.1408076524783544,0.9784281610648073,1,0,38,10,1,71,0,0
planner_daily_expedite_7d,132,single,44,0.0,True,381291.1923697371,0.0,1.0,0,0,10,0,0,110,0,0
planner_daily_expedite_7d,133,dual,44,67.0,True,533937.2222968324,0.39449114257206347,0.9120497632859195,3,0,54,0,3,63,0,0
planner_daily_expedite_7d,134,compound,44,0.0,True,531771.0383070107,0.0,1.0,3,0,37,9,3,71,0,0
planner_daily_expedite_7d,135,single,44,0.0,True,406868.0165224978,0.0,1.0,0,0,10,0,0,110,0,0
planner_daily_expedite_7d,136,dual,44,109.0,True,600749.7319936393,0.2601947304443122,0.9269337356610557,0,0,57,10,0,53,0,0
planner_daily_expedite_7d,137,compound,44,0.0,True,420221.8050543553,0.0,1.0,1,0,39,0,1,80,0,0
planner_daily_expedite_7d,138,single,44,0.0,True,333015.80819978885,0.0,1.0,0,0,120,0,0,0,0,0
planner_daily_expedite_7d,139,dual,44,0.0,True,514912.6441623698,0.0,1.0,2,0,15,9,2,94,0,0
planner_daily_expedite_7d,140,compound,44,82.0,True,539273.5818491135,0.21226441431245377,0.9652520854463004,3,0,46,9,3,62,0,0
planner_daily_expedite_7d,141,single,44,0.0,True,387369.4540731728,0.0,1.0,0,0,10,0,0,110,0,0
planner_daily_expedite_7d,142,dual,44,0.0,True,378420.3656680698,0.0,1.0,0,0,27,0,0,93,0,0
planner_daily_expedite_7d,143,compound,44,97.0,True,860844.6008829856,0.450100082295383,0.8412768077885415,4,0,63,9,4,43,0,1
planner_daily_expedite_7d,144,single,44,0.0,True,402888.83872634644,0.0,1.0,0,0,11,0,0,109,0,0
planner_daily_expedite_7d,145,dual,44,105.0,True,483673.2822324903,0.09395217751453117,0.9857264195198139,1,0,44,10,1,65,0,0
planner_daily_expedite_7d,146,compound,44,109.0,True,667243.6212441241,0.20339175839626328,0.9495243242660276,3,0,60,9,3,48,0,0
planner_daily_expedite_7d,147,single,44,0.0,True,397336.65215037303,0.0,1.0,0,0,16,1,0,103,0,0
planner_daily_expedite_7d,148,dual,44,0.0,True,568244.8432490615,0.0,1.0,2,0,19,8,2,91,0,0
planner_daily_expedite_7d,149,compound,44,0.0,True,393905.1035865898,0.0,1.0,1,0,40,0,1,79,0,0
planner_daily_expedite_7d,150,single,44,110.0,False,476911.50291951775,0.30004132531547867,0.9077126155592131,0,0,52,4,0,64,0,0
planner_daily_expedite_7d,151,dual,44,105.0,True,600478.3570834829,0.12697550902672722,0.9806810544293714,2,0,38,8,2,72,0,0
planner_daily_expedite_7d,152,compound,44,108.0,True,772866.2716412448,0.3847284668148416,0.8603529229398913,4,0,54,9,4,51,0,2
planner_daily_expedite_7d,153,single,44,0.0,True,331811.86494220654,0.0,1.0,0,0,120,0,0,0,0,0
planner_daily_expedite_7d,154,dual,44,0.0,True,391821.55514274107,0.0,1.0,0,0,15,1,0,104,0,0
planner_daily_expedite_7d,155,compound,44,82.0,True,776708.9022971862,0.43266092858040056,0.8669563155339768,4,0,55,9,4,51,0,1
planner_daily_expedite_7d,156,single,44,44.0,True,437230.85152565496,0.24408481572168836,0.9755518710057577,0,0,24,0,0,96,0,0
planner_daily_expedite_7d,157,dual,44,0.0,True,442800.9089840362,0.0,1.0,0,0,20,1,0,99,0,0
planner_daily_expedite_7d,158,compound,44,54.0,True,537873.8029064297,0.03421022202244618,0.9967686572701839,3,0,53,0,3,63,0,1
planner_daily_expedite_7d,159,single,44,0.0,True,419230.0039360908,0.0,1.0,0,0,10,0,0,110,0,0
planner_daily_expedite_7d,160,dual,44,0.0,True,339219.2317132721,0.0,1.0,0,0,118,2,0,0,0,0
planner_daily_expedite_7d,161,compound,44,76.0,True,632931.1210896127,0.16941960646390358,0.9752858979474963,3,0,50,8,3,59,0,0
planner_daily_expedite_7d,162,single,44,0.0,True,357405.4124515174,0.0,1.0,0,0,10,0,0,110,0,0
planner_daily_expedite_7d,163,dual,44,0.0,True,420313.51568447246,0.0,0.9987239682394475,0,0,21,1,0,98,0,0
planner_daily_expedite_7d,164,compound,44,107.0,True,620736.3738376256,0.2306828148063791,0.9442648306619146,3,0,55,9,3,53,0,0
planner_daily_expedite_7d,165,single,44,105.0,True,594492.4034713742,0.2869302584069778,0.9158196268092104,0,0,50,7,0,63,0,0
planner_daily_expedite_7d,166,dual,44,24.0,True,639138.504563578,0.3553815943112415,0.9736438856806318,2,0,33,9,2,76,0,0
planner_daily_expedite_7d,167,compound,44,103.0,True,528527.2203709536,0.18912693984787723,0.9595028160284726,4,0,65,0,4,48,0,3
planner_daily_expedite_7d,168,single,44,0.0,True,367941.4889447143,0.0,1.0,0,0,10,0,0,110,0,0
planner_daily_expedite_7d,169,dual,44,0.0,True,404209.6905464444,0.0,1.0,0,0,10,0,0,110,0,0
planner_daily_expedite_7d,170,compound,44,58.0,True,715957.5319655176,0.5749588008426045,0.860370780478163,4,0,55,0,4,60,0,1
planner_daily_expedite_7d,171,single,44,110.0,False,389669.5650049345,0.1593312637877829,0.9711538515173486,0,0,33,0,0,87,0,0
planner_daily_expedite_7d,172,dual,44,108.0,True,538289.7154305377,0.22247513936944985,0.9497472789217251,2,0,48,0,2,70,0,0
planner_daily_expedite_7d,173,compound,44,83.0,True,557936.824267891,0.24338257024804402,0.9507636529516875,3,0,62,0,3,55,0,0
planner_daily_expedite_7d,174,single,44,0.0,True,381036.9605317182,0.0,1.0,0,0,10,0,0,110,0,0
planner_daily_expedite_7d,175,dual,44,0.0,True,308134.68800185487,0.0,1.0,0,0,27,0,0,93,0,0
planner_daily_expedite_7d,176,compound,44,85.0,True,620841.3810237492,0.24879460247422563,0.9512882081606818,2,0,51,10,2,57,0,0
planner_daily_expedite_7d,177,single,44,0.0,True,397114.6114932156,0.0,1.0,0,0,10,0,0,110,0,0
planner_daily_expedite_7d,178,dual,44,110.0,False,505821.52025806915,0.24915556354949636,0.9347397395140536,0,0,58,8,0,54,0,0
planner_daily_expedite_7d,179,compound,44,97.0,True,553053.3368506758,0.22368391664887943,0.9507497115266355,3,0,43,8,3,66,0,0
planner_daily_expedite_7d,180,single,44,0.0,True,349709.7064261981,0.0,1.0,0,0,10,0,0,110,0,0
planner_daily_expedite_7d,181,dual,44,0.0,True,385545.3401775331,0.0,1.0,0,0,34,0,0,86,0,0
planner_daily_expedite_7d,182,compound,44,82.0,True,569383.3885431447,0.4638129129500037,0.8601115800831368,2,0,64,10,2,43,0,1
planner_daily_expedite_7d,183,single,44,86.0,True,489096.46912497067,0.39247433697236916,0.8934824785974105,0,0,41,4,0,75,0,0
planner_daily_expedite_7d,184,dual,44,109.0,True,593517.6588260373,0.26901491366928004,0.9270745492212678,1,0,61,9,1,49,0,0
planner_daily_expedite_7d,185,compound,44,97.0,True,626922.2194006332,0.3013488195213887,0.9206562353323182,2,0,56,9,2,53,0,0
planner_daily_expedite_7d,186,single,44,0.0,True,358760.1909716968,0.0,1.0,0,0,10,0,0,110,0,0
planner_daily_expedite_7d,187,dual,44,104.0,True,492539.0836508873,0.09868265398456635,0.99040798054857,2,0,27,9,2,82,0,0
planner_daily_expedite_7d,188,compound,44,60.0,True,546892.9921834265,0.3542499125634914,0.9318019996001101,4,0,70,0,4,45,0,1
planner_daily_expedite_7d,189,single,44,96.0,True,508094.77306666167,0.13980602091429079,0.9786084141864958,0,0,32,4,0,84,0,0
planner_daily_expedite_7d,190,dual,44,103.0,True,642131.4589717217,0.27354174266609926,0.9308916290444507,2,0,52,9,2,57,0,0
planner_daily_expedite_7d,191,compound,44,110.0,False,614646.082377592,0.353450744886776,0.8757225217935419,3,0,76,0,3,41,0,0
planner_daily_expedite_7d,192,single,44,0.0,True,330515.0129895087,0.0,1.0,0,0,120,0,0,0,0,0
planner_daily_expedite_7d,193,dual,44,0.0,True,441358.4435946199,0.0,1.0,0,0,31,0,0,89,0,0
planner_daily_expedite_7d,194,compound,44,55.0,True,529153.5644049278,0.2922451943592231,0.9569758552896479,4,0,61,0,4,54,0,1
planner_daily_expedite_7d,195,single,44,106.0,True,502075.23473181826,0.2815288565656995,0.9170263127426275,0,0,54,0,0,66,0,0
planner_daily_expedite_7d,196,dual,44,110.0,False,470714.7302665434,0.12174757866835223,0.9819674000132331,1,0,36,9,1,74,0,0
planner_daily_expedite_7d,197,compound,44,103.0,True,436937.7101214041,0.17595875804382233,0.9650985136418732,3,0,66,0,3,50,0,1
planner_daily_expedite_7d,198,single,44,0.0,True,330999.16107774543,0.0,1.0,0,0,120,0,0,0,0,0
planner_daily_expedite_7d,199,dual,44,107.0,True,707224.3071979744,0.36147319291985835,0.8811542983424672,3,0,62,9,3,46,0,0
planner_daily_expedite_7d,0,single,45,0.0,True,332563.0591712982,0.0,1.0,0,0,120,0,0,0,0,0
planner_daily_expedite_7d,1,dual,45,85.0,True,535408.8705819503,0.3282580000502928,0.9177557496540596,0,0,58,6,0,56,0,0
planner_daily_expedite_7d,2,compound,45,75.0,True,446578.90330590063,0.14737683392508294,0.9811476129281274,3,0,63,0,3,54,0,0
planner_daily_expedite_7d,3,single,45,0.0,True,345729.9334943593,0.0,1.0,0,0,120,0,0,0,0,0
planner_daily_expedite_7d,4,dual,45,53.0,True,524749.8301646899,0.3230725368656693,0.947298658764411,2,0,45,0,2,72,0,1
planner_daily_expedite_7d,5,compound,45,103.0,True,819031.7172913945,0.5909064966244046,0.7406690588005089,4,0,77,9,4,30,0,0
planner_daily_expedite_7d,6,single,45,0.0,True,390295.1960526101,0.0,1.0,0,0,10,0,0,110,0,0
planner_daily_expedite_7d,7,dual,45,108.0,True,626059.2005984172,0.3855488460588154,0.864580215795874,1,0,67,10,1,42,0,0
planner_daily_expedite_7d,8,compound,45,109.0,True,642131.0809343654,0.24892649319213708,0.9368409876056906,3,0,49,8,3,60,0,0
planner_daily_expedite_7d,9,single,45,44.0,True,396030.6918731888,0.20694040611744308,0.9827419826642537,0,0,19,2,0,99,0,0
planner_daily_expedite_7d,10,dual,45,109.0,True,703021.7511150996,0.2710252672948645,0.9230579511597261,3,0,37,9,3,71,0,0
planner_daily_expedite_7d,11,compound,45,0.0,True,496739.398127989,0.0,1.0,2,0,47,0,2,71,0,0
planner_daily_expedite_7d,12,single,45,0.0,True,386806.7763738877,0.0,1.0,0,0,10,0,0,110,0,0
planner_daily_expedite_7d,13,dual,45,99.0,True,611204.4467579817,0.2734336383917843,0.9323677312827146,1,0,51,9,1,59,0,0
planner_daily_expedite_7d,14,compound,45,0.0,True,555384.3905566843,0.0,0.9986363636363635,3,0,42,9,3,65,0,1
planner_daily_expedite_7d,15,single,45,0.0,True,331926.0948761814,0.0,1.0,0,0,120,0,0,0,0,0
planner_daily_expedite_7d,16,dual,45,0.0,True,388472.9067080088,0.0,1.0,0,0,31,0,0,89,0,0
planner_daily_expedite_7d,17,compound,45,62.0,True,701401.4595442725,0.5600626143656035,0.8507275773498394,4,0,62,0,4,54,0,0
planner_daily_expedite_7d,18,single,45,0.0,True,353253.97989165876,0.0,1.0,0,0,10,0,0,110,0,0
planner_daily_expedite_7d,19,dual,45,83.0,True,437006.628830399,0.1104943653780421,0.9906024664091198,0,0,38,3,0,79,0,0
planner_daily_expedite_7d,20,compound,45,53.0,True,700731.5308553192,0.6475592254931517,0.8478737241586719,4,0,62,0,4,54,0,0
planner_daily_expedite_7d,21,single,45,76.0,True,530088.0905281035,0.334241651234174,0.9252480693449786,0,0,33,5,0,82,0,0
planner_daily_expedite_7d,22,dual,45,0.0,True,372216.81532826065,0.0,1.0,0,0,14,0,0,106,0,0
planner_daily_expedite_7d,23,compound,45,83.0,True,550477.3113941386,0.379533175798558,0.8975519146020653,4,0,67,0,4,47,0,2
planner_daily_expedite_7d,24,single,45,0.0,True,335530.25950484816,0.0,1.0,0,0,120,0,0,0,0,0
planner_daily_expedite_7d,25,dual,45,0.0,True,371542.871320977,0.0,1.0,0,0,26,0,0,94,0,0
planner_daily_expedite_7d,26,compound,45,0.0,True,461568.4984126633,0.0,1.0,1,0,31,9,1,79,0,0
planner_daily_expedite_7d,27,single,45,0.0,True,352769.9531272985,0.0,1.0,0,0,120,0,0,0,0,0
planner_daily_expedite_7d,28,dual,45,0.0,True,426062.3027830487,0.0,1.0,0,0,27,1,0,92,0,0
planner_daily_expedite_7d,29,compound,45,96.0,True,654287.7895095324,0.2766457055441326,0.9241434837262793,3,0,65,9,3,43,0,0
planner_daily_expedite_7d,30,single,45,0.0,True,416251.0655866762,0.0,1.0,0,0,10,0,0,110,0,0
planner_daily_expedite_7d,31,dual,45,0.0,True,352071.15179774235,0.0,1.0,0,0,38,0,0,82,0,0
planner_daily_expedite_7d,32,compound,45,0.0,True,408228.7278119237,0.0,0.9986363636363635,2,0,41,0,2,76,0,1
planner_daily_expedite_7d,33,single,45,0.0,True,319467.05495977995,0.0,1.0,0,0,120,0,0,0,0,0
planner_daily_expedite_7d,34,dual,45,0.0,True,354798.0892838199,0.0,1.0,0,0,29,0,0,91,0,0
planner_daily_expedite_7d,35,compound,45,80.0,True,612902.6076016143,0.309169019282637,0.9316146094362319,4,0,43,9,4,63,0,1
planner_daily_expedite_7d,36,single,45,0.0,True,400796.3834607285,0.0,1.0,0,0,10,0,0,110,0,0
planner_daily_expedite_7d,37,dual,45,0.0,True,340435.07603795204,0.0,1.0,0,0,120,0,0,0,0,0
planner_daily_expedite_7d,38,compound,45,110.0,False,766726.633600073,0.43265367353715106,0.8284095088477718,4,0,67,0,4,49,0,0
planner_daily_expedite_7d,39,single,45,0.0,True,383274.6392632002,0.0,1.0,0,0,17,0,0,103,0,0
planner_daily_expedite_7d,40,dual,45,0.0,True,379597.17207487795,0.0,1.0,0,0,10,0,0,110,0,0
planner_daily_expedite_7d,41,compound,45,50.0,True,585283.518414711,0.5078684187678544,0.900862589020927,3,0,55,0,3,62,0,0
planner_daily_expedite_7d,42,single,45,0.0,True,342818.814151824,0.0,1.0,0,0,120,0,0,0,0,0
planner_daily_expedite_7d,43,dual,45,86.0,True,583083.9116045809,0.3859633557597832,0.8952287310406469,2,0,59,0,2,59,0,0
planner_daily_expedite_7d,44,compound,45,109.0,True,794223.3534569028,0.45496406821556623,0.8144553192232433,4,0,62,9,4,45,0,0
planner_daily_expedite_7d,45,single,45,0.0,True,327254.19400583865,0.0,1.0,0,0,120,0,0,0,0,0
planner_daily_expedite_7d,46,dual,45,97.0,True,626857.9750966815,0.36796068018409617,0.8874175986008479,2,0,69,0,2,49,0,0
planner_daily_expedite_7d,47,compound,45,99.0,True,645010.6755176763,0.28153389625466146,0.925286303942648,2,0,63,9,2,46,0,0
planner_daily_expedite_7d,48,single,45,0.0,True,349787.8382147088,0.0,1.0,0,0,10,0,0,110,0,0
planner_daily_expedite_7d,49,dual,45,43.0,True,425039.6292243541,0.18519667604442122,0.9849675907464135,0,0,48,8,0,64,0,0
planner_daily_expedite_7d,50,compound,45,49.0,True,713809.877535629,0.4754898389767633,0.9153932144770507,3,0,47,8,3,61,0,1
planner_daily_expedite_7d,51,single,45,0.0,True,372110.89186583954,0.0,1.0,0,0,11,0,0,109,0,0
planner_daily_expedite_7d,52,dual,45,0.0,True,334289.60772994236,0.0,1.0,0,0,24,0,0,96,0,0
planner_daily_expedite_7d,53,compound,45,0.0,True,452946.9552592476,0.0,0.9986363636363635,2,0,33,9,2,75,0,1
planner_daily_expedite_7d,54,single,45,0.0,True,372758.61364649725,0.0,1.0,0,0,120,0,0,0,0,0
planner_daily_expedite_7d,55,dual,45,0.0,True,381125.8237482519,0.0,1.0,0,0,17,1,0,102,0,0
planner_daily_expedite_7d,56,compound,45,110.0,False,706808.6920125363,0.39691154041240345,0.8537792498249152,3,0,65,0,3,51,0,1
planner_daily_expedite_7d,57,single,45,0.0,True,416874.4598865072,0.0,1.0,0,0,10,0,0,110,0,0
planner_daily_expedite_7d,58,dual,45,0.0,True,363453.5206654419,0.0,1.0,0,0,21,0,0,99,0,0
planner_daily_expedite_7d,59,compound,45,0.0,True,476630.49191052903,0.0,1.0,1,0,31,9,1,79,0,0
planner_daily_expedite_7d,60,single,45,97.0,True,581102.5997697304,0.3205109179014382,0.9119227188376132,0,0,48,6,0,66,0,0
planner_daily_expedite_7d,61,dual,45,0.0,True,399121.0101084924,0.0,1.0,0,0,22,5,0,93,0,0
planner_daily_expedite_7d,62,compound,45,80.0,True,602960.4065694347,0.3092040580247767,0.9306465443733717,4,0,108,8,4,0,0,0
planner_daily_expedite_7d,63,single,45,0.0,True,381999.41341169557,0.0,1.0,0,0,10,0,0,110,0,0
planner_daily_expedite_7d,64,dual,45,89.0,True,624572.2758123492,0.3822806361348082,0.8836919970683833,4,0,61,0,4,54,0,1
planner_daily_expedite_7d,65,compound,45,110.0,False,416680.7975783161,0.09688371482778739,0.9895285573476346,0,0,40,5,0,75,0,0
planner_daily_expedite_7d,66,single,45,0.0,True,360807.7614433371,0.0,1.0,0,0,10,0,0,110,0,0
planner_daily_expedite_7d,67,dual,45,71.0,True,662566.4102670177,0.5041953613753667,0.8604995346232626,3,0,54,0,3,62,0,1
planner_daily_expedite_7d,68,compound,45,82.0,True,645365.9986934613,0.09885773402065934,0.9856627027415633,3,0,47,8,3,61,0,1
planner_daily_expedite_7d,69,single,45,0.0,True,383029.0738676682,0.0,1.0,0,0,10,0,0,110,0,0
planner_daily_expedite_7d,70,dual,45,0.0,True,367193.8111539902,0.0,1.0,0,0,35,0,0,85,0,0
planner_daily_expedite_7d,71,compound,45,97.0,True,671836.2684433005,0.18536053422060947,0.9674394709598639,2,0,44,9,2,65,0,0
planner_daily_expedite_7d,72,single,45,0.0,True,389423.29619734146,0.0,1.0,0,0,120,0,0,0,0,0
planner_daily_expedite_7d,73,dual,45,0.0,True,376368.223717269,0.0,1.0,0,0,33,0,0,87,0,0
planner_daily_expedite_7d,74,compound,45,0.0,True,522292.8416757429,0.0,1.0,2,0,27,9,2,82,0,0
planner_daily_expedite_7d,75,single,45,0.0,True,354033.02876500797,0.0,1.0,0,0,120,0,0,0,0,0
planner_daily_expedite_7d,76,dual,45,22.0,True,587590.8361491873,0.3167186875031985,0.981119817030969,2,0,16,9,2,93,0,0
planner_daily_expedite_7d,77,compound,45,110.0,False,465078.7270751194,0.13931023666141168,0.9763401153275202,2,0,56,0,2,60,0,2
planner_daily_expedite_7d,78,single,45,0.0,True,366959.20389469207,0.0,1.0,0,0,120,0,0,0,0,0
planner_daily_expedite_7d,79,dual,45,108.0,True,354444.72098945954,0.05386779116904262,0.9949135756742573,0,0,25,0,0,95,0,0
planner_daily_expedite_7d,80,compound,45,110.0,False,683777.4505249829,0.3515253631531764,0.8798402950252469,3,0,64,8,3,45,0,0
planner_daily_expedite_7d,81,single,45,0.0,True,415331.51511821034,0.0,1.0,0,0,10,0,0,110,0,0
planner_daily_expedite_7d,82,dual,45,101.0,True,551033.5472750225,0.29199961356434057,0.9216932253644267,0,0,59,9,0,52,0,0
planner_daily_expedite_7d,83,compound,45,69.0,True,653431.3449576248,0.4172705496397594,0.8991005493313111,4,0,45,9,4,61,0,1
planner_daily_expedite_7d,84,single,45,103.0,True,512524.601405574,0.2226574427462142,0.9507470349127743,0,0,48,5,0,67,0,0
planner_daily_expedite_7d,85,dual,45,97.0,True,782896.1759872439,0.46306159194896385,0.8328421765677148,3,0,65,9,3,43,0,0
planner_daily_expedite_7d,86,compound,45,90.0,True,683356.6581773987,0.3748203577605526,0.8895935225085365,3,0,61,9,3,47,0,0
planner_daily_expedite_7d,87,single,45,0.0,True,341397.7589490199,0.0,1.0,0,0,120,0,0,0,0,0
planner_daily_expedite_7d,88,dual,45,0.0,True,393866.0035174268,0.0,1.0,0,0,26,1,0,93,0,0
planner_daily_expedite_7d,89,compound,45,83.0,True,473700.2145319944,0.25465427742587454,0.9492166374563156,3,0,63,0,3,53,0,1
planner_daily_expedite_7d,90,single,45,0.0,True,348905.1219217885,0.0,1.0,0,0,10,0,0,110,0,0
planner_daily_expedite_7d,91,dual,45,110.0,False,844907.2602232646,0.4037111278756251,0.8464962784152544,3,0,66,8,3,43,0,0
planner_daily_expedite_7d,92,compound,45,96.0,True,736481.0916651698,0.29989030968232727,0.919386656897746,3,0,56,8,3,53,0,0
planner_daily_expedite_7d,93,single,45,0.0,True,428256.2593271037,0.0,1.0,0,0,10,0,0,110,0,0
planner_daily_expedite_7d,94,dual,45,0.0,True,422782.0877753972,0.0,1.0,0,0,42,1,0,77,0,0
planner_daily_expedite_7d,95,compound,45,0.0,True,475723.63164348906,0.0,1.0,1,0,29,9,1,81,0,0
planner_daily_expedite_7d,96,single,45,0.0,True,374697.0088336398,0.0,1.0,0,0,10,0,0,110,0,0
planner_daily_expedite_7d,97,dual,45,0.0,True,396631.7465663399,0.0,1.0,0,0,31,0,0,89,0,0
planner_daily_expedite_7d,98,compound,45,103.0,True,547878.2733081101,0.14224650822559173,0.9799320836658413,3,0,40,8,3,69,0,0
planner_daily_expedite_7d,99,single,45,0.0,True,375528.7140390187,0.0,1.0,0,0,10,0,0,110,0,0
planner_daily_expedite_7d,100,dual,45,105.0,True,490989.8422783466,0.21098813046188658,0.9549764277247345,1,0,33,9,1,77,0,0
planner_daily_expedite_7d,101,compound,45,103.0,True,808409.3479200064,0.4005414045930181,0.859784175131944,4,0,60,9,4,47,0,0
planner_daily_expedite_7d,102,single,45,0.0,True,326763.64960782655,0.0,1.0,0,0,120,0,0,0,0,0
planner_daily_expedite_7d,103,dual,45,0.0,True,320684.8244401521,0.0,1.0,0,0,120,0,0,0,0,0
planner_daily_expedite_7d,104,compound,45,0.0,True,439794.23546108155,0.0,1.0,1,0,34,5,1,80,0,0
planner_daily_expedite_7d,105,single,45,0.0,True,372041.9091710677,0.0,1.0,0,0,12,0,0,108,0,0
planner_daily_expedite_7d,106,dual,45,97.0,True,468178.234939891,0.24001922929981145,0.9486363136017661,2,0,59,0,2,59,0,0
planner_daily_expedite_7d,107,compound,45,0.0,True,387813.3369459892,0.0,1.0,1,0,34,0,1,85,0,0
planner_daily_expedite_7d,108,single,45,0.0,True,293546.48233901395,0.0,1.0,0,0,120,0,0,0,0,0
planner_daily_expedite_7d,109,dual,45,0.0,True,531673.570089964,0.0,1.0,1,0,16,10,1,93,0,0
planner_daily_expedite_7d,110,compound,45,104.0,True,710406.9872164183,0.42916564662103085,0.8427203688892274,3,0,69,0,3,47,0,1
planner_daily_expedite_7d,111,single,45,0.0,True,382011.2393014327,0.0,1.0,0,0,10,0,0,110,0,0
planner_daily_expedite_7d,112,dual,45,110.0,False,418381.1657453956,0.19529531545344686,0.9571341730198984,0,0,53,1,0,66,0,0
planner_daily_expedite_7d,113,compound,45,0.0,True,421008.4119330886,0.0,0.9986363636363635,2,0,37,0,2,80,0,1
planner_daily_expedite_7d,114,single,45,38.0,True,464449.0236121936,0.17535988686364873,0.9875668446479214,0,0,23,4,0,93,0,0
planner_daily_expedite_7d,115,dual,45,76.0,True,460378.7818604378,0.29348750042873084,0.9436188640062539,0,0,54,10,0,56,0,0
planner_daily_expedite_7d,116,compound,45,108.0,True,640006.4081424938,0.3483078818762917,0.880030880176886,3,0,66,8,3,43,0,0
planner_daily_expedite_7d,117,single,45,0.0,True,367350.6092773071,0.0,1.0,0,0,120,0,0,0,0,0
planner_daily_expedite_7d,118,dual,45,109.0,True,678414.2436375374,0.3952555707119063,0.8525167953793406,4,0,66,0,4,48,0,2
planner_daily_expedite_7d,119,compound,45,77.0,True,718327.4085263277,0.47400776742278233,0.8623855657356594,3,0,54,9,3,53,0,1
planner_daily_expedite_7d,120,single,45,0.0,True,378568.016478957,0.0,1.0,0,0,10,0,0,110,0,0
planner_daily_expedite_7d,121,dual,45,0.0,True,406065.3919718675,0.0,1.0,0,0,27,7,0,86,0,0
planner_daily_expedite_7d,122,compound,45,110.0,False,680193.8520416422,0.382742139219799,0.8605492163530042,2,0,69,9,2,40,0,0
planner_daily_expedite_7d,123,single,45,0.0,True,406915.85437698715,0.0,1.0,0,0,10,0,0,110,0,0
planner_daily_expedite_7d,124,dual,45,107.0,True,784137.021020981,0.3896669479262673,0.8581961927451103,3,0,61,8,3,48,0,0
planner_daily_expedite_7d,125,compound,45,90.0,True,465454.59504414746,0.10735605525870366,0.9888488291172579,2,0,59,0,2,59,0,0
planner_daily_expedite_7d,126,single,45,0.0,True,350580.4776965405,0.0,1.0,0,0,120,0,0,0,0,0
planner_daily_expedite_7d,127,dual,45,0.0,True,382058.7716343484,0.0,1.0,0,0,27,0,0,93,0,0
planner_daily_expedite_7d,128,compound,45,0.0,True,427987.7379415975,0.0,1.0,0,0,37,4,0,79,0,0
planner_daily_expedite_7d,129,single,45,108.0,True,493863.3201074878,0.23790514633290305,0.9393313245001572,0,0,33,1,0,86,0,0
planner_daily_expedite_7d,130,dual,45,68.0,True,522063.2153566472,0.3536618961898835,0.9246296240233655,2,0,53,0,2,65,0,0
planner_daily_expedite_7d,131,compound,45,110.0,False,486399.74499536067,0.1408076524783544,0.9784281610648073,1,0,37,10,1,72,0,0
planner_daily_expedite_7d,132,single,45,0.0,True,381291.1923697371,0.0,1.0,0,0,10,0,0,110,0,0
planner_daily_expedite_7d,133,dual,45,67.0,True,533937.2222968324,0.39449114257206347,0.9120497632859195,3,0,57,0,3,60,0,0
planner_daily_expedite_7d,134,compound,45,81.0,True,587866.2890764817,0.311727466270783,0.927206859104169,3,0,59,9,3,49,0,0
planner_daily_expedite_7d,135,single,45,0.0,True,406868.0165224978,0.0,1.0,0,0,10,0,0,110,0,0
planner_daily_expedite_7d,136,dual,45,89.0,True,600192.5553747866,0.26854676325232857,0.938156329014723,0,0,56,10,0,54,0,0
planner_daily_expedite_7d,137,compound,45,0.0,True,420381.72461100406,0.0,0.9996204713160071,1,0,48,0,1,71,0,0
planner_daily_expedite_7d,138,single,45,0.0,True,333015.80819978885,0.0,1.0,0,0,120,0,0,0,0,0
planner_daily_expedite_7d,139,dual,45,0.0,True,496315.88215149834,0.0,1.0,2,0,26,9,2,83,0,0
planner_daily_expedite_7d,140,compound,45,110.0,False,566831.6343231614,0.26005816594050213,0.9337194089734657,3,0,46,9,3,62,0,0
planner_daily_expedite_7d,141,single,45,0.0,True,387369.4540731728,0.0,1.0,0,0,10,0,0,110,0,0
planner_daily_expedite_7d,142,dual,45,0.0,True,378420.3656680698,0.0,1.0,0,0,24,0,0,96,0,0
planner_daily_expedite_7d,143,compound,45,89.0,True,749224.4281673557,0.27108516491356144,0.9388579854999908,3,0,38,9,3,69,0,1
planner_daily_expedite_7d,144,single,45,0.0,True,402888.83872634644,0.0,1.0,0,0,11,0,0,109,0,0
planner_daily_expedite_7d,145,dual,45,75.0,True,584666.7257951744,0.34303995777334445,0.918219735593713,2,0,52,9,2,57,0,0
planner_daily_expedite_7d,146,compound,45,67.0,True,722024.0892506491,0.33988766637701756,0.9302908346701187,3,0,55,9,3,53,0,0
planner_daily_expedite_7d,147,single,45,0.0,True,397336.65215037303,0.0,1.0,0,0,16,1,0,103,0,0
planner_daily_expedite_7d,148,dual,45,103.0,True,678224.6694775231,0.31248330763127596,0.9091030322037531,2,0,55,9,2,54,0,0
planner_daily_expedite_7d,149,compound,45,0.0,True,361621.63181076664,0.0,1.0,0,0,37,0,0,83,0,0
planner_daily_expedite_7d,150,single,45,110.0,False,493534.45208276197,0.3535045149383425,0.877847164673948,0,0,55,9,0,56,0,0
planner_daily_expedite_7d,151,dual,45,104.0,True,702878.9224847719,0.34342763825778466,0.8887551212968253,3,0,60,9,3,48,0,0
planner_daily_expedite_7d,152,compound,45,107.0,True,762146.3778680263,0.43798910441314026,0.8200161380567411,4,0,64,9,4,42,0,1
planner_daily_expedite_7d,153,single,45,0.0,True,331811.86494220654,0.0,1.0,0,0,120,0,0,0,0,0
planner_daily_expedite_7d,154,dual,45,0.0,True,391838.6133383638,0.0,1.0,0,0,14,2,0,104,0,0
planner_daily_expedite_7d,155,compound,45,82.0,True,776708.7750478226,0.43247317788345147,0.8670279056867543,4,0,59,9,4,47,0,1
planner_daily_expedite_7d,156,single,45,44.0,True,437230.85152565496,0.24408481572168836,0.9755518710057577,0,0,24,0,0,96,0,0
planner_daily_expedite_7d,157,dual,45,0.0,True,382916.94065816846,0.0,1.0,0,0,23,0,0,97,0,0
planner_daily_expedite_7d,158,compound,45,54.0,True,537868.4667094679,0.03936299734219545,0.9973599665522321,3,0,55,0,3,62,0,0
planner_daily_expedite_7d,159,single,45,0.0,True,419230.0039360908,0.0,1.0,0,0,10,0,0,110,0,0
planner_daily_expedite_7d,160,dual,45,0.0,True,339219.2317132721,0.0,1.0,0,0,118,2,0,0,0,0
planner_daily_expedite_7d,161,compound,45,110.0,False,717739.9921831151,0.28164512889176546,0.9200011706915387,3,0,60,9,3,48,0,0
planner_daily_expedite_7d,162,single,45,0.0,True,357405.4124515174,0.0,1.0,0,0,10,0,0,110,0,0
planner_daily_expedite_7d,163,dual,45,104.0,True,434786.751360206,0.14444572909436665,0.9785901639451494,0,0,24,1,0,95,0,0
planner_daily_expedite_7d,164,compound,45,107.0,True,639267.1141655865,0.2768355984010768,0.9216227096864624,3,0,58,9,3,50,0,0
planner_daily_expedite_7d,165,single,45,106.0,True,626124.8469024106,0.35054648079437806,0.8812681335512371,0,0,60,5,0,55,0,0
planner_daily_expedite_7d,166,dual,45,109.0,True,769350.0819004171,0.3507171919364674,0.8846022488865014,3,0,49,9,3,59,0,0
planner_daily_expedite_7d,167,compound,45,103.0,True,528518.1883944569,0.19801908987405595,0.9601388117644835,4,0,66,0,4,49,0,1
planner_daily_expedite_7d,168,single,45,0.0,True,367941.4889447143,0.0,1.0,0,0,10,0,0,110,0,0
planner_daily_expedite_7d,169,dual,45,0.0,True,404209.6905464444,0.0,1.0,0,0,10,0,0,110,0,0
planner_daily_expedite_7d,170,compound,45,57.0,True,636147.3872764228,0.5506521949138656,0.8723467925551933,4,0,57,0,4,56,0,3
planner_daily_expedite_7d,171,single,45,110.0,False,389669.5650049345,0.1593312637877829,0.9711538515173486,0,0,34,0,0,86,0,0
planner_daily_expedite_7d,172,dual,45,108.0,True,538289.7154305377,0.22247513936944985,0.9497472789217251,2,0,48,0,2,70,0,0
planner_daily_expedite_7d,173,compound,45,83.0,True,557940.820816531,0.23920202178796007,0.950331935603277,3,0,62,0,3,54,0,1
planner_daily_expedite_7d,174,single,45,0.0,True,381036.9605317182,0.0,1.0,0,0,10,0,0,110,0,0
planner_daily_expedite_7d,175,dual,45,0.0,True,308134.68800185487,0.0,1.0,0,0,27,0,0,93,0,0
planner_daily_expedite_7d,176,compound,45,85.0,True,634960.9539618416,0.32045145077945947,0.9218325391461437,2,0,59,9,2,50,0,0
planner_daily_expedite_7d,177,single,45,0.0,True,397114.6114932156,0.0,1.0,0,0,10,0,0,110,0,0
planner_daily_expedite_7d,178,dual,45,110.0,False,518704.80015812174,0.29391771167280306,0.9162134524072048,0,0,53,10,0,57,0,0
planner_daily_expedite_7d,179,compound,45,26.0,True,582977.348278204,0.08611571082142697,0.995998002460997,3,0,28,9,3,80,0,0
planner_daily_expedite_7d,180,single,45,0.0,True,349709.7064261981,0.0,1.0,0,0,10,0,0,110,0,0
planner_daily_expedite_7d,181,dual,45,0.0,True,385545.3401775331,0.0,1.0,0,0,34,0,0,86,0,0
planner_daily_expedite_7d,182,compound,45,82.0,True,569382.0109185362,0.4651649209803403,0.8604151630717926,2,0,65,10,2,43,0,0
planner_daily_expedite_7d,183,single,45,85.0,True,471865.36625052604,0.3414317028492682,0.9134564444021366,0,0,47,3,0,70,0,0
planner_daily_expedite_7d,184,dual,45,109.0,True,539980.8807291175,0.2774307779139208,0.9243633719216678,0,0,63,9,0,48,0,0
planner_daily_expedite_7d,185,compound,45,96.0,True,699103.3919794691,0.23969289454457995,0.9472272214437207,3,0,47,9,3,61,0,0
planner_daily_expedite_7d,186,single,45,0.0,True,358760.1909716968,0.0,1.0,0,0,10,0,0,110,0,0
planner_daily_expedite_7d,187,dual,45,0.0,True,551074.6280071635,0.0,1.0,3,0,19,9,3,89,0,0
planner_daily_expedite_7d,188,compound,45,60.0,True,546896.9211611374,0.35001154415153735,0.9313473394357346,4,0,66,0,4,48,0,2
planner_daily_expedite_7d,189,single,45,0.0,True,489906.3748251077,0.0,1.0,0,0,24,1,0,95,0,0
planner_daily_expedite_7d,190,dual,45,103.0,True,614738.0656507645,0.22636754691531713,0.9493354446507828,2,0,47,10,2,61,0,0
planner_daily_expedite_7d,191,compound,45,110.0,False,614646.082377592,0.353450744886776,0.8757225217935419,3,0,75,0,3,42,0,0
planner_daily_expedite_7d,192,single,45,0.0,True,330515.0129895087,0.0,1.0,0,0,120,0,0,0,0,0
planner_daily_expedite_7d,193,dual,45,0.0,True,441358.4435946199,0.0,1.0,0,0,30,0,0,90,0,0
planner_daily_expedite_7d,194,compound,45,56.0,True,569989.2818712686,0.39942468820221616,0.9264455673673853,4,0,59,0,4,57,0,0
planner_daily_expedite_7d,195,single,45,106.0,True,502075.23473181826,0.2815288565656995,0.9170263127426275,0,0,56,0,0,64,0,0
planner_daily_expedite_7d,196,dual,45,97.0,True,524154.96394307783,0.02870792770639794,0.9974238291707217,2,0,26,7,2,85,0,0
planner_daily_expedite_7d,197,compound,45,75.0,True,422219.5442475063,0.13959516211492828,0.9805813239000686,3,0,53,0,3,61,0,3
planner_daily_expedite_7d,198,single,45,0.0,True,330999.16107774543,0.0,1.0,0,0,120,0,0,0,0,0
planner_daily_expedite_7d,199,dual,45,107.0,True,707224.3071979744,0.36147319291985835,0.8811542983424672,3,0,62,9,3,46,0,0
planner_daily_expedite_7d,0,single,46,0.0,True,332563.0591712982,0.0,1.0,0,0,120,0,0,0,0,0
planner_daily_expedite_7d,1,dual,46,85.0,True,580315.7926703959,0.2877778997255515,0.9349167157818635,1,0,63,2,1,54,0,0
planner_daily_expedite_7d,2,compound,46,43.0,True,487186.17350981396,0.27583908761942877,0.9708848894880112,3,0,52,0,3,65,0,0
planner_daily_expedite_7d,3,single,46,0.0,True,345729.9334943593,0.0,1.0,0,0,120,0,0,0,0,0
planner_daily_expedite_7d,4,dual,46,54.0,True,541770.5884516663,0.34757713607229634,0.9418202878328057,2,0,45,0,2,73,0,0
planner_daily_expedite_7d,5,compound,46,103.0,True,673080.1440261723,0.4814428798717273,0.8074000390642401,3,0,64,10,3,42,0,1
planner_daily_expedite_7d,6,single,46,0.0,True,390295.1960526101,0.0,1.0,0,0,10,0,0,110,0,0
planner_daily_expedite_7d,7,dual,46,108.0,True,626059.2005984172,0.3855488460588154,0.864580215795874,1,0,67,10,1,42,0,0
planner_daily_expedite_7d,8,compound,46,82.0,True,633454.7588708953,0.3154818119676,0.927413967578774,3,0,61,7,3,49,0,0
planner_daily_expedite_7d,9,single,46,44.0,True,400045.97739886073,0.20694040611744308,0.9827419826642537,0,0,21,2,0,97,0,0
planner_daily_expedite_7d,10,dual,46,109.0,True,627484.3187495765,0.24341843626104717,0.9380048506491373,2,0,45,9,2,64,0,0
planner_daily_expedite_7d,11,compound,46,0.0,True,497306.4499639807,0.0,1.0,2,0,43,0,2,75,0,0
planner_daily_expedite_7d,12,single,46,0.0,True,386806.7763738877,0.0,1.0,0,0,10,0,0,110,0,0
planner_daily_expedite_7d,13,dual,46,99.0,True,611204.4467579817,0.2734336383917843,0.9323677312827146,1,0,51,9,1,59,0,0
planner_daily_expedite_7d,14,compound,46,15.0,True,559725.2275988937,0.05203081136319169,0.9972727272727273,3,0,29,9,3,77,0,2
planner_daily_expedite_7d,15,single,46,0.0,True,331926.0948761814,0.0,1.0,0,0,120,0,0,0,0,0
planner_daily_expedite_7d,16,dual,46,0.0,True,388472.9067080088,0.0,1.0,0,0,31,0,0,89,0,0
planner_daily_expedite_7d,17,compound,46,103.0,True,671458.3352524518,0.4199914192749019,0.8482730177398852,4,0,68,0,4,47,0,1
planner_daily_expedite_7d,18,single,46,0.0,True,353253.97989165876,0.0,1.0,0,0,10,0,0,110,0,0
planner_daily_expedite_7d,19,dual,46,54.0,True,455732.01062958146,0.20326886934991664,0.9778827964113469,0,0,47,8,0,65,0,0
planner_daily_expedite_7d,20,compound,46,53.0,True,737544.9731683289,0.6894522955749458,0.8347426980544596,4,0,63,0,4,53,0,0
planner_daily_expedite_7d,21,single,46,76.0,True,561702.1313397491,0.4097234861121173,0.8922299213172002,0,0,33,7,0,80,0,0
planner_daily_expedite_7d,22,dual,46,0.0,True,372216.81532826065,0.0,1.0,0,0,12,0,0,108,0,0
planner_daily_expedite_7d,23,compound,46,83.0,True,550479.1064157707,0.37741681649658315,0.899825710143913,4,0,67,0,4,47,0,2
planner_daily_expedite_7d,24,single,46,0.0,True,335530.25950484816,0.0,1.0,0,0,120,0,0,0,0,0
planner_daily_expedite_7d,25,dual,46,0.0,True,371337.09964005975,0.0,1.0,0,0,28,0,0,92,0,0
planner_daily_expedite_7d,26,compound,46,107.0,True,438005.908823599,0.08726151368505772,0.9918248540922869,1,0,37,8,1,74,0,0
planner_daily_expedite_7d,27,single,46,0.0,True,352769.9531272985,0.0,1.0,0,0,120,0,0,0,0,0
planner_daily_expedite_7d,28,dual,46,0.0,True,419033.1880383644,0.0,1.0,1,0,28,0,1,91,0,0
planner_daily_expedite_7d,29,compound,46,108.0,True,696530.7621029288,0.33879752923617173,0.8894470993716161,3,0,59,9,3,49,0,0
planner_daily_expedite_7d,30,single,46,0.0,True,416251.0655866762,0.0,1.0,0,0,10,0,0,110,0,0
planner_daily_expedite_7d,31,dual,46,0.0,True,352071.15179774235,0.0,1.0,0,0,36,0,0,84,0,0
planner_daily_expedite_7d,32,compound,46,0.0,True,377691.57906556677,0.0,1.0,1,0,47,0,1,72,0,0
planner_daily_expedite_7d,33,single,46,0.0,True,319467.05495977995,0.0,1.0,0,0,120,0,0,0,0,0
planner_daily_expedite_7d,34,dual,46,0.0,True,354798.0892838199,0.0,1.0,0,0,29,0,0,91,0,0
planner_daily_expedite_7d,35,compound,46,80.0,True,612903.2602320489,0.3073664909002872,0.9322392596648839,4,0,45,9,4,61,0,1
planner_daily_expedite_7d,36,single,46,0.0,True,400796.3834607285,0.0,1.0,0,0,10,0,0,110,0,0
planner_daily_expedite_7d,37,dual,46,0.0,True,340435.07603795204,0.0,1.0,0,0,120,0,0,0,0,0
planner_daily_expedite_7d,38,compound,46,110.0,False,730710.1439781612,0.43995585819181554,0.8275278630124082,4,0,73,0,4,43,0,0
planner_daily_expedite_7d,39,single,46,0.0,True,383274.6392632002,0.0,1.0,0,0,18,0,0,102,0,0
planner_daily_expedite_7d,40,dual,46,0.0,True,379597.17207487795,0.0,1.0,0,0,10,0,0,110,0,0
planner_daily_expedite_7d,41,compound,46,50.0,True,585283.518414711,0.5078684187678544,0.900862589020927,3,0,55,0,3,62,0,0
planner_daily_expedite_7d,42,single,46,0.0,True,342818.814151824,0.0,1.0,0,0,120,0,0,0,0,0
planner_daily_expedite_7d,43,dual,46,85.0,True,524761.7654270203,0.32930630773914127,0.9215752127774646,2,0,54,0,2,64,0,0
planner_daily_expedite_7d,44,compound,46,109.0,True,779823.3624705586,0.36607813746787826,0.8675903172231872,4,0,61,9,4,45,0,1
planner_daily_expedite_7d,45,single,46,0.0,True,327254.19400583865,0.0,1.0,0,0,120,0,0,0,0,0
planner_daily_expedite_7d,46,dual,46,97.0,True,621195.9968998908,0.3777675316160219,0.8827582875633528,2,0,75,0,2,43,0,0
planner_daily_expedite_7d,47,compound,46,82.0,True,693665.8848538375,0.3522864092620032,0.9128916485829558,3,0,58,9,3,50,0,0
planner_daily_expedite_7d,48,single,46,0.0,True,349787.8382147088,0.0,1.0,0,0,10,0,0,110,0,0
planner_daily_expedite_7d,49,dual,46,43.0,True,425039.6292243541,0.18519667604442122,0.9849675907464135,0,0,47,8,0,65,0,0
planner_daily_expedite_7d,50,compound,46,90.0,True,741258.4040397556,0.3858389649206032,0.8916597385051765,3,0,58,9,3,50,0,0
planner_daily_expedite_7d,51,single,46,0.0,True,372110.89186583954,0.0,1.0,0,0,10,0,0,110,0,0
planner_daily_expedite_7d,52,dual,46,0.0,True,334289.60772994236,0.0,1.0,0,0,24,0,0,96,0,0
planner_daily_expedite_7d,53,compound,46,0.0,True,482169.38071622443,0.0,1.0,3,0,29,9,3,79,0,0
planner_daily_expedite_7d,54,single,46,0.0,True,372758.61364649725,0.0,1.0,0,0,120,0,0,0,0,0
planner_daily_expedite_7d,55,dual,46,0.0,True,415995.1783824247,0.0,1.0,0,0,14,1,0,105,0,0
planner_daily_expedite_7d,56,compound,46,110.0,False,680510.2145263904,0.37714804975184946,0.8661496242708868,3,0,63,0,3,53,0,1
planner_daily_expedite_7d,57,single,46,0.0,True,416874.4598865072,0.0,1.0,0,0,10,0,0,110,0,0
planner_daily_expedite_7d,58,dual,46,0.0,True,363453.5206654419,0.0,1.0,0,0,22,0,0,98,0,0
planner_daily_expedite_7d,59,compound,46,0.0,True,476543.23926709394,0.0,1.0,1,0,30,9,1,80,0,0
planner_daily_expedite_7d,60,single,46,109.0,True,587596.1878213778,0.3606120295345847,0.8755356637047944,0,0,55,6,0,59,0,0
planner_daily_expedite_7d,61,dual,46,0.0,True,399121.0101084924,0.0,1.0,0,0,25,2,0,93,0,0
planner_daily_expedite_7d,62,compound,46,40.0,True,553766.7173454191,0.1374427554186467,0.9921692678841227,4,0,107,9,4,0,0,0
planner_daily_expedite_7d,63,single,46,0.0,True,381999.41341169557,0.0,1.0,0,0,10,0,0,110,0,0
planner_daily_expedite_7d,64,dual,46,89.0,True,624572.3428990155,0.38251758674223657,0.8835860350062484,4,0,59,0,4,56,0,1
planner_daily_expedite_7d,65,compound,46,0.0,True,488366.5770071166,0.0,1.0,1,0,31,4,1,84,0,0
planner_daily_expedite_7d,66,single,46,0.0,True,360807.7614433371,0.0,1.0,0,0,10,0,0,110,0,0
planner_daily_expedite_7d,67,dual,46,71.0,True,662565.7854199843,0.5095281695999085,0.8598148504903254,3,0,54,0,3,63,0,0
planner_daily_expedite_7d,68,compound,46,103.0,True,717056.5229269553,0.3258609230263816,0.902673070337432,3,0,58,9,3,50,0,0
planner_daily_expedite_7d,69,single,46,0.0,True,383029.0738676682,0.0,1.0,0,0,10,0,0,110,0,0
planner_daily_expedite_7d,70,dual,46,0.0,True,307214.15777025616,0.0,1.0,0,0,120,0,0,0,0,0
planner_daily_expedite_7d,71,compound,46,97.0,True,671836.2684433005,0.18536053422060947,0.9674394709598639,2,0,44,9,2,65,0,0
planner_daily_expedite_7d,72,single,46,0.0,True,389423.29619734146,0.0,1.0,0,0,120,0,0,0,0,0
planner_daily_expedite_7d,73,dual,46,0.0,True,376368.223717269,0.0,1.0,0,0,32,0,0,88,0,0
planner_daily_expedite_7d,74,compound,46,0.0,True,557869.9454224827,0.0,1.0,2,0,27,9,2,82,0,0
planner_daily_expedite_7d,75,single,46,0.0,True,354033.02876500797,0.0,1.0,0,0,120,0,0,0,0,0
planner_daily_expedite_7d,76,dual,46,83.0,True,655187.1137104535,0.3534034567357508,0.9112703088771363,2,0,43,9,2,66,0,0
planner_daily_expedite_7d,77,compound,46,0.0,True,408401.83051780955,0.0,1.0,2,0,51,0,2,67,0,0
planner_daily_expedite_7d,78,single,46,0.0,True,366959.20389469207,0.0,1.0,0,0,120,0,0,0,0,0
planner_daily_expedite_7d,79,dual,46,108.0,True,354444.72098945954,0.05386779116904262,0.9949135756742573,0,0,27,0,0,93,0,0
planner_daily_expedite_7d,80,compound,46,110.0,False,683777.4505249829,0.3515253631531764,0.8798402950252469,3,0,64,8,3,45,0,0
planner_daily_expedite_7d,81,single,46,0.0,True,415331.51511821034,0.0,1.0,0,0,10,0,0,110,0,0
planner_daily_expedite_7d,82,dual,46,102.0,True,561171.445273025,0.2934839471321215,0.9195227823143415,0,0,58,7,0,55,0,0
planner_daily_expedite_7d,83,compound,46,103.0,True,645988.0059361331,0.38691578088272505,0.8693553069355302,3,0,55,9,3,52,0,1
planner_daily_expedite_7d,84,single,46,103.0,True,576531.48809261,0.32192542135649815,0.8985869302766202,0,0,51,4,0,65,0,0
planner_daily_expedite_7d,85,dual,46,98.0,True,578047.5790916767,0.20713325997211512,0.9614050268474591,2,0,34,9,2,75,0,0
planner_daily_expedite_7d,86,compound,46,90.0,True,683356.6581773987,0.3748203577605526,0.8895935225085365,3,0,60,9,3,48,0,0
planner_daily_expedite_7d,87,single,46,0.0,True,341397.7589490199,0.0,1.0,0,0,120,0,0,0,0,0
planner_daily_expedite_7d,88,dual,46,0.0,True,347939.8545265737,0.0,1.0,0,0,27,0,0,93,0,0
planner_daily_expedite_7d,89,compound,46,83.0,True,483178.97341237357,0.2710820211350989,0.9447430743013161,3,0,65,0,3,52,0,0
planner_daily_expedite_7d,90,single,46,0.0,True,348905.1219217885,0.0,1.0,0,0,10,0,0,110,0,0
planner_daily_expedite_7d,91,dual,46,110.0,False,735125.0178406622,0.18340152691608705,0.961632314162969,3,0,51,8,3,58,0,0
planner_daily_expedite_7d,92,compound,46,109.0,True,727998.0937665947,0.319032697248639,0.8973372968654558,3,0,61,8,3,48,0,0
planner_daily_expedite_7d,93,single,46,0.0,True,428256.2593271037,0.0,1.0,0,0,10,0,0,110,0,0
planner_daily_expedite_7d,94,dual,46,0.0,True,422782.0877753972,0.0,1.0,0,0,42,1,0,77,0,0
planner_daily_expedite_7d,95,compound,46,0.0,True,475531.15972961916,0.0,1.0,1,0,29,9,1,81,0,0
planner_daily_expedite_7d,96,single,46,0.0,True,374697.0088336398,0.0,1.0,0,0,10,0,0,110,0,0
planner_daily_expedite_7d,97,dual,46,0.0,True,396631.7465663399,0.0,1.0,0,0,29,0,0,91,0,0
planner_daily_expedite_7d,98,compound,46,103.0,True,547878.2733081101,0.14224650822559173,0.9799320836658413,3,0,39,8,3,70,0,0
planner_daily_expedite_7d,99,single,46,0.0,True,375528.7140390187,0.0,1.0,0,0,10,0,0,110,0,0
planner_daily_expedite_7d,100,dual,46,0.0,True,458892.36747250997,0.0,1.0,1,0,17,8,1,94,0,0
planner_daily_expedite_7d,101,compound,46,69.0,True,699774.5453414341,0.33562440342686595,0.9265042095509878,4,0,48,9,4,59,0,0
planner_daily_expedite_7d,102,single,46,0.0,True,326763.64960782655,0.0,1.0,0,0,120,0,0,0,0,0
planner_daily_expedite_7d,103,dual,46,0.0,True,320684.8244401521,0.0,1.0,0,0,120,0,0,0,0,0
planner_daily_expedite_7d,104,compound,46,0.0,True,439794.23546108155,0.0,1.0,1,0,33,6,1,80,0,0
planner_daily_expedite_7d,105,single,46,0.0,True,372041.9091710677,0.0,1.0,0,0,11,0,0,109,0,0
planner_daily_expedite_7d,106,dual,46,89.0,True,443393.22941685613,0.05993844686131293,0.9943922304128273,3,0,43,0,3,74,0,0
planner_daily_expedite_7d,107,compound,46,0.0,True,387813.3369459892,0.0,1.0,1,0,35,0,1,84,0,0
planner_daily_expedite_7d,108,single,46,0.0,True,331626.0126184661,0.0,1.0,0,0,119,1,0,0,0,0
planner_daily_expedite_7d,109,dual,46,99.0,True,505066.4992178605,0.23073986167208882,0.9539390386274588,0,0,27,10,0,83,0,0
planner_daily_expedite_7d,110,compound,46,104.0,True,710410.7923407422,0.4267317565769989,0.841961178080186,3,0,68,0,3,46,0,3
planner_daily_expedite_7d,111,single,46,0.0,True,382011.2393014327,0.0,1.0,0,0,10,0,0,110,0,0
planner_daily_expedite_7d,112,dual,46,0.0,True,398136.3653777426,0.0,1.0,0,0,40,2,0,78,0,0
planner_daily_expedite_7d,113,compound,46,0.0,True,416942.0966734474,0.0,1.0,2,0,38,0,2,80,0,0
planner_daily_expedite_7d,114,single,46,38.0,True,464449.0236121936,0.17535988686364873,0.9875668446479214,0,0,24,4,0,92,0,0
planner_daily_expedite_7d,115,dual,46,76.0,True,578979.3106331608,0.42097458105264224,0.892000320592758,1,0,58,10,1,51,0,0
planner_daily_expedite_7d,116,compound,46,108.0,True,581243.9687262542,0.2630077219974168,0.930863626624268,2,0,59,8,2,51,0,0
planner_daily_expedite_7d,117,single,46,0.0,True,367350.6092773071,0.0,1.0,0,0,120,0,0,0,0,0
planner_daily_expedite_7d,118,dual,46,110.0,False,691504.5285261284,0.41659500633834196,0.8391968048147209,4,0,64,0,4,51,0,1
planner_daily_expedite_7d,119,compound,46,78.0,True,760924.9670557437,0.49823845547669543,0.8488688648232959,4,0,56,9,4,50,0,1
planner_daily_expedite_7d,120,single,46,0.0,True,378568.016478957,0.0,1.0,0,0,10,0,0,110,0,0
planner_daily_expedite_7d,121,dual,46,0.0,True,406065.3919718675,0.0,1.0,0,0,27,7,0,86,0,0
planner_daily_expedite_7d,122,compound,46,110.0,False,633341.6777052676,0.1359902860216905,0.977947978445611,2,0,45,9,2,64,0,0
planner_daily_expedite_7d,123,single,46,0.0,True,406915.85437698715,0.0,1.0,0,0,10,0,0,110,0,0
planner_daily_expedite_7d,124,dual,46,107.0,True,777905.7717703253,0.3809893669548555,0.862516918669799,3,0,59,9,3,49,0,0
planner_daily_expedite_7d,125,compound,46,0.0,True,456758.1113687135,0.0,0.9986363636363635,2,0,45,0,2,72,0,1
planner_daily_expedite_7d,126,single,46,0.0,True,350580.4776965405,0.0,1.0,0,0,120,0,0,0,0,0
planner_daily_expedite_7d,127,dual,46,0.0,True,396950.5295161365,0.0,1.0,0,0,28,1,0,91,0,0
planner_daily_expedite_7d,128,compound,46,99.0,True,468380.0615696559,0.2150122863781011,0.9565444688355038,0,0,45,4,0,71,0,0
planner_daily_expedite_7d,129,single,46,108.0,True,493863.3201074878,0.23790514633290305,0.9393313245001572,0,0,35,1,0,84,0,0
planner_daily_expedite_7d,130,dual,46,68.0,True,522063.2153566472,0.3536618961898835,0.9246296240233655,2,0,55,0,2,63,0,0
planner_daily_expedite_7d,131,compound,46,110.0,False,500772.200121943,0.15859276844923037,0.9742177282863846,1,0,34,10,1,75,0,0
planner_daily_expedite_7d,132,single,46,0.0,True,381291.1923697371,0.0,1.0,0,0,10,0,0,110,0,0
planner_daily_expedite_7d,133,dual,46,67.0,True,535870.0754513554,0.39115131493755745,0.911439769604706,3,0,55,0,3,61,0,1
planner_daily_expedite_7d,134,compound,46,83.0,True,566847.1929542909,0.2815806322790891,0.9414146033007409,2,0,49,9,2,60,0,0
planner_daily_expedite_7d,135,single,46,0.0,True,406868.0165224978,0.0,1.0,0,0,10,0,0,110,0,0
planner_daily_expedite_7d,136,dual,46,89.0,True,664364.7806685412,0.33590721198288664,0.9039442436352353,1,0,66,10,1,43,0,0
planner_daily_expedite_7d,137,compound,46,0.0,True,420381.72461100406,0.0,0.9996204713160071,1,0,46,0,1,73,0,0
planner_daily_expedite_7d,138,single,46,0.0,True,333015.80819978885,0.0,1.0,0,0,120,0,0,0,0,0
planner_daily_expedite_7d,139,dual,46,0.0,True,503875.9174106075,0.0,1.0,2,0,21,8,2,89,0,0
planner_daily_expedite_7d,140,compound,46,110.0,False,566831.6343231614,0.26005816594050213,0.9337194089734657,3,0,44,9,3,64,0,0
planner_daily_expedite_7d,141,single,46,0.0,True,387369.4540731728,0.0,1.0,0,0,10,0,0,110,0,0
planner_daily_expedite_7d,142,dual,46,0.0,True,378500.7191909562,0.0,1.0,0,0,22,0,0,98,0,0
planner_daily_expedite_7d,143,compound,46,96.0,True,752925.2453534711,0.2884819639693606,0.9227175690684716,4,0,42,9,4,64,0,1
planner_daily_expedite_7d,144,single,46,0.0,True,402888.83872634644,0.0,1.0,0,0,11,0,0,109,0,0
planner_daily_expedite_7d,145,dual,46,88.0,True,580506.0546034176,0.30183658493407944,0.926887006264927,1,0,49,10,1,60,0,0
planner_daily_expedite_7d,146,compound,46,67.0,True,722024.0892506491,0.33988766637701756,0.9302908346701187,3,0,57,9,3,51,0,0
planner_daily_expedite_7d,147,single,46,95.0,True,477959.4058895493,0.2880817953102463,0.9295128488742714,0,0,39,2,0,79,0,0
planner_daily_expedite_7d,148,dual,46,103.0,True,714591.6334299907,0.28718323162489595,0.9201451021807825,3,0,54,9,3,54,0,0
planner_daily_expedite_7d,149,compound,46,0.0,True,393905.1035865898,0.0,1.0,1,0,40,0,1,79,0,0
planner_daily_expedite_7d,150,single,46,110.0,False,478535.8122650048,0.30883708203315685,0.9049456494590674,0,0,49,7,0,64,0,0
planner_daily_expedite_7d,151,dual,46,105.0,True,600478.3570834829,0.12697550902672722,0.9806810544293714,2,0,38,8,2,72,0,0
planner_daily_expedite_7d,152,compound,46,107.0,True,762144.9512111933,0.4401006107470028,0.8201037559645709,4,0,63,9,4,44,0,0
planner_daily_expedite_7d,153,single,46,0.0,True,331811.86494220654,0.0,1.0,0,0,120,0,0,0,0,0
planner_daily_expedite_7d,154,dual,46,0.0,True,391834.0903187187,0.0,1.0,0,0,13,4,0,103,0,0
planner_daily_expedite_7d,155,compound,46,82.0,True,776707.6307629391,0.4349040416791222,0.8674240610466287,4,0,59,9,4,48,0,0
planner_daily_expedite_7d,156,single,46,44.0,True,437230.85152565496,0.24408481572168836,0.9755518710057577,0,0,24,0,0,96,0,0
planner_daily_expedite_7d,157,dual,46,0.0,True,383012.3978215455,0.0,1.0,0,0,23,0,0,97,0,0
planner_daily_expedite_7d,158,compound,46,103.0,True,498727.946038392,0.051227686436576096,0.9952744551031656,2,0,46,0,2,72,0,0
planner_daily_expedite_7d,159,single,46,0.0,True,419230.0039360908,0.0,1.0,0,0,10,0,0,110,0,0
planner_daily_expedite_7d,160,dual,46,0.0,True,339292.41108697385,0.0,1.0,0,0,119,1,0,0,0,0
planner_daily_expedite_7d,161,compound,46,110.0,False,717739.9921831151,0.28164512889176546,0.9200011706915387,3,0,62,9,3,46,0,0
planner_daily_expedite_7d,162,single,46,0.0,True,357405.4124515174,0.0,1.0,0,0,10,0,0,110,0,0
planner_daily_expedite_7d,163,dual,46,104.0,True,434786.751360206,0.14444572909436665,0.9785901639451494,0,0,24,1,0,95,0,0
planner_daily_expedite_7d,164,compound,46,107.0,True,639267.1141655865,0.2768355984010768,0.9216227096864624,3,0,60,9,3,48,0,0
planner_daily_expedite_7d,165,single,46,106.0,True,626124.8469024106,0.35054648079437806,0.8812681335512371,0,0,60,7,0,53,0,0
planner_daily_expedite_7d,166,dual,46,24.0,True,639138.504563578,0.3553815943112415,0.9736438856806318,2,0,32,9,2,77,0,0
planner_daily_expedite_7d,167,compound,46,104.0,True,514586.7999140668,0.20949607534649106,0.9531701798153568,4,0,63,0,4,52,0,1
planner_daily_expedite_7d,168,single,46,0.0,True,367941.4889447143,0.0,1.0,0,0,10,0,0,110,0,0
planner_daily_expedite_7d,169,dual,46,0.0,True,404209.6905464444,0.0,1.0,0,0,11,0,0,109,0,0
planner_daily_expedite_7d,170,compound,46,57.0,True,677942.7088333558,0.5879421959044752,0.8586898015512826,4,0,59,0,4,55,0,2
planner_daily_expedite_7d,171,single,46,110.0,False,389669.5650049345,0.1593312637877829,0.9711538515173486,0,0,36,0,0,84,0,0
planner_daily_expedite_7d,172,dual,46,108.0,True,538289.7154305377,0.22247513936944985,0.9497472789217251,2,0,48,0,2,70,0,0
planner_daily_expedite_7d,173,compound,46,83.0,True,557940.327330365,0.23956854003648698,0.95025576152666,3,0,61,0,3,55,0,1
planner_daily_expedite_7d,174,single,46,0.0,True,381036.9605317182,0.0,1.0,0,0,10,0,0,110,0,0
planner_daily_expedite_7d,175,dual,46,0.0,True,308242.5011690916,0.0,1.0,0,0,27,0,0,93,0,0
planner_daily_expedite_7d,176,compound,46,85.0,True,634960.9539618416,0.32045145077945947,0.9218325391461437,2,0,61,9,2,48,0,0
planner_daily_expedite_7d,177,single,46,0.0,True,397114.6114932156,0.0,1.0,0,0,10,0,0,110,0,0
planner_daily_expedite_7d,178,dual,46,110.0,False,567287.8128916069,0.28003838588769897,0.9207952478525654,1,0,52,5,1,62,0,0
planner_daily_expedite_7d,179,compound,46,97.0,True,553055.2770638611,0.2212401368062642,0.9508648718614507,3,0,44,8,3,64,0,1
planner_daily_expedite_7d,180,single,46,0.0,True,349709.7064261981,0.0,1.0,0,0,10,0,0,110,0,0
planner_daily_expedite_7d,181,dual,46,0.0,True,427355.58236514864,0.0,1.0,0,0,33,1,0,86,0,0
planner_daily_expedite_7d,182,compound,46,102.0,True,582431.3934483302,0.3103250267477002,0.9070038406309046,2,0,60,9,2,48,0,1
planner_daily_expedite_7d,183,single,46,85.0,True,471865.36625052604,0.3414317028492682,0.9134564444021366,0,0,45,3,0,72,0,0
planner_daily_expedite_7d,184,dual,46,109.0,True,572527.002034064,0.259380443064316,0.933004566444349,1,0,57,9,1,53,0,0
planner_daily_expedite_7d,185,compound,46,96.0,True,699103.3919794691,0.23969289454457995,0.9472272214437207,3,0,49,9,3,59,0,0
planner_daily_expedite_7d,186,single,46,0.0,True,358760.1909716968,0.0,1.0,0,0,10,0,0,110,0,0
planner_daily_expedite_7d,187,dual,46,0.0,True,478167.6994675188,0.0,1.0,2,0,24,9,2,85,0,0
planner_daily_expedite_7d,188,compound,46,90.0,True,572758.5235948118,0.33616502832887585,0.9021514143728072,4,0,65,0,4,49,0,2
planner_daily_expedite_7d,189,single,46,0.0,True,465776.9701449164,0.0,1.0,0,0,23,3,0,94,0,0
planner_daily_expedite_7d,190,dual,46,103.0,True,642131.4589717217,0.27354174266609926,0.9308916290444507,2,0,49,9,2,60,0,0
planner_daily_expedite_7d,191,compound,46,110.0,False,614646.082377592,0.353450744886776,0.8757225217935419,3,0,78,0,3,39,0,0
planner_daily_expedite_7d,192,single,46,0.0,True,330515.0129895087,0.0,1.0,0,0,120,0,0,0,0,0
planner_daily_expedite_7d,193,dual,46,0.0,True,441358.4435946199,0.0,1.0,0,0,30,0,0,90,0,0
planner_daily_expedite_7d,194,compound,46,55.0,True,530468.0899116452,0.3076723039849595,0.9512047268430015,4,0,59,0,4,56,0,1
planner_daily_expedite_7d,195,single,46,106.0,True,502075.23473181826,0.2815288565656995,0.9170263127426275,0,0,53,0,0,67,0,0
planner_daily_expedite_7d,196,dual,46,97.0,True,524154.96394307783,0.02870792770639794,0.9974238291707217,2,0,25,7,2,86,0,0
planner_daily_expedite_7d,197,compound,46,102.0,True,493868.15677621047,0.2856107354537112,0.9169715657062584,3,0,74,0,3,42,0,1
planner_daily_expedite_7d,198,single,46,0.0,True,330999.16107774543,0.0,1.0,0,0,120,0,0,0,0,0
planner_daily_expedite_7d,199,dual,46,106.0,True,716847.2690833578,0.32836543179203886,0.899439553344501,3,0,59,9,3,49,0,0
planner_daily_h28,0,single,42,0.0,True,332563.0591712982,0.0,1.0,0,0,120,0,0,0,0,0
planner_daily_h28,1,dual,42,110.0,False,661261.3439333837,0.017291750305691134,0.9983464893298563,7,0,103,10,7,0,0,0
planner_daily_h28,2,compound,42,0.0,True,1177557.9100074582,0.0,1.0,31,8,89,0,31,0,0,0
planner_daily_h28,3,single,42,0.0,True,345729.9334943593,0.0,1.0,0,0,120,0,0,0,0,0
planner_daily_h28,4,dual,42,0.0,True,1251288.422385203,0.0,1.0,24,1,96,0,24,0,0,0
planner_daily_h28,5,compound,42,22.0,True,1386804.475980454,0.3210059778596281,0.9796498003911527,17,0,10,7,17,86,0,0
planner_daily_h28,6,single,42,0.0,True,318135.58100319956,0.0,1.0,0,0,120,0,0,0,0,0
planner_daily_h28,7,dual,42,108.0,True,1058958.7321462277,0.3119199798653838,0.9102952160813748,11,0,35,10,11,64,0,0
planner_daily_h28,8,compound,42,110.0,False,1275525.798484534,0.29866051027498214,0.9170916212743709,15,0,28,9,15,68,0,0
planner_daily_h28,9,single,42,85.0,True,360510.9490867805,0.04803679239644898,0.9944035850376493,1,0,109,10,1,0,0,0
planner_daily_h28,10,dual,42,107.0,True,571308.9689351238,0.10123322110740159,0.9882456452751688,4,0,106,10,4,0,0,0
planner_daily_h28,11,compound,42,0.0,True,1450297.2914952114,0.0,1.0,32,8,88,0,32,0,0,0
planner_daily_h28,12,single,42,0.0,True,315779.98577202746,0.0,1.0,0,0,120,0,0,0,0,0
planner_daily_h28,13,dual,42,0.0,True,832096.1799904031,0.0,1.0,9,0,101,10,9,0,0,0
planner_daily_h28,14,compound,42,0.0,True,1286631.7684609718,0.0,1.0,15,0,10,9,15,86,0,0
planner_daily_h28,15,single,42,0.0,True,331926.0948761814,0.0,1.0,0,0,120,0,0,0,0,0
planner_daily_h28,16,dual,42,0.0,True,1312897.3059874657,0.0,1.0,19,0,18,0,19,83,0,0
planner_daily_h28,17,compound,42,31.0,True,1240690.9065263374,0.39373679090550046,0.9599077812143381,39,15,81,0,39,0,0,0
planner_daily_h28,18,single,42,0.0,True,288014.11861538375,0.0,1.0,0,0,120,0,0,0,0,0
planner_daily_h28,19,dual,42,83.0,True,731434.9830704984,0.1607856692280089,0.9790577646818446,5,0,25,9,5,81,0,0
planner_daily_h28,20,compound,42,28.0,True,1581750.616355475,0.47756267573337857,0.948667845140489,38,14,10,0,38,72,0,0
planner_daily_h28,21,single,42,104.0,True,537111.635807847,0.33279492027344665,0.8975419327490513,1,0,117,2,1,0,0,0
planner_daily_h28,22,dual,42,0.0,True,557461.4972935449,0.0,1.0,6,0,111,3,6,0,0,0
planner_daily_h28,23,compound,42,0.0,True,1362492.9211025396,0.0,1.0,37,13,11,0,37,72,0,0
planner_daily_h28,24,single,42,0.0,True,335530.25950484816,0.0,1.0,0,0,120,0,0,0,0,0
planner_daily_h28,25,dual,42,0.0,True,590627.9901853701,0.0,1.0,4,0,107,9,4,0,0,0
planner_daily_h28,26,compound,42,0.0,True,748817.1897749483,0.0,1.0,5,0,14,9,5,92,0,0
planner_daily_h28,27,single,42,0.0,True,352769.9531272985,0.0,1.0,0,0,120,0,0,0,0,0
planner_daily_h28,28,dual,42,0.0,True,550550.425096808,0.0,1.0,2,0,16,9,2,93,0,0
planner_daily_h28,29,compound,42,95.0,True,715707.2894929405,0.10355041460885701,0.9901001230720522,5,0,36,10,5,69,0,0
planner_daily_h28,30,single,42,0.0,True,335123.7686763864,0.0,1.0,0,0,120,0,0,0,0,0
planner_daily_h28,31,dual,42,0.0,True,1399514.7887855521,0.0,1.0,22,0,11,0,22,87,0,0
planner_daily_h28,32,compound,42,0.0,True,1437076.1474807288,0.0,1.0,24,1,17,0,24,79,0,0
planner_daily_h28,33,single,42,0.0,True,319467.05495977995,0.0,1.0,0,0,120,0,0,0,0,0
planner_daily_h28,34,dual,42,0.0,True,1019188.2666675224,0.0,1.0,19,0,101,0,19,0,0,0
planner_daily_h28,35,compound,42,0.0,True,1016949.9373611929,0.0,0.9997734464012817,17,0,93,10,17,0,0,0
planner_daily_h28,36,single,42,0.0,True,328020.441271934,0.0,1.0,0,0,120,0,0,0,0,0
planner_daily_h28,37,dual,42,0.0,True,436091.7563056506,0.0,1.0,3,0,117,0,3,0,0,0
planner_daily_h28,38,compound,42,26.0,True,1312750.8332098564,0.30039081202285817,0.9740201979269624,39,15,81,0,39,0,0,0
planner_daily_h28,39,single,42,99.0,True,439982.965621249,0.2398180733407674,0.9429546183870929,0,0,114,6,0,0,0,0
planner_daily_h28,40,dual,42,100.0,True,575052.8897565003,0.1814573092104229,0.9686856218708114,9,0,111,0,9,0,0,0
planner_daily_h28,41,compound,42,29.0,True,1199162.1166666208,0.1912742988006009,0.989495911796667,37,14,83,0,37,0,0,0
planner_daily_h28,42,single,42,0.0,True,342818.814151824,0.0,1.0,0,0,120,0,0,0,0,0
planner_daily_h28,43,dual,42,0.0,True,1218967.6863146245,0.0,1.0,24,1,96,0,24,0,0,0
planner_daily_h28,44,compound,42,0.0,True,1422073.356965238,0.0,1.0,18,0,10,9,18,83,0,0
planner_daily_h28,45,single,42,0.0,True,327254.19400583865,0.0,1.0,0,0,120,0,0,0,0,0
planner_daily_h28,46,dual,42,0.0,True,1335794.0771605913,0.0,1.0,33,9,87,0,33,0,0,0
planner_daily_h28,47,compound,42,0.0,True,1049206.847235392,0.0,1.0,15,0,96,9,15,0,0,0
planner_daily_h28,48,single,42,0.0,True,286310.8889315473,0.0,1.0,0,0,120,0,0,0,0,0
planner_daily_h28,49,dual,42,110.0,False,567113.8246561337,0.07664783180277991,0.9927119744633615,3,0,30,10,3,77,0,0
planner_daily_h28,50,compound,42,24.0,True,1257506.7186791298,0.22084478734897267,0.9877813198530988,18,0,93,9,18,0,0,0
planner_daily_h28,51,single,42,0.0,True,318727.92867564975,0.0,1.0,0,0,120,0,0,0,0,0
planner_daily_h28,52,dual,42,0.0,True,999981.6143583135,0.0,1.0,20,0,100,0,20,0,0,0
planner_daily_h28,53,compound,42,0.0,True,1102327.4308450879,0.0,1.0,19,0,94,7,19,0,0,0
planner_daily_h28,54,single,42,0.0,True,372758.61364649725,0.0,1.0,0,0,120,0,0,0,0,0
planner_daily_h28,55,dual,42,0.0,True,416910.61143998324,0.0,1.0,3,0,108,9,3,0,0,0
planner_daily_h28,56,compound,42,29.0,True,1366556.823738378,0.22257721870113925,0.9838010744582729,40,16,80,0,40,0,0,0
planner_daily_h28,57,single,42,0.0,True,361044.5789707878,0.0,1.0,0,0,120,0,0,0,0,0
planner_daily_h28,58,dual,42,110.0,False,768600.417080374,0.22239271831068522,0.9506393470082029,14,0,106,0,14,0,0,0
planner_daily_h28,59,compound,42,0.0,True,999600.36236654,0.0,1.0,13,0,98,9,13,0,0,0
planner_daily_h28,60,single,42,0.0,True,457835.23820461804,0.0,1.0,2,0,111,7,2,0,0,0
planner_daily_h28,61,dual,42,0.0,True,545674.6749208318,0.0,1.0,6,0,104,10,6,0,0,0
planner_daily_h28,62,compound,42,107.0,True,1027834.9749466463,0.30529138957653496,0.9097841099966866,10,0,38,10,10,62,0,0
planner_daily_h28,63,single,42,0.0,True,311736.71299973066,0.0,1.0,0,0,120,0,0,0,0,0
planner_daily_h28,64,dual,42,0.0,True,1112498.0119886075,0.0,1.0,32,9,88,0,32,0,0,0
planner_daily_h28,65,compound,42,0.0,True,823342.925318535,0.0,1.0,9,0,101,10,9,0,0,0
planner_daily_h28,66,single,42,0.0,True,293867.5376584437,0.0,1.0,0,0,120,0,0,0,0,0
planner_daily_h28,67,dual,42,0.0,True,1197209.3438179006,0.0,1.0,27,4,93,0,27,0,0,0
planner_daily_h28,68,compound,42,22.0,True,1218426.9836408575,0.22304339824840583,0.9890037479459304,15,0,10,8,15,87,0,0
planner_daily_h28,69,single,42,0.0,True,333038.2265565908,0.0,1.0,0,0,120,0,0,0,0,0
planner_daily_h28,70,dual,42,0.0,True,805032.0417423958,0.0,1.0,14,0,106,0,14,0,0,0
planner_daily_h28,71,compound,42,0.0,True,1008641.7419542518,0.0,1.0,15,0,95,10,15,0,0,0
planner_daily_h28,72,single,42,0.0,True,389423.29619734146,0.0,1.0,0,0,120,0,0,0,0,0
planner_daily_h28,73,dual,42,0.0,True,619660.3594728099,0.0,1.0,7,0,104,9,7,0,0,0
planner_daily_h28,74,compound,42,0.0,True,804142.5375318171,0.0,1.0,7,0,14,10,7,89,0,0
planner_daily_h28,75,single,42,0.0,True,354033.02876500797,0.0,1.0,0,0,120,0,0,0,0,0
planner_daily_h28,76,dual,42,0.0,True,437816.4557252467,0.0,1.0,2,0,108,10,2,0,0,0
planner_daily_h28,77,compound,42,0.0,True,1528878.5377821673,0.0,1.0,31,7,12,0,31,77,0,0
planner_daily_h28,78,single,42,0.0,True,366959.20389469207,0.0,1.0,0,0,120,0,0,0,0,0
planner_daily_h28,79,dual,42,0.0,True,857482.3588212496,0.0,1.0,18,0,102,0,18,0,0,0
planner_daily_h28,80,compound,42,0.0,True,974222.3990566854,0.0,1.0,9,0,16,9,9,86,0,0
planner_daily_h28,81,single,42,0.0,True,337758.122052658,0.0,1.0,0,0,120,0,0,0,0,0
planner_daily_h28,82,dual,42,102.0,True,941348.821214055,0.19665824768603643,0.9626928510184993,9,0,37,9,9,65,0,0
planner_daily_h28,83,compound,42,23.0,True,1348380.095363043,0.13170101558918998,0.9942893367456073,21,0,90,9,21,0,0,0
planner_daily_h28,84,single,42,0.0,True,372538.2072579247,0.0,1.0,0,0,113,7,0,0,0,0
planner_daily_h28,85,dual,42,0.0,True,579425.4374968793,0.0,1.0,5,0,105,10,5,0,0,0
planner_daily_h28,86,compound,42,89.0,True,923749.6906581764,0.34364184959808314,0.9061452069347516,8,0,48,10,8,54,0,0
planner_daily_h28,87,single,42,0.0,True,341397.7589490199,0.0,1.0,0,0,120,0,0,0,0,0
planner_daily_h28,88,dual,42,0.0,True,622264.5253920439,0.0,1.0,5,0,15,9,5,91,0,0
planner_daily_h28,89,compound,42,0.0,True,1366272.3313093365,0.0,1.0,34,11,10,0,34,76,0,0
planner_daily_h28,90,single,42,0.0,True,332006.34764688706,0.0,1.0,0,0,117,3,0,0,0,0
planner_daily_h28,91,dual,42,109.0,True,813912.2531094963,0.3720466858447957,0.8696883988396662,4,0,106,10,4,0,0,0
planner_daily_h28,92,compound,42,24.0,True,1125214.8934973932,0.03989788669522129,0.9981998592719518,13,0,14,9,13,84,0,0
planner_daily_h28,93,single,42,0.0,True,350558.7211635572,0.0,1.0,0,0,120,0,0,0,0,0
planner_daily_h28,94,dual,42,0.0,True,532577.1223737755,0.0,1.0,3,0,107,10,3,0,0,0
planner_daily_h28,95,compound,42,0.0,True,816432.1334641504,0.0,1.0,12,0,99,9,12,0,0,0
planner_daily_h28,96,single,42,0.0,True,306148.7515824124,0.0,1.0,0,0,120,0,0,0,0,0
planner_daily_h28,97,dual,42,0.0,True,735182.0024608838,0.0,1.0,4,0,18,8,4,90,0,0
planner_daily_h28,98,compound,42,0.0,True,911761.6366888016,0.0,1.0,14,0,97,9,14,0,0,0
planner_daily_h28,99,single,42,0.0,True,306352.4595251112,0.0,1.0,0,0,120,0,0,0,0,0
planner_daily_h28,100,dual,42,0.0,True,403505.47456466267,0.0,1.0,1,0,109,10,1,0,0,0
planner_daily_h28,101,compound,42,22.0,True,1281915.9396784825,0.2399730717569307,0.9868339399965924,16,0,10,9,16,85,0,0
planner_daily_h28,102,single,42,0.0,True,326763.64960782655,0.0,1.0,0,0,120,0,0,0,0,0
planner_daily_h28,103,dual,42,0.0,True,416045.08223271754,0.0,1.0,3,0,117,0,3,0,0,0
planner_daily_h28,104,compound,42,0.0,True,633353.810390443,0.0,1.0,4,0,15,9,4,92,0,0
planner_daily_h28,105,single,42,0.0,True,300280.96014986484,0.0,1.0,0,0,120,0,0,0,0,0
planner_daily_h28,106,dual,42,0.0,True,1152306.7704674527,0.0,1.0,27,3,93,0,27,0,0,0
planner_daily_h28,107,compound,42,0.0,True,1479004.4453864733,0.0,1.0,23,0,15,0,23,82,0,0
planner_daily_h28,108,single,42,0.0,True,329701.4372536878,0.0,1.0,0,0,116,4,0,0,0,0
planner_daily_h28,109,dual,42,0.0,True,577977.3283337055,0.0,1.0,3,0,108,9,3,0,0,0
planner_daily_h28,110,compound,42,0.0,True,1586372.5651204516,0.0,1.0,29,5,20,0,29,71,0,0
planner_daily_h28,111,single,42,0.0,True,308557.75077564595,0.0,1.0,0,0,120,0,0,0,0,0
planner_daily_h28,112,dual,42,0.0,True,374430.0625605013,0.0,1.0,0,0,28,0,0,92,0,0
planner_daily_h28,113,compound,42,0.0,True,1453986.6904199673,0.0,1.0,29,6,15,0,29,76,0,0
planner_daily_h28,114,single,42,110.0,False,420242.0998788856,0.21637982566317002,0.9501825078830877,1,0,116,3,1,0,0,0
planner_daily_h28,115,dual,42,0.0,True,843029.9176833577,0.0,1.0,9,0,21,10,9,80,0,0
planner_daily_h28,116,compound,42,0.0,True,1215544.6133603486,0.0,1.0,18,0,95,7,18,0,0,0
planner_daily_h28,117,single,42,0.0,True,367350.6092773071,0.0,1.0,0,0,120,0,0,0,0,0
planner_daily_h28,118,dual,42,0.0,True,1140511.5580870612,0.0,1.0,32,8,88,0,32,0,0,0
planner_daily_h28,119,compound,42,23.0,True,1040650.55488136,0.3344880260990282,0.9766968999234643,14,0,97,9,14,0,0,0
planner_daily_h28,120,single,42,0.0,True,309766.11145173974,0.0,1.0,0,0,120,0,0,0,0,0
planner_daily_h28,121,dual,42,0.0,True,697432.8974149963,0.0,1.0,4,0,10,10,4,96,0,0
planner_daily_h28,122,compound,42,0.0,True,1240128.9617366088,0.0,1.0,13,0,15,10,13,82,0,0
planner_daily_h28,123,single,42,0.0,True,332751.35278471693,0.0,1.0,0,0,120,0,0,0,0,0
planner_daily_h28,124,dual,42,81.0,True,533488.9355037297,0.18749489729441576,0.9708469682184583,3,0,107,10,3,0,0,0
planner_daily_h28,125,compound,42,0.0,True,1336435.4478721328,0.0,1.0,32,9,88,0,32,0,0,0
planner_daily_h28,126,single,42,0.0,True,350580.4776965405,0.0,1.0,0,0,120,0,0,0,0,0
planner_daily_h28,127,dual,42,0.0,True,429775.57984424854,0.0,1.0,2,0,110,8,2,0,0,0
planner_daily_h28,128,compound,42,0.0,True,686826.2532802117,0.0,1.0,4,0,13,8,4,95,0,0
planner_daily_h28,129,single,42,110.0,False,459497.51164682326,0.3437100767064801,0.8847501226967666,0,0,112,8,0,0,0,0
planner_daily_h28,130,dual,42,0.0,True,1209197.112013177,0.0,1.0,24,1,96,0,24,0,0,0
planner_daily_h28,131,compound,42,0.0,True,1075421.4777099965,0.0,1.0,11,0,13,10,11,86,0,0
planner_daily_h28,132,single,42,0.0,True,306042.40323181264,0.0,1.0,0,0,120,0,0,0,0,0
planner_daily_h28,133,dual,42,0.0,True,1076292.1555255859,0.0,1.0,28,4,92,0,28,0,0,0
planner_daily_h28,134,compound,42,0.0,True,1335511.6952309962,0.0,1.0,17,0,12,6,17,85,0,0
planner_daily_h28,135,single,42,0.0,True,330494.15707214514,0.0,1.0,0,0,120,0,0,0,0,0
planner_daily_h28,136,dual,42,96.0,True,1111475.1578410512,0.14586790350029621,0.981319074472453,9,0,32,10,9,69,0,0
planner_daily_h28,137,compound,42,0.0,True,1333125.307882587,0.0,1.0,27,4,93,0,27,0,0,0
planner_daily_h28,138,single,42,0.0,True,333015.80819978885,0.0,1.0,0,0,120,0,0,0,0,0
planner_daily_h28,139,dual,42,0.0,True,525519.9913567543,0.0,1.0,4,0,106,10,4,0,0,0
planner_daily_h28,140,compound,42,0.0,True,896862.606973451,0.0,1.0,13,0,97,10,13,0,0,0
planner_daily_h28,141,single,42,0.0,True,312324.7554748658,0.0,1.0,0,0,120,0,0,0,0,0
planner_daily_h28,142,dual,42,0.0,True,1168774.6622140175,0.0,1.0,21,0,99,0,21,0,0,0
planner_daily_h28,143,compound,42,0.0,True,1570650.0037616151,0.0,1.0,18,0,11,8,18,83,0,0
planner_daily_h28,144,single,42,109.0,True,396676.9885605595,0.16609769428223825,0.9730681276750606,0,0,118,2,0,0,0,0
planner_daily_h28,145,dual,42,105.0,True,559195.947730508,0.2669068830762799,0.9320844339789872,2,0,52,10,2,56,0,0
planner_daily_h28,146,compound,42,110.0,False,945334.1546558872,0.26159776830380954,0.9322114702623417,7,0,43,10,7,60,0,0
planner_daily_h28,147,single,42,110.0,False,417917.8738142168,0.2070088149039816,0.9544485334374814,2,0,116,2,2,0,0,0
planner_daily_h28,148,dual,42,0.0,True,706898.5449204321,0.0,1.0,7,0,103,10,7,0,0,0
planner_daily_h28,149,compound,42,0.0,True,1400046.0279601356,0.0,1.0,22,0,16,0,22,82,0,0
planner_daily_h28,150,single,42,108.0,True,477028.74860376446,0.2983420226064309,0.9131888844889976,2,0,111,7,2,0,0,0
planner_daily_h28,151,dual,42,95.0,True,655141.0459678784,0.29240936022069247,0.9247249807397601,6,0,104,10,6,0,0,0
planner_daily_h28,152,compound,42,23.0,True,1023051.3263277725,0.3473414658011982,0.9755303954819923,14,0,96,10,14,0,0,0
planner_daily_h28,153,single,42,0.0,True,365270.4468544771,0.0,1.0,0,0,119,1,0,0,0,0
planner_daily_h28,154,dual,42,0.0,True,605039.0496726218,0.0,1.0,7,0,110,3,7,0,0,0
planner_daily_h28,155,compound,42,22.0,True,1293685.597074429,0.4240232497679547,0.9673039291637929,15,0,11,8,15,86,0,0
planner_daily_h28,156,single,42,0.0,True,343554.0177566679,0.0,1.0,0,0,120,0,0,0,0,0
planner_daily_h28,157,dual,42,0.0,True,539056.8635961864,0.0,1.0,4,0,106,10,4,0,0,0
planner_daily_h28,158,compound,42,0.0,True,1711895.417811957,0.0,1.0,26,3,14,0,26,80,0,0
planner_daily_h28,159,single,42,0.0,True,341954.36269293004,0.0,1.0,0,0,120,0,0,0,0,0
planner_daily_h28,160,dual,42,0.0,True,796606.7424752807,0.0,1.0,11,0,103,6,11,0,0,0
planner_daily_h28,161,compound,42,0.0,True,1368677.2229163805,0.0,1.0,16,0,10,9,16,85,0,0
planner_daily_h28,162,single,42,0.0,True,312872.04769200616,0.0,1.0,0,0,120,0,0,0,0,0
planner_daily_h28,163,dual,42,0.0,True,663549.0399642377,0.0,1.0,6,0,105,9,6,0,0,0
planner_daily_h28,164,compound,42,110.0,False,770724.6839364797,0.22546034667397385,0.94644755342631,7,0,39,10,7,64,0,0
planner_daily_h28,165,single,42,90.0,True,568701.1517670222,0.33770851461336876,0.9134659399537052,2,0,110,8,2,0,0,0
planner_daily_h28,166,dual,42,109.0,True,698489.9766199673,0.18444231207728795,0.9647030697797487,6,0,104,10,6,0,0,0
planner_daily_h28,167,compound,42,0.0,True,1184929.3706004804,0.0,1.0,37,13,83,0,37,0,0,0
planner_daily_h28,168,single,42,0.0,True,300551.9883111849,0.0,1.0,0,0,120,0,0,0,0,0
planner_daily_h28,169,dual,42,0.0,True,573063.1891283115,0.0,1.0,4,0,112,4,4,0,0,0
planner_daily_h28,170,compound,42,26.0,True,1250766.4534775845,0.20028421651742515,0.9904249099387163,39,15,81,0,39,0,0,0
planner_daily_h28,171,single,42,74.0,True,459955.99551409605,0.26731854056016563,0.9516543032185315,3,0,117,0,3,0,0,0
planner_daily_h28,172,dual,42,0.0,True,1173656.0705877827,0.0,1.0,21,0,99,0,21,0,0,0
planner_daily_h28,173,compound,42,0.0,True,1333376.9732717823,0.0,1.0,35,11,85,0,35,0,0,0
planner_daily_h28,174,single,42,0.0,True,311534.1986229018,0.0,1.0,0,0,120,0,0,0,0,0
planner_daily_h28,175,dual,42,0.0,True,989258.197093967,0.0,1.0,20,0,100,0,20,0,0,0
planner_daily_h28,176,compound,42,0.0,True,699732.2238387513,0.0,1.0,4,0,24,10,4,82,0,0
planner_daily_h28,177,single,42,0.0,True,324692.8158774717,0.0,1.0,0,0,120,0,0,0,0,0
planner_daily_h28,178,dual,42,110.0,False,763002.7821547986,0.1733237599272197,0.9684372250221684,5,0,28,10,5,77,0,0
planner_daily_h28,179,compound,42,0.0,True,1029275.7744926021,0.0,1.0,14,0,12,10,14,84,0,0
planner_daily_h28,180,single,42,0.0,True,285998.1262193888,0.0,1.0,0,0,120,0,0,0,0,0
planner_daily_h28,181,dual,42,0.0,True,638148.1869605342,0.0,1.0,7,0,105,8,7,0,0,0
planner_daily_h28,182,compound,42,101.0,True,806966.6703910629,0.21232923855277827,0.958199844567731,8,0,30,10,8,72,0,0
planner_daily_h28,183,single,42,100.0,True,369973.2536575039,0.23663075045826412,0.9450864740296856,0,0,116,4,0,0,0,0
planner_daily_h28,184,dual,42,0.0,True,886941.8344490888,0.0,1.0,13,0,97,10,13,0,0,0
planner_daily_h28,185,compound,42,27.0,True,1113236.7944117908,0.2681065653343329,0.9827224231647377,15,0,96,9,15,0,0,0
planner_daily_h28,186,single,42,0.0,True,293258.44149094896,0.0,1.0,0,0,120,0,0,0,0,0
planner_daily_h28,187,dual,42,0.0,True,484650.8370933724,0.0,1.0,5,0,105,10,5,0,0,0
planner_daily_h28,188,compound,42,0.0,True,1436678.8717984296,0.0,1.0,38,14,10,0,38,72,0,0
planner_daily_h28,189,single,42,0.0,True,397960.9610927234,0.0,1.0,0,0,117,3,0,0,0,0
planner_daily_h28,190,dual,42,110.0,False,594553.1615702743,0.3269955849053219,0.8944697622806953,4,0,106,10,4,0,0,0
planner_daily_h28,191,compound,42,0.0,True,1256096.8420347257,0.0,1.0,34,11,86,0,34,0,0,0
planner_daily_h28,192,single,42,0.0,True,371441.85187120416,0.0,1.0,0,0,119,1,0,0,0,0
planner_daily_h28,193,dual,42,0.0,True,1315400.6441062368,0.0,1.0,20,0,100,0,20,0,0,0
planner_daily_h28,194,compound,42,0.0,True,1253095.8854764514,0.0,1.0,38,14,82,0,38,0,0,0
planner_daily_h28,195,single,42,103.0,True,533473.6681056204,0.29769563304595875,0.9163570881609303,4,0,116,0,4,0,0,0
planner_daily_h28,196,dual,42,0.0,True,537947.3891689766,0.0,1.0,4,0,106,10,4,0,0,0
planner_daily_h28,197,compound,42,0.0,True,1282325.67592822,0.0,1.0,31,7,14,0,31,75,0,0
planner_daily_h28,198,single,42,0.0,True,330999.16107774543,0.0,1.0,0,0,120,0,0,0,0,0
planner_daily_h28,199,dual,42,0.0,True,603691.6030853387,0.0,1.0,5,0,105,10,5,0,0,0
planner_daily_h28,0,single,43,0.0,True,332563.0591712982,0.0,1.0,0,0,120,0,0,0,0,0
planner_daily_h28,1,dual,43,110.0,False,661261.3439333837,0.017291750305691134,0.9983464893298563,7,0,103,10,7,0,0,0
planner_daily_h28,2,compound,43,0.0,True,1177557.9100074582,0.0,1.0,32,9,88,0,32,0,0,0
planner_daily_h28,3,single,43,0.0,True,345729.9334943593,0.0,1.0,0,0,120,0,0,0,0,0
planner_daily_h28,4,dual,43,0.0,True,1265188.0977407466,0.0,1.0,23,0,97,0,23,0,0,0
planner_daily_h28,5,compound,43,22.0,True,1470297.2183239446,0.2848780255502759,0.9835651034952307,20,0,10,5,20,85,0,0
planner_daily_h28,6,single,43,0.0,True,318135.58100319956,0.0,1.0,0,0,120,0,0,0,0,0
planner_daily_h28,7,dual,43,80.0,True,947415.5220002861,0.23090439279581113,0.9593867888927482,9,0,31,10,9,70,0,0
planner_daily_h28,8,compound,43,110.0,False,1275525.798484534,0.29866051027498214,0.9170916212743709,15,0,28,9,15,68,0,0
planner_daily_h28,9,single,43,110.0,False,340310.9055145124,0.12289913603573327,0.9783851116613511,0,0,117,3,0,0,0,0
planner_daily_h28,10,dual,43,0.0,True,613098.6574263655,0.0,1.0,5,0,105,10,5,0,0,0
planner_daily_h28,11,compound,43,0.0,True,1450297.2914952114,0.0,1.0,32,8,88,0,32,0,0,0
planner_daily_h28,12,single,43,0.0,True,315779.98577202746,0.0,1.0,0,0,120,0,0,0,0,0
planner_daily_h28,13,dual,43,98.0,True,977978.313829978,0.21405500357976465,0.958705049036753,10,0,31,10,10,69,0,0
planner_daily_h28,14,compound,43,0.0,True,1268381.4219452064,0.0,1.0,14,0,10,10,14,86,0,0
planner_daily_h28,15,single,43,0.0,True,331926.0948761814,0.0,1.0,0,0,120,0,0,0,0,0
planner_daily_h28,16,dual,43,0.0,True,1108881.7221667997,0.0,1.0,19,0,101,0,19,0,0,0
planner_daily_h28,17,compound,43,31.0,True,1240690.9065263374,0.39373679090550046,0.9599077812143381,39,15,81,0,39,0,0,0
planner_daily_h28,18,single,43,0.0,True,288014.11861538375,0.0,1.0,0,0,120,0,0,0,0,0
planner_daily_h28,19,dual,43,96.0,True,653020.9777659213,0.1824194262564894,0.9692967142884477,4,0,27,9,4,80,0,0
planner_daily_h28,20,compound,43,28.0,True,1581750.616355475,0.47756267573337857,0.948667845140489,38,14,10,0,38,72,0,0
planner_daily_h28,21,single,43,104.0,True,457911.2696833829,0.2353228753848591,0.9465167319722043,0,0,115,5,0,0,0,0
planner_daily_h28,22,dual,43,0.0,True,451516.4425198192,0.0,1.0,3,0,113,4,3,0,0,0
planner_daily_h28,23,compound,43,0.0,True,1365398.9844543955,0.0,1.0,37,13,10,0,37,73,0,0
planner_daily_h28,24,single,43,0.0,True,335530.25950484816,0.0,1.0,0,0,120,0,0,0,0,0
planner_daily_h28,25,dual,43,0.0,True,573446.7478829081,0.0,1.0,2,0,18,10,2,90,0,0
planner_daily_h28,26,compound,43,0.0,True,946760.976465661,0.0,1.0,9,0,15,9,9,87,0,0
planner_daily_h28,27,single,43,0.0,True,352769.9531272985,0.0,1.0,0,0,120,0,0,0,0,0
planner_daily_h28,28,dual,43,110.0,False,817082.0529157856,0.24936855139007752,0.9366201284912966,8,0,33,10,8,69,0,0
planner_daily_h28,29,compound,43,0.0,True,773672.3533538323,0.0,1.0,6,0,27,10,6,77,0,0
planner_daily_h28,30,single,43,0.0,True,335123.7686763864,0.0,1.0,0,0,120,0,0,0,0,0
planner_daily_h28,31,dual,43,92.0,True,582626.6548594164,0.2341535318630652,0.9525122820203662,6,0,34,0,6,80,0,0
planner_daily_h28,32,compound,43,0.0,True,1435542.9372192726,0.0,1.0,25,2,16,0,25,79,0,0
planner_daily_h28,33,single,43,0.0,True,319467.05495977995,0.0,1.0,0,0,120,0,0,0,0,0
planner_daily_h28,34,dual,43,0.0,True,1007903.4309890374,0.0,1.0,16,0,19,0,16,85,0,0
planner_daily_h28,35,compound,43,0.0,True,1136867.882457907,0.0,1.0,19,0,92,9,19,0,0,0
planner_daily_h28,36,single,43,0.0,True,328020.441271934,0.0,1.0,0,0,120,0,0,0,0,0
planner_daily_h28,37,dual,43,0.0,True,383214.7873215432,0.0,1.0,0,0,24,0,0,96,0,0
planner_daily_h28,38,compound,43,26.0,True,1312750.8332098564,0.30039081202285817,0.9740201979269624,39,15,81,0,39,0,0,0
planner_daily_h28,39,single,43,99.0,True,439982.965621249,0.2398180733407674,0.9429546183870929,0,0,114,6,0,0,0,0
planner_daily_h28,40,dual,43,101.0,True,586359.849764769,0.0497225307925605,0.995457155798299,10,0,110,0,10,0,0,0
planner_daily_h28,41,compound,43,0.0,True,1404964.8026402022,0.0,1.0,29,6,17,0,29,74,0,0
planner_daily_h28,42,single,43,0.0,True,342818.814151824,0.0,1.0,0,0,120,0,0,0,0,0
planner_daily_h28,43,dual,43,0.0,True,1213153.8741098058,0.0,1.0,25,2,95,0,25,0,0,0
planner_daily_h28,44,compound,43,0.0,True,1517946.8273682059,0.0,1.0,20,0,10,9,20,81,0,0
planner_daily_h28,45,single,43,0.0,True,327254.19400583865,0.0,1.0,0,0,120,0,0,0,0,0
planner_daily_h28,46,dual,43,0.0,True,1335794.0771605913,0.0,1.0,33,9,87,0,33,0,0,0
planner_daily_h28,47,compound,43,0.0,True,1034584.9138073551,0.0,1.0,14,0,96,10,14,0,0,0
planner_daily_h28,48,single,43,0.0,True,286310.8889315473,0.0,1.0,0,0,120,0,0,0,0,0
planner_daily_h28,49,dual,43,110.0,False,567113.8246561337,0.07664783180277991,0.9927119744633615,3,0,31,10,3,76,0,0
planner_daily_h28,50,compound,43,23.0,True,1411198.3889888946,0.17529119472977664,0.9924673237406164,17,0,11,10,17,82,0,0
planner_daily_h28,51,single,43,0.0,True,318727.92867564975,0.0,1.0,0,0,120,0,0,0,0,0
planner_daily_h28,52,dual,43,0.0,True,904546.0816610191,0.0,1.0,18,0,102,0,18,0,0,0
planner_daily_h28,53,compound,43,0.0,True,1057331.0809891429,0.0,1.0,13,0,10,10,13,87,0,0
planner_daily_h28,54,single,43,0.0,True,372758.61364649725,0.0,1.0,0,0,120,0,0,0,0,0
planner_daily_h28,55,dual,43,0.0,True,591123.7805634581,0.0,1.0,6,0,105,9,6,0,0,0
planner_daily_h28,56,compound,43,29.0,True,1366556.823738378,0.22257721870113925,0.9838010744582729,40,16,80,0,40,0,0,0
planner_daily_h28,57,single,43,0.0,True,361044.5789707878,0.0,1.0,0,0,120,0,0,0,0,0
planner_daily_h28,58,dual,43,110.0,False,768600.417080374,0.22239271831068522,0.9506393470082029,14,0,106,0,14,0,0,0
planner_daily_h28,59,compound,43,0.0,True,1110649.169047022,0.0,1.0,13,0,13,9,13,85,0,0
planner_daily_h28,60,single,43,96.0,True,539982.0050213621,0.3443486944680835,0.9005219220490565,2,0,109,9,2,0,0,0
planner_daily_h28,61,dual,43,0.0,True,591483.5880048906,0.0,1.0,7,0,104,9,7,0,0,0
planner_daily_h28,62,compound,43,107.0,True,1003781.2874016145,0.2614594638295057,0.932307682892378,10,0,34,10,10,66,0,0
planner_daily_h28,63,single,43,0.0,True,311736.71299973066,0.0,1.0,0,0,120,0,0,0,0,0
planner_daily_h28,64,dual,43,0.0,True,1101978.4498363337,0.0,1.0,33,10,87,0,33,0,0,0
planner_daily_h28,65,compound,43,0.0,True,823342.925318535,0.0,1.0,9,0,101,10,9,0,0,0
planner_daily_h28,66,single,43,0.0,True,293867.5376584437,0.0,1.0,0,0,120,0,0,0,0,0
planner_daily_h28,67,dual,43,0.0,True,1197209.3438179006,0.0,1.0,26,3,94,0,26,0,0,0
planner_daily_h28,68,compound,43,22.0,True,1231330.5216054793,0.23165101417141043,0.9877210218737382,14,0,11,9,14,86,0,0
planner_daily_h28,69,single,43,0.0,True,333038.2265565908,0.0,1.0,0,0,120,0,0,0,0,0
planner_daily_h28,70,dual,43,0.0,True,805032.0417423958,0.0,1.0,14,0,106,0,14,0,0,0
planner_daily_h28,71,compound,43,99.0,True,1114549.515112911,0.20521012131543848,0.9634239127656367,11,0,23,10,11,76,0,0
planner_daily_h28,72,single,43,0.0,True,389423.29619734146,0.0,1.0,0,0,120,0,0,0,0,0
planner_daily_h28,73,dual,43,0.0,True,805679.6820407723,0.0,1.0,7,0,20,7,7,86,0,0
planner_daily_h28,74,compound,43,0.0,True,1126329.9713000269,0.0,1.0,16,0,96,8,16,0,0,0
planner_daily_h28,75,single,43,0.0,True,354033.02876500797,0.0,1.0,0,0,120,0,0,0,0,0
planner_daily_h28,76,dual,43,108.0,True,494276.5423057001,0.25284717289640596,0.9331188079324242,2,0,108,10,2,0,0,0
planner_daily_h28,77,compound,43,0.0,True,1290711.4496330705,0.0,1.0,31,7,89,0,31,0,0,0
planner_daily_h28,78,single,43,0.0,True,433315.1877364538,0.0,1.0,0,0,119,1,0,0,0,0
planner_daily_h28,79,dual,43,0.0,True,857622.3221311464,0.0,1.0,18,0,102,0,18,0,0,0
planner_daily_h28,80,compound,43,110.0,False,1099709.8554919546,0.2811839027087242,0.9250426921962766,13,0,24,8,13,75,0,0
planner_daily_h28,81,single,43,0.0,True,337758.122052658,0.0,1.0,0,0,120,0,0,0,0,0
planner_daily_h28,82,dual,43,0.0,True,765982.0525457625,0.0,1.0,5,0,16,10,5,89,0,0
planner_daily_h28,83,compound,43,23.0,True,1234048.6500527891,0.11524841069719471,0.9949856265213497,19,0,92,9,19,0,0,0
planner_daily_h28,84,single,43,100.0,True,383366.3799633865,0.05075031090176614,0.9921444048250674,0,0,116,4,0,0,0,0
planner_daily_h28,85,dual,43,96.0,True,673864.3686086081,0.2625434166609316,0.9409146487425648,6,0,104,10,6,0,0,0
planner_daily_h28,86,compound,43,0.0,True,1267298.1504298875,0.0,1.0,18,0,94,8,18,0,0,0
planner_daily_h28,87,single,43,0.0,True,341397.7589490199,0.0,1.0,0,0,120,0,0,0,0,0
planner_daily_h28,88,dual,43,0.0,True,569963.7900731231,0.0,1.0,3,0,18,8,3,91,0,0
planner_daily_h28,89,compound,43,0.0,True,1366272.3313093365,0.0,1.0,34,11,10,0,34,76,0,0
planner_daily_h28,90,single,43,0.0,True,342127.1282225374,0.0,1.0,0,0,118,2,0,0,0,0
planner_daily_h28,91,dual,43,110.0,False,771972.1268918075,0.20306281787887057,0.9578639074095397,6,0,104,10,6,0,0,0
planner_daily_h28,92,compound,43,24.0,True,1002060.4102254024,0.03989788669522129,0.9981998592719518,16,0,95,9,16,0,0,0
planner_daily_h28,93,single,43,0.0,True,350558.7211635572,0.0,1.0,0,0,120,0,0,0,0,0
planner_daily_h28,94,dual,43,0.0,True,608606.9957489185,0.0,1.0,6,0,104,10,6,0,0,0
planner_daily_h28,95,compound,43,0.0,True,816432.1334641504,0.0,1.0,12,0,99,9,12,0,0,0
planner_daily_h28,96,single,43,0.0,True,306148.7515824124,0.0,1.0,0,0,120,0,0,0,0,0
planner_daily_h28,97,dual,43,0.0,True,735081.2496225156,0.0,1.0,4,0,18,9,4,89,0,0
planner_daily_h28,98,compound,43,0.0,True,1021781.5582432855,0.0,1.0,10,0,13,8,10,89,0,0
planner_daily_h28,99,single,43,0.0,True,306352.4595251112,0.0,1.0,0,0,120,0,0,0,0,0
planner_daily_h28,100,dual,43,0.0,True,430039.61497452814,0.0,1.0,2,0,108,10,2,0,0,0
planner_daily_h28,101,compound,43,0.0,True,1591501.5158407388,0.0,1.0,19,0,10,7,19,84,0,0
planner_daily_h28,102,single,43,0.0,True,326763.64960782655,0.0,1.0,0,0,120,0,0,0,0,0
planner_daily_h28,103,dual,43,0.0,True,446782.25909010577,0.0,1.0,2,0,23,0,2,95,0,0
planner_daily_h28,104,compound,43,0.0,True,533050.6209012403,0.0,1.0,3,0,15,10,3,92,0,0
planner_daily_h28,105,single,43,0.0,True,300280.96014986484,0.0,1.0,0,0,120,0,0,0,0,0
planner_daily_h28,106,dual,43,0.0,True,1163701.947286061,0.0,1.0,27,3,93,0,27,0,0,0
planner_daily_h28,107,compound,43,0.0,True,1222872.5035579046,0.0,1.0,27,4,93,0,27,0,0,0
planner_daily_h28,108,single,43,0.0,True,337462.8833388356,0.0,1.0,1,0,116,3,1,0,0,0
planner_daily_h28,109,dual,43,0.0,True,559703.311270125,0.0,1.0,3,0,107,10,3,0,0,0
planner_daily_h28,110,compound,43,0.0,True,1567471.0667013505,0.0,1.0,29,5,19,0,29,72,0,0
planner_daily_h28,111,single,43,0.0,True,308557.75077564595,0.0,1.0,0,0,120,0,0,0,0,0
planner_daily_h28,112,dual,43,0.0,True,551094.0917116911,0.0,1.0,3,0,26,2,3,89,0,0
planner_daily_h28,113,compound,43,0.0,True,1215520.1397140457,0.0,1.0,29,6,91,0,29,0,0,0
planner_daily_h28,114,single,43,110.0,False,433454.0595092973,0.2694678388342516,0.9268885809927706,0,0,115,5,0,0,0,0
planner_daily_h28,115,dual,43,0.0,True,866879.3680188219,0.0,0.9987209600750547,9,0,21,10,9,80,0,0
planner_daily_h28,116,compound,43,0.0,True,1136190.822997842,0.0,1.0,17,0,95,8,17,0,0,0
planner_daily_h28,117,single,43,0.0,True,367350.6092773071,0.0,1.0,0,0,120,0,0,0,0,0
planner_daily_h28,118,dual,43,0.0,True,1140511.5580870612,0.0,1.0,31,7,89,0,31,0,0,0
planner_daily_h28,119,compound,43,23.0,True,1292013.3098530464,0.3043873670414791,0.9820468796431477,15,0,12,8,15,85,0,0
planner_daily_h28,120,single,43,0.0,True,309766.11145173974,0.0,1.0,0,0,120,0,0,0,0,0
planner_daily_h28,121,dual,43,0.0,True,541244.4765509531,0.0,1.0,2,0,11,10,2,97,0,0
planner_daily_h28,122,compound,43,0.0,True,1441742.4189149977,0.0,1.0,16,0,15,7,16,82,0,0
planner_daily_h28,123,single,43,0.0,True,332751.35278471693,0.0,1.0,0,0,120,0,0,0,0,0
planner_daily_h28,124,dual,43,81.0,True,533488.9355037297,0.18749489729441576,0.9708469682184583,3,0,107,10,3,0,0,0
planner_daily_h28,125,compound,43,0.0,True,1600645.8266171378,0.0,1.0,25,2,16,0,25,79,0,0
planner_daily_h28,126,single,43,0.0,True,350580.4776965405,0.0,1.0,0,0,120,0,0,0,0,0
planner_daily_h28,127,dual,43,0.0,True,521759.78425212513,0.0,1.0,4,0,107,9,4,0,0,0
planner_daily_h28,128,compound,43,0.0,True,628629.9771228726,0.0,1.0,4,0,20,9,4,87,0,0
planner_daily_h28,129,single,43,110.0,False,392218.8500653048,0.2092160208677842,0.9544378349982667,0,0,114,6,0,0,0,0
planner_daily_h28,130,dual,43,0.0,True,1080547.0864859917,0.0,1.0,21,0,99,0,21,0,0,0
planner_daily_h28,131,compound,43,0.0,True,1270449.1310072695,0.0,1.0,14,0,11,9,14,86,0,0
planner_daily_h28,132,single,43,0.0,True,306042.40323181264,0.0,1.0,0,0,120,0,0,0,0,0
planner_daily_h28,133,dual,43,0.0,True,1351496.6738341188,0.0,1.0,28,4,14,0,28,78,0,0
planner_daily_h28,134,compound,43,0.0,True,1164366.6822150992,0.0,1.0,15,0,11,9,15,85,0,0
planner_daily_h28,135,single,43,0.0,True,330494.15707214514,0.0,1.0,0,0,120,0,0,0,0,0
planner_daily_h28,136,dual,43,110.0,False,1162395.038512903,0.24684564986098156,0.9380456161683295,10,0,40,10,10,60,0,0
planner_daily_h28,137,compound,43,0.0,True,1333125.307882587,0.0,1.0,27,4,93,0,27,0,0,0
planner_daily_h28,138,single,43,0.0,True,333015.80819978885,0.0,1.0,0,0,120,0,0,0,0,0
planner_daily_h28,139,dual,43,0.0,True,525519.9913567543,0.0,1.0,4,0,106,10,4,0,0,0
planner_daily_h28,140,compound,43,0.0,True,1146494.3671476298,0.0,1.0,15,0,10,7,15,88,0,0
planner_daily_h28,141,single,43,0.0,True,312324.7554748658,0.0,1.0,0,0,120,0,0,0,0,0
planner_daily_h28,142,dual,43,0.0,True,1159753.707985975,0.0,1.0,21,0,99,0,21,0,0,0
planner_daily_h28,143,compound,43,24.0,True,1425637.2623135147,0.16863761273384134,0.9925886011269653,19,0,10,10,19,81,0,0
planner_daily_h28,144,single,43,109.0,True,396676.9885605595,0.16609769428223825,0.9730681276750606,0,0,118,2,0,0,0,0
planner_daily_h28,145,dual,43,75.0,True,719730.8112928221,0.3700630881174119,0.9132000881275202,5,0,37,10,5,68,0,0
planner_daily_h28,146,compound,43,0.0,True,1482603.5873397724,0.0,1.0,16,0,17,7,16,80,0,0
planner_daily_h28,147,single,43,110.0,False,378474.6394800275,0.1602828697664895,0.9711324959159122,1,0,116,3,1,0,0,0
planner_daily_h28,148,dual,43,0.0,True,615295.2187396674,0.0,1.0,6,0,104,10,6,0,0,0
planner_daily_h28,149,compound,43,0.0,True,1487935.001205412,0.0,1.0,29,6,15,0,29,76,0,0
planner_daily_h28,150,single,43,108.0,True,443390.62128170807,0.32982457809427307,0.8989661880605245,1,0,112,7,1,0,0,0
planner_daily_h28,151,dual,43,0.0,True,707068.9824996768,0.0,1.0,7,0,103,10,7,0,0,0
planner_daily_h28,152,compound,43,23.0,True,1189293.9827288107,0.3473414658011982,0.9755303954819923,14,0,10,10,14,86,0,0
planner_daily_h28,153,single,43,0.0,True,336448.35028627276,0.0,1.0,0,0,119,1,0,0,0,0
planner_daily_h28,154,dual,43,0.0,True,579298.2545099814,0.0,1.0,6,0,110,4,6,0,0,0
planner_daily_h28,155,compound,43,23.0,True,1080222.622968472,0.5098883360060656,0.9557812904268335,15,0,97,8,15,0,0,0
planner_daily_h28,156,single,43,0.0,True,343554.0177566679,0.0,1.0,0,0,120,0,0,0,0,0
planner_daily_h28,157,dual,43,0.0,True,520245.99520123354,0.0,1.0,3,0,107,10,3,0,0,0
planner_daily_h28,158,compound,43,0.0,True,1418979.8589922658,0.0,1.0,32,9,88,0,32,0,0,0
planner_daily_h28,159,single,43,0.0,True,341954.36269293004,0.0,1.0,0,0,120,0,0,0,0,0
planner_daily_h28,160,dual,43,0.0,True,609038.2572467164,0.0,1.0,6,0,106,8,6,0,0,0
planner_daily_h28,161,compound,43,0.0,True,1305000.3880442781,0.0,1.0,18,0,96,6,18,0,0,0
planner_daily_h28,162,single,43,0.0,True,312872.04769200616,0.0,1.0,0,0,120,0,0,0,0,0
planner_daily_h28,163,dual,43,0.0,True,605848.1171151805,0.0,1.0,5,0,105,10,5,0,0,0
planner_daily_h28,164,compound,43,0.0,True,892462.7340173689,0.0,0.9990655169487563,12,0,98,10,12,0,0,0
planner_daily_h28,165,single,43,90.0,True,522349.87490552367,0.32434227327478393,0.9204270375846866,1,0,110,9,1,0,0,0
planner_daily_h28,166,dual,43,109.0,True,799594.53192261,0.2815261212515842,0.9210386312295,6,0,104,10,6,0,0,0
planner_daily_h28,167,compound,43,0.0,True,1184929.3706004804,0.0,1.0,37,13,83,0,37,0,0,0
planner_daily_h28,168,single,43,0.0,True,300551.9883111849,0.0,1.0,0,0,120,0,0,0,0,0
planner_daily_h28,169,dual,43,0.0,True,568568.3897750702,0.0,1.0,5,0,111,4,5,0,0,0
planner_daily_h28,170,compound,43,26.0,True,1250766.4534775845,0.20028421651742515,0.9904249099387163,39,15,81,0,39,0,0,0
planner_daily_h28,171,single,43,74.0,True,459955.99551409605,0.26731854056016563,0.9516543032185315,3,0,117,0,3,0,0,0
planner_daily_h28,172,dual,43,0.0,True,1108760.475047387,0.0,1.0,20,0,100,0,20,0,0,0
planner_daily_h28,173,compound,43,0.0,True,1580227.933047946,0.0,1.0,28,4,16,0,28,76,0,0
planner_daily_h28,174,single,43,0.0,True,311534.1986229018,0.0,1.0,0,0,120,0,0,0,0,0
planner_daily_h28,175,dual,43,0.0,True,995012.8177784086,0.0,1.0,20,0,100,0,20,0,0,0
planner_daily_h28,176,compound,43,95.0,True,1037639.3729729969,0.12359766426548446,0.9849480099582848,11,0,26,10,11,73,0,0
planner_daily_h28,177,single,43,0.0,True,324692.8158774717,0.0,1.0,0,0,120,0,0,0,0,0
planner_daily_h28,178,dual,43,110.0,False,724213.8343335021,0.1906203022512202,0.9643120489366984,5,0,33,10,5,72,0,0
planner_daily_h28,179,compound,43,0.0,True,851249.9129550821,0.0,1.0,14,0,97,9,14,0,0,0
planner_daily_h28,180,single,43,0.0,True,285998.1262193888,0.0,1.0,0,0,120,0,0,0,0,0
planner_daily_h28,181,dual,43,0.0,True,593857.5641088663,0.0,1.0,6,0,105,9,6,0,0,0
planner_daily_h28,182,compound,43,101.0,True,806966.6703910629,0.21232923855277827,0.958199844567731,8,0,30,10,8,72,0,0
planner_daily_h28,183,single,43,85.0,True,383145.32328967773,0.31315945766279124,0.9293702309096507,0,0,116,4,0,0,0,0
planner_daily_h28,184,dual,43,0.0,True,877450.5261489343,0.0,1.0,11,0,100,9,11,0,0,0
planner_daily_h28,185,compound,43,27.0,True,1153067.0213495032,0.2842735519060184,0.9805536255939534,16,0,96,8,16,0,0,0
planner_daily_h28,186,single,43,0.0,True,293258.44149094896,0.0,1.0,0,0,120,0,0,0,0,0
planner_daily_h28,187,dual,43,0.0,True,443118.61548866134,0.0,1.0,4,0,106,10,4,0,0,0
planner_daily_h28,188,compound,43,0.0,True,1216028.656800257,0.0,1.0,38,14,82,0,38,0,0,0
planner_daily_h28,189,single,43,0.0,True,397960.9610927234,0.0,1.0,0,0,117,3,0,0,0,0
planner_daily_h28,190,dual,43,88.0,True,579100.7877078307,0.35195319401381414,0.9042804088997821,3,0,107,10,3,0,0,0
planner_daily_h28,191,compound,43,0.0,True,1467168.9964372346,0.0,1.0,34,11,16,0,34,70,0,0
planner_daily_h28,192,single,43,0.0,True,371441.85187120416,0.0,1.0,0,0,119,1,0,0,0,0
planner_daily_h28,193,dual,43,0.0,True,1588222.0840103177,0.0,1.0,20,0,18,0,20,82,0,0
planner_daily_h28,194,compound,43,0.0,True,1253095.8854764514,0.0,1.0,38,14,82,0,38,0,0,0
planner_daily_h28,195,single,43,103.0,True,671626.819403577,0.36587637424891367,0.8838451113042474,7,0,113,0,7,0,0,0
planner_daily_h28,196,dual,43,0.0,True,627094.7650300392,0.0,1.0,4,0,12,10,4,94,0,0
planner_daily_h28,197,compound,43,0.0,True,1103802.2762440587,0.0,1.0,34,10,86,0,34,0,0,0
planner_daily_h28,198,single,43,0.0,True,330999.16107774543,0.0,1.0,0,0,120,0,0,0,0,0
planner_daily_h28,199,dual,43,0.0,True,603691.6030853387,0.0,1.0,5,0,105,10,5,0,0,0
planner_daily_h28,0,single,44,0.0,True,332563.0591712982,0.0,1.0,0,0,120,0,0,0,0,0
planner_daily_h28,1,dual,44,0.0,True,705283.5139262893,0.0,1.0,7,0,103,10,7,0,0,0
planner_daily_h28,2,compound,44,0.0,True,1177557.9100074582,0.0,1.0,31,8,89,0,31,0,0,0
planner_daily_h28,3,single,44,0.0,True,345729.9334943593,0.0,1.0,0,0,120,0,0,0,0,0
planner_daily_h28,4,dual,44,0.0,True,1203051.423545624,0.0,1.0,22,0,98,0,22,0,0,0
planner_daily_h28,5,compound,44,22.0,True,1337978.4257775173,0.3210059778596281,0.9796498003911527,16,0,10,8,16,86,0,0
planner_daily_h28,6,single,44,0.0,True,318135.58100319956,0.0,1.0,0,0,120,0,0,0,0,0
planner_daily_h28,7,dual,44,108.0,True,1135590.0285291953,0.2102528083124072,0.9566064148938845,12,0,21,8,12,79,0,0
planner_daily_h28,8,compound,44,109.0,True,1275733.779302163,0.3876727798262818,0.8679431646553204,14,0,35,9,14,62,0,0
planner_daily_h28,9,single,44,110.0,False,340310.9055145124,0.12289913603573327,0.9783851116613511,0,0,116,4,0,0,0,0
planner_daily_h28,10,dual,44,0.0,True,595390.2171718394,0.0,1.0,5,0,105,10,5,0,0,0
planner_daily_h28,11,compound,44,0.0,True,1740409.3462294324,0.0,1.0,25,1,18,0,25,77,0,0
planner_daily_h28,12,single,44,0.0,True,315779.98577202746,0.0,1.0,0,0,120,0,0,0,0,0
planner_daily_h28,13,dual,44,99.0,True,969276.101020305,0.10323216211863132,0.9889980829922037,9,0,22,10,9,79,0,0
planner_daily_h28,14,compound,44,0.0,True,1268381.4219452064,0.0,1.0,14,0,10,10,14,86,0,0
planner_daily_h28,15,single,44,0.0,True,383901.24784966366,0.0,1.0,0,0,119,1,0,0,0,0
planner_daily_h28,16,dual,44,0.0,True,1157446.045181402,0.0,1.0,20,0,100,0,20,0,0,0
planner_daily_h28,17,compound,44,31.0,True,1240690.9065263374,0.39373679090550046,0.9599077812143381,39,15,81,0,39,0,0,0
planner_daily_h28,18,single,44,0.0,True,288014.11861538375,0.0,1.0,0,0,120,0,0,0,0,0
planner_daily_h28,19,dual,44,83.0,True,737867.3937401401,0.06411972692391484,0.9946947505140884,6,0,27,8,6,79,0,0
planner_daily_h28,20,compound,44,28.0,True,1581750.616355475,0.47756267573337857,0.948667845140489,38,14,10,0,38,72,0,0
planner_daily_h28,21,single,44,73.0,True,395936.9076884974,0.09483439157410467,0.9913329378507156,0,0,114,6,0,0,0,0
planner_daily_h28,22,dual,44,0.0,True,495830.5035928748,0.0,1.0,4,0,112,4,4,0,0,0
planner_daily_h28,23,compound,44,0.0,True,1365398.9844543955,0.0,1.0,37,13,10,0,37,73,0,0
planner_daily_h28,24,single,44,0.0,True,335530.25950484816,0.0,1.0,0,0,120,0,0,0,0,0
planner_daily_h28,25,dual,44,0.0,True,664263.678845301,0.0,1.0,4,0,18,10,4,88,0,0
planner_daily_h28,26,compound,44,0.0,True,1004892.7280207356,0.0,1.0,11,0,15,7,11,87,0,0
planner_daily_h28,27,single,44,0.0,True,352769.9531272985,0.0,1.0,0,0,120,0,0,0,0,0
planner_daily_h28,28,dual,44,0.0,True,629642.8387748422,0.0,1.0,3,0,15,10,3,92,0,0
planner_daily_h28,29,compound,44,0.0,True,1412707.3591051875,0.0,1.0,18,0,16,8,18,78,0,0
planner_daily_h28,30,single,44,0.0,True,335123.7686763864,0.0,1.0,0,0,120,0,0,0,0,0
planner_daily_h28,31,dual,44,0.0,True,1329326.5495426403,0.0,1.0,21,0,11,0,21,88,0,0
planner_daily_h28,32,compound,44,0.0,True,1437078.658883384,0.0,1.0,24,1,17,0,24,79,0,0
planner_daily_h28,33,single,44,0.0,True,319467.05495977995,0.0,1.0,0,0,120,0,0,0,0,0
planner_daily_h28,34,dual,44,0.0,True,962952.4691038933,0.0,1.0,18,0,102,0,18,0,0,0
planner_daily_h28,35,compound,44,0.0,True,1120081.5887486776,0.0,1.0,19,0,93,8,19,0,0,0
planner_daily_h28,36,single,44,0.0,True,328020.441271934,0.0,1.0,0,0,120,0,0,0,0,0
planner_daily_h28,37,dual,44,0.0,True,466098.7824063613,0.0,1.0,3,0,31,0,3,86,0,0
planner_daily_h28,38,compound,44,26.0,True,1312750.8332098564,0.30039081202285817,0.9740201979269624,39,15,81,0,39,0,0,0
planner_daily_h28,39,single,44,99.0,True,439982.965621249,0.2398180733407674,0.9429546183870929,0,0,113,7,0,0,0,0
planner_daily_h28,40,dual,44,94.0,True,548807.4693704369,0.18099813306738524,0.9722072889057053,8,0,112,0,8,0,0,0
planner_daily_h28,41,compound,44,29.0,True,1199162.1166666208,0.1912742988006009,0.989495911796667,37,14,83,0,37,0,0,0
planner_daily_h28,42,single,44,0.0,True,342818.814151824,0.0,1.0,0,0,120,0,0,0,0,0
planner_daily_h28,43,dual,44,0.0,True,1169529.1076298158,0.0,1.0,22,0,98,0,22,0,0,0
planner_daily_h28,44,compound,44,0.0,True,1589306.0669643267,0.0,1.0,20,0,10,9,20,81,0,0
planner_daily_h28,45,single,44,0.0,True,327254.19400583865,0.0,1.0,0,0,120,0,0,0,0,0
planner_daily_h28,46,dual,44,0.0,True,1335794.0771605913,0.0,1.0,33,9,87,0,33,0,0,0
planner_daily_h28,47,compound,44,110.0,False,956346.9560430173,0.05848001436009215,0.9944298310828141,14,0,96,10,14,0,0,0
planner_daily_h28,48,single,44,0.0,True,286310.8889315473,0.0,1.0,0,0,120,0,0,0,0,0
planner_daily_h28,49,dual,44,0.0,True,529177.3766004996,0.0,1.0,3,0,23,10,3,84,0,0
planner_daily_h28,50,compound,44,91.0,True,1137354.9823477285,0.1889740313136278,0.9693465756273852,10,0,22,10,10,78,0,0
planner_daily_h28,51,single,44,0.0,True,318727.92867564975,0.0,1.0,0,0,120,0,0,0,0,0
planner_daily_h28,52,dual,44,0.0,True,895870.7749470494,0.0,1.0,18,0,102,0,18,0,0,0
planner_daily_h28,53,compound,44,0.0,True,515596.0857879303,0.0,1.0,3,0,17,10,3,90,0,0
planner_daily_h28,54,single,44,0.0,True,372758.61364649725,0.0,1.0,0,0,120,0,0,0,0,0
planner_daily_h28,55,dual,44,0.0,True,498338.0566842986,0.0,1.0,4,0,106,10,4,0,0,0
planner_daily_h28,56,compound,44,29.0,True,1352561.5743941313,0.22257721870113925,0.9838010744582729,39,16,81,0,39,0,0,0
planner_daily_h28,57,single,44,0.0,True,361044.5789707878,0.0,1.0,0,0,120,0,0,0,0,0
planner_daily_h28,58,dual,44,0.0,True,803476.9755300316,0.0,1.0,16,0,104,0,16,0,0,0
planner_daily_h28,59,compound,44,0.0,True,749794.9747905061,0.0,1.0,5,0,16,9,5,90,0,0
planner_daily_h28,60,single,44,96.0,True,531967.9720771492,0.3391701519317009,0.9045014367466458,2,0,110,8,2,0,0,0
planner_daily_h28,61,dual,44,0.0,True,475306.32186048664,0.0,1.0,4,0,106,10,4,0,0,0
planner_daily_h28,62,compound,44,107.0,True,1027834.9749466463,0.30529138957653496,0.9097841099966866,10,0,37,10,10,63,0,0
planner_daily_h28,63,single,44,0.0,True,311736.71299973066,0.0,1.0,0,0,120,0,0,0,0,0
planner_daily_h28,64,dual,44,0.0,True,1101978.4498363337,0.0,1.0,33,10,87,0,33,0,0,0
planner_daily_h28,65,compound,44,0.0,True,984875.0444157032,0.0,1.0,9,0,16,10,9,85,0,0
planner_daily_h28,66,single,44,0.0,True,293867.5376584437,0.0,1.0,0,0,120,0,0,0,0,0
planner_daily_h28,67,dual,44,0.0,True,1197209.3438179006,0.0,1.0,27,4,93,0,27,0,0,0
planner_daily_h28,68,compound,44,22.0,True,1210569.8435654722,0.2611049408154854,0.985110900793748,13,0,11,10,13,86,0,0
planner_daily_h28,69,single,44,0.0,True,333038.2265565908,0.0,1.0,0,0,120,0,0,0,0,0
planner_daily_h28,70,dual,44,0.0,True,805032.0417423958,0.0,1.0,14,0,106,0,14,0,0,0
planner_daily_h28,71,compound,44,0.0,True,959239.8434907406,0.0,1.0,11,0,99,10,11,0,0,0
planner_daily_h28,72,single,44,0.0,True,389423.29619734146,0.0,1.0,0,0,120,0,0,0,0,0
planner_daily_h28,73,dual,44,0.0,True,592436.184539215,0.0,1.0,6,0,105,9,6,0,0,0
planner_daily_h28,74,compound,44,0.0,True,1087590.7781582312,0.0,1.0,13,0,14,10,13,83,0,0
planner_daily_h28,75,single,44,0.0,True,354033.02876500797,0.0,1.0,0,0,120,0,0,0,0,0
planner_daily_h28,76,dual,44,0.0,True,437816.4557252467,0.0,1.0,2,0,108,10,2,0,0,0
planner_daily_h28,77,compound,44,0.0,True,1290711.4496330705,0.0,1.0,32,8,88,0,32,0,0,0
planner_daily_h28,78,single,44,0.0,True,366959.20389469207,0.0,1.0,0,0,120,0,0,0,0,0
planner_daily_h28,79,dual,44,0.0,True,820404.875181761,0.0,1.0,17,0,103,0,17,0,0,0
planner_daily_h28,80,compound,44,110.0,False,998735.7249471766,0.30171057386508654,0.9102575566960288,8,0,43,9,8,60,0,0
planner_daily_h28,81,single,44,0.0,True,337758.122052658,0.0,1.0,0,0,120,0,0,0,0,0
planner_daily_h28,82,dual,44,101.0,True,930253.2653866432,0.10209568889814409,0.9887991006890278,9,0,34,9,9,68,0,0
planner_daily_h28,83,compound,44,23.0,True,1387581.8612480056,0.13170101558918998,0.9942893367456073,22,0,90,8,22,0,0,0
planner_daily_h28,84,single,44,101.0,True,393254.25588956807,0.06745740913162779,0.99384768526459,0,0,114,6,0,0,0,0
planner_daily_h28,85,dual,44,0.0,True,607113.3689711478,0.0,1.0,6,0,104,10,6,0,0,0
planner_daily_h28,86,compound,44,25.0,True,1172805.5304352802,0.25904431762476743,0.9840241500580075,17,0,93,10,17,0,0,0
planner_daily_h28,87,single,44,0.0,True,341397.7589490199,0.0,1.0,0,0,120,0,0,0,0,0
planner_daily_h28,88,dual,44,0.0,True,571218.7956087774,0.0,1.0,5,0,105,10,5,0,0,0
planner_daily_h28,89,compound,44,0.0,True,1152593.6025828375,0.0,1.0,37,14,83,0,37,0,0,0
planner_daily_h28,90,single,44,0.0,True,364842.6548614748,0.0,1.0,1,0,118,1,1,0,0,0
planner_daily_h28,91,dual,44,110.0,False,703301.36497978,0.17201283162208875,0.9690005440915693,5,0,105,10,5,0,0,0
planner_daily_h28,92,compound,44,24.0,True,1207070.5518913718,0.03989788669522129,0.9981998592719518,17,0,95,8,17,0,0,0
planner_daily_h28,93,single,44,0.0,True,350558.7211635572,0.0,1.0,0,0,120,0,0,0,0,0
planner_daily_h28,94,dual,44,0.0,True,523417.30350776017,0.0,1.0,3,0,108,9,3,0,0,0
planner_daily_h28,95,compound,44,0.0,True,1059493.1160904828,0.0,1.0,12,0,12,9,12,87,0,0
planner_daily_h28,96,single,44,0.0,True,306148.7515824124,0.0,1.0,0,0,120,0,0,0,0,0
planner_daily_h28,97,dual,44,0.0,True,569929.3672881551,0.0,1.0,4,0,108,8,4,0,0,0
planner_daily_h28,98,compound,44,0.0,True,1021713.8472492774,0.0,1.0,10,0,12,9,10,89,0,0
planner_daily_h28,99,single,44,0.0,True,306352.4595251112,0.0,1.0,0,0,120,0,0,0,0,0
planner_daily_h28,100,dual,44,0.0,True,429942.7376206237,0.0,1.0,2,0,109,9,2,0,0,0
planner_daily_h28,101,compound,44,22.0,True,1312714.1766957282,0.23072091818683846,0.9878346914802639,17,0,10,10,17,83,0,0
planner_daily_h28,102,single,44,0.0,True,326763.64960782655,0.0,1.0,0,0,120,0,0,0,0,0
planner_daily_h28,103,dual,44,0.0,True,475900.19605008105,0.0,1.0,5,0,115,0,5,0,0,0
planner_daily_h28,104,compound,44,0.0,True,633091.3248968185,0.0,1.0,5,0,14,9,5,92,0,0
planner_daily_h28,105,single,44,0.0,True,300280.96014986484,0.0,1.0,0,0,120,0,0,0,0,0
planner_daily_h28,106,dual,44,0.0,True,1152306.7704674527,0.0,1.0,28,4,92,0,28,0,0,0
planner_daily_h28,107,compound,44,0.0,True,1414196.23824952,0.0,1.0,22,0,17,0,22,81,0,0
planner_daily_h28,108,single,44,0.0,True,357123.7569750952,0.0,1.0,0,0,19,0,0,101,0,0
planner_daily_h28,109,dual,44,0.0,True,577977.3283337055,0.0,1.0,3,0,108,9,3,0,0,0
planner_daily_h28,110,compound,44,36.0,True,1583844.5864924586,0.056094638100096315,0.9953552779315593,35,11,15,0,35,70,0,0
planner_daily_h28,111,single,44,0.0,True,308557.75077564595,0.0,1.0,0,0,120,0,0,0,0,0
planner_daily_h28,112,dual,44,0.0,True,354869.71517839347,0.0,1.0,0,0,113,7,0,0,0,0
planner_daily_h28,113,compound,44,0.0,True,1215520.1397140457,0.0,1.0,28,5,92,0,28,0,0,0
planner_daily_h28,114,single,44,73.0,True,379402.6923918746,0.14755037954127823,0.9813178893516803,0,0,114,6,0,0,0,0
planner_daily_h28,115,dual,44,0.0,True,818366.2562580534,0.0,1.0,10,0,101,9,10,0,0,0
planner_daily_h28,116,compound,44,0.0,True,1294171.594238026,0.0,1.0,20,0,92,8,20,0,0,0
planner_daily_h28,117,single,44,0.0,True,367350.6092773071,0.0,1.0,0,0,120,0,0,0,0,0
planner_daily_h28,118,dual,44,0.0,True,1140511.5580870612,0.0,1.0,32,8,88,0,32,0,0,0
planner_daily_h28,119,compound,44,22.0,True,1073586.977456079,0.09468074225339909,0.9959514410413686,16,0,96,8,16,0,0,0
planner_daily_h28,120,single,44,0.0,True,309766.11145173974,0.0,1.0,0,0,120,0,0,0,0,0
planner_daily_h28,121,dual,44,0.0,True,778153.1925317268,0.0,1.0,9,0,102,9,9,0,0,0
planner_daily_h28,122,compound,44,0.0,True,724398.8373425631,0.0,1.0,5,0,18,10,5,87,0,0
planner_daily_h28,123,single,44,0.0,True,332751.35278471693,0.0,1.0,0,0,120,0,0,0,0,0
planner_daily_h28,124,dual,44,81.0,True,533488.9355037297,0.18749489729441576,0.9708469682184583,3,0,107,10,3,0,0,0
planner_daily_h28,125,compound,44,0.0,True,1583062.0961524032,0.0,1.0,31,8,14,0,31,75,0,0
planner_daily_h28,126,single,44,0.0,True,350580.4776965405,0.0,1.0,0,0,120,0,0,0,0,0
planner_daily_h28,127,dual,44,0.0,True,466678.39362300903,0.0,1.0,3,0,109,8,3,0,0,0
planner_daily_h28,128,compound,44,0.0,True,628629.9771228726,0.0,1.0,4,0,22,9,4,85,0,0
planner_daily_h28,129,single,44,110.0,False,392218.8500653048,0.2092160208677842,0.9544378349982667,0,0,113,7,0,0,0,0
planner_daily_h28,130,dual,44,0.0,True,1209224.8849283291,0.0,1.0,25,2,95,0,25,0,0,0
planner_daily_h28,131,compound,44,0.0,True,1046512.7724852819,0.0,1.0,13,0,98,9,13,0,0,0
planner_daily_h28,132,single,44,0.0,True,306042.40323181264,0.0,1.0,0,0,120,0,0,0,0,0
planner_daily_h28,133,dual,44,0.0,True,1076292.1555255859,0.0,1.0,28,4,92,0,28,0,0,0
planner_daily_h28,134,compound,44,0.0,True,1147665.7778432951,0.0,1.0,14,0,13,9,14,84,0,0
planner_daily_h28,135,single,44,0.0,True,330494.15707214514,0.0,1.0,0,0,120,0,0,0,0,0
planner_daily_h28,136,dual,44,110.0,False,1162395.038512903,0.24684564986098156,0.9380456161683295,10,0,38,10,10,62,0,0
planner_daily_h28,137,compound,44,0.0,True,1587600.8982388992,0.0,1.0,27,4,15,0,27,78,0,0
planner_daily_h28,138,single,44,0.0,True,333015.80819978885,0.0,1.0,0,0,120,0,0,0,0,0
planner_daily_h28,139,dual,44,0.0,True,482016.42436705966,0.0,1.0,3,0,107,10,3,0,0,0
planner_daily_h28,140,compound,44,0.0,True,953367.275899581,0.0,1.0,16,0,96,8,16,0,0,0
planner_daily_h28,141,single,44,0.0,True,312324.7554748658,0.0,1.0,0,0,120,0,0,0,0,0
planner_daily_h28,142,dual,44,0.0,True,1305785.2681812707,0.0,1.0,20,0,12,0,20,88,0,0
planner_daily_h28,143,compound,44,0.0,True,1363304.53249603,0.0,1.0,16,0,10,9,16,85,0,0
planner_daily_h28,144,single,44,109.0,True,396676.9885605595,0.16609769428223825,0.9730681276750606,0,0,118,2,0,0,0,0
planner_daily_h28,145,dual,44,110.0,False,520049.5940898917,0.26159708637595214,0.9323692794555332,3,0,107,10,3,0,0,0
planner_daily_h28,146,compound,44,0.0,True,864780.4046190737,0.0,1.0,6,0,18,10,6,86,0,0
planner_daily_h28,147,single,44,110.0,False,406099.4635250206,0.1721022740683992,0.9689353891299559,2,0,115,3,2,0,0,0
planner_daily_h28,148,dual,44,0.0,True,706898.5449204321,0.0,1.0,7,0,103,10,7,0,0,0
planner_daily_h28,149,compound,44,0.0,True,1244233.7519210412,0.0,1.0,29,6,91,0,29,0,0,0
planner_daily_h28,150,single,44,108.0,True,458232.03561356914,0.2504050410690687,0.9366137453828923,2,0,112,6,2,0,0,0
planner_daily_h28,151,dual,44,102.0,True,734272.5859228804,0.3276584451497063,0.902108466878403,7,0,103,10,7,0,0,0
planner_daily_h28,152,compound,44,23.0,True,1373028.409770325,0.3473414658011982,0.9755303954819923,17,0,12,8,17,83,0,0
planner_daily_h28,153,single,44,0.0,True,365270.4468544771,0.0,1.0,0,0,119,1,0,0,0,0
planner_daily_h28,154,dual,44,107.0,True,622425.1343184371,0.029538895684765906,0.9972171603838381,8,0,108,4,8,0,0,0
planner_daily_h28,155,compound,44,23.0,True,1026237.9275082733,0.4921575594931378,0.9572909132551672,14,0,97,9,14,0,0,0
planner_daily_h28,156,single,44,0.0,True,343554.0177566679,0.0,1.0,0,0,120,0,0,0,0,0
planner_daily_h28,157,dual,44,0.0,True,595219.4017628136,0.0,1.0,5,0,105,10,5,0,0,0
planner_daily_h28,158,compound,44,0.0,True,1418979.8589922658,0.0,1.0,32,9,88,0,32,0,0,0
planner_daily_h28,159,single,44,0.0,True,341954.36269293004,0.0,1.0,0,0,120,0,0,0,0,0
planner_daily_h28,160,dual,44,0.0,True,682665.3440528453,0.0,1.0,7,0,108,5,7,0,0,0
planner_daily_h28,161,compound,44,0.0,True,1533454.7246344013,0.0,1.0,18,0,10,6,18,86,0,0
planner_daily_h28,162,single,44,0.0,True,312872.04769200616,0.0,1.0,0,0,120,0,0,0,0,0
planner_daily_h28,163,dual,44,0.0,True,663551.9405381306,0.0,1.0,6,0,104,10,6,0,0,0
planner_daily_h28,164,compound,44,110.0,False,608747.0015870988,0.11060767375981902,0.9837122744093151,3,0,34,10,3,73,0,0
planner_daily_h28,165,single,44,96.0,True,648192.0971717631,0.37023759815298635,0.8872773945516115,3,0,110,7,3,0,0,0
planner_daily_h28,166,dual,44,110.0,False,1046906.0144902443,0.2425080623549479,0.9389473693905633,9,0,41,10,9,60,0,0
planner_daily_h28,167,compound,44,0.0,True,1184929.3706004804,0.0,1.0,37,13,83,0,37,0,0,0
planner_daily_h28,168,single,44,0.0,True,300551.9883111849,0.0,1.0,0,0,120,0,0,0,0,0
planner_daily_h28,169,dual,44,0.0,True,652547.4012646384,0.0,1.0,6,0,111,3,6,0,0,0
planner_daily_h28,170,compound,44,26.0,True,1250766.4534775845,0.20028421651742515,0.9904249099387163,39,15,81,0,39,0,0,0
planner_daily_h28,171,single,44,108.0,True,481700.47432606504,0.19478670672596796,0.9576497570870183,4,0,116,0,4,0,0,0
planner_daily_h28,172,dual,44,0.0,True,1108760.475047387,0.0,1.0,20,0,100,0,20,0,0,0
planner_daily_h28,173,compound,44,0.0,True,1580227.933047946,0.0,1.0,28,4,17,0,28,75,0,0
planner_daily_h28,174,single,44,0.0,True,311534.1986229018,0.0,1.0,0,0,120,0,0,0,0,0
planner_daily_h28,175,dual,44,0.0,True,995012.8177784086,0.0,1.0,20,0,100,0,20,0,0,0
planner_daily_h28,176,compound,44,110.0,False,1072378.9639653622,0.09611966258315383,0.9901463423555515,12,0,24,9,12,75,0,0
planner_daily_h28,177,single,44,0.0,True,324692.8158774717,0.0,1.0,0,0,120,0,0,0,0,0
planner_daily_h28,178,dual,44,0.0,True,871170.57668082,0.0,1.0,8,0,18,10,8,84,0,0
planner_daily_h28,179,compound,44,0.0,True,741849.3772992915,0.0,1.0,6,0,17,10,6,87,0,0
planner_daily_h28,180,single,44,0.0,True,285998.1262193888,0.0,1.0,0,0,120,0,0,0,0,0
planner_daily_h28,181,dual,44,0.0,True,726167.9089353456,0.0,1.0,7,0,105,8,7,0,0,0
planner_daily_h28,182,compound,44,101.0,True,806966.6703910629,0.21232923855277827,0.958199844567731,8,0,29,10,8,73,0,0
planner_daily_h28,183,single,44,100.0,True,421407.27152418334,0.2092635042556058,0.9556459779481443,2,0,113,5,2,0,0,0
planner_daily_h28,184,dual,44,73.0,True,919958.6110317251,0.21965669719826864,0.9660395367823159,10,0,33,10,10,67,0,0
planner_daily_h28,185,compound,44,27.0,True,1134154.39368285,0.2681065653343329,0.9827224231647377,13,0,14,9,13,84,0,0
planner_daily_h28,186,single,44,0.0,True,293258.44149094896,0.0,1.0,0,0,120,0,0,0,0,0
planner_daily_h28,187,dual,44,0.0,True,443118.61548866134,0.0,1.0,4,0,106,10,4,0,0,0
planner_daily_h28,188,compound,44,0.0,True,1216028.656800257,0.0,1.0,38,14,82,0,38,0,0,0
planner_daily_h28,189,single,44,0.0,True,397791.36236534914,0.0,1.0,0,0,116,4,0,0,0,0
planner_daily_h28,190,dual,44,110.0,False,641831.933796784,0.3916117735633243,0.8553492086270365,4,0,106,10,4,0,0,0
planner_daily_h28,191,compound,44,0.0,True,1482275.6631456811,0.0,1.0,33,10,16,0,33,71,0,0
planner_daily_h28,192,single,44,0.0,True,371441.85187120416,0.0,1.0,0,0,119,1,0,0,0,0
planner_daily_h28,193,dual,44,0.0,True,1398443.562514831,0.0,1.0,21,0,99,0,21,0,0,0
planner_daily_h28,194,compound,44,0.0,True,1253095.8854764514,0.0,1.0,38,14,82,0,38,0,0,0
planner_daily_h28,195,single,44,104.0,True,645896.6119506935,0.3290503807316565,0.9033588723229845,6,0,114,0,6,0,0,0
planner_daily_h28,196,dual,44,110.0,False,597221.283029856,0.21793605155155907,0.9546016350912722,6,0,104,10,6,0,0,0
planner_daily_h28,197,compound,44,0.0,True,1313271.1884173327,0.0,1.0,28,4,15,0,28,77,0,0
planner_daily_h28,198,single,44,0.0,True,330999.16107774543,0.0,1.0,0,0,120,0,0,0,0,0
planner_daily_h28,199,dual,44,0.0,True,603691.6030853387,0.0,1.0,5,0,105,10,5,0,0,0
planner_daily_h28,0,single,45,0.0,True,332563.0591712982,0.0,1.0,0,0,120,0,0,0,0,0
planner_daily_h28,1,dual,45,82.0,True,716961.1788992364,0.12236367481801348,0.9867388405883494,8,0,102,10,8,0,0,0
planner_daily_h28,2,compound,45,0.0,True,1177557.9100074582,0.0,1.0,31,8,89,0,31,0,0,0
planner_daily_h28,3,single,45,0.0,True,345729.9334943593,0.0,1.0,0,0,120,0,0,0,0,0
planner_daily_h28,4,dual,45,0.0,True,1273643.535428216,0.0,1.0,24,1,96,0,24,0,0,0
planner_daily_h28,5,compound,45,24.0,True,1182064.3187660966,0.3943791871861319,0.968106122763481,19,0,91,10,19,0,0,0
planner_daily_h28,6,single,45,0.0,True,318135.58100319956,0.0,1.0,0,0,120,0,0,0,0,0
planner_daily_h28,7,dual,45,108.0,True,961174.9655079456,0.10693676635063254,0.9866291013670877,9,0,20,10,9,81,0,0
planner_daily_h28,8,compound,45,110.0,False,1275525.798484534,0.29866051027498214,0.9170916212743709,15,0,28,9,15,68,0,0
planner_daily_h28,9,single,45,53.0,True,386397.2721025154,0.21019796538509203,0.9741725047311374,0,0,114,6,0,0,0,0
planner_daily_h28,10,dual,45,0.0,True,613098.6574263655,0.0,1.0,5,0,105,10,5,0,0,0
planner_daily_h28,11,compound,45,0.0,True,1747807.1493306567,0.0,1.0,26,2,14,0,26,80,0,0
planner_daily_h28,12,single,45,0.0,True,315779.98577202746,0.0,1.0,0,0,120,0,0,0,0,0
planner_daily_h28,13,dual,45,0.0,True,959666.89039382,0.0,1.0,8,0,16,9,8,87,0,0
planner_daily_h28,14,compound,45,0.0,True,1465030.6938198786,0.0,1.0,17,0,10,7,17,86,0,0
planner_daily_h28,15,single,45,0.0,True,383901.24784966366,0.0,1.0,0,0,119,1,0,0,0,0
planner_daily_h28,16,dual,45,0.0,True,1318825.279438941,0.0,1.0,19,0,19,0,19,82,0,0
planner_daily_h28,17,compound,45,31.0,True,1240690.9065263374,0.39373679090550046,0.9599077812143381,39,15,81,0,39,0,0,0
planner_daily_h28,18,single,45,0.0,True,288014.11861538375,0.0,1.0,0,0,120,0,0,0,0,0
planner_daily_h28,19,dual,45,96.0,True,815751.4798747186,0.10939082504802905,0.987559495903442,6,0,24,8,6,82,0,0
planner_daily_h28,20,compound,45,28.0,True,1358159.8227267193,0.47756267573337857,0.948667845140489,38,14,82,0,38,0,0,0
planner_daily_h28,21,single,45,104.0,True,457911.2696833829,0.2353228753848591,0.9465167319722043,0,0,115,5,0,0,0,0
planner_daily_h28,22,dual,45,0.0,True,397241.53589806816,0.0,1.0,2,0,115,3,2,0,0,0
planner_daily_h28,23,compound,45,0.0,True,1363125.3408390868,0.0,1.0,37,13,12,0,37,71,0,0
planner_daily_h28,24,single,45,0.0,True,335530.25950484816,0.0,1.0,0,0,120,0,0,0,0,0
planner_daily_h28,25,dual,45,0.0,True,629272.1892186987,0.0,1.0,5,0,105,10,5,0,0,0
planner_daily_h28,26,compound,45,0.0,True,615032.2767286521,0.0,1.0,3,0,16,9,3,92,0,0
planner_daily_h28,27,single,45,0.0,True,352769.9531272985,0.0,1.0,0,0,120,0,0,0,0,0
planner_daily_h28,28,dual,45,0.0,True,612590.4234001338,0.0,1.0,2,0,14,10,2,94,0,0
planner_daily_h28,29,compound,45,0.0,True,1504522.3377111556,0.0,1.0,26,3,93,1,26,0,0,0
planner_daily_h28,30,single,45,0.0,True,335123.7686763864,0.0,1.0,0,0,120,0,0,0,0,0
planner_daily_h28,31,dual,45,0.0,True,1164135.946976822,0.0,1.0,22,0,98,0,22,0,0,0
planner_daily_h28,32,compound,45,0.0,True,1206390.9974506327,0.0,1.0,31,8,89,0,31,0,0,0
planner_daily_h28,33,single,45,0.0,True,319467.05495977995,0.0,1.0,0,0,120,0,0,0,0,0
planner_daily_h28,34,dual,45,0.0,True,1019188.2666675224,0.0,1.0,19,0,101,0,19,0,0,0
planner_daily_h28,35,compound,45,0.0,True,1133490.1769527644,0.0,0.9997734464012817,18,0,93,9,18,0,0,0
planner_daily_h28,36,single,45,0.0,True,328020.441271934,0.0,1.0,0,0,120,0,0,0,0,0
planner_daily_h28,37,dual,45,0.0,True,452903.14541080926,0.0,1.0,2,0,32,0,2,86,0,0
planner_daily_h28,38,compound,45,26.0,True,1312750.8332098564,0.30039081202285817,0.9740201979269624,39,15,81,0,39,0,0,0
planner_daily_h28,39,single,45,100.0,True,530724.9898854828,0.36992708597030094,0.8806523191093883,0,0,116,4,0,0,0,0
planner_daily_h28,40,dual,45,0.0,True,603439.754068471,0.0,1.0,11,0,109,0,11,0,0,0
planner_daily_h28,41,compound,45,0.0,True,1404964.8026402022,0.0,1.0,30,7,16,0,30,74,0,0
planner_daily_h28,42,single,45,0.0,True,342818.814151824,0.0,1.0,0,0,120,0,0,0,0,0
planner_daily_h28,43,dual,45,0.0,True,1213153.8741098058,0.0,1.0,25,2,95,0,25,0,0,0
planner_daily_h28,44,compound,45,0.0,True,1343610.284304357,0.0,1.0,18,0,12,9,18,81,0,0
planner_daily_h28,45,single,45,0.0,True,327254.19400583865,0.0,1.0,0,0,120,0,0,0,0,0
planner_daily_h28,46,dual,45,25.0,True,1578082.0945124524,0.14728197786852718,0.9933667375281984,32,9,15,0,32,73,0,0
planner_daily_h28,47,compound,45,110.0,False,1102345.9167490746,0.2921109804881103,0.915883359755914,11,0,36,10,11,63,0,0
planner_daily_h28,48,single,45,0.0,True,286310.8889315473,0.0,1.0,0,0,120,0,0,0,0,0
planner_daily_h28,49,dual,45,108.0,True,522366.5345078961,0.25463332386833537,0.9334467037294376,2,0,44,10,2,64,0,0
planner_daily_h28,50,compound,45,91.0,True,1137354.9823477285,0.1889740313136278,0.9693465756273852,10,0,23,10,10,77,0,0
planner_daily_h28,51,single,45,0.0,True,318727.92867564975,0.0,1.0,0,0,120,0,0,0,0,0
planner_daily_h28,52,dual,45,0.0,True,945490.3519630418,0.0,1.0,19,0,101,0,19,0,0,0
planner_daily_h28,53,compound,45,0.0,True,1073102.7450802939,0.0,1.0,18,0,95,7,18,0,0,0
planner_daily_h28,54,single,45,0.0,True,372758.61364649725,0.0,1.0,0,0,120,0,0,0,0,0
planner_daily_h28,55,dual,45,0.0,True,498338.0566842986,0.0,1.0,4,0,106,10,4,0,0,0
planner_daily_h28,56,compound,45,29.0,True,1366556.823738378,0.22257721870113925,0.9838010744582729,40,16,80,0,40,0,0,0
planner_daily_h28,57,single,45,0.0,True,361044.5789707878,0.0,1.0,0,0,120,0,0,0,0,0
planner_daily_h28,58,dual,45,110.0,False,750303.8298272823,0.06919549345080757,0.9934159112929176,15,0,105,0,15,0,0,0
planner_daily_h28,59,compound,45,0.0,True,1110649.169047022,0.0,1.0,13,0,13,9,13,85,0,0
planner_daily_h28,60,single,45,96.0,True,532231.855636809,0.3531829579072101,0.8940559230724463,1,0,110,9,1,0,0,0
planner_daily_h28,61,dual,45,0.0,True,625182.6819012265,0.0,1.0,5,0,14,10,5,91,0,0
planner_daily_h28,62,compound,45,0.0,True,1068525.2393368864,0.0,1.0,11,0,14,10,11,85,0,0
planner_daily_h28,63,single,45,0.0,True,311736.71299973066,0.0,1.0,0,0,120,0,0,0,0,0
planner_daily_h28,64,dual,45,0.0,True,1101978.4498363337,0.0,1.0,32,9,88,0,32,0,0,0
planner_daily_h28,65,compound,45,0.0,True,924213.4307033044,0.0,1.0,9,0,15,10,9,86,0,0
planner_daily_h28,66,single,45,0.0,True,293867.5376584437,0.0,1.0,0,0,120,0,0,0,0,0
planner_daily_h28,67,dual,45,0.0,True,1197209.3438179006,0.0,1.0,27,4,93,0,27,0,0,0
planner_daily_h28,68,compound,45,22.0,True,1234907.6938190144,0.23383574237066637,0.9874678448195714,14,0,12,9,14,85,0,0
planner_daily_h28,69,single,45,0.0,True,333038.2265565908,0.0,1.0,0,0,120,0,0,0,0,0
planner_daily_h28,70,dual,45,0.0,True,805032.0417423958,0.0,1.0,14,0,106,0,14,0,0,0
planner_daily_h28,71,compound,45,0.0,True,1009170.512182036,0.0,1.0,12,0,98,10,12,0,0,0
planner_daily_h28,72,single,45,0.0,True,389423.29619734146,0.0,1.0,0,0,120,0,0,0,0,0
planner_daily_h28,73,dual,45,0.0,True,693685.6362106133,0.0,1.0,7,0,105,8,7,0,0,0
planner_daily_h28,74,compound,45,0.0,True,1055254.9419002929,0.0,1.0,15,0,96,9,15,0,0,0
planner_daily_h28,75,single,45,0.0,True,354033.02876500797,0.0,1.0,0,0,120,0,0,0,0,0
planner_daily_h28,76,dual,45,0.0,True,437816.4557252467,0.0,1.0,2,0,108,10,2,0,0,0
planner_daily_h28,77,compound,45,0.0,True,1538331.8139331774,0.0,1.0,31,7,14,0,31,75,0,0
planner_daily_h28,78,single,45,0.0,True,366959.20389469207,0.0,1.0,0,0,120,0,0,0,0,0
planner_daily_h28,79,dual,45,0.0,True,710862.9038303535,0.0,1.0,15,0,105,0,15,0,0,0
planner_daily_h28,80,compound,45,0.0,True,1142676.4240949554,0.0,1.0,13,0,15,8,13,84,0,0
planner_daily_h28,81,single,45,0.0,True,337758.122052658,0.0,1.0,0,0,120,0,0,0,0,0
planner_daily_h28,82,dual,45,102.0,True,584655.3073678158,0.30860140616521187,0.9141586357810819,1,0,72,10,1,37,0,0
planner_daily_h28,83,compound,45,23.0,True,1168796.648459862,0.11524841069719471,0.9949856265213497,18,0,92,10,18,0,0,0
planner_daily_h28,84,single,45,101.0,True,393254.25588956807,0.06745740913162779,0.99384768526459,0,0,114,6,0,0,0,0
planner_daily_h28,85,dual,45,0.0,True,607149.6671504985,0.0,1.0,5,0,105,10,5,0,0,0
planner_daily_h28,86,compound,45,25.0,True,1172805.5304352802,0.25904431762476743,0.9840241500580075,17,0,93,10,17,0,0,0
planner_daily_h28,87,single,45,0.0,True,341397.7589490199,0.0,1.0,0,0,120,0,0,0,0,0
planner_daily_h28,88,dual,45,0.0,True,560598.8412885115,0.0,1.0,6,0,104,10,6,0,0,0
planner_daily_h28,89,compound,45,0.0,True,1152593.6025828375,0.0,1.0,37,14,83,0,37,0,0,0
planner_daily_h28,90,single,45,0.0,True,337162.4379688453,0.0,1.0,1,0,118,1,1,0,0,0
planner_daily_h28,91,dual,45,110.0,False,703301.36497978,0.17201283162208875,0.9690005440915693,5,0,105,10,5,0,0,0
planner_daily_h28,92,compound,45,0.0,True,1352079.7047206608,0.0,0.999944446299323,18,0,12,9,18,81,0,0
planner_daily_h28,93,single,45,0.0,True,350558.7211635572,0.0,1.0,0,0,120,0,0,0,0,0
planner_daily_h28,94,dual,45,0.0,True,646027.078832773,0.0,1.0,6,0,105,9,6,0,0,0
planner_daily_h28,95,compound,45,0.0,True,1185955.6937310596,0.0,1.0,13,0,13,8,13,86,0,0
planner_daily_h28,96,single,45,0.0,True,306148.7515824124,0.0,1.0,0,0,120,0,0,0,0,0
planner_daily_h28,97,dual,45,0.0,True,770853.2695800386,0.0,1.0,5,0,18,8,5,89,0,0
planner_daily_h28,98,compound,45,0.0,True,1919925.7631236957,0.0,1.0,23,0,11,1,23,85,0,0
planner_daily_h28,99,single,45,0.0,True,306352.4595251112,0.0,1.0,0,0,120,0,0,0,0,0
planner_daily_h28,100,dual,45,0.0,True,474726.5941690233,0.0,1.0,3,0,107,10,3,0,0,0
planner_daily_h28,101,compound,45,22.0,True,1112982.321799509,0.2399730717569307,0.9868339399965924,15,0,95,10,15,0,0,0
planner_daily_h28,102,single,45,0.0,True,326763.64960782655,0.0,1.0,0,0,120,0,0,0,0,0
planner_daily_h28,103,dual,45,0.0,True,484670.05876118987,0.0,1.0,3,0,24,0,3,93,0,0
planner_daily_h28,104,compound,45,0.0,True,721553.6805936289,0.0,1.0,9,0,101,10,9,0,0,0
planner_daily_h28,105,single,45,0.0,True,300280.96014986484,0.0,1.0,0,0,120,0,0,0,0,0
planner_daily_h28,106,dual,45,0.0,True,1152306.7704674527,0.0,1.0,29,5,91,0,29,0,0,0
planner_daily_h28,107,compound,45,0.0,True,1222872.5035579046,0.0,1.0,27,4,93,0,27,0,0,0
planner_daily_h28,108,single,45,0.0,True,338096.6382815973,0.0,1.0,0,0,115,5,0,0,0,0
planner_daily_h28,109,dual,45,0.0,True,509130.1014838314,0.0,1.0,2,0,108,10,2,0,0,0
planner_daily_h28,110,compound,45,0.0,True,1586372.5651204516,0.0,1.0,30,6,19,0,30,71,0,0
planner_daily_h28,111,single,45,0.0,True,308557.75077564595,0.0,1.0,0,0,120,0,0,0,0,0
planner_daily_h28,112,dual,45,0.0,True,374430.0625605013,0.0,1.0,0,0,27,0,0,93,0,0
planner_daily_h28,113,compound,45,0.0,True,1439595.5235819952,0.0,1.0,28,5,14,0,28,78,0,0
planner_daily_h28,114,single,45,73.0,True,379402.6923918746,0.14755037954127823,0.9813178893516803,0,0,116,4,0,0,0,0
planner_daily_h28,115,dual,45,0.0,True,866879.3680188219,0.0,0.9987209600750547,9,0,21,10,9,80,0,0
planner_daily_h28,116,compound,45,0.0,True,1551790.0271736113,0.0,1.0,18,0,15,9,18,78,0,0
planner_daily_h28,117,single,45,0.0,True,367350.6092773071,0.0,1.0,0,0,120,0,0,0,0,0
planner_daily_h28,118,dual,45,0.0,True,1140511.5580870612,0.0,1.0,32,8,88,0,32,0,0,0
planner_daily_h28,119,compound,45,22.0,True,1206098.707260403,0.09468074225339909,0.9959514410413686,14,0,12,10,14,84,0,0
planner_daily_h28,120,single,45,0.0,True,309766.11145173974,0.0,1.0,0,0,120,0,0,0,0,0
planner_daily_h28,121,dual,45,0.0,True,688609.6768157791,0.0,1.0,8,0,102,10,8,0,0,0
planner_daily_h28,122,compound,45,109.0,True,868717.478573686,0.09692023152087102,0.9898155209446488,6,0,24,10,6,80,0,0
planner_daily_h28,123,single,45,0.0,True,332751.35278471693,0.0,1.0,0,0,120,0,0,0,0,0
planner_daily_h28,124,dual,45,81.0,True,533488.9355037297,0.18749489729441576,0.9708469682184583,3,0,107,10,3,0,0,0
planner_daily_h28,125,compound,45,0.0,True,1591365.3074776665,0.0,1.0,31,8,15,0,31,74,0,0
planner_daily_h28,126,single,45,0.0,True,350580.4776965405,0.0,1.0,0,0,120,0,0,0,0,0
planner_daily_h28,127,dual,45,0.0,True,540011.5034818506,0.0,1.0,4,0,107,9,4,0,0,0
planner_daily_h28,128,compound,45,0.0,True,847094.080213442,0.0,1.0,7,0,12,9,7,92,0,0
planner_daily_h28,129,single,45,110.0,False,440686.56368413975,0.31395061024749676,0.9006310796196079,0,0,115,5,0,0,0,0
planner_daily_h28,130,dual,45,0.0,True,1140173.1581737823,0.0,1.0,22,0,98,0,22,0,0,0
planner_daily_h28,131,compound,45,0.0,True,1125592.6099519185,0.0,1.0,13,0,15,10,13,82,0,0
planner_daily_h28,132,single,45,0.0,True,306042.40323181264,0.0,1.0,0,0,120,0,0,0,0,0
planner_daily_h28,133,dual,45,0.0,True,1360415.5217238371,0.0,1.0,27,3,16,0,27,77,0,0
planner_daily_h28,134,compound,45,0.0,True,969295.9097882288,0.0,1.0,14,0,97,9,14,0,0,0
planner_daily_h28,135,single,45,0.0,True,330494.15707214514,0.0,1.0,0,0,120,0,0,0,0,0
planner_daily_h28,136,dual,45,0.0,True,1073754.959865097,0.0,1.0,9,0,16,10,9,85,0,0
planner_daily_h28,137,compound,45,0.0,True,1402335.5992968748,0.0,1.0,21,0,16,0,21,83,0,0
planner_daily_h28,138,single,45,0.0,True,333015.80819978885,0.0,1.0,0,0,120,0,0,0,0,0
planner_daily_h28,139,dual,45,0.0,True,525519.9913567543,0.0,1.0,4,0,106,10,4,0,0,0
planner_daily_h28,140,compound,45,0.0,True,966272.8220705851,0.0,1.0,15,0,97,8,15,0,0,0
planner_daily_h28,141,single,45,0.0,True,312324.7554748658,0.0,1.0,0,0,120,0,0,0,0,0
planner_daily_h28,142,dual,45,0.0,True,1159753.707985975,0.0,1.0,21,0,99,0,21,0,0,0
planner_daily_h28,143,compound,45,0.0,True,1010803.0572274985,0.0,1.0,9,0,16,10,9,85,0,0
planner_daily_h28,144,single,45,109.0,True,396676.9885605595,0.16609769428223825,0.9730681276750606,0,0,118,2,0,0,0,0
planner_daily_h28,145,dual,45,0.0,True,515280.6310716915,0.0,1.0,4,0,106,10,4,0,0,0
planner_daily_h28,146,compound,45,109.0,True,953144.8530010274,0.23884521729617927,0.9407664483588121,8,0,40,10,8,62,0,0
planner_daily_h28,147,single,45,110.0,False,463391.46536198945,0.2162348050132365,0.9546588990767303,3,0,115,2,3,0,0,0
planner_daily_h28,148,dual,45,0.0,True,706898.5449204321,0.0,1.0,7,0,103,10,7,0,0,0
planner_daily_h28,149,compound,45,0.0,True,1244233.7519210412,0.0,1.0,29,6,91,0,29,0,0,0
planner_daily_h28,150,single,45,109.0,True,392329.72173562815,0.26818038204808503,0.9270994236794987,0,0,114,6,0,0,0,0
planner_daily_h28,151,dual,45,0.0,True,624645.7101267538,0.0,1.0,5,0,105,10,5,0,0,0
planner_daily_h28,152,compound,45,23.0,True,1295949.692196865,0.3431089044433521,0.9758914731189088,16,0,11,8,16,85,0,0
planner_daily_h28,153,single,45,0.0,True,331811.86494220654,0.0,1.0,0,0,120,0,0,0,0,0
planner_daily_h28,154,dual,45,108.0,True,514329.0859327852,0.19947110156017397,0.9589997015215677,5,0,113,2,5,0,0,0
planner_daily_h28,155,compound,45,22.0,True,1038480.6645422113,0.4240232497679547,0.9673039291637929,14,0,97,9,14,0,0,0
planner_daily_h28,156,single,45,0.0,True,343554.0177566679,0.0,1.0,0,0,120,0,0,0,0,0
planner_daily_h28,157,dual,45,0.0,True,520610.9148626816,0.0,1.0,3,0,107,10,3,0,0,0
planner_daily_h28,158,compound,45,0.0,True,1418979.8589922658,0.0,1.0,32,9,88,0,32,0,0,0
planner_daily_h28,159,single,45,0.0,True,341954.36269293004,0.0,1.0,0,0,120,0,0,0,0,0
planner_daily_h28,160,dual,45,0.0,True,810442.4128794986,0.0,1.0,8,0,23,6,8,83,0,0
planner_daily_h28,161,compound,45,0.0,True,1797717.732197669,0.0,1.0,22,0,10,3,22,85,0,0
planner_daily_h28,162,single,45,0.0,True,312872.04769200616,0.0,1.0,0,0,120,0,0,0,0,0
planner_daily_h28,163,dual,45,0.0,True,596121.5419037235,0.0,1.0,4,0,106,10,4,0,0,0
planner_daily_h28,164,compound,45,0.0,True,892462.7340173689,0.0,0.9990655169487563,12,0,98,10,12,0,0,0
planner_daily_h28,165,single,45,96.0,True,746666.7627647875,0.46335580885877226,0.8388559260575467,5,0,108,7,5,0,0,0
planner_daily_h28,166,dual,45,110.0,False,973750.6088181203,0.22075403421110126,0.9482415711186638,8,0,38,10,8,64,0,0
planner_daily_h28,167,compound,45,0.0,True,1184929.3706004804,0.0,1.0,37,13,83,0,37,0,0,0
planner_daily_h28,168,single,45,0.0,True,300551.9883111849,0.0,1.0,0,0,120,0,0,0,0,0
planner_daily_h28,169,dual,45,0.0,True,722561.0775354931,0.0,1.0,7,0,109,4,7,0,0,0
planner_daily_h28,170,compound,45,26.0,True,1250766.4534775845,0.20028421651742515,0.9904249099387163,39,15,81,0,39,0,0,0
planner_daily_h28,171,single,45,53.0,True,429406.093796555,0.2384534339974105,0.9734291386442901,3,0,117,0,3,0,0,0
planner_daily_h28,172,dual,45,0.0,True,1108760.475047387,0.0,1.0,20,0,100,0,20,0,0,0
planner_daily_h28,173,compound,45,0.0,True,1333376.9732717823,0.0,1.0,35,11,85,0,35,0,0,0
planner_daily_h28,174,single,45,0.0,True,311534.1986229018,0.0,1.0,0,0,120,0,0,0,0,0
planner_daily_h28,175,dual,45,0.0,True,943621.0389735254,0.0,1.0,19,0,101,0,19,0,0,0
planner_daily_h28,176,compound,45,110.0,False,723982.5818929062,0.2173151195111296,0.9509959195136163,5,0,33,10,5,72,0,0
planner_daily_h28,177,single,45,0.0,True,324692.8158774717,0.0,1.0,0,0,120,0,0,0,0,0
planner_daily_h28,178,dual,45,110.0,False,834216.045628698,0.23930021436386956,0.9410298651726314,7,0,38,10,7,65,0,0
planner_daily_h28,179,compound,45,0.0,True,851249.9129550821,0.0,1.0,14,0,97,9,14,0,0,0
planner_daily_h28,180,single,45,0.0,True,285998.1262193888,0.0,1.0,0,0,120,0,0,0,0,0
planner_daily_h28,181,dual,45,106.0,True,687356.2258089449,0.0954220887938579,0.9911091781405235,5,0,30,8,5,77,0,0
planner_daily_h28,182,compound,45,0.0,True,1086661.6474902446,0.0,1.0,15,0,15,9,15,81,0,0
planner_daily_h28,183,single,45,100.0,True,413264.05085840845,0.1986798455017346,0.9607132877119301,2,0,114,4,2,0,0,0
planner_daily_h28,184,dual,45,110.0,False,809759.713651773,0.05194382474611727,0.995049315152204,10,0,100,10,10,0,0,0
planner_daily_h28,185,compound,45,27.0,True,1376725.7327189401,0.2003058561865314,0.9890335479901035,16,0,16,7,16,81,0,0
planner_daily_h28,186,single,45,0.0,True,293258.44149094896,0.0,1.0,0,0,120,0,0,0,0,0
planner_daily_h28,187,dual,45,0.0,True,443118.61548866134,0.0,1.0,4,0,106,10,4,0,0,0
planner_daily_h28,188,compound,45,0.0,True,1216028.656800257,0.0,1.0,38,14,82,0,38,0,0,0
planner_daily_h28,189,single,45,0.0,True,397960.9610927234,0.0,1.0,0,0,118,2,0,0,0,0
planner_daily_h28,190,dual,45,88.0,True,557548.9194700063,0.30265494927444586,0.9295288728362635,3,0,107,10,3,0,0,0
planner_daily_h28,191,compound,45,0.0,True,1479388.0346024549,0.0,1.0,28,5,18,0,28,74,0,0
planner_daily_h28,192,single,45,0.0,True,371441.85187120416,0.0,1.0,0,0,119,1,0,0,0,0
planner_daily_h28,193,dual,45,0.0,True,1328029.0658890468,0.0,1.0,20,0,100,0,20,0,0,0
planner_daily_h28,194,compound,45,0.0,True,1253095.8854764514,0.0,1.0,38,14,82,0,38,0,0,0
planner_daily_h28,195,single,45,109.0,True,646323.912607395,0.3070401535305668,0.9065751920879909,7,0,113,0,7,0,0,0
planner_daily_h28,196,dual,45,0.0,True,571225.6165507612,0.0,1.0,3,0,14,10,3,93,0,0
planner_daily_h28,197,compound,45,0.0,True,1282325.67592822,0.0,1.0,32,8,12,0,32,76,0,0
planner_daily_h28,198,single,45,0.0,True,330999.16107774543,0.0,1.0,0,0,120,0,0,0,0,0
planner_daily_h28,199,dual,45,0.0,True,603691.6030853387,0.0,1.0,5,0,105,10,5,0,0,0
planner_daily_h28,0,single,46,0.0,True,332563.0591712982,0.0,1.0,0,0,120,0,0,0,0,0
planner_daily_h28,1,dual,46,0.0,True,794039.6932212786,0.0,1.0,6,0,19,10,6,85,0,0
planner_daily_h28,2,compound,46,0.0,True,1177557.9100074582,0.0,1.0,31,8,89,0,31,0,0,0
planner_daily_h28,3,single,46,0.0,True,345729.9334943593,0.0,1.0,0,0,120,0,0,0,0,0
planner_daily_h28,4,dual,46,0.0,True,1265188.0977407466,0.0,1.0,23,0,97,0,23,0,0,0
planner_daily_h28,5,compound,46,23.0,True,1313667.5820237172,0.40421971531511924,0.9683345032583327,17,0,10,8,17,85,0,0
planner_daily_h28,6,single,46,0.0,True,318135.58100319956,0.0,1.0,0,0,120,0,0,0,0,0
planner_daily_h28,7,dual,46,108.0,True,961174.9655079456,0.10693676635063254,0.9866291013670877,9,0,21,10,9,80,0,0
planner_daily_h28,8,compound,46,110.0,False,1275525.798484534,0.29866051027498214,0.9170916212743709,15,0,29,9,15,67,0,0
planner_daily_h28,9,single,46,110.0,False,340310.9055145124,0.12289913603573327,0.9783851116613511,0,0,116,4,0,0,0,0
planner_daily_h28,10,dual,46,54.0,True,611171.459210372,0.2172103322011032,0.9758296322968306,5,0,105,10,5,0,0,0
planner_daily_h28,11,compound,46,0.0,True,1450297.2914952114,0.0,1.0,32,8,88,0,32,0,0,0
planner_daily_h28,12,single,46,0.0,True,315779.98577202746,0.0,1.0,0,0,120,0,0,0,0,0
planner_daily_h28,13,dual,46,0.0,True,832096.1799904031,0.0,1.0,9,0,101,10,9,0,0,0
planner_daily_h28,14,compound,46,0.0,True,1286690.4897024678,0.0,1.0,15,0,10,9,15,86,0,0
planner_daily_h28,15,single,46,0.0,True,331926.0948761814,0.0,1.0,0,0,120,0,0,0,0,0
planner_daily_h28,16,dual,46,0.0,True,1312629.18197462,0.0,1.0,19,0,17,0,19,84,0,0
planner_daily_h28,17,compound,46,31.0,True,1240690.9065263374,0.39373679090550046,0.9599077812143381,39,15,81,0,39,0,0,0
planner_daily_h28,18,single,46,0.0,True,288014.11861538375,0.0,1.0,0,0,120,0,0,0,0,0
planner_daily_h28,19,dual,46,0.0,True,604206.0430850409,0.0,1.0,3,0,21,9,3,87,0,0
planner_daily_h28,20,compound,46,25.0,True,1511480.8840186056,0.2607673637709082,0.9829679034723292,32,8,17,0,32,71,0,0
planner_daily_h28,21,single,46,73.0,True,395936.9076884974,0.09483439157410467,0.9913329378507156,0,0,114,6,0,0,0,0
planner_daily_h28,22,dual,46,0.0,True,488402.4338494363,0.0,1.0,4,0,113,3,4,0,0,0
planner_daily_h28,23,compound,46,0.0,True,1362492.9211025396,0.0,1.0,37,13,11,0,37,72,0,0
planner_daily_h28,24,single,46,0.0,True,335530.25950484816,0.0,1.0,0,0,120,0,0,0,0,0
planner_daily_h28,25,dual,46,0.0,True,522363.2176444351,0.0,1.0,3,0,107,10,3,0,0,0
planner_daily_h28,26,compound,46,0.0,True,829792.2680177094,0.0,1.0,8,0,15,9,8,88,0,0
planner_daily_h28,27,single,46,0.0,True,352769.9531272985,0.0,1.0,0,0,120,0,0,0,0,0
planner_daily_h28,28,dual,46,0.0,True,634916.926685626,0.0,1.0,3,0,13,10,3,94,0,0
planner_daily_h28,29,compound,46,0.0,True,979946.3254481346,0.0,1.0,11,0,17,10,11,82,0,0
planner_daily_h28,30,single,46,0.0,True,335123.7686763864,0.0,1.0,0,0,120,0,0,0,0,0
planner_daily_h28,31,dual,46,0.0,True,1220282.7375254948,0.0,1.0,23,0,97,0,23,0,0,0
planner_daily_h28,32,compound,46,0.0,True,1435542.9372192726,0.0,1.0,25,2,16,0,25,79,0,0
planner_daily_h28,33,single,46,0.0,True,319467.05495977995,0.0,1.0,0,0,120,0,0,0,0,0
planner_daily_h28,34,dual,46,0.0,True,975526.3660130585,0.0,1.0,18,0,102,0,18,0,0,0
planner_daily_h28,35,compound,46,24.0,True,1178097.665978497,0.36176154496433927,0.9737998999807189,19,0,91,10,19,0,0,0
planner_daily_h28,36,single,46,0.0,True,328020.441271934,0.0,1.0,0,0,120,0,0,0,0,0
planner_daily_h28,37,dual,46,0.0,True,392199.6734427362,0.0,1.0,1,0,32,0,1,87,0,0
planner_daily_h28,38,compound,46,26.0,True,1312750.8332098564,0.30039081202285817,0.9740201979269624,39,15,81,0,39,0,0,0
planner_daily_h28,39,single,46,99.0,True,439982.965621249,0.2398180733407674,0.9429546183870929,0,0,114,6,0,0,0,0
planner_daily_h28,40,dual,46,100.0,True,575052.8897565003,0.1814573092104229,0.9686856218708114,9,0,111,0,9,0,0,0
planner_daily_h28,41,compound,46,29.0,True,1199162.1166666208,0.1912742988006009,0.989495911796667,37,14,83,0,37,0,0,0
planner_daily_h28,42,single,46,0.0,True,342818.814151824,0.0,1.0,0,0,120,0,0,0,0,0
planner_daily_h28,43,dual,46,0.0,True,1169587.2078286135,0.0,1.0,22,0,98,0,22,0,0,0
planner_daily_h28,44,compound,46,22.0,True,1616641.93358921,0.18957627541249242,0.9920548936165643,19,0,11,6,19,84,0,0
planner_daily_h28,45,single,46,0.0,True,327254.19400583865,0.0,1.0,0,0,120,0,0,0,0,0
planner_daily_h28,46,dual,46,0.0,True,1335794.0771605913,0.0,1.0,33,9,87,0,33,0,0,0
planner_daily_h28,47,compound,46,0.0,True,1194659.4205336468,0.0,1.0,13,0,13,9,13,85,0,0
planner_daily_h28,48,single,46,0.0,True,286310.8889315473,0.0,1.0,0,0,120,0,0,0,0,0
planner_daily_h28,49,dual,46,0.0,True,496975.7239529842,0.0,1.0,2,0,28,9,2,81,0,0
planner_daily_h28,50,compound,46,23.0,True,1429246.1054969116,0.17529119472977664,0.9924673237406164,18,0,12,9,18,81,0,0
planner_daily_h28,51,single,46,0.0,True,318727.92867564975,0.0,1.0,0,0,120,0,0,0,0,0
planner_daily_h28,52,dual,46,0.0,True,950394.5197235532,0.0,1.0,19,0,101,0,19,0,0,0
planner_daily_h28,53,compound,46,0.0,True,1048920.5906548966,0.0,1.0,14,0,10,8,14,88,0,0
planner_daily_h28,54,single,46,0.0,True,372758.61364649725,0.0,1.0,0,0,120,0,0,0,0,0
planner_daily_h28,55,dual,46,0.0,True,653878.1780188167,0.0,1.0,8,0,104,8,8,0,0,0
planner_daily_h28,56,compound,46,29.0,True,1366556.823738378,0.22257721870113925,0.9838010744582729,40,16,80,0,40,0,0,0
planner_daily_h28,57,single,46,0.0,True,361044.5789707878,0.0,1.0,0,0,120,0,0,0,0,0
planner_daily_h28,58,dual,46,110.0,False,747957.9849203606,0.02774994591132341,0.997349083277198,15,0,105,0,15,0,0,0
planner_daily_h28,59,compound,46,0.0,True,1018122.2522533295,0.0,1.0,14,0,97,9,14,0,0,0
planner_daily_h28,60,single,46,96.0,True,538797.1569263272,0.3661448052999269,0.8839994896423485,1,0,111,8,1,0,0,0
planner_daily_h28,61,dual,46,0.0,True,549418.7278480512,0.0,1.0,6,0,104,10,6,0,0,0
planner_daily_h28,62,compound,46,89.0,True,989947.4722971112,0.21735991901817178,0.9625127392443735,11,0,26,9,11,74,0,0
planner_daily_h28,63,single,46,0.0,True,311736.71299973066,0.0,1.0,0,0,120,0,0,0,0,0
planner_daily_h28,64,dual,46,0.0,True,1112498.0119886075,0.0,1.0,31,8,89,0,31,0,0,0
planner_daily_h28,65,compound,46,0.0,True,711822.4122816304,0.0,1.0,5,0,17,10,5,88,0,0
planner_daily_h28,66,single,46,0.0,True,293867.5376584437,0.0,1.0,0,0,120,0,0,0,0,0
planner_daily_h28,67,dual,46,0.0,True,1202091.1743096046,0.0,1.0,26,3,94,0,26,0,0,0
planner_daily_h28,68,compound,46,105.0,True,1166373.051279632,0.10861084264598314,0.9863568739768113,14,0,16,10,14,80,0,0
planner_daily_h28,69,single,46,0.0,True,333038.2265565908,0.0,1.0,0,0,120,0,0,0,0,0
planner_daily_h28,70,dual,46,0.0,True,739767.8459504482,0.0,1.0,10,0,21,0,10,89,0,0
planner_daily_h28,71,compound,46,0.0,True,959239.8434907406,0.0,1.0,11,0,99,10,11,0,0,0
planner_daily_h28,72,single,46,0.0,True,389423.29619734146,0.0,1.0,0,0,120,0,0,0,0,0
planner_daily_h28,73,dual,46,0.0,True,586956.7134926143,0.0,1.0,4,0,21,8,4,87,0,0
planner_daily_h28,74,compound,46,0.0,True,1084078.820958828,0.0,1.0,15,0,96,9,15,0,0,0
planner_daily_h28,75,single,46,0.0,True,354033.02876500797,0.0,1.0,0,0,120,0,0,0,0,0
planner_daily_h28,76,dual,46,80.0,True,526817.2004116274,0.16050328024337643,0.9801057025745715,3,0,107,10,3,0,0,0
planner_daily_h28,77,compound,46,0.0,True,1544768.3440514687,0.0,1.0,26,2,13,0,26,81,0,0
planner_daily_h28,78,single,46,0.0,True,366959.20389469207,0.0,1.0,0,0,120,0,0,0,0,0
planner_daily_h28,79,dual,46,0.0,True,809442.4942106032,0.0,1.0,17,0,103,0,17,0,0,0
planner_daily_h28,80,compound,46,0.0,True,1017342.2886955757,0.0,1.0,16,0,95,9,16,0,0,0
planner_daily_h28,81,single,46,0.0,True,337758.122052658,0.0,1.0,0,0,120,0,0,0,0,0
planner_daily_h28,82,dual,46,0.0,True,765982.0525457625,0.0,1.0,5,0,16,10,5,89,0,0
planner_daily_h28,83,compound,46,24.0,True,1497095.722887959,0.12018420877005327,0.9930568941951158,19,0,10,10,19,81,0,0
planner_daily_h28,84,single,46,101.0,True,393254.25588956807,0.06745740913162779,0.99384768526459,0,0,115,5,0,0,0,0
planner_daily_h28,85,dual,46,0.0,True,579425.4374968793,0.0,1.0,5,0,105,10,5,0,0,0
planner_daily_h28,86,compound,46,0.0,True,1436244.3736619104,0.0,0.9996777603943269,17,0,12,9,17,82,0,0
planner_daily_h28,87,single,46,0.0,True,341397.7589490199,0.0,1.0,0,0,120,0,0,0,0,0
planner_daily_h28,88,dual,46,0.0,True,463750.3670898116,0.0,1.0,2,0,18,9,2,91,0,0
planner_daily_h28,89,compound,46,0.0,True,1152593.6025828375,0.0,1.0,37,14,83,0,37,0,0,0
planner_daily_h28,90,single,46,0.0,True,320732.6354951546,0.0,1.0,1,0,119,0,1,0,0,0
planner_daily_h28,91,dual,46,109.0,True,813912.2531094963,0.3720466858447957,0.8696883988396662,4,0,106,10,4,0,0,0
planner_daily_h28,92,compound,46,108.0,True,1096623.4347282003,0.23229020797536143,0.9455362933755157,13,0,21,9,13,77,0,0
planner_daily_h28,93,single,46,0.0,True,350558.7211635572,0.0,1.0,0,0,120,0,0,0,0,0
planner_daily_h28,94,dual,46,0.0,True,589781.5312841429,0.0,1.0,4,0,107,9,4,0,0,0
planner_daily_h28,95,compound,46,0.0,True,816432.1334641504,0.0,1.0,12,0,99,9,12,0,0,0
planner_daily_h28,96,single,46,0.0,True,306148.7515824124,0.0,1.0,0,0,120,0,0,0,0,0
planner_daily_h28,97,dual,46,0.0,True,795378.9385340096,0.0,1.0,5,0,19,10,5,86,0,0
planner_daily_h28,98,compound,46,0.0,True,1797313.4054783303,0.0,1.0,22,0,11,2,22,85,0,0
planner_daily_h28,99,single,46,0.0,True,306352.4595251112,0.0,1.0,0,0,120,0,0,0,0,0
planner_daily_h28,100,dual,46,0.0,True,430039.61497452814,0.0,1.0,2,0,108,10,2,0,0,0
planner_daily_h28,101,compound,46,22.0,True,1101041.2388677,0.23072091818683846,0.9878346914802639,17,0,93,10,17,0,0,0
planner_daily_h28,102,single,46,0.0,True,326763.64960782655,0.0,1.0,0,0,120,0,0,0,0,0
planner_daily_h28,103,dual,46,0.0,True,415148.91875837324,0.0,1.0,3,0,117,0,3,0,0,0
planner_daily_h28,104,compound,46,0.0,True,722352.3233627685,0.0,1.0,6,0,14,10,6,90,0,0
planner_daily_h28,105,single,46,0.0,True,300280.96014986484,0.0,1.0,0,0,120,0,0,0,0,0
planner_daily_h28,106,dual,46,0.0,True,1163701.947286061,0.0,1.0,27,3,93,0,27,0,0,0
planner_daily_h28,107,compound,46,0.0,True,1479004.4453864733,0.0,1.0,23,0,14,0,23,83,0,0
planner_daily_h28,108,single,46,0.0,True,329701.4372536878,0.0,1.0,0,0,116,4,0,0,0,0
planner_daily_h28,109,dual,46,0.0,True,608808.1573250735,0.0,1.0,4,0,107,9,4,0,0,0
planner_daily_h28,110,compound,46,36.0,True,1344316.7368743755,0.056094638100096315,0.9953552779315593,36,12,84,0,36,0,0,0
planner_daily_h28,111,single,46,0.0,True,308557.75077564595,0.0,1.0,0,0,120,0,0,0,0,0
planner_daily_h28,112,dual,46,0.0,True,518527.17217642814,0.0,1.0,3,0,24,2,3,91,0,0
planner_daily_h28,113,compound,46,0.0,True,1450223.451614774,0.0,1.0,28,5,15,0,28,77,0,0
planner_daily_h28,114,single,46,73.0,True,379402.6923918746,0.14755037954127823,0.9813178893516803,0,0,115,5,0,0,0,0
planner_daily_h28,115,dual,46,0.0,True,866879.3680188219,0.0,0.9987209600750547,9,0,22,10,9,79,0,0
planner_daily_h28,116,compound,46,0.0,True,741937.5548892166,0.0,1.0,5,0,20,9,5,86,0,0
planner_daily_h28,117,single,46,0.0,True,367350.6092773071,0.0,1.0,0,0,120,0,0,0,0,0
planner_daily_h28,118,dual,46,0.0,True,1140511.5580870612,0.0,1.0,31,7,89,0,31,0,0,0
planner_daily_h28,119,compound,46,21.0,True,1458260.4951411032,0.09989696702099785,0.9958287178846198,19,0,10,8,19,83,0,0
planner_daily_h28,120,single,46,0.0,True,309766.11145173974,0.0,1.0,0,0,120,0,0,0,0,0
planner_daily_h28,121,dual,46,0.0,True,680053.1712610737,0.0,1.0,7,0,103,10,7,0,0,0
planner_daily_h28,122,compound,46,109.0,True,877537.3578166433,0.1547476620553497,0.9750579972960552,6,0,26,10,6,78,0,0
planner_daily_h28,123,single,46,0.0,True,332751.35278471693,0.0,1.0,0,0,120,0,0,0,0,0
planner_daily_h28,124,dual,46,81.0,True,533488.9355037297,0.18749489729441576,0.9708469682184583,3,0,107,10,3,0,0,0
planner_daily_h28,125,compound,46,0.0,True,1336435.4478721328,0.0,1.0,31,8,89,0,31,0,0,0
planner_daily_h28,126,single,46,0.0,True,350580.4776965405,0.0,1.0,0,0,120,0,0,0,0,0
planner_daily_h28,127,dual,46,0.0,True,383205.9121548147,0.0,1.0,0,0,24,0,0,96,0,0
planner_daily_h28,128,compound,46,0.0,True,1082588.3536667705,0.0,1.0,11,0,13,9,11,87,0,0
planner_daily_h28,129,single,46,110.0,False,459497.51164682326,0.3437100767064801,0.8847501226967666,0,0,113,7,0,0,0,0
planner_daily_h28,130,dual,46,0.0,True,1209224.8849283291,0.0,1.0,24,1,96,0,24,0,0,0
planner_daily_h28,131,compound,46,0.0,True,958993.0159141454,0.0,1.0,12,0,98,10,12,0,0,0
planner_daily_h28,132,single,46,0.0,True,306042.40323181264,0.0,1.0,0,0,120,0,0,0,0,0
planner_daily_h28,133,dual,46,0.0,True,1360415.5217238371,0.0,1.0,26,2,16,0,26,78,0,0
planner_daily_h28,134,compound,46,0.0,True,1267294.392953248,0.0,1.0,15,0,11,8,15,86,0,0
planner_daily_h28,135,single,46,0.0,True,330494.15707214514,0.0,1.0,0,0,120,0,0,0,0,0
planner_daily_h28,136,dual,46,0.0,True,1086844.067514317,0.0,1.0,9,0,22,10,9,79,0,0
planner_daily_h28,137,compound,46,0.0,True,1593698.3025498097,0.0,1.0,27,4,16,0,27,77,0,0
planner_daily_h28,138,single,46,0.0,True,333015.80819978885,0.0,1.0,0,0,120,0,0,0,0,0
planner_daily_h28,139,dual,46,0.0,True,482016.42436705966,0.0,1.0,3,0,107,10,3,0,0,0
planner_daily_h28,140,compound,46,0.0,True,845107.9597559115,0.0,1.0,13,0,97,10,13,0,0,0
planner_daily_h28,141,single,46,0.0,True,312324.7554748658,0.0,1.0,0,0,120,0,0,0,0,0
planner_daily_h28,142,dual,46,0.0,True,1159753.707985975,0.0,1.0,21,0,99,0,21,0,0,0
planner_daily_h28,143,compound,46,0.0,True,1516329.6992456412,0.0,1.0,17,0,13,9,17,81,0,0
planner_daily_h28,144,single,46,109.0,True,396676.9885605595,0.16609769428223825,0.9730681276750606,0,0,118,2,0,0,0,0
planner_daily_h28,145,dual,46,69.0,True,673080.9850949956,0.2656531444092663,0.9547141285338355,4,0,28,10,4,78,0,0
planner_daily_h28,146,compound,46,110.0,False,945334.1546558872,0.26159776830380954,0.9322114702623417,7,0,43,10,7,60,0,0
planner_daily_h28,147,single,46,93.0,True,436498.57241338847,0.2685016779145293,0.9374464978736364,2,0,116,2,2,0,0,0
planner_daily_h28,148,dual,46,102.0,True,679800.3099318993,0.0852771067177623,0.9921979335246811,7,0,103,10,7,0,0,0
planner_daily_h28,149,compound,46,0.0,True,1244233.7519210412,0.0,1.0,29,6,91,0,29,0,0,0
planner_daily_h28,150,single,46,108.0,True,455030.24870410236,0.2983420226064309,0.9131888844889976,1,0,112,7,1,0,0,0
planner_daily_h28,151,dual,46,0.0,True,624638.2416997012,0.0,1.0,5,0,105,10,5,0,0,0
planner_daily_h28,152,compound,46,23.0,True,1185795.4951742867,0.3473414658011982,0.9755303954819923,14,0,14,10,14,82,0,0
planner_daily_h28,153,single,46,0.0,True,365270.4468544771,0.0,1.0,0,0,118,2,0,0,0,0
planner_daily_h28,154,dual,46,108.0,True,609412.2383638041,0.07493726829604502,0.9929384156338285,6,0,111,3,6,0,0,0
planner_daily_h28,155,compound,46,22.0,True,1221661.0130709796,0.40203403388323977,0.9704450734337313,15,0,12,9,15,84,0,0
planner_daily_h28,156,single,46,0.0,True,343554.0177566679,0.0,1.0,0,0,120,0,0,0,0,0
planner_daily_h28,157,dual,46,0.0,True,520343.8069547745,0.0,1.0,3,0,107,10,3,0,0,0
planner_daily_h28,158,compound,46,0.0,True,1418979.8589922658,0.0,1.0,32,9,88,0,32,0,0,0
planner_daily_h28,159,single,46,0.0,True,341954.36269293004,0.0,1.0,0,0,120,0,0,0,0,0
planner_daily_h28,160,dual,46,0.0,True,583017.5244664246,0.0,1.0,6,0,106,8,6,0,0,0
planner_daily_h28,161,compound,46,0.0,True,1252275.727569953,0.0,1.0,16,0,14,8,16,82,0,0
planner_daily_h28,162,single,46,0.0,True,312872.04769200616,0.0,1.0,0,0,120,0,0,0,0,0
planner_daily_h28,163,dual,46,0.0,True,596062.19968691,0.0,1.0,4,0,106,10,4,0,0,0
planner_daily_h28,164,compound,46,0.0,True,955308.7115922222,0.0,0.9990655169487563,14,0,97,9,14,0,0,0
planner_daily_h28,165,single,46,90.0,True,570526.0371056772,0.32434227327478393,0.9204270375846866,2,0,110,8,2,0,0,0
planner_daily_h28,166,dual,46,110.0,False,973750.6088181203,0.22075403421110126,0.9482415711186638,8,0,37,10,8,65,0,0
planner_daily_h28,167,compound,46,0.0,True,1184929.3706004804,0.0,1.0,37,13,83,0,37,0,0,0
planner_daily_h28,168,single,46,0.0,True,300551.9883111849,0.0,1.0,0,0,120,0,0,0,0,0
planner_daily_h28,169,dual,46,0.0,True,629206.0009845268,0.0,1.0,6,0,109,5,6,0,0,0
planner_daily_h28,170,compound,46,26.0,True,1250766.4534775845,0.20028421651742515,0.9904249099387163,39,15,81,0,39,0,0,0
planner_daily_h28,171,single,46,109.0,True,427436.21249565936,0.17906988884522523,0.9670609249610252,2,0,118,0,2,0,0,0
planner_daily_h28,172,dual,46,0.0,True,1181726.6633576504,0.0,1.0,21,0,99,0,21,0,0,0
planner_daily_h28,173,compound,46,0.0,True,1580227.933047946,0.0,1.0,30,6,15,0,30,75,0,0
planner_daily_h28,174,single,46,0.0,True,311534.1986229018,0.0,1.0,0,0,120,0,0,0,0,0
planner_daily_h28,175,dual,46,0.0,True,1129767.6306451263,0.0,1.0,19,0,17,0,19,84,0,0
planner_daily_h28,176,compound,46,0.0,True,943139.7199175506,0.0,1.0,13,0,97,10,13,0,0,0
planner_daily_h28,177,single,46,0.0,True,324692.8158774717,0.0,1.0,0,0,120,0,0,0,0,0
planner_daily_h28,178,dual,46,0.0,True,662542.2784637643,0.0,1.0,4,0,18,10,4,88,0,0
planner_daily_h28,179,compound,46,0.0,True,968544.8479955562,0.0,1.0,15,0,97,8,15,0,0,0
planner_daily_h28,180,single,46,0.0,True,285998.1262193888,0.0,1.0,0,0,120,0,0,0,0,0
planner_daily_h28,181,dual,46,0.0,True,608676.2340836913,0.0,1.0,5,0,106,9,5,0,0,0
planner_daily_h28,182,compound,46,0.0,True,1446974.8158179298,0.0,1.0,21,0,15,3,21,81,0,0
planner_daily_h28,183,single,46,85.0,True,383145.32328967773,0.31315945766279124,0.9293702309096507,0,0,115,5,0,0,0,0
planner_daily_h28,184,dual,46,110.0,False,809759.713651773,0.05194382474611727,0.995049315152204,10,0,100,10,10,0,0,0
planner_daily_h28,185,compound,46,97.0,True,831059.8819610734,0.10297899329128009,0.9885755933781998,8,0,26,10,8,76,0,0
planner_daily_h28,186,single,46,0.0,True,293258.44149094896,0.0,1.0,0,0,120,0,0,0,0,0
planner_daily_h28,187,dual,46,0.0,True,435025.1531426874,0.0,1.0,3,0,107,10,3,0,0,0
planner_daily_h28,188,compound,46,0.0,True,1436678.8717984296,0.0,1.0,38,14,10,0,38,72,0,0
planner_daily_h28,189,single,46,93.0,True,403697.118973364,0.11427094572881948,0.9868496553235676,0,0,116,4,0,0,0,0
planner_daily_h28,190,dual,46,81.0,True,646413.9927182178,0.3927170498686158,0.8952854697649524,5,0,105,10,5,0,0,0
planner_daily_h28,191,compound,46,0.0,True,1479388.0346024549,0.0,1.0,27,4,20,0,27,73,0,0
planner_daily_h28,192,single,46,0.0,True,371441.85187120416,0.0,1.0,0,0,119,1,0,0,0,0
planner_daily_h28,193,dual,46,0.0,True,1315400.6441062368,0.0,1.0,20,0,100,0,20,0,0,0
planner_daily_h28,194,compound,46,0.0,True,1253095.8854764514,0.0,1.0,38,14,82,0,38,0,0,0
planner_daily_h28,195,single,46,103.0,True,495312.95932781935,0.19128967872705413,0.9613546053443917,5,0,115,0,5,0,0,0
planner_daily_h28,196,dual,46,0.0,True,627094.7650300392,0.0,1.0,4,0,10,10,4,96,0,0
planner_daily_h28,197,compound,46,0.0,True,1103802.2762440587,0.0,1.0,34,10,86,0,34,0,0,0
planner_daily_h28,198,single,46,0.0,True,330999.16107774543,0.0,1.0,0,0,120,0,0,0,0,0
planner_daily_h28,199,dual,46,0.0,True,603691.6030853387,0.0,1.0,5,0,105,10,5,0,0,0
planner_daily_h56,0,single,42,0.0,True,332563.0591712982,0.0,1.0,0,0,120,0,0,0,0,0
planner_daily_h56,1,dual,42,0.0,True,1160945.4172273106,0.0,1.0,16,0,94,10,16,0,0,0
planner_daily_h56,2,compound,42,0.0,True,1177557.9100074582,0.0,1.0,34,11,86,0,34,0,0,0
planner_daily_h56,3,single,42,0.0,True,522051.30074176437,0.0,1.0,5,0,115,0,5,0,0,0
planner_daily_h56,4,dual,42,0.0,True,1247949.5121676286,0.0,1.0,31,7,89,0,31,0,0,0
planner_daily_h56,5,compound,42,22.0,True,1386546.251275178,0.3657701238292039,0.9747903064366589,24,2,86,10,24,0,0,0
planner_daily_h56,6,single,42,0.0,True,555350.5457171116,0.0,1.0,3,0,108,9,3,0,0,0
planner_daily_h56,7,dual,42,0.0,True,1592821.1658367307,0.0,1.0,22,0,88,10,22,0,0,0
planner_daily_h56,8,compound,42,0.0,True,1115203.7523866983,0.0,1.0,16,0,95,9,16,0,0,0
planner_daily_h56,9,single,42,0.0,True,457352.9123650656,0.0,1.0,4,0,106,10,4,0,0,0
planner_daily_h56,10,dual,42,108.0,True,623793.245231806,0.1711063237416148,0.9702813989062744,5,0,105,10,5,0,0,0
planner_daily_h56,11,compound,42,0.0,True,1441255.8595860046,0.0,1.0,36,12,84,0,36,0,0,0
planner_daily_h56,12,single,42,110.0,False,690297.0720688495,0.1143897108028801,0.9849651217674755,13,0,107,0,13,0,0,0
planner_daily_h56,13,dual,42,0.0,True,1371296.6969068612,0.0,1.0,18,0,92,10,18,0,0,0
planner_daily_h56,14,compound,42,0.0,True,1386012.592099715,0.0,1.0,18,0,92,10,18,0,0,0
planner_daily_h56,15,single,42,0.0,True,855470.1020716487,0.0,1.0,11,0,104,5,11,0,0,0
planner_daily_h56,16,dual,42,0.0,True,1342052.5841140621,0.0,1.0,31,7,89,0,31,0,0,0
planner_daily_h56,17,compound,42,31.0,True,1240690.9065263374,0.39373679090550046,0.9599077812143381,39,15,81,0,39,0,0,0
planner_daily_h56,18,single,42,0.0,True,361567.6431572327,0.0,1.0,3,0,117,0,3,0,0,0
planner_daily_h56,19,dual,42,110.0,False,875461.3914808467,0.1810058504264872,0.9663634542954972,13,0,98,9,13,0,0,0
planner_daily_h56,20,compound,42,28.0,True,1358159.8227267193,0.47756267573337857,0.948667845140489,39,15,81,0,39,0,0,0
planner_daily_h56,21,single,42,74.0,True,539218.2823173195,0.13883632038823365,0.9851583224323317,3,0,108,9,3,0,0,0
planner_daily_h56,22,dual,42,0.0,True,376365.21105996234,0.0,1.0,0,0,111,9,0,0,0,0
planner_daily_h56,23,compound,42,0.0,True,1152947.557970357,0.0,1.0,40,16,80,0,40,0,0,0
planner_daily_h56,24,single,42,0.0,True,818270.6788032901,0.0,1.0,11,0,105,4,11,0,0,0
planner_daily_h56,25,dual,42,0.0,True,542181.3534992422,0.0,1.0,3,0,107,10,3,0,0,0
planner_daily_h56,26,compound,42,0.0,True,1249164.5782121003,0.0,1.0,18,0,93,9,18,0,0,0
planner_daily_h56,27,single,42,0.0,True,579508.369226913,0.0,1.0,6,0,114,0,6,0,0,0
planner_daily_h56,28,dual,42,0.0,True,598742.0020145739,0.0,1.0,6,0,104,10,6,0,0,0
planner_daily_h56,29,compound,42,0.0,True,1459173.2210615883,0.0,1.0,22,0,88,10,22,0,0,0
planner_daily_h56,30,single,42,0.0,True,439853.49520755134,0.0,1.0,1,0,109,10,1,0,0,0
planner_daily_h56,31,dual,42,0.0,True,1213917.893930364,0.0,1.0,28,5,92,0,28,0,0,0
planner_daily_h56,32,compound,42,0.0,True,1193589.0001530931,0.0,1.0,37,13,83,0,37,0,0,0
planner_daily_h56,33,single,42,0.0,True,372536.8332729593,0.0,1.0,1,0,119,0,1,0,0,0
planner_daily_h56,34,dual,42,0.0,True,1231115.5819697138,0.0,1.0,28,4,92,0,28,0,0,0
planner_daily_h56,35,compound,42,0.0,True,1163625.4530225375,0.0,1.0,19,0,91,10,19,0,0,0
planner_daily_h56,36,single,42,0.0,True,353799.3990664959,0.0,1.0,1,0,119,0,1,0,0,0
planner_daily_h56,37,dual,42,0.0,True,1333680.9438002617,0.0,1.0,24,0,96,0,24,0,0,0
planner_daily_h56,38,compound,42,26.0,True,1312750.8332098564,0.30039081202285817,0.9740201979269624,39,15,81,0,39,0,0,0
planner_daily_h56,39,single,42,100.0,True,697704.0489061094,0.23879476058797663,0.947312170321761,8,0,103,9,8,0,0,0
planner_daily_h56,40,dual,42,0.0,True,1246590.4954399539,0.0,1.0,25,1,95,0,25,0,0,0
planner_daily_h56,41,compound,42,29.0,True,1207858.7286982434,0.1912742988006009,0.989495911796667,41,17,79,0,41,0,0,0
planner_daily_h56,42,single,42,0.0,True,342818.814151824,0.0,1.0,0,0,120,0,0,0,0,0
planner_daily_h56,43,dual,42,0.0,True,1213182.7877388808,0.0,1.0,30,6,90,0,30,0,0,0
planner_daily_h56,44,compound,42,33.0,True,1472456.7939557338,0.30243442208710414,0.9708520807256057,23,0,87,10,23,0,0,0
planner_daily_h56,45,single,42,0.0,True,327254.19400583865,0.0,1.0,0,0,120,0,0,0,0,0
planner_daily_h56,46,dual,42,0.0,True,1318157.932641958,0.0,1.0,36,12,84,0,36,0,0,0
planner_daily_h56,47,compound,42,0.0,True,1630765.6430030416,0.0,1.0,25,3,85,10,25,0,0,0
planner_daily_h56,48,single,42,0.0,True,286310.8889315473,0.0,1.0,0,0,120,0,0,0,0,0
planner_daily_h56,49,dual,42,0.0,True,1031664.7788441017,0.0,1.0,15,0,95,10,15,0,0,0
planner_daily_h56,50,compound,42,0.0,True,1643242.394953951,0.0,1.0,22,0,88,10,22,0,0,0
planner_daily_h56,51,single,42,0.0,True,520563.53752840677,0.0,1.0,5,0,108,7,5,0,0,0
planner_daily_h56,52,dual,42,0.0,True,1158114.9238440674,0.0,1.0,31,8,89,0,31,0,0,0
planner_daily_h56,53,compound,42,0.0,True,1181932.6901249099,0.0,1.0,19,0,91,10,19,0,0,0
planner_daily_h56,54,single,42,0.0,True,372758.61364649725,0.0,1.0,0,0,120,0,0,0,0,0
planner_daily_h56,55,dual,42,0.0,True,360639.52890946815,0.0,1.0,0,0,110,10,0,0,0,0
planner_daily_h56,56,compound,42,28.0,True,1323960.495409838,0.19263817384948903,0.9905074552524923,41,17,79,0,41,0,0,0
planner_daily_h56,57,single,42,0.0,True,361044.5789707878,0.0,1.0,0,0,120,0,0,0,0,0
planner_daily_h56,58,dual,42,0.0,True,1211476.7564857537,0.0,1.0,27,3,93,0,27,0,0,0
planner_daily_h56,59,compound,42,0.0,True,1376099.5175877505,0.0,1.0,20,0,91,9,20,0,0,0
planner_daily_h56,60,single,42,95.0,True,394484.9398991921,0.14695242691556532,0.979841570108844,0,0,110,10,0,0,0,0
planner_daily_h56,61,dual,42,0.0,True,346233.10561880714,0.0,1.0,0,0,110,10,0,0,0,0
planner_daily_h56,62,compound,42,0.0,True,1141638.3340081745,0.0,1.0,18,0,92,10,18,0,0,0
planner_daily_h56,63,single,42,0.0,True,616605.0394378931,0.0,0.9992215798855594,10,0,110,0,10,0,0,0
planner_daily_h56,64,dual,42,0.0,True,1101978.4498363337,0.0,1.0,33,10,87,0,33,0,0,0
planner_daily_h56,65,compound,42,0.0,True,1022491.0267128288,0.0,1.0,14,0,96,10,14,0,0,0
planner_daily_h56,66,single,42,0.0,True,320197.35291889193,0.0,1.0,1,0,119,0,1,0,0,0
planner_daily_h56,67,dual,42,0.0,True,1170676.0526192917,0.0,1.0,31,8,89,0,31,0,0,0
planner_daily_h56,68,compound,42,22.0,True,1503463.5074321877,0.16541889270339552,0.9930320521791096,21,0,89,10,21,0,0,0
planner_daily_h56,69,single,42,0.0,True,333038.2265565908,0.0,1.0,0,0,120,0,0,0,0,0
planner_daily_h56,70,dual,42,0.0,True,1278561.56908708,0.0,1.0,29,5,91,0,29,0,0,0
planner_daily_h56,71,compound,42,0.0,True,1448770.3655303793,0.0,1.0,19,0,91,10,19,0,0,0
planner_daily_h56,72,single,42,0.0,True,389423.29619734146,0.0,1.0,0,0,120,0,0,0,0,0
planner_daily_h56,73,dual,42,0.0,True,412581.52702881006,0.0,1.0,1,0,109,10,1,0,0,0
planner_daily_h56,74,compound,42,0.0,True,1508699.9705839937,0.0,1.0,22,0,88,10,22,0,0,0
planner_daily_h56,75,single,42,0.0,True,354033.02876500797,0.0,1.0,0,0,120,0,0,0,0,0
planner_daily_h56,76,dual,42,107.0,True,757496.5899902389,0.297017997224602,0.9135344159416467,8,0,102,10,8,0,0,0
planner_daily_h56,77,compound,42,0.0,True,1275526.5625832197,0.0,1.0,37,13,83,0,37,0,0,0
planner_daily_h56,78,single,42,0.0,True,828559.0740464098,0.0,1.0,9,0,105,6,9,0,0,0
planner_daily_h56,79,dual,42,0.0,True,1131085.3492916103,0.0,1.0,27,3,93,0,27,0,0,0
planner_daily_h56,80,compound,42,0.0,True,1434494.3547464535,0.0,1.0,22,0,89,9,22,0,0,0
planner_daily_h56,81,single,42,0.0,True,365227.7421801626,0.0,1.0,1,0,119,0,1,0,0,0
planner_daily_h56,82,dual,42,0.0,True,1002263.3535460196,0.0,1.0,14,0,96,10,14,0,0,0
planner_daily_h56,83,compound,42,23.0,True,1439998.3398603667,0.31824311574892883,0.978699693621179,21,0,89,10,21,0,0,0
planner_daily_h56,84,single,42,110.0,False,578951.9657271727,0.21887871124634367,0.9508319404825957,3,0,107,10,3,0,0,0
planner_daily_h56,85,dual,42,0.0,True,671281.8923349342,0.0,1.0,7,0,103,10,7,0,0,0
planner_daily_h56,86,compound,42,26.0,True,1381076.7001994702,0.29137561440495463,0.9801018660757664,22,0,88,10,22,0,0,0
planner_daily_h56,87,single,42,0.0,True,341397.7589490199,0.0,1.0,0,0,120,0,0,0,0,0
planner_daily_h56,88,dual,42,108.0,True,708568.3599460563,0.12398170440049448,0.9836635011683482,11,0,99,10,11,0,0,0
planner_daily_h56,89,compound,42,0.0,True,1152593.6025828375,0.0,1.0,38,15,82,0,38,0,0,0
planner_daily_h56,90,single,42,0.0,True,358905.2598325947,0.0,1.0,0,0,110,10,0,0,0,0
planner_daily_h56,91,dual,42,110.0,False,1028137.6961009823,0.19961556432865443,0.957800540861847,11,0,99,10,11,0,0,0
planner_daily_h56,92,compound,42,0.0,True,1458631.4793427933,0.0,0.9993953462598035,22,0,89,9,22,0,0,0
planner_daily_h56,93,single,42,0.0,True,350558.7211635572,0.0,1.0,0,0,120,0,0,0,0,0
planner_daily_h56,94,dual,42,0.0,True,535922.4020365508,0.0,1.0,3,0,107,10,3,0,0,0
planner_daily_h56,95,compound,42,0.0,True,1019545.8223589718,0.0,1.0,15,0,96,9,15,0,0,0
planner_daily_h56,96,single,42,0.0,True,782918.9306942192,0.0,1.0,16,0,104,0,16,0,0,0
planner_daily_h56,97,dual,42,0.0,True,415177.091120473,0.0,1.0,1,0,109,10,1,0,0,0
planner_daily_h56,98,compound,42,0.0,True,1486107.845140465,0.0,1.0,23,1,88,9,23,0,0,0
planner_daily_h56,99,single,42,0.0,True,556184.1309811062,0.0,1.0,8,0,107,5,8,0,0,0
planner_daily_h56,100,dual,42,0.0,True,367670.83047968236,0.0,1.0,1,0,109,10,1,0,0,0
planner_daily_h56,101,compound,42,22.0,True,1477610.313971393,0.24363064585276484,0.9864951499797141,21,0,89,10,21,0,0,0
planner_daily_h56,102,single,42,0.0,True,326763.64960782655,0.0,1.0,0,0,120,0,0,0,0,0
planner_daily_h56,103,dual,42,0.0,True,1330623.9355776794,0.0,1.0,24,0,96,0,24,0,0,0
planner_daily_h56,104,compound,42,0.0,True,1124210.3885813125,0.0,1.0,16,0,94,10,16,0,0,0
planner_daily_h56,105,single,42,0.0,True,417350.2583737099,0.0,1.0,2,0,109,9,2,0,0,0
planner_daily_h56,106,dual,42,0.0,True,1152306.7704674527,0.0,1.0,32,8,88,0,32,0,0,0
planner_daily_h56,107,compound,42,0.0,True,1227290.2584382468,0.0,1.0,34,10,86,0,34,0,0,0
planner_daily_h56,108,single,42,0.0,True,536371.155359472,0.0,1.0,5,0,105,10,5,0,0,0
planner_daily_h56,109,dual,42,0.0,True,430441.9000615536,0.0,1.0,0,0,110,10,0,0,0,0
planner_daily_h56,110,compound,42,0.0,True,1281569.6302809934,0.0,1.0,41,17,79,0,41,0,0,0
planner_daily_h56,111,single,42,0.0,True,360553.2563707601,0.0,1.0,0,0,117,3,0,0,0,0
planner_daily_h56,112,dual,42,0.0,True,409929.0691841285,0.0,1.0,1,0,109,10,1,0,0,0
planner_daily_h56,113,compound,42,0.0,True,1173766.8135215682,0.0,1.0,35,12,85,0,35,0,0,0
planner_daily_h56,114,single,42,110.0,False,539275.3818678422,0.15365069322160996,0.9735309344282226,4,0,108,8,4,0,0,0
planner_daily_h56,115,dual,42,0.0,True,1140083.1103027503,0.0,1.0,17,0,93,10,17,0,0,0
planner_daily_h56,116,compound,42,0.0,True,1495460.036530826,0.0,1.0,22,0,89,9,22,0,0,0
planner_daily_h56,117,single,42,0.0,True,439017.5619896512,0.0,1.0,2,0,118,0,2,0,0,0
planner_daily_h56,118,dual,42,0.0,True,1140511.5580870612,0.0,1.0,33,9,87,0,33,0,0,0
planner_daily_h56,119,compound,42,23.0,True,1392868.4409977784,0.2520708770534506,0.9853290165689667,19,0,91,10,19,0,0,0
planner_daily_h56,120,single,42,0.0,True,309766.11145173974,0.0,1.0,0,0,120,0,0,0,0,0
planner_daily_h56,121,dual,42,0.0,True,599280.4604195041,0.0,1.0,7,0,103,10,7,0,0,0
planner_daily_h56,122,compound,42,0.0,True,1581267.2773213414,0.0,1.0,22,0,88,10,22,0,0,0
planner_daily_h56,123,single,42,0.0,True,332751.35278471693,0.0,1.0,0,0,120,0,0,0,0,0
planner_daily_h56,124,dual,42,94.0,True,732006.0315376733,0.22208679708920925,0.9556171967961052,8,0,102,10,8,0,0,0
planner_daily_h56,125,compound,42,0.0,True,1300762.9932709036,0.0,1.0,36,13,84,0,36,0,0,0
planner_daily_h56,126,single,42,0.0,True,350580.4776965405,0.0,1.0,0,0,120,0,0,0,0,0
planner_daily_h56,127,dual,42,0.0,True,412596.6196861785,0.0,1.0,1,0,110,9,1,0,0,0
planner_daily_h56,128,compound,42,0.0,True,964209.4455291948,0.0,1.0,13,0,98,9,13,0,0,0
planner_daily_h56,129,single,42,0.0,True,529621.2838724044,0.0,1.0,4,0,107,9,4,0,0,0
planner_daily_h56,130,dual,42,0.0,True,1189378.24108741,0.0,1.0,30,6,90,0,30,0,0,0
planner_daily_h56,131,compound,42,0.0,True,1299173.5063553548,0.0,1.0,19,0,91,10,19,0,0,0
planner_daily_h56,132,single,42,0.0,True,465392.2176306366,0.0,1.0,2,0,110,8,2,0,0,0
planner_daily_h56,133,dual,42,0.0,True,1057240.4763562619,0.0,1.0,33,9,87,0,33,0,0,0
planner_daily_h56,134,compound,42,0.0,True,1325251.445356039,0.0,1.0,20,0,90,10,20,0,0,0
planner_daily_h56,135,single,42,0.0,True,794439.815061966,0.0,1.0,10,0,104,6,10,0,0,0
planner_daily_h56,136,dual,42,0.0,True,1454586.4752091218,0.0,1.0,19,0,91,10,19,0,0,0
planner_daily_h56,137,compound,42,0.0,True,1314886.6122172014,0.0,1.0,34,10,86,0,34,0,0,0
planner_daily_h56,138,single,42,0.0,True,460415.5187717071,0.0,1.0,3,0,117,0,3,0,0,0
planner_daily_h56,139,dual,42,0.0,True,734053.745388799,0.0,1.0,9,0,101,10,9,0,0,0
planner_daily_h56,140,compound,42,0.0,True,1138911.7517348612,0.0,1.0,17,0,93,10,17,0,0,0
planner_daily_h56,141,single,42,0.0,True,312324.7554748658,0.0,1.0,0,0,120,0,0,0,0,0
planner_daily_h56,142,dual,42,0.0,True,1339889.4434539333,0.0,1.0,27,3,93,0,27,0,0,0
planner_daily_h56,143,compound,42,0.0,True,1501831.6696851482,0.0,0.9988402917045106,24,2,86,10,24,0,0,0
planner_daily_h56,144,single,42,0.0,True,716965.9733443086,0.0,1.0,8,0,105,7,8,0,0,0
planner_daily_h56,145,dual,42,87.0,True,636651.8682613452,0.22481366584039147,0.9592909020765162,6,0,104,10,6,0,0,0
planner_daily_h56,146,compound,42,0.0,True,1429093.6181746025,0.0,1.0,21,0,89,10,21,0,0,0
planner_daily_h56,147,single,42,0.0,True,368443.4740745985,0.0,1.0,0,0,110,10,0,0,0,0
planner_daily_h56,148,dual,42,110.0,False,759266.5956828616,0.1266678689493224,0.9785627282169724,9,0,101,10,9,0,0,0
planner_daily_h56,149,compound,42,0.0,True,1230121.5087337845,0.0,1.0,36,12,84,0,36,0,0,0
planner_daily_h56,150,single,42,108.0,True,388680.30057762447,0.2194076472039824,0.9532865528935376,0,0,110,10,0,0,0,0
planner_daily_h56,151,dual,42,103.0,True,640218.2490683569,0.08624428136704344,0.9919913082328045,7,0,103,10,7,0,0,0
planner_daily_h56,152,compound,42,23.0,True,1534523.8729912136,0.3950581896423636,0.9697462775966227,23,1,87,10,23,0,0,0
planner_daily_h56,153,single,42,0.0,True,631042.7519333558,0.0,1.0,7,0,106,7,7,0,0,0
planner_daily_h56,154,dual,42,0.0,True,374766.14170971443,0.0,1.0,0,0,110,10,0,0,0,0
planner_daily_h56,155,compound,42,22.0,True,1453985.6263250501,0.41508890916530766,0.9683027843882178,21,0,89,10,21,0,0,0
planner_daily_h56,156,single,42,110.0,False,884764.4993927117,0.20238998422478208,0.9584215231177227,16,0,104,0,16,0,0,0
planner_daily_h56,157,dual,42,0.0,True,530139.3587453583,0.0,1.0,3,0,107,10,3,0,0,0
planner_daily_h56,158,compound,42,0.0,True,1435795.3183623084,0.0,1.0,36,12,84,0,36,0,0,0
planner_daily_h56,159,single,42,0.0,True,632844.7997604249,0.0,1.0,7,0,112,1,7,0,0,0
planner_daily_h56,160,dual,42,0.0,True,397341.25475864473,0.0,1.0,1,0,109,10,1,0,0,0
planner_daily_h56,161,compound,42,0.0,True,1653495.1879152986,0.0,1.0,23,0,87,10,23,0,0,0
planner_daily_h56,162,single,42,0.0,True,481665.51652283175,0.0,1.0,4,0,115,1,4,0,0,0
planner_daily_h56,163,dual,42,0.0,True,396201.0399755664,0.0,1.0,0,0,110,10,0,0,0,0
planner_daily_h56,164,compound,42,0.0,True,1324863.4034225366,0.0,1.0,20,0,90,10,20,0,0,0
planner_daily_h56,165,single,42,102.0,True,485367.4496093608,0.3014682456502591,0.9200805600694806,0,0,110,10,0,0,0,0
planner_daily_h56,166,dual,42,109.0,True,1042776.6346960549,0.16823165977515261,0.9727210115722523,13,0,97,10,13,0,0,0
planner_daily_h56,167,compound,42,0.0,True,1184929.3706004804,0.0,1.0,39,15,81,0,39,0,0,0
planner_daily_h56,168,single,42,109.0,True,663890.8843599798,0.1567832410179978,0.9718491791363322,12,0,108,0,12,0,0,0
planner_daily_h56,169,dual,42,0.0,True,396533.7212914309,0.0,1.0,0,0,110,10,0,0,0,0
planner_daily_h56,170,compound,42,26.0,True,1250766.4534775845,0.20028421651742515,0.9904249099387163,39,15,81,0,39,0,0,0
planner_daily_h56,171,single,42,0.0,True,956369.1345640562,0.0,1.0,18,0,102,0,18,0,0,0
planner_daily_h56,172,dual,42,0.0,True,1305077.6558452721,0.0,1.0,29,5,91,0,29,0,0,0
planner_daily_h56,173,compound,42,0.0,True,1319839.788444568,0.0,1.0,41,17,79,0,41,0,0,0
planner_daily_h56,174,single,42,0.0,True,772609.2852663455,0.0,1.0,10,0,106,4,10,0,0,0
planner_daily_h56,175,dual,42,0.0,True,1148255.6226694456,0.0,1.0,28,4,92,0,28,0,0,0
planner_daily_h56,176,compound,42,30.0,True,1496095.2415593883,0.09437853535413718,0.9953026011581034,23,1,87,10,23,0,0,0
planner_daily_h56,177,single,42,0.0,True,398730.4893671902,0.0,1.0,2,0,118,0,2,0,0,0
planner_daily_h56,178,dual,42,0.0,True,1114975.5777342147,0.0,1.0,16,0,94,10,16,0,0,0
planner_daily_h56,179,compound,42,0.0,True,1176835.5629673372,0.0,1.0,19,0,91,10,19,0,0,0
planner_daily_h56,180,single,42,0.0,True,285998.1262193888,0.0,1.0,0,0,120,0,0,0,0,0
planner_daily_h56,181,dual,42,0.0,True,395539.6313428467,0.0,1.0,0,0,110,10,0,0,0,0
planner_daily_h56,182,compound,42,0.0,True,1411777.3791160383,0.0,1.0,25,3,85,10,25,0,0,0
planner_daily_h56,183,single,42,85.0,True,567040.8099989105,0.3607630173130538,0.9077815505890086,5,0,105,10,5,0,0,0
planner_daily_h56,184,dual,42,0.0,True,1017210.2430009742,0.0,1.0,14,0,96,10,14,0,0,0
planner_daily_h56,185,compound,42,27.0,True,1572452.2983078526,0.1412338969239741,0.9933845752759446,22,0,88,10,22,0,0,0
planner_daily_h56,186,single,42,0.0,True,412810.92598830565,0.0,1.0,5,0,115,0,5,0,0,0
planner_daily_h56,187,dual,42,0.0,True,810203.1973220904,0.0,1.0,12,0,98,10,12,0,0,0
planner_daily_h56,188,compound,42,0.0,True,1216028.656800257,0.0,1.0,41,17,79,0,41,0,0,0
planner_daily_h56,189,single,42,100.0,True,688780.1557218957,0.2562875783238435,0.9413579004815243,6,0,105,9,6,0,0,0
planner_daily_h56,190,dual,42,100.0,True,551411.1661367556,0.2681670815027854,0.9344821380781857,3,0,107,10,3,0,0,0
planner_daily_h56,191,compound,42,0.0,True,1216880.032700992,0.0,1.0,41,17,79,0,41,0,0,0
planner_daily_h56,192,single,42,0.0,True,643668.6031349411,0.0,1.0,6,0,106,8,6,0,0,0
planner_daily_h56,193,dual,42,0.0,True,1516795.442053339,0.0,1.0,31,7,89,0,31,0,0,0
planner_daily_h56,194,compound,42,0.0,True,1253095.8854764514,0.0,1.0,39,15,81,0,39,0,0,0
planner_daily_h56,195,single,42,0.0,True,1154685.4459983918,0.0,1.0,22,0,98,0,22,0,0,0
planner_daily_h56,196,dual,42,0.0,True,355980.7617895184,0.0,1.0,0,0,110,10,0,0,0,0
planner_daily_h56,197,compound,42,0.0,True,1102878.6647570932,0.0,1.0,39,15,81,0,39,0,0,0
planner_daily_h56,198,single,42,0.0,True,330999.16107774543,0.0,1.0,0,0,120,0,0,0,0,0
planner_daily_h56,199,dual,42,0.0,True,688384.3691400803,0.0,1.0,6,0,104,10,6,0,0,0
planner_daily_h56,0,single,43,0.0,True,332563.0591712982,0.0,1.0,0,0,120,0,0,0,0,0
planner_daily_h56,1,dual,43,0.0,True,1160945.4172273106,0.0,1.0,16,0,94,10,16,0,0,0
planner_daily_h56,2,compound,43,0.0,True,1177557.9100074582,0.0,1.0,34,11,86,0,34,0,0,0
planner_daily_h56,3,single,43,0.0,True,557722.7844890021,0.0,1.0,6,0,114,0,6,0,0,0
planner_daily_h56,4,dual,43,0.0,True,1247949.5121676286,0.0,1.0,31,7,89,0,31,0,0,0
planner_daily_h56,5,compound,43,22.0,True,1386546.251275178,0.3657701238292039,0.9747903064366589,24,2,86,10,24,0,0,0
planner_daily_h56,6,single,43,0.0,True,574367.4127348852,0.0,1.0,5,0,107,8,5,0,0,0
planner_daily_h56,7,dual,43,0.0,True,1592821.1658367307,0.0,1.0,22,0,88,10,22,0,0,0
planner_daily_h56,8,compound,43,0.0,True,1142914.2420963163,0.0,1.0,16,0,95,9,16,0,0,0
planner_daily_h56,9,single,43,0.0,True,457352.9123650656,0.0,1.0,4,0,106,10,4,0,0,0
planner_daily_h56,10,dual,43,0.0,True,659419.0907212266,0.0,1.0,6,0,104,10,6,0,0,0
planner_daily_h56,11,compound,43,0.0,True,1441255.8595860046,0.0,1.0,36,12,84,0,36,0,0,0
planner_daily_h56,12,single,43,0.0,True,711162.3627129727,0.0,1.0,14,0,106,0,14,0,0,0
planner_daily_h56,13,dual,43,0.0,True,1444077.5978982346,0.0,1.0,19,0,91,10,19,0,0,0
planner_daily_h56,14,compound,43,0.0,True,1386012.592099715,0.0,1.0,18,0,92,10,18,0,0,0
planner_daily_h56,15,single,43,109.0,True,832501.9972267061,0.18839596375311363,0.9649266808001047,13,0,103,4,13,0,0,0
planner_daily_h56,16,dual,43,0.0,True,1342052.5841140621,0.0,1.0,31,7,89,0,31,0,0,0
planner_daily_h56,17,compound,43,31.0,True,1240690.9065263374,0.39373679090550046,0.9599077812143381,39,15,81,0,39,0,0,0
planner_daily_h56,18,single,43,0.0,True,337328.66509539046,0.0,1.0,2,0,118,0,2,0,0,0
planner_daily_h56,19,dual,43,110.0,False,875461.3914808467,0.1810058504264872,0.9663634542954972,13,0,98,9,13,0,0,0
planner_daily_h56,20,compound,43,28.0,True,1358159.8227267193,0.47756267573337857,0.948667845140489,39,15,81,0,39,0,0,0
planner_daily_h56,21,single,43,0.0,True,512169.95693409414,0.0,1.0,2,0,108,10,2,0,0,0
planner_daily_h56,22,dual,43,0.0,True,376365.21105996234,0.0,1.0,0,0,111,9,0,0,0,0
planner_daily_h56,23,compound,43,0.0,True,1152947.557970357,0.0,1.0,40,16,80,0,40,0,0,0
planner_daily_h56,24,single,43,0.0,True,856763.5065062244,0.0,1.0,12,0,103,5,12,0,0,0
planner_daily_h56,25,dual,43,0.0,True,542181.3534992422,0.0,1.0,3,0,107,10,3,0,0,0
planner_daily_h56,26,compound,43,0.0,True,1206789.1191842952,0.0,1.0,19,0,92,9,19,0,0,0
planner_daily_h56,27,single,43,0.0,True,614499.0326596388,0.0,1.0,7,0,113,0,7,0,0,0
planner_daily_h56,28,dual,43,0.0,True,661933.5869473707,0.0,1.0,7,0,103,10,7,0,0,0
planner_daily_h56,29,compound,43,0.0,True,1459173.2210615883,0.0,1.0,22,0,88,10,22,0,0,0
planner_daily_h56,30,single,43,0.0,True,439853.49520755134,0.0,1.0,1,0,109,10,1,0,0,0
planner_daily_h56,31,dual,43,0.0,True,1213917.893930364,0.0,1.0,27,4,93,0,27,0,0,0
planner_daily_h56,32,compound,43,0.0,True,1193589.0001530931,0.0,1.0,37,13,83,0,37,0,0,0
planner_daily_h56,33,single,43,0.0,True,421401.2939776007,0.0,1.0,3,0,117,0,3,0,0,0
planner_daily_h56,34,dual,43,0.0,True,1231115.5819697138,0.0,1.0,28,4,92,0,28,0,0,0
planner_daily_h56,35,compound,43,0.0,True,1163625.4530225375,0.0,1.0,19,0,91,10,19,0,0,0
planner_daily_h56,36,single,43,0.0,True,353799.3990664959,0.0,1.0,1,0,119,0,1,0,0,0
planner_daily_h56,37,dual,43,0.0,True,1273927.4057989626,0.0,1.0,23,0,97,0,23,0,0,0
planner_daily_h56,38,compound,43,26.0,True,1312750.8332098564,0.30039081202285817,0.9740201979269624,39,15,81,0,39,0,0,0
planner_daily_h56,39,single,43,0.0,True,723421.2458902722,0.0,1.0,9,0,102,9,9,0,0,0
planner_daily_h56,40,dual,43,0.0,True,1246590.4954399539,0.0,1.0,25,1,95,0,25,0,0,0
planner_daily_h56,41,compound,43,29.0,True,1207858.7286982434,0.1912742988006009,0.989495911796667,41,17,79,0,41,0,0,0
planner_daily_h56,42,single,43,0.0,True,342818.814151824,0.0,1.0,0,0,120,0,0,0,0,0
planner_daily_h56,43,dual,43,0.0,True,1213182.7877388808,0.0,1.0,31,7,89,0,31,0,0,0
planner_daily_h56,44,compound,43,33.0,True,1472456.7939557338,0.30243442208710414,0.9708520807256057,23,0,87,10,23,0,0,0
planner_daily_h56,45,single,43,0.0,True,327254.19400583865,0.0,1.0,0,0,120,0,0,0,0,0
planner_daily_h56,46,dual,43,0.0,True,1318157.932641958,0.0,1.0,37,13,83,0,37,0,0,0
planner_daily_h56,47,compound,43,0.0,True,1630765.6430030416,0.0,1.0,25,3,85,10,25,0,0,0
planner_daily_h56,48,single,43,0.0,True,286310.8889315473,0.0,1.0,0,0,120,0,0,0,0,0
planner_daily_h56,49,dual,43,0.0,True,979629.2864991825,0.0,1.0,15,0,95,10,15,0,0,0
planner_daily_h56,50,compound,43,0.0,True,1643242.394953951,0.0,1.0,22,0,88,10,22,0,0,0
planner_daily_h56,51,single,43,0.0,True,494464.1414590352,0.0,1.0,4,0,109,7,4,0,0,0
planner_daily_h56,52,dual,43,0.0,True,1158114.9238440674,0.0,1.0,30,7,90,0,30,0,0,0
planner_daily_h56,53,compound,43,0.0,True,1181932.6901249099,0.0,1.0,19,0,91,10,19,0,0,0
planner_daily_h56,54,single,43,0.0,True,372758.61364649725,0.0,1.0,0,0,120,0,0,0,0,0
planner_daily_h56,55,dual,43,0.0,True,360639.52890946815,0.0,1.0,0,0,110,10,0,0,0,0
planner_daily_h56,56,compound,43,28.0,True,1323960.495409838,0.19263817384948903,0.9905074552524923,41,17,79,0,41,0,0,0
planner_daily_h56,57,single,43,0.0,True,361044.5789707878,0.0,1.0,0,0,120,0,0,0,0,0
planner_daily_h56,58,dual,43,0.0,True,1211476.7564857537,0.0,1.0,26,2,94,0,26,0,0,0
planner_daily_h56,59,compound,43,0.0,True,1376099.5175877505,0.0,1.0,20,0,91,9,20,0,0,0
planner_daily_h56,60,single,43,95.0,True,394484.9398991921,0.14695242691556532,0.979841570108844,0,0,110,10,0,0,0,0
planner_daily_h56,61,dual,43,0.0,True,346233.10561880714,0.0,1.0,0,0,110,10,0,0,0,0
planner_daily_h56,62,compound,43,0.0,True,1209435.7126075695,0.0,1.0,19,0,91,10,19,0,0,0
planner_daily_h56,63,single,43,100.0,True,670402.156669305,0.14522036806780744,0.9794877827454453,11,0,109,0,11,0,0,0
planner_daily_h56,64,dual,43,0.0,True,1101978.4498363337,0.0,1.0,33,10,87,0,33,0,0,0
planner_daily_h56,65,compound,43,0.0,True,900856.4153522707,0.0,1.0,12,0,98,10,12,0,0,0
planner_daily_h56,66,single,43,0.0,True,340495.59589121153,0.0,1.0,2,0,118,0,2,0,0,0
planner_daily_h56,67,dual,43,0.0,True,1170676.0526192917,0.0,1.0,32,9,88,0,32,0,0,0
planner_daily_h56,68,compound,43,22.0,True,1503463.5074321877,0.16541889270339552,0.9930320521791096,21,0,89,10,21,0,0,0
planner_daily_h56,69,single,43,0.0,True,333038.2265565908,0.0,1.0,0,0,120,0,0,0,0,0
planner_daily_h56,70,dual,43,0.0,True,1278561.56908708,0.0,1.0,29,5,91,0,29,0,0,0
planner_daily_h56,71,compound,43,0.0,True,1448770.3655303793,0.0,1.0,19,0,91,10,19,0,0,0
planner_daily_h56,72,single,43,0.0,True,389423.29619734146,0.0,1.0,0,0,120,0,0,0,0,0
planner_daily_h56,73,dual,43,0.0,True,366755.3287525656,0.0,1.0,0,0,110,10,0,0,0,0
planner_daily_h56,74,compound,43,0.0,True,1508699.9705839937,0.0,1.0,22,0,88,10,22,0,0,0
planner_daily_h56,75,single,43,0.0,True,354033.02876500797,0.0,1.0,0,0,120,0,0,0,0,0
planner_daily_h56,76,dual,43,108.0,True,730466.5553668555,0.18849146908823236,0.9595445010602021,8,0,102,10,8,0,0,0
planner_daily_h56,77,compound,43,0.0,True,1275526.5625832197,0.0,1.0,37,13,83,0,37,0,0,0
planner_daily_h56,78,single,43,0.0,True,794741.5281552182,0.0,1.0,8,0,106,6,8,0,0,0
planner_daily_h56,79,dual,43,0.0,True,1131085.3492916103,0.0,1.0,27,3,93,0,27,0,0,0
planner_daily_h56,80,compound,43,0.0,True,1434494.3547464535,0.0,1.0,22,0,89,9,22,0,0,0
planner_daily_h56,81,single,43,0.0,True,418600.40997766214,0.0,1.0,3,0,117,0,3,0,0,0
planner_daily_h56,82,dual,43,0.0,True,1002263.3535460196,0.0,1.0,14,0,96,10,14,0,0,0
planner_daily_h56,83,compound,43,23.0,True,1439998.3398603667,0.31824311574892883,0.978699693621179,21,0,89,10,21,0,0,0
planner_daily_h56,84,single,43,0.0,True,540855.5078017506,0.0,1.0,4,0,106,10,4,0,0,0
planner_daily_h56,85,dual,43,0.0,True,671281.8923349342,0.0,1.0,7,0,103,10,7,0,0,0
planner_daily_h56,86,compound,43,26.0,True,1381076.7001994702,0.29137561440495463,0.9801018660757664,22,0,88,10,22,0,0,0
planner_daily_h56,87,single,43,0.0,True,341397.7589490199,0.0,1.0,0,0,120,0,0,0,0,0
planner_daily_h56,88,dual,43,0.0,True,774502.1420911426,0.0,1.0,10,0,100,10,10,0,0,0
planner_daily_h56,89,compound,43,0.0,True,1152593.6025828375,0.0,1.0,38,15,82,0,38,0,0,0
planner_daily_h56,90,single,43,0.0,True,358905.2598325947,0.0,1.0,0,0,110,10,0,0,0,0
planner_daily_h56,91,dual,43,110.0,False,1068159.1587564824,0.239173897958639,0.9456754830582373,12,0,98,10,12,0,0,0
planner_daily_h56,92,compound,43,0.0,True,1458631.4793427933,0.0,0.9993953462598035,22,0,89,9,22,0,0,0
planner_daily_h56,93,single,43,0.0,True,350558.7211635572,0.0,1.0,0,0,120,0,0,0,0,0
planner_daily_h56,94,dual,43,0.0,True,573787.2088804942,0.0,1.0,4,0,106,10,4,0,0,0
planner_daily_h56,95,compound,43,0.0,True,1102181.622710831,0.0,1.0,17,0,94,9,17,0,0,0
planner_daily_h56,96,single,43,0.0,True,782904.138537379,0.0,1.0,16,0,104,0,16,0,0,0
planner_daily_h56,97,dual,43,0.0,True,406112.3030504282,0.0,1.0,0,0,110,10,0,0,0,0
planner_daily_h56,98,compound,43,0.0,True,1444163.6063835216,0.0,1.0,21,0,90,9,21,0,0,0
planner_daily_h56,99,single,43,0.0,True,529050.0709753145,0.0,1.0,7,0,106,7,7,0,0,0
planner_daily_h56,100,dual,43,0.0,True,377221.50049917196,0.0,1.0,0,0,110,10,0,0,0,0
planner_daily_h56,101,compound,43,22.0,True,1477610.313971393,0.24363064585276484,0.9864951499797141,21,0,89,10,21,0,0,0
planner_daily_h56,102,single,43,0.0,True,326763.64960782655,0.0,1.0,0,0,120,0,0,0,0,0
planner_daily_h56,103,dual,43,0.0,True,1330602.0105090872,0.0,1.0,25,1,95,0,25,0,0,0
planner_daily_h56,104,compound,43,0.0,True,909644.5081640191,0.0,1.0,14,0,96,10,14,0,0,0
planner_daily_h56,105,single,43,0.0,True,382284.76509870694,0.0,1.0,1,0,110,9,1,0,0,0
planner_daily_h56,106,dual,43,0.0,True,1152306.7704674527,0.0,1.0,32,8,88,0,32,0,0,0
planner_daily_h56,107,compound,43,0.0,True,1227290.2584382468,0.0,1.0,34,10,86,0,34,0,0,0
planner_daily_h56,108,single,43,0.0,True,589988.8896646434,0.0,1.0,8,0,103,9,8,0,0,0
planner_daily_h56,109,dual,43,0.0,True,430441.9000615536,0.0,1.0,0,0,110,10,0,0,0,0
planner_daily_h56,110,compound,43,0.0,True,1281569.6302809934,0.0,1.0,41,17,79,0,41,0,0,0
planner_daily_h56,111,single,43,0.0,True,368918.5787783875,0.0,1.0,0,0,118,2,0,0,0,0
planner_daily_h56,112,dual,43,0.0,True,409929.0691841285,0.0,1.0,1,0,109,10,1,0,0,0
planner_daily_h56,113,compound,43,0.0,True,1173766.8135215682,0.0,1.0,35,12,85,0,35,0,0,0
planner_daily_h56,114,single,43,110.0,False,535215.5350616749,0.05299061764872964,0.9949500507791201,5,0,106,9,5,0,0,0
planner_daily_h56,115,dual,43,0.0,True,1233977.0018917648,0.0,1.0,18,0,92,10,18,0,0,0
planner_daily_h56,116,compound,43,0.0,True,1551567.9263784916,0.0,1.0,23,1,88,9,23,0,0,0
planner_daily_h56,117,single,43,0.0,True,419415.9773204457,0.0,1.0,2,0,118,0,2,0,0,0
planner_daily_h56,118,dual,43,0.0,True,1140511.5580870612,0.0,1.0,34,10,86,0,34,0,0,0
planner_daily_h56,119,compound,43,23.0,True,1392868.4409977784,0.2520708770534506,0.9853290165689667,19,0,91,10,19,0,0,0
planner_daily_h56,120,single,43,0.0,True,309766.11145173974,0.0,1.0,0,0,120,0,0,0,0,0
planner_daily_h56,121,dual,43,0.0,True,742304.2063137055,0.0,1.0,10,0,100,10,10,0,0,0
planner_daily_h56,122,compound,43,0.0,True,1481622.9376959582,0.0,1.0,21,0,89,10,21,0,0,0
planner_daily_h56,123,single,43,0.0,True,332751.35278471693,0.0,1.0,0,0,120,0,0,0,0,0
planner_daily_h56,124,dual,43,94.0,True,732006.0315376733,0.22208679708920925,0.9556171967961052,8,0,102,10,8,0,0,0
planner_daily_h56,125,compound,43,0.0,True,1300762.9932709036,0.0,1.0,36,13,84,0,36,0,0,0
planner_daily_h56,126,single,43,0.0,True,350580.4776965405,0.0,1.0,0,0,120,0,0,0,0,0
planner_daily_h56,127,dual,43,0.0,True,467526.18423894944,0.0,1.0,2,0,110,8,2,0,0,0
planner_daily_h56,128,compound,43,0.0,True,908841.5642054724,0.0,1.0,13,0,98,9,13,0,0,0
planner_daily_h56,129,single,43,79.0,True,596602.3620871545,0.0823127577186712,0.9929754187975351,7,0,103,10,7,0,0,0
planner_daily_h56,130,dual,43,0.0,True,1189378.24108741,0.0,1.0,30,6,90,0,30,0,0,0
planner_daily_h56,131,compound,43,0.0,True,1299173.5063553548,0.0,1.0,19,0,91,10,19,0,0,0
planner_daily_h56,132,single,43,0.0,True,401308.9806710127,0.0,1.0,1,0,109,10,1,0,0,0
planner_daily_h56,133,dual,43,0.0,True,1057240.4763562619,0.0,1.0,34,10,86,0,34,0,0,0
planner_daily_h56,134,compound,43,0.0,True,1325251.445356039,0.0,1.0,20,0,90,10,20,0,0,0
planner_daily_h56,135,single,43,0.0,True,852796.057390088,0.0,1.0,11,0,104,5,11,0,0,0
planner_daily_h56,136,dual,43,0.0,True,1519128.211840154,0.0,1.0,19,0,91,10,19,0,0,0
planner_daily_h56,137,compound,43,0.0,True,1314886.6122172014,0.0,1.0,34,10,86,0,34,0,0,0
planner_daily_h56,138,single,43,0.0,True,441127.60720599553,0.0,1.0,3,0,117,0,3,0,0,0
planner_daily_h56,139,dual,43,0.0,True,734053.745388799,0.0,1.0,9,0,101,10,9,0,0,0
planner_daily_h56,140,compound,43,0.0,True,1177785.8371697727,0.0,1.0,18,0,92,10,18,0,0,0
planner_daily_h56,141,single,43,0.0,True,312324.7554748658,0.0,1.0,0,0,120,0,0,0,0,0
planner_daily_h56,142,dual,43,0.0,True,1339889.4434539333,0.0,1.0,27,3,93,0,27,0,0,0
planner_daily_h56,143,compound,43,0.0,True,1501831.6696851482,0.0,0.9988402917045106,25,3,85,10,25,0,0,0
planner_daily_h56,144,single,43,109.0,True,692758.5983008075,0.13167352743621,0.9791327870273221,8,0,105,7,8,0,0,0
planner_daily_h56,145,dual,43,0.0,True,604469.8165481094,0.0,1.0,5,0,105,10,5,0,0,0
planner_daily_h56,146,compound,43,0.0,True,1429093.6181746025,0.0,1.0,21,0,89,10,21,0,0,0
planner_daily_h56,147,single,43,0.0,True,368443.4740745985,0.0,1.0,0,0,110,10,0,0,0,0
planner_daily_h56,148,dual,43,101.0,True,776413.13293676,0.2552189947486322,0.9407043825199571,8,0,102,10,8,0,0,0
planner_daily_h56,149,compound,43,0.0,True,1230121.5087337845,0.0,1.0,36,12,84,0,36,0,0,0
planner_daily_h56,150,single,43,108.0,True,388680.30057762447,0.2194076472039824,0.9532865528935376,0,0,110,10,0,0,0,0
planner_daily_h56,151,dual,43,0.0,True,716278.2502634329,0.0,1.0,8,0,102,10,8,0,0,0
planner_daily_h56,152,compound,43,23.0,True,1534523.8729912136,0.3950581896423636,0.9697462775966227,23,1,87,10,23,0,0,0
planner_daily_h56,153,single,43,0.0,True,631042.7519333558,0.0,1.0,7,0,106,7,7,0,0,0
planner_daily_h56,154,dual,43,0.0,True,374766.14170971443,0.0,1.0,0,0,110,10,0,0,0,0
planner_daily_h56,155,compound,43,22.0,True,1385169.907396044,0.41508890916530766,0.9683027843882178,20,0,90,10,20,0,0,0
planner_daily_h56,156,single,43,0.0,True,890833.3457319174,0.0,1.0,17,0,103,0,17,0,0,0
planner_daily_h56,157,dual,43,0.0,True,595422.14701128,0.0,1.0,4,0,106,10,4,0,0,0
planner_daily_h56,158,compound,43,0.0,True,1435795.3183623084,0.0,1.0,36,12,84,0,36,0,0,0
planner_daily_h56,159,single,43,0.0,True,617643.4105738209,0.0,1.0,5,0,111,4,5,0,0,0
planner_daily_h56,160,dual,43,0.0,True,397341.25475864473,0.0,1.0,1,0,109,10,1,0,0,0
planner_daily_h56,161,compound,43,0.0,True,1653495.1879152986,0.0,1.0,24,1,86,10,24,0,0,0
planner_daily_h56,162,single,43,0.0,True,467768.4391031745,0.0,1.0,6,0,114,0,6,0,0,0
planner_daily_h56,163,dual,43,0.0,True,396201.0399755664,0.0,1.0,0,0,110,10,0,0,0,0
planner_daily_h56,164,compound,43,0.0,True,1324863.4034225366,0.0,1.0,20,0,90,10,20,0,0,0
planner_daily_h56,165,single,43,102.0,True,485367.4496093608,0.3014682456502591,0.9200805600694806,0,0,110,10,0,0,0,0
planner_daily_h56,166,dual,43,108.0,True,971585.0646411347,0.11467351210965582,0.9851431657065669,12,0,98,10,12,0,0,0
planner_daily_h56,167,compound,43,0.0,True,1184929.3706004804,0.0,1.0,39,15,81,0,39,0,0,0
planner_daily_h56,168,single,43,0.0,True,590436.191489692,0.0,1.0,11,0,109,0,11,0,0,0
planner_daily_h56,169,dual,43,0.0,True,396533.7212914309,0.0,1.0,0,0,110,10,0,0,0,0
planner_daily_h56,170,compound,43,26.0,True,1250766.4534775845,0.20028421651742515,0.9904249099387163,39,15,81,0,39,0,0,0
planner_daily_h56,171,single,43,110.0,False,841534.5759439111,0.05516525855453176,0.9947438991046083,16,0,104,0,16,0,0,0
planner_daily_h56,172,dual,43,0.0,True,1305077.6558452721,0.0,1.0,30,6,90,0,30,0,0,0
planner_daily_h56,173,compound,43,0.0,True,1319839.788444568,0.0,1.0,41,17,79,0,41,0,0,0
planner_daily_h56,174,single,43,0.0,True,828450.7714196143,0.0,1.0,13,0,105,2,13,0,0,0
planner_daily_h56,175,dual,43,0.0,True,1148255.6226694456,0.0,1.0,28,4,92,0,28,0,0,0
planner_daily_h56,176,compound,43,30.0,True,1496095.2415593883,0.09437853535413718,0.9953026011581034,23,1,87,10,23,0,0,0
planner_daily_h56,177,single,43,0.0,True,349275.0394334933,0.0,1.0,1,0,119,0,1,0,0,0
planner_daily_h56,178,dual,43,0.0,True,1114975.5777342147,0.0,1.0,16,0,94,10,16,0,0,0
planner_daily_h56,179,compound,43,0.0,True,1176835.5629673372,0.0,1.0,19,0,91,10,19,0,0,0
planner_daily_h56,180,single,43,0.0,True,285998.1262193888,0.0,1.0,0,0,120,0,0,0,0,0
planner_daily_h56,181,dual,43,0.0,True,395539.6313428467,0.0,1.0,0,0,110,10,0,0,0,0
planner_daily_h56,182,compound,43,0.0,True,1411777.3791160383,0.0,1.0,25,3,85,10,25,0,0,0
planner_daily_h56,183,single,43,100.0,True,534880.3586698628,0.22434483752378656,0.9522088579515856,5,0,106,9,5,0,0,0
planner_daily_h56,184,dual,43,0.0,True,1059019.5914338755,0.0,1.0,15,0,95,10,15,0,0,0
planner_daily_h56,185,compound,43,27.0,True,1572452.2983078526,0.1412338969239741,0.9933845752759446,22,0,88,10,22,0,0,0
planner_daily_h56,186,single,43,0.0,True,371277.6298918285,0.0,1.0,2,0,117,1,2,0,0,0
planner_daily_h56,187,dual,43,0.0,True,793426.6506382442,0.0,1.0,11,0,99,10,11,0,0,0
planner_daily_h56,188,compound,43,0.0,True,1216028.656800257,0.0,1.0,40,16,80,0,40,0,0,0
planner_daily_h56,189,single,43,100.0,True,720229.0917620136,0.13771925153883346,0.9824716641204178,8,0,105,7,8,0,0,0
planner_daily_h56,190,dual,43,100.0,True,551411.1661367556,0.2681670815027854,0.9344821380781857,3,0,107,10,3,0,0,0
planner_daily_h56,191,compound,43,0.0,True,1216880.032700992,0.0,1.0,41,17,79,0,41,0,0,0
planner_daily_h56,192,single,43,0.0,True,559112.3549570976,0.0,1.0,4,0,106,10,4,0,0,0
planner_daily_h56,193,dual,43,0.0,True,1516795.442053339,0.0,1.0,31,7,89,0,31,0,0,0
planner_daily_h56,194,compound,43,0.0,True,1253095.8854764514,0.0,1.0,39,15,81,0,39,0,0,0
planner_daily_h56,195,single,43,0.0,True,1034635.3455957227,0.0,1.0,20,0,100,0,20,0,0,0
planner_daily_h56,196,dual,43,0.0,True,355980.7617895184,0.0,1.0,0,0,110,10,0,0,0,0
planner_daily_h56,197,compound,43,0.0,True,1102878.6647570932,0.0,1.0,39,15,81,0,39,0,0,0
planner_daily_h56,198,single,43,0.0,True,330999.16107774543,0.0,1.0,0,0,120,0,0,0,0,0
planner_daily_h56,199,dual,43,0.0,True,688384.3691400803,0.0,1.0,6,0,104,10,6,0,0,0
planner_daily_h56,0,single,44,0.0,True,365773.9868357802,0.0,1.0,1,0,119,0,1,0,0,0
planner_daily_h56,1,dual,44,0.0,True,1133243.7336432077,0.0,1.0,16,0,94,10,16,0,0,0
planner_daily_h56,2,compound,44,0.0,True,1177557.9100074582,0.0,1.0,34,11,86,0,34,0,0,0
planner_daily_h56,3,single,44,0.0,True,486389.25439177366,0.0,1.0,4,0,116,0,4,0,0,0
planner_daily_h56,4,dual,44,0.0,True,1247949.5121676286,0.0,1.0,30,6,90,0,30,0,0,0
planner_daily_h56,5,compound,44,22.0,True,1386546.251275178,0.3657701238292039,0.9747903064366589,24,2,86,10,24,0,0,0
planner_daily_h56,6,single,44,0.0,True,500976.55578169064,0.0,1.0,4,0,106,10,4,0,0,0
planner_daily_h56,7,dual,44,0.0,True,1592821.1658367307,0.0,1.0,22,0,88,10,22,0,0,0
planner_daily_h56,8,compound,44,0.0,True,1073685.2572392095,0.0,1.0,15,0,96,9,15,0,0,0
planner_daily_h56,9,single,44,0.0,True,444251.6714407669,0.0,1.0,3,0,107,10,3,0,0,0
planner_daily_h56,10,dual,44,108.0,True,623793.245231806,0.1711063237416148,0.9702813989062744,5,0,105,10,5,0,0,0
planner_daily_h56,11,compound,44,0.0,True,1441255.8595860046,0.0,1.0,36,12,84,0,36,0,0,0
planner_daily_h56,12,single,44,0.0,True,872673.9179714452,0.0,1.0,17,0,103,0,17,0,0,0
planner_daily_h56,13,dual,44,0.0,True,1458507.0626584156,0.0,1.0,20,0,90,10,20,0,0,0
planner_daily_h56,14,compound,44,0.0,True,1386012.592099715,0.0,1.0,18,0,92,10,18,0,0,0
planner_daily_h56,15,single,44,0.0,True,829672.1505673634,0.0,1.0,12,0,103,5,12,0,0,0
planner_daily_h56,16,dual,44,0.0,True,1342052.5841140621,0.0,1.0,30,6,90,0,30,0,0,0
planner_daily_h56,17,compound,44,31.0,True,1240690.9065263374,0.39373679090550046,0.9599077812143381,39,15,81,0,39,0,0,0
planner_daily_h56,18,single,44,0.0,True,380455.82642535726,0.0,1.0,3,0,117,0,3,0,0,0
planner_daily_h56,19,dual,44,110.0,False,875461.3914808467,0.1810058504264872,0.9663634542954972,13,0,98,9,13,0,0,0
planner_daily_h56,20,compound,44,28.0,True,1358159.8227267193,0.47756267573337857,0.948667845140489,39,15,81,0,39,0,0,0
planner_daily_h56,21,single,44,0.0,True,512169.95693409414,0.0,1.0,2,0,108,10,2,0,0,0
planner_daily_h56,22,dual,44,0.0,True,376365.21105996234,0.0,1.0,0,0,111,9,0,0,0,0
planner_daily_h56,23,compound,44,0.0,True,1152947.557970357,0.0,1.0,40,16,80,0,40,0,0,0
planner_daily_h56,24,single,44,0.0,True,828294.897272608,0.0,1.0,12,0,104,4,12,0,0,0
planner_daily_h56,25,dual,44,0.0,True,561248.034428439,0.0,1.0,4,0,106,10,4,0,0,0
planner_daily_h56,26,compound,44,0.0,True,1361026.2006814855,0.0,1.0,20,0,91,9,20,0,0,0
planner_daily_h56,27,single,44,0.0,True,699649.4977633144,0.0,1.0,9,0,111,0,9,0,0,0
planner_daily_h56,28,dual,44,0.0,True,616809.6833856229,0.0,1.0,6,0,104,10,6,0,0,0
planner_daily_h56,29,compound,44,0.0,True,1459173.2210615883,0.0,1.0,22,0,88,10,22,0,0,0
planner_daily_h56,30,single,44,0.0,True,439853.49520755134,0.0,1.0,1,0,109,10,1,0,0,0
planner_daily_h56,31,dual,44,0.0,True,1213917.893930364,0.0,1.0,28,5,92,0,28,0,0,0
planner_daily_h56,32,compound,44,0.0,True,1193589.0001530931,0.0,1.0,37,13,83,0,37,0,0,0
planner_daily_h56,33,single,44,0.0,True,386250.24335388,0.0,1.0,2,0,118,0,2,0,0,0
planner_daily_h56,34,dual,44,0.0,True,1231115.5819697138,0.0,1.0,28,4,92,0,28,0,0,0
planner_daily_h56,35,compound,44,0.0,True,1163625.4530225375,0.0,1.0,19,0,91,10,19,0,0,0
planner_daily_h56,36,single,44,0.0,True,355935.4555675884,0.0,1.0,1,0,119,0,1,0,0,0
planner_daily_h56,37,dual,44,0.0,True,1273927.4057989626,0.0,1.0,23,0,97,0,23,0,0,0
planner_daily_h56,38,compound,44,26.0,True,1312750.8332098564,0.30039081202285817,0.9740201979269624,39,15,81,0,39,0,0,0
planner_daily_h56,39,single,44,107.0,True,567705.2258199474,0.1642707012630364,0.972563836932637,5,0,105,10,5,0,0,0
planner_daily_h56,40,dual,44,0.0,True,1246590.4954399539,0.0,1.0,25,1,95,0,25,0,0,0
planner_daily_h56,41,compound,44,29.0,True,1207858.7286982434,0.1912742988006009,0.989495911796667,41,17,79,0,41,0,0,0
planner_daily_h56,42,single,44,0.0,True,342818.814151824,0.0,1.0,0,0,120,0,0,0,0,0
planner_daily_h56,43,dual,44,0.0,True,1213182.7877388808,0.0,1.0,31,7,89,0,31,0,0,0
planner_daily_h56,44,compound,44,33.0,True,1472456.7939557338,0.30243442208710414,0.9708520807256057,23,0,87,10,23,0,0,0
planner_daily_h56,45,single,44,0.0,True,327254.19400583865,0.0,1.0,0,0,120,0,0,0,0,0
planner_daily_h56,46,dual,44,0.0,True,1318157.932641958,0.0,1.0,37,13,83,0,37,0,0,0
planner_daily_h56,47,compound,44,0.0,True,1630765.6430030416,0.0,1.0,25,3,85,10,25,0,0,0
planner_daily_h56,48,single,44,0.0,True,286310.8889315473,0.0,1.0,0,0,120,0,0,0,0,0
planner_daily_h56,49,dual,44,0.0,True,915010.7647579735,0.0,1.0,14,0,96,10,14,0,0,0
planner_daily_h56,50,compound,44,0.0,True,1643242.394953951,0.0,1.0,22,0,88,10,22,0,0,0
planner_daily_h56,51,single,44,0.0,True,521159.3490687124,0.0,1.0,4,0,108,8,4,0,0,0
planner_daily_h56,52,dual,44,0.0,True,1158114.9238440674,0.0,1.0,31,8,89,0,31,0,0,0
planner_daily_h56,53,compound,44,0.0,True,1181932.6901249099,0.0,1.0,19,0,91,10,19,0,0,0
planner_daily_h56,54,single,44,0.0,True,372758.61364649725,0.0,1.0,0,0,120,0,0,0,0,0
planner_daily_h56,55,dual,44,0.0,True,360639.52890946815,0.0,1.0,0,0,110,10,0,0,0,0
planner_daily_h56,56,compound,44,28.0,True,1323960.495409838,0.19263817384948903,0.9905074552524923,41,17,79,0,41,0,0,0
planner_daily_h56,57,single,44,0.0,True,361044.5789707878,0.0,1.0,0,0,120,0,0,0,0,0
planner_daily_h56,58,dual,44,0.0,True,1211476.7564857537,0.0,1.0,26,2,94,0,26,0,0,0
planner_daily_h56,59,compound,44,0.0,True,1250409.2145175247,0.0,1.0,19,0,92,9,19,0,0,0
planner_daily_h56,60,single,44,95.0,True,394484.9398991921,0.14695242691556532,0.979841570108844,0,0,110,10,0,0,0,0
planner_daily_h56,61,dual,44,0.0,True,346233.10561880714,0.0,1.0,0,0,110,10,0,0,0,0
planner_daily_h56,62,compound,44,0.0,True,1127581.3793019736,0.0,1.0,17,0,93,10,17,0,0,0
planner_daily_h56,63,single,44,99.0,True,651892.3029742887,0.1654626742001882,0.9712526814617151,10,0,110,0,10,0,0,0
planner_daily_h56,64,dual,44,0.0,True,1101978.4498363337,0.0,1.0,33,10,87,0,33,0,0,0
planner_daily_h56,65,compound,44,0.0,True,920527.3037589641,0.0,1.0,13,0,97,10,13,0,0,0
planner_daily_h56,66,single,44,0.0,True,320402.6422640034,0.0,1.0,1,0,119,0,1,0,0,0
planner_daily_h56,67,dual,44,0.0,True,1170676.0526192917,0.0,1.0,31,8,89,0,31,0,0,0
planner_daily_h56,68,compound,44,22.0,True,1503463.5074321877,0.16541889270339552,0.9930320521791096,21,0,89,10,21,0,0,0
planner_daily_h56,69,single,44,0.0,True,333038.2265565908,0.0,1.0,0,0,120,0,0,0,0,0
planner_daily_h56,70,dual,44,0.0,True,1278561.56908708,0.0,1.0,29,5,91,0,29,0,0,0
planner_daily_h56,71,compound,44,0.0,True,1448770.3655303793,0.0,1.0,19,0,91,10,19,0,0,0
planner_daily_h56,72,single,44,0.0,True,389423.29619734146,0.0,1.0,0,0,120,0,0,0,0,0
planner_daily_h56,73,dual,44,0.0,True,366755.3287525656,0.0,1.0,0,0,110,10,0,0,0,0
planner_daily_h56,74,compound,44,0.0,True,1508699.9705839937,0.0,1.0,22,0,88,10,22,0,0,0
planner_daily_h56,75,single,44,0.0,True,391429.86289504316,0.0,1.0,1,0,119,0,1,0,0,0
planner_daily_h56,76,dual,44,107.0,True,757496.5899902389,0.297017997224602,0.9135344159416467,8,0,102,10,8,0,0,0
planner_daily_h56,77,compound,44,0.0,True,1275526.5625832197,0.0,1.0,37,13,83,0,37,0,0,0
planner_daily_h56,78,single,44,0.0,True,976471.9662375279,0.0,1.0,12,0,104,4,12,0,0,0
planner_daily_h56,79,dual,44,0.0,True,1131085.3492916103,0.0,1.0,29,5,91,0,29,0,0,0
planner_daily_h56,80,compound,44,0.0,True,1434494.3547464535,0.0,1.0,22,0,89,9,22,0,0,0
planner_daily_h56,81,single,44,0.0,True,415785.93191614334,0.0,1.0,3,0,117,0,3,0,0,0
planner_daily_h56,82,dual,44,0.0,True,1070129.1874897094,0.0,1.0,13,0,97,10,13,0,0,0
planner_daily_h56,83,compound,44,23.0,True,1504970.9842152193,0.31824311574892883,0.978699693621179,23,1,87,10,23,0,0,0
planner_daily_h56,84,single,44,0.0,True,578359.9005148729,0.0,1.0,4,0,107,9,4,0,0,0
planner_daily_h56,85,dual,44,110.0,False,599529.6738336408,0.09756522670386295,0.9891500998301542,6,0,104,10,6,0,0,0
planner_daily_h56,86,compound,44,26.0,True,1381076.7001994702,0.29137561440495463,0.9801018660757664,22,0,88,10,22,0,0,0
planner_daily_h56,87,single,44,0.0,True,341397.7589490199,0.0,1.0,0,0,120,0,0,0,0,0
planner_daily_h56,88,dual,44,0.0,True,723725.1847880902,0.0,1.0,12,0,98,10,12,0,0,0
planner_daily_h56,89,compound,44,0.0,True,1152593.6025828375,0.0,1.0,38,15,82,0,38,0,0,0
planner_daily_h56,90,single,44,0.0,True,358905.2598325947,0.0,1.0,0,0,110,10,0,0,0,0
planner_daily_h56,91,dual,44,110.0,False,1068159.1587564824,0.239173897958639,0.9456754830582373,12,0,98,10,12,0,0,0
planner_daily_h56,92,compound,44,0.0,True,1458631.4793427933,0.0,0.9993953462598035,22,0,89,9,22,0,0,0
planner_daily_h56,93,single,44,0.0,True,350558.7211635572,0.0,1.0,0,0,120,0,0,0,0,0
planner_daily_h56,94,dual,44,0.0,True,621679.4367762149,0.0,1.0,4,0,106,10,4,0,0,0
planner_daily_h56,95,compound,44,0.0,True,1102181.622710831,0.0,1.0,17,0,94,9,17,0,0,0
planner_daily_h56,96,single,44,0.0,True,782904.138537379,0.0,1.0,16,0,104,0,16,0,0,0
planner_daily_h56,97,dual,44,0.0,True,406112.3030504282,0.0,1.0,0,0,110,10,0,0,0,0
planner_daily_h56,98,compound,44,0.0,True,1486107.845140465,0.0,1.0,22,0,89,9,22,0,0,0
planner_daily_h56,99,single,44,0.0,True,603625.1334938793,0.0,1.0,9,0,106,5,9,0,0,0
planner_daily_h56,100,dual,44,0.0,True,367670.83047968236,0.0,1.0,1,0,109,10,1,0,0,0
planner_daily_h56,101,compound,44,22.0,True,1477610.313971393,0.24363064585276484,0.9864951499797141,21,0,89,10,21,0,0,0
planner_daily_h56,102,single,44,0.0,True,326763.64960782655,0.0,1.0,0,0,120,0,0,0,0,0
planner_daily_h56,103,dual,44,0.0,True,1330623.9355776794,0.0,1.0,24,0,96,0,24,0,0,0
planner_daily_h56,104,compound,44,0.0,True,1124210.3885813125,0.0,1.0,16,0,94,10,16,0,0,0
planner_daily_h56,105,single,44,0.0,True,417350.2583737099,0.0,1.0,2,0,109,9,2,0,0,0
planner_daily_h56,106,dual,44,0.0,True,1152306.7704674527,0.0,1.0,32,8,88,0,32,0,0,0
planner_daily_h56,107,compound,44,0.0,True,1227290.2584382468,0.0,1.0,36,12,84,0,36,0,0,0
planner_daily_h56,108,single,44,0.0,True,611454.4518225336,0.0,1.0,7,0,104,9,7,0,0,0
planner_daily_h56,109,dual,44,0.0,True,430441.9000615536,0.0,1.0,0,0,110,10,0,0,0,0
planner_daily_h56,110,compound,44,0.0,True,1281569.6302809934,0.0,1.0,41,17,79,0,41,0,0,0
planner_daily_h56,111,single,44,0.0,True,308557.75077564595,0.0,1.0,0,0,120,0,0,0,0,0
planner_daily_h56,112,dual,44,0.0,True,409929.0691841285,0.0,1.0,1,0,109,10,1,0,0,0
planner_daily_h56,113,compound,44,0.0,True,1173766.8135215682,0.0,1.0,35,12,85,0,35,0,0,0
planner_daily_h56,114,single,44,110.0,False,539275.3818678422,0.15365069322160996,0.9735309344282226,4,0,108,8,4,0,0,0
planner_daily_h56,115,dual,44,0.0,True,1167073.4085026816,0.0,1.0,17,0,93,10,17,0,0,0
planner_daily_h56,116,compound,44,0.0,True,1551567.9263784916,0.0,1.0,23,1,88,9,23,0,0,0
planner_daily_h56,117,single,44,0.0,True,383454.1776229838,0.0,1.0,1,0,119,0,1,0,0,0
planner_daily_h56,118,dual,44,0.0,True,1140511.5580870612,0.0,1.0,32,8,88,0,32,0,0,0
planner_daily_h56,119,compound,44,23.0,True,1392868.4409977784,0.2520708770534506,0.9853290165689667,19,0,91,10,19,0,0,0
planner_daily_h56,120,single,44,0.0,True,309766.11145173974,0.0,1.0,0,0,120,0,0,0,0,0
planner_daily_h56,121,dual,44,0.0,True,661594.9412139897,0.0,1.0,8,0,102,10,8,0,0,0
planner_daily_h56,122,compound,44,0.0,True,1581267.2773213414,0.0,1.0,22,0,88,10,22,0,0,0
planner_daily_h56,123,single,44,0.0,True,379262.8756837168,0.0,1.0,0,0,119,1,0,0,0,0
planner_daily_h56,124,dual,44,81.0,True,704648.0620149416,0.16459811577468175,0.9784495924812633,7,0,103,10,7,0,0,0
planner_daily_h56,125,compound,44,0.0,True,1300762.9932709036,0.0,1.0,36,13,84,0,36,0,0,0
planner_daily_h56,126,single,44,0.0,True,350580.4776965405,0.0,1.0,0,0,120,0,0,0,0,0
planner_daily_h56,127,dual,44,0.0,True,412596.6196861785,0.0,1.0,1,0,110,9,1,0,0,0
planner_daily_h56,128,compound,44,0.0,True,909305.3651227794,0.0,1.0,13,0,98,9,13,0,0,0
planner_daily_h56,129,single,44,0.0,True,529621.2838724044,0.0,1.0,4,0,107,9,4,0,0,0
planner_daily_h56,130,dual,44,0.0,True,1189378.24108741,0.0,1.0,30,6,90,0,30,0,0,0
planner_daily_h56,131,compound,44,0.0,True,1299173.5063553548,0.0,1.0,19,0,91,10,19,0,0,0
planner_daily_h56,132,single,44,0.0,True,401308.9806710127,0.0,1.0,1,0,109,10,1,0,0,0
planner_daily_h56,133,dual,44,0.0,True,1057240.4763562619,0.0,1.0,32,8,88,0,32,0,0,0
planner_daily_h56,134,compound,44,0.0,True,1325251.445356039,0.0,1.0,20,0,90,10,20,0,0,0
planner_daily_h56,135,single,44,0.0,True,949962.4832856437,0.0,1.0,12,0,103,5,12,0,0,0
planner_daily_h56,136,dual,44,0.0,True,1519128.211840154,0.0,1.0,19,0,91,10,19,0,0,0
planner_daily_h56,137,compound,44,0.0,True,1314886.6122172014,0.0,1.0,34,10,86,0,34,0,0,0
planner_daily_h56,138,single,44,0.0,True,425389.7013937213,0.0,1.0,2,0,118,0,2,0,0,0
planner_daily_h56,139,dual,44,0.0,True,734053.745388799,0.0,1.0,9,0,101,10,9,0,0,0
planner_daily_h56,140,compound,44,0.0,True,1087197.9990549153,0.0,1.0,17,0,93,10,17,0,0,0
planner_daily_h56,141,single,44,0.0,True,312324.7554748658,0.0,1.0,0,0,120,0,0,0,0,0
planner_daily_h56,142,dual,44,0.0,True,1339889.4434539333,0.0,1.0,28,4,92,0,28,0,0,0
planner_daily_h56,143,compound,44,0.0,True,1501831.6696851482,0.0,0.9988402917045106,25,3,85,10,25,0,0,0
planner_daily_h56,144,single,44,109.0,True,729114.5661822278,0.1952643234692881,0.9631095732681954,9,0,105,6,9,0,0,0
planner_daily_h56,145,dual,44,85.0,True,617979.0163272988,0.027548275825887897,0.9972523763347368,7,0,103,10,7,0,0,0
planner_daily_h56,146,compound,44,0.0,True,1429093.6181746025,0.0,1.0,21,0,89,10,21,0,0,0
planner_daily_h56,147,single,44,0.0,True,368443.4740745985,0.0,1.0,0,0,110,10,0,0,0,0
planner_daily_h56,148,dual,44,101.0,True,748195.3897294379,0.25198016375479715,0.941413633697127,8,0,102,10,8,0,0,0
planner_daily_h56,149,compound,44,0.0,True,1230121.5087337845,0.0,1.0,37,13,83,0,37,0,0,0
planner_daily_h56,150,single,44,108.0,True,388680.30057762447,0.2194076472039824,0.9532865528935376,0,0,110,10,0,0,0,0
planner_daily_h56,151,dual,44,0.0,True,716278.2502634329,0.0,1.0,8,0,102,10,8,0,0,0
planner_daily_h56,152,compound,44,23.0,True,1534523.8729912136,0.3950581896423636,0.9697462775966227,23,1,87,10,23,0,0,0
planner_daily_h56,153,single,44,0.0,True,621786.1538472297,0.0,1.0,7,0,106,7,7,0,0,0
planner_daily_h56,154,dual,44,0.0,True,374766.14170971443,0.0,1.0,0,0,110,10,0,0,0,0
planner_daily_h56,155,compound,44,22.0,True,1453985.6263250501,0.41508890916530766,0.9683027843882178,21,0,89,10,21,0,0,0
planner_daily_h56,156,single,44,110.0,False,882530.1583797472,0.21022450538863102,0.9562741237892407,16,0,104,0,16,0,0,0
planner_daily_h56,157,dual,44,0.0,True,530139.3587453583,0.0,1.0,3,0,107,10,3,0,0,0
planner_daily_h56,158,compound,44,0.0,True,1435795.3183623084,0.0,1.0,36,12,84,0,36,0,0,0
planner_daily_h56,159,single,44,0.0,True,494436.42761011707,0.0,1.0,4,0,113,3,4,0,0,0
planner_daily_h56,160,dual,44,0.0,True,396819.8419405295,0.0,1.0,2,0,108,10,2,0,0,0
planner_daily_h56,161,compound,44,0.0,True,1653495.1879152986,0.0,1.0,24,1,86,10,24,0,0,0
planner_daily_h56,162,single,44,0.0,True,446835.51492124767,0.0,1.0,3,0,115,2,3,0,0,0
planner_daily_h56,163,dual,44,0.0,True,396201.0399755664,0.0,1.0,0,0,110,10,0,0,0,0
planner_daily_h56,164,compound,44,0.0,True,1324863.4034225366,0.0,1.0,20,0,90,10,20,0,0,0
planner_daily_h56,165,single,44,102.0,True,485367.4496093608,0.3014682456502591,0.9200805600694806,0,0,110,10,0,0,0,0
planner_daily_h56,166,dual,44,0.0,True,952679.899748738,0.0,1.0,12,0,98,10,12,0,0,0
planner_daily_h56,167,compound,44,0.0,True,1184929.3706004804,0.0,1.0,39,15,81,0,39,0,0,0
planner_daily_h56,168,single,44,108.0,True,689245.0927783014,0.12560013862453376,0.983426423300718,13,0,107,0,13,0,0,0
planner_daily_h56,169,dual,44,0.0,True,396533.7212914309,0.0,1.0,0,0,110,10,0,0,0,0
planner_daily_h56,170,compound,44,26.0,True,1250766.4534775845,0.20028421651742515,0.9904249099387163,39,15,81,0,39,0,0,0
planner_daily_h56,171,single,44,0.0,True,896144.3026757045,0.0,1.0,17,0,103,0,17,0,0,0
planner_daily_h56,172,dual,44,0.0,True,1305077.6558452721,0.0,1.0,30,6,90,0,30,0,0,0
planner_daily_h56,173,compound,44,0.0,True,1319839.788444568,0.0,1.0,41,17,79,0,41,0,0,0
planner_daily_h56,174,single,44,0.0,True,772624.8202921858,0.0,1.0,10,0,106,4,10,0,0,0
planner_daily_h56,175,dual,44,0.0,True,1148255.6226694456,0.0,1.0,29,5,91,0,29,0,0,0
planner_daily_h56,176,compound,44,30.0,True,1496095.2415593883,0.09437853535413718,0.9953026011581034,23,1,87,10,23,0,0,0
planner_daily_h56,177,single,44,0.0,True,351101.8270129852,0.0,1.0,1,0,119,0,1,0,0,0
planner_daily_h56,178,dual,44,0.0,True,1114975.5777342147,0.0,1.0,16,0,94,10,16,0,0,0
planner_daily_h56,179,compound,44,0.0,True,1176835.5629673372,0.0,1.0,19,0,91,10,19,0,0,0
planner_daily_h56,180,single,44,0.0,True,285998.1262193888,0.0,1.0,0,0,120,0,0,0,0,0
planner_daily_h56,181,dual,44,0.0,True,395539.6313428467,0.0,1.0,0,0,110,10,0,0,0,0
planner_daily_h56,182,compound,44,0.0,True,1411777.3791160383,0.0,1.0,25,3,85,10,25,0,0,0
planner_daily_h56,183,single,44,100.0,True,487506.84220522613,0.14829292313326206,0.9741476753131287,4,0,106,10,4,0,0,0
planner_daily_h56,184,dual,44,0.0,True,1128281.886864696,0.0,1.0,16,0,94,10,16,0,0,0
planner_daily_h56,185,compound,44,27.0,True,1572452.2983078526,0.1412338969239741,0.9933845752759446,22,0,88,10,22,0,0,0
planner_daily_h56,186,single,44,0.0,True,534018.8749200992,0.0,1.0,7,0,112,1,7,0,0,0
planner_daily_h56,187,dual,44,0.0,True,793426.6506382442,0.0,1.0,11,0,99,10,11,0,0,0
planner_daily_h56,188,compound,44,0.0,True,1216028.656800257,0.0,1.0,40,16,80,0,40,0,0,0
planner_daily_h56,189,single,44,108.0,True,737542.5024168444,0.18647538902004143,0.9597781356897246,8,0,104,8,8,0,0,0
planner_daily_h56,190,dual,44,100.0,True,554022.0538803787,0.3218765029570338,0.9083958379571654,3,0,107,10,3,0,0,0
planner_daily_h56,191,compound,44,0.0,True,1216880.032700992,0.0,1.0,41,17,79,0,41,0,0,0
planner_daily_h56,192,single,44,0.0,True,597447.8824861436,0.0,1.0,6,0,105,9,6,0,0,0
planner_daily_h56,193,dual,44,0.0,True,1516795.442053339,0.0,1.0,31,7,89,0,31,0,0,0
planner_daily_h56,194,compound,44,0.0,True,1253095.8854764514,0.0,1.0,39,15,81,0,39,0,0,0
planner_daily_h56,195,single,44,0.0,True,1094609.5599977565,0.0,1.0,21,0,99,0,21,0,0,0
planner_daily_h56,196,dual,44,0.0,True,355980.7617895184,0.0,1.0,0,0,110,10,0,0,0,0
planner_daily_h56,197,compound,44,0.0,True,1102878.6647570932,0.0,1.0,39,15,81,0,39,0,0,0
planner_daily_h56,198,single,44,0.0,True,330999.16107774543,0.0,1.0,0,0,120,0,0,0,0,0
planner_daily_h56,199,dual,44,0.0,True,688384.3691400803,0.0,1.0,6,0,104,10,6,0,0,0
planner_daily_h56,0,single,45,0.0,True,365664.66234163253,0.0,1.0,1,0,119,0,1,0,0,0
planner_daily_h56,1,dual,45,0.0,True,1133243.7336432077,0.0,1.0,16,0,94,10,16,0,0,0
planner_daily_h56,2,compound,45,0.0,True,1177557.9100074582,0.0,1.0,34,11,86,0,34,0,0,0
planner_daily_h56,3,single,45,0.0,True,452028.4468582133,0.0,1.0,3,0,117,0,3,0,0,0
planner_daily_h56,4,dual,45,0.0,True,1247949.5121676286,0.0,1.0,31,7,89,0,31,0,0,0
planner_daily_h56,5,compound,45,22.0,True,1386546.251275178,0.3657701238292039,0.9747903064366589,24,2,86,10,24,0,0,0
planner_daily_h56,6,single,45,0.0,True,564248.0176973625,0.0,1.0,5,0,110,5,5,0,0,0
planner_daily_h56,7,dual,45,0.0,True,1592821.1658367307,0.0,1.0,22,0,88,10,22,0,0,0
planner_daily_h56,8,compound,45,0.0,True,1046192.1996768919,0.0,1.0,15,0,96,9,15,0,0,0
planner_daily_h56,9,single,45,0.0,True,444251.6714407669,0.0,1.0,3,0,107,10,3,0,0,0
planner_daily_h56,10,dual,45,108.0,True,623793.245231806,0.1711063237416148,0.9702813989062744,5,0,105,10,5,0,0,0
planner_daily_h56,11,compound,45,0.0,True,1441255.8595860046,0.0,1.0,36,12,84,0,36,0,0,0
planner_daily_h56,12,single,45,0.0,True,812185.6118560905,0.0,1.0,16,0,104,0,16,0,0,0
planner_daily_h56,13,dual,45,0.0,True,1444077.5978982346,0.0,1.0,19,0,91,10,19,0,0,0
planner_daily_h56,14,compound,45,0.0,True,1286113.1331067842,0.0,1.0,17,0,93,10,17,0,0,0
planner_daily_h56,15,single,45,0.0,True,720918.5876701504,0.0,1.0,8,0,106,6,8,0,0,0
planner_daily_h56,16,dual,45,0.0,True,1342052.5841140621,0.0,1.0,31,7,89,0,31,0,0,0
planner_daily_h56,17,compound,45,31.0,True,1240690.9065263374,0.39373679090550046,0.9599077812143381,39,15,81,0,39,0,0,0
planner_daily_h56,18,single,45,0.0,True,383208.8427607938,0.0,1.0,3,0,117,0,3,0,0,0
planner_daily_h56,19,dual,45,110.0,False,875461.3914808467,0.1810058504264872,0.9663634542954972,13,0,98,9,13,0,0,0
planner_daily_h56,20,compound,45,28.0,True,1358159.8227267193,0.47756267573337857,0.948667845140489,39,15,81,0,39,0,0,0
planner_daily_h56,21,single,45,74.0,True,568000.1800179373,0.20358603299902092,0.9729805983115701,4,0,106,10,4,0,0,0
planner_daily_h56,22,dual,45,0.0,True,376365.21105996234,0.0,1.0,0,0,111,9,0,0,0,0
planner_daily_h56,23,compound,45,0.0,True,1152947.557970357,0.0,1.0,40,16,80,0,40,0,0,0
planner_daily_h56,24,single,45,0.0,True,992240.8590350511,0.0,1.0,15,0,103,2,15,0,0,0
planner_daily_h56,25,dual,45,0.0,True,580914.0401190557,0.0,1.0,4,0,106,10,4,0,0,0
planner_daily_h56,26,compound,45,0.0,True,1263133.9627416518,0.0,1.0,19,0,92,9,19,0,0,0
planner_daily_h56,27,single,45,0.0,True,663849.9162315867,0.0,1.0,6,0,113,1,6,0,0,0
planner_daily_h56,28,dual,45,0.0,True,680112.2587693735,0.0,1.0,8,0,102,10,8,0,0,0
planner_daily_h56,29,compound,45,0.0,True,1459173.2210615883,0.0,1.0,22,0,88,10,22,0,0,0
planner_daily_h56,30,single,45,0.0,True,439025.91516862146,0.0,1.0,2,0,109,9,2,0,0,0
planner_daily_h56,31,dual,45,0.0,True,1213917.893930364,0.0,1.0,28,5,92,0,28,0,0,0
planner_daily_h56,32,compound,45,0.0,True,1193589.0001530931,0.0,1.0,37,13,83,0,37,0,0,0
planner_daily_h56,33,single,45,0.0,True,386250.24335388,0.0,1.0,2,0,118,0,2,0,0,0
planner_daily_h56,34,dual,45,0.0,True,1231115.5819697138,0.0,1.0,28,4,92,0,28,0,0,0
planner_daily_h56,35,compound,45,0.0,True,1163625.4530225375,0.0,1.0,19,0,91,10,19,0,0,0
planner_daily_h56,36,single,45,0.0,True,379561.46573882265,0.0,1.0,2,0,118,0,2,0,0,0
planner_daily_h56,37,dual,45,0.0,True,1273927.4057989626,0.0,1.0,23,0,97,0,23,0,0,0
planner_daily_h56,38,compound,45,26.0,True,1312750.8332098564,0.30039081202285817,0.9740201979269624,39,15,81,0,39,0,0,0
planner_daily_h56,39,single,45,107.0,True,618269.0640024482,0.297902956704055,0.9122120266051613,5,0,106,9,5,0,0,0
planner_daily_h56,40,dual,45,0.0,True,1246590.4954399539,0.0,1.0,24,0,96,0,24,0,0,0
planner_daily_h56,41,compound,45,29.0,True,1207858.7286982434,0.1912742988006009,0.989495911796667,41,17,79,0,41,0,0,0
planner_daily_h56,42,single,45,0.0,True,342818.814151824,0.0,1.0,0,0,120,0,0,0,0,0
planner_daily_h56,43,dual,45,0.0,True,1213182.7877388808,0.0,1.0,31,7,89,0,31,0,0,0
planner_daily_h56,44,compound,45,33.0,True,1401236.839030049,0.30243442208710414,0.9708520807256057,22,0,88,10,22,0,0,0
planner_daily_h56,45,single,45,0.0,True,327254.19400583865,0.0,1.0,0,0,120,0,0,0,0,0
planner_daily_h56,46,dual,45,0.0,True,1318157.932641958,0.0,1.0,37,13,83,0,37,0,0,0
planner_daily_h56,47,compound,45,0.0,True,1630765.6430030416,0.0,1.0,25,3,85,10,25,0,0,0
planner_daily_h56,48,single,45,0.0,True,286310.8889315473,0.0,1.0,0,0,120,0,0,0,0,0
planner_daily_h56,49,dual,45,0.0,True,1160897.48327947,0.0,1.0,17,0,93,10,17,0,0,0
planner_daily_h56,50,compound,45,0.0,True,1643242.394953951,0.0,1.0,22,0,88,10,22,0,0,0
planner_daily_h56,51,single,45,0.0,True,507206.62094408314,0.0,1.0,5,0,108,7,5,0,0,0
planner_daily_h56,52,dual,45,0.0,True,1158114.9238440674,0.0,1.0,31,8,89,0,31,0,0,0
planner_daily_h56,53,compound,45,0.0,True,1181932.6901249099,0.0,1.0,19,0,91,10,19,0,0,0
planner_daily_h56,54,single,45,0.0,True,372758.61364649725,0.0,1.0,0,0,120,0,0,0,0,0
planner_daily_h56,55,dual,45,0.0,True,360639.52890946815,0.0,1.0,0,0,110,10,0,0,0,0
planner_daily_h56,56,compound,45,28.0,True,1323960.495409838,0.19263817384948903,0.9905074552524923,41,17,79,0,41,0,0,0
planner_daily_h56,57,single,45,0.0,True,361044.5789707878,0.0,1.0,0,0,120,0,0,0,0,0
planner_daily_h56,58,dual,45,0.0,True,1211476.7564857537,0.0,1.0,26,2,94,0,26,0,0,0
planner_daily_h56,59,compound,45,0.0,True,1250409.2145175247,0.0,1.0,19,0,92,9,19,0,0,0
planner_daily_h56,60,single,45,95.0,True,394484.9398991921,0.14695242691556532,0.979841570108844,0,0,110,10,0,0,0,0
planner_daily_h56,61,dual,45,0.0,True,346233.10561880714,0.0,1.0,0,0,110,10,0,0,0,0
planner_daily_h56,62,compound,45,0.0,True,1209435.7126075695,0.0,1.0,19,0,91,10,19,0,0,0
planner_daily_h56,63,single,45,99.0,True,628370.4332794468,0.10724741646230146,0.987678437799408,10,0,110,0,10,0,0,0
planner_daily_h56,64,dual,45,0.0,True,1101978.4498363337,0.0,1.0,33,10,87,0,33,0,0,0
planner_daily_h56,65,compound,45,0.0,True,871765.3562241589,0.0,1.0,12,0,98,10,12,0,0,0
planner_daily_h56,66,single,45,0.0,True,343164.0231826749,0.0,1.0,2,0,118,0,2,0,0,0
planner_daily_h56,67,dual,45,0.0,True,1170676.0526192917,0.0,1.0,31,8,89,0,31,0,0,0
planner_daily_h56,68,compound,45,22.0,True,1503463.5074321877,0.16541889270339552,0.9930320521791096,21,0,89,10,21,0,0,0
planner_daily_h56,69,single,45,0.0,True,333038.2265565908,0.0,1.0,0,0,120,0,0,0,0,0
planner_daily_h56,70,dual,45,0.0,True,1278561.56908708,0.0,1.0,29,5,91,0,29,0,0,0
planner_daily_h56,71,compound,45,0.0,True,1448770.3655303793,0.0,1.0,19,0,91,10,19,0,0,0
planner_daily_h56,72,single,45,0.0,True,389423.29619734146,0.0,1.0,0,0,120,0,0,0,0,0
planner_daily_h56,73,dual,45,0.0,True,366755.3287525656,0.0,1.0,0,0,110,10,0,0,0,0
planner_daily_h56,74,compound,45,0.0,True,1508699.9705839937,0.0,1.0,22,0,88,10,22,0,0,0
planner_daily_h56,75,single,45,0.0,True,354033.02876500797,0.0,1.0,0,0,120,0,0,0,0,0
planner_daily_h56,76,dual,45,87.0,True,757256.8193776306,0.03584684294732755,0.996954541110932,10,0,100,10,10,0,0,0
planner_daily_h56,77,compound,45,0.0,True,1275526.5625832197,0.0,1.0,37,13,83,0,37,0,0,0
planner_daily_h56,78,single,45,0.0,True,951801.6628772009,0.0,1.0,12,0,105,3,12,0,0,0
planner_daily_h56,79,dual,45,0.0,True,1131085.3492916103,0.0,1.0,27,3,93,0,27,0,0,0
planner_daily_h56,80,compound,45,0.0,True,1434494.3547464535,0.0,1.0,22,0,89,9,22,0,0,0
planner_daily_h56,81,single,45,0.0,True,365980.69813071523,0.0,1.0,1,0,119,0,1,0,0,0
planner_daily_h56,82,dual,45,0.0,True,1070149.4734803678,0.0,1.0,13,0,97,10,13,0,0,0
planner_daily_h56,83,compound,45,23.0,True,1439998.3398603667,0.31824311574892883,0.978699693621179,21,0,89,10,21,0,0,0
planner_daily_h56,84,single,45,0.0,True,511006.48108213133,0.0,1.0,2,0,108,10,2,0,0,0
planner_daily_h56,85,dual,45,110.0,False,599529.6738336408,0.09756522670386295,0.9891500998301542,6,0,104,10,6,0,0,0
planner_daily_h56,86,compound,45,26.0,True,1381076.7001994702,0.29137561440495463,0.9801018660757664,22,0,88,10,22,0,0,0
planner_daily_h56,87,single,45,0.0,True,341397.7589490199,0.0,1.0,0,0,120,0,0,0,0,0
planner_daily_h56,88,dual,45,0.0,True,816993.3845993291,0.0,1.0,11,0,99,10,11,0,0,0
planner_daily_h56,89,compound,45,0.0,True,1152593.6025828375,0.0,1.0,38,15,82,0,38,0,0,0
planner_daily_h56,90,single,45,0.0,True,358905.2598325947,0.0,1.0,0,0,110,10,0,0,0,0
planner_daily_h56,91,dual,45,110.0,False,1031326.1771468847,0.1407594969363135,0.9784457134609348,11,0,99,10,11,0,0,0
planner_daily_h56,92,compound,45,0.0,True,1458631.4793427933,0.0,0.9993953462598035,22,0,89,9,22,0,0,0
planner_daily_h56,93,single,45,0.0,True,350558.7211635572,0.0,1.0,0,0,120,0,0,0,0,0
planner_daily_h56,94,dual,45,0.0,True,488401.70109515206,0.0,1.0,2,0,108,10,2,0,0,0
planner_daily_h56,95,compound,45,0.0,True,1102181.622710831,0.0,1.0,17,0,94,9,17,0,0,0
planner_daily_h56,96,single,45,0.0,True,782904.138537379,0.0,1.0,16,0,104,0,16,0,0,0
planner_daily_h56,97,dual,45,0.0,True,415177.091120473,0.0,1.0,1,0,109,10,1,0,0,0
planner_daily_h56,98,compound,45,0.0,True,1486107.845140465,0.0,1.0,23,1,88,9,23,0,0,0
planner_daily_h56,99,single,45,0.0,True,712988.2212274363,0.0,1.0,11,0,106,3,11,0,0,0
planner_daily_h56,100,dual,45,0.0,True,367670.83047968236,0.0,1.0,1,0,109,10,1,0,0,0
planner_daily_h56,101,compound,45,22.0,True,1477610.313971393,0.24363064585276484,0.9864951499797141,21,0,89,10,21,0,0,0
planner_daily_h56,102,single,45,0.0,True,326763.64960782655,0.0,1.0,0,0,120,0,0,0,0,0
planner_daily_h56,103,dual,45,0.0,True,1330623.9355776794,0.0,1.0,24,0,96,0,24,0,0,0
planner_daily_h56,104,compound,45,0.0,True,949933.3164044322,0.0,1.0,15,0,95,10,15,0,0,0
planner_daily_h56,105,single,45,0.0,True,382284.76509870694,0.0,1.0,1,0,109,10,1,0,0,0
planner_daily_h56,106,dual,45,0.0,True,1152306.7704674527,0.0,1.0,33,9,87,0,33,0,0,0
planner_daily_h56,107,compound,45,0.0,True,1227290.2584382468,0.0,1.0,34,10,86,0,34,0,0,0
planner_daily_h56,108,single,45,0.0,True,631820.7502631589,0.0,1.0,9,0,103,8,9,0,0,0
planner_daily_h56,109,dual,45,0.0,True,430441.9000615536,0.0,1.0,0,0,110,10,0,0,0,0
planner_daily_h56,110,compound,45,0.0,True,1281569.6302809934,0.0,1.0,41,17,79,0,41,0,0,0
planner_daily_h56,111,single,45,0.0,True,308557.75077564595,0.0,1.0,0,0,120,0,0,0,0,0
planner_daily_h56,112,dual,45,0.0,True,507925.1438089904,0.0,1.0,3,0,109,8,3,0,0,0
planner_daily_h56,113,compound,45,0.0,True,1173766.8135215682,0.0,1.0,35,12,85,0,35,0,0,0
planner_daily_h56,114,single,45,110.0,False,557863.6143490168,0.1925714273155963,0.9601988765318578,4,0,109,7,4,0,0,0
planner_daily_h56,115,dual,45,0.0,True,1167073.4085026816,0.0,1.0,17,0,93,10,17,0,0,0
planner_daily_h56,116,compound,45,0.0,True,1551567.9263784916,0.0,1.0,23,1,88,9,23,0,0,0
planner_daily_h56,117,single,45,0.0,True,439017.5619896512,0.0,1.0,2,0,118,0,2,0,0,0
planner_daily_h56,118,dual,45,0.0,True,1140511.5580870612,0.0,1.0,32,8,88,0,32,0,0,0
planner_daily_h56,119,compound,45,23.0,True,1392868.4409977784,0.2520708770534506,0.9853290165689667,19,0,91,10,19,0,0,0
planner_daily_h56,120,single,45,0.0,True,309766.11145173974,0.0,1.0,0,0,120,0,0,0,0,0
planner_daily_h56,121,dual,45,0.0,True,599280.4604195041,0.0,1.0,7,0,103,10,7,0,0,0
planner_daily_h56,122,compound,45,0.0,True,1581267.2773213414,0.0,1.0,22,0,88,10,22,0,0,0
planner_daily_h56,123,single,45,0.0,True,332751.35278471693,0.0,1.0,0,0,120,0,0,0,0,0
planner_daily_h56,124,dual,45,0.0,True,781296.0936621398,0.0,1.0,9,0,101,10,9,0,0,0
planner_daily_h56,125,compound,45,0.0,True,1300762.9932709036,0.0,1.0,36,13,84,0,36,0,0,0
planner_daily_h56,126,single,45,0.0,True,350580.4776965405,0.0,1.0,0,0,120,0,0,0,0,0
planner_daily_h56,127,dual,45,0.0,True,412596.6196861785,0.0,1.0,1,0,110,9,1,0,0,0
planner_daily_h56,128,compound,45,0.0,True,918183.833073453,0.0,1.0,12,0,99,9,12,0,0,0
planner_daily_h56,129,single,45,110.0,False,570556.0232431206,0.332164350069411,0.8941547891748425,4,0,108,8,4,0,0,0
planner_daily_h56,130,dual,45,0.0,True,1189378.24108741,0.0,1.0,30,6,90,0,30,0,0,0
planner_daily_h56,131,compound,45,0.0,True,1299173.5063553548,0.0,1.0,19,0,91,10,19,0,0,0
planner_daily_h56,132,single,45,0.0,True,401308.9806710127,0.0,1.0,1,0,109,10,1,0,0,0
planner_daily_h56,133,dual,45,0.0,True,1057240.4763562619,0.0,1.0,33,9,87,0,33,0,0,0
planner_daily_h56,134,compound,45,0.0,True,1325251.445356039,0.0,1.0,20,0,90,10,20,0,0,0
planner_daily_h56,135,single,45,0.0,True,852809.3634640016,0.0,1.0,11,0,104,5,11,0,0,0
planner_daily_h56,136,dual,45,0.0,True,1454586.4752091218,0.0,1.0,19,0,91,10,19,0,0,0
planner_daily_h56,137,compound,45,0.0,True,1314886.6122172014,0.0,1.0,34,10,86,0,34,0,0,0
planner_daily_h56,138,single,45,0.0,True,460415.5187717071,0.0,1.0,3,0,117,0,3,0,0,0
planner_daily_h56,139,dual,45,0.0,True,646841.2380628065,0.0,1.0,7,0,103,10,7,0,0,0
planner_daily_h56,140,compound,45,0.0,True,1074327.2035952536,0.0,1.0,16,0,94,10,16,0,0,0
planner_daily_h56,141,single,45,0.0,True,312324.7554748658,0.0,1.0,0,0,120,0,0,0,0,0
planner_daily_h56,142,dual,45,0.0,True,1339889.4434539333,0.0,1.0,27,3,93,0,27,0,0,0
planner_daily_h56,143,compound,45,0.0,True,1501831.6696851482,0.0,0.9988402917045106,25,3,85,10,25,0,0,0
planner_daily_h56,144,single,45,109.0,True,664585.3500763477,0.036289359872293224,0.996551840459714,7,0,107,6,7,0,0,0
planner_daily_h56,145,dual,45,0.0,True,577518.1935066973,0.0,1.0,6,0,104,10,6,0,0,0
planner_daily_h56,146,compound,45,0.0,True,1503614.1432679251,0.0,1.0,22,0,88,10,22,0,0,0
planner_daily_h56,147,single,45,0.0,True,368443.4740745985,0.0,1.0,0,0,110,10,0,0,0,0
planner_daily_h56,148,dual,45,0.0,True,753812.6036331467,0.0,0.9993845266476149,9,0,101,10,9,0,0,0
planner_daily_h56,149,compound,45,0.0,True,1230121.5087337845,0.0,1.0,37,13,83,0,37,0,0,0
planner_daily_h56,150,single,45,108.0,True,388680.30057762447,0.2194076472039824,0.9532865528935376,0,0,110,10,0,0,0,0
planner_daily_h56,151,dual,45,0.0,True,716278.2502634329,0.0,1.0,8,0,102,10,8,0,0,0
planner_daily_h56,152,compound,45,23.0,True,1534523.8729912136,0.3950581896423636,0.9697462775966227,23,1,87,10,23,0,0,0
planner_daily_h56,153,single,45,0.0,True,621906.6591649189,0.0,1.0,7,0,104,9,7,0,0,0
planner_daily_h56,154,dual,45,0.0,True,374766.14170971443,0.0,1.0,0,0,110,10,0,0,0,0
planner_daily_h56,155,compound,45,22.0,True,1385084.8316471262,0.41508890916530766,0.9683027843882178,20,0,90,10,20,0,0,0
planner_daily_h56,156,single,45,110.0,False,882530.1583797472,0.21022450538863102,0.9562741237892407,16,0,104,0,16,0,0,0
planner_daily_h56,157,dual,45,0.0,True,530206.999792007,0.0,1.0,3,0,107,10,3,0,0,0
planner_daily_h56,158,compound,45,0.0,True,1435795.3183623084,0.0,1.0,36,12,84,0,36,0,0,0
planner_daily_h56,159,single,45,0.0,True,616300.0293569629,0.0,1.0,7,0,112,1,7,0,0,0
planner_daily_h56,160,dual,45,0.0,True,396819.8419405295,0.0,1.0,2,0,108,10,2,0,0,0
planner_daily_h56,161,compound,45,0.0,True,1653495.1879152986,0.0,1.0,24,1,86,10,24,0,0,0
planner_daily_h56,162,single,45,0.0,True,536799.5250651387,0.0,1.0,6,0,113,1,6,0,0,0
planner_daily_h56,163,dual,45,0.0,True,396201.0399755664,0.0,1.0,0,0,110,10,0,0,0,0
planner_daily_h56,164,compound,45,0.0,True,1364991.4757897563,0.0,1.0,21,0,89,10,21,0,0,0
planner_daily_h56,165,single,45,102.0,True,485367.4496093608,0.3014682456502591,0.9200805600694806,0,0,110,10,0,0,0,0
planner_daily_h56,166,dual,45,109.0,True,1042776.6346960549,0.16823165977515261,0.9727210115722523,13,0,97,10,13,0,0,0
planner_daily_h56,167,compound,45,0.0,True,1184929.3706004804,0.0,1.0,39,15,81,0,39,0,0,0
planner_daily_h56,168,single,45,0.0,True,593260.0557985932,0.0,1.0,11,0,109,0,11,0,0,0
planner_daily_h56,169,dual,45,0.0,True,396533.7212914309,0.0,1.0,0,0,110,10,0,0,0,0
planner_daily_h56,170,compound,45,26.0,True,1250766.4534775845,0.20028421651742515,0.9904249099387163,39,15,81,0,39,0,0,0
planner_daily_h56,171,single,45,0.0,True,896136.981989796,0.0,1.0,17,0,103,0,17,0,0,0
planner_daily_h56,172,dual,45,0.0,True,1305077.6558452721,0.0,1.0,30,6,90,0,30,0,0,0
planner_daily_h56,173,compound,45,0.0,True,1319839.788444568,0.0,1.0,41,17,79,0,41,0,0,0
planner_daily_h56,174,single,45,0.0,True,739540.2775903853,0.0,1.0,10,0,106,4,10,0,0,0
planner_daily_h56,175,dual,45,0.0,True,1148255.6226694456,0.0,1.0,28,4,92,0,28,0,0,0
planner_daily_h56,176,compound,45,30.0,True,1580827.0205322525,0.09437853535413718,0.9953026011581034,23,1,87,10,23,0,0,0
planner_daily_h56,177,single,45,0.0,True,324692.8158774717,0.0,1.0,0,0,120,0,0,0,0,0
planner_daily_h56,178,dual,45,0.0,True,1114975.5777342147,0.0,1.0,16,0,94,10,16,0,0,0
planner_daily_h56,179,compound,45,0.0,True,1176835.5629673372,0.0,1.0,19,0,91,10,19,0,0,0
planner_daily_h56,180,single,45,0.0,True,285998.1262193888,0.0,1.0,0,0,120,0,0,0,0,0
planner_daily_h56,181,dual,45,0.0,True,395539.6313428467,0.0,1.0,0,0,110,10,0,0,0,0
planner_daily_h56,182,compound,45,0.0,True,1411777.3791160383,0.0,1.0,25,3,85,10,25,0,0,0
planner_daily_h56,183,single,45,0.0,True,420110.43687373685,0.0,1.0,2,0,109,9,2,0,0,0
planner_daily_h56,184,dual,45,0.0,True,1059019.5914338755,0.0,1.0,15,0,95,10,15,0,0,0
planner_daily_h56,185,compound,45,27.0,True,1572452.2983078526,0.1412338969239741,0.9933845752759446,22,0,88,10,22,0,0,0
planner_daily_h56,186,single,45,0.0,True,466923.21079991903,0.0,1.0,4,0,115,1,4,0,0,0
planner_daily_h56,187,dual,45,0.0,True,701542.209856384,0.0,1.0,10,0,100,10,10,0,0,0
planner_daily_h56,188,compound,45,0.0,True,1216028.656800257,0.0,1.0,40,16,80,0,40,0,0,0
planner_daily_h56,189,single,45,0.0,True,654513.6700483516,0.0,1.0,8,0,104,8,8,0,0,0
planner_daily_h56,190,dual,45,100.0,True,551411.1661367556,0.2681670815027854,0.9344821380781857,3,0,107,10,3,0,0,0
planner_daily_h56,191,compound,45,0.0,True,1216880.032700992,0.0,1.0,41,17,79,0,41,0,0,0
planner_daily_h56,192,single,45,0.0,True,568706.4285462735,0.0,1.0,4,0,107,9,4,0,0,0
planner_daily_h56,193,dual,45,0.0,True,1516795.442053339,0.0,1.0,32,8,88,0,32,0,0,0
planner_daily_h56,194,compound,45,0.0,True,1253095.8854764514,0.0,1.0,39,15,81,0,39,0,0,0
planner_daily_h56,195,single,45,0.0,True,1034611.8309859562,0.0,1.0,20,0,100,0,20,0,0,0
planner_daily_h56,196,dual,45,0.0,True,355980.7617895184,0.0,1.0,0,0,110,10,0,0,0,0
planner_daily_h56,197,compound,45,0.0,True,1102878.6647570932,0.0,1.0,38,14,82,0,38,0,0,0
planner_daily_h56,198,single,45,0.0,True,330999.16107774543,0.0,1.0,0,0,120,0,0,0,0,0
planner_daily_h56,199,dual,45,0.0,True,688384.3691400803,0.0,1.0,6,0,104,10,6,0,0,0
planner_daily_h56,0,single,46,0.0,True,332563.0591712982,0.0,1.0,0,0,120,0,0,0,0,0
planner_daily_h56,1,dual,46,0.0,True,1133243.7336432077,0.0,1.0,16,0,94,10,16,0,0,0
planner_daily_h56,2,compound,46,0.0,True,1177557.9100074582,0.0,1.0,34,11,86,0,34,0,0,0
planner_daily_h56,3,single,46,0.0,True,487114.62253187754,0.0,1.0,4,0,116,0,4,0,0,0
planner_daily_h56,4,dual,46,0.0,True,1247949.5121676286,0.0,1.0,31,7,89,0,31,0,0,0
planner_daily_h56,5,compound,46,22.0,True,1386546.251275178,0.3657701238292039,0.9747903064366589,24,2,86,10,24,0,0,0
planner_daily_h56,6,single,46,0.0,True,504498.57298608765,0.0,1.0,4,0,106,10,4,0,0,0
planner_daily_h56,7,dual,46,0.0,True,1493083.6524426322,0.0,1.0,21,0,89,10,21,0,0,0
planner_daily_h56,8,compound,46,0.0,True,1046192.1996768919,0.0,1.0,15,0,96,9,15,0,0,0
planner_daily_h56,9,single,46,110.0,False,420290.7153471622,0.09952364965577072,0.9859010173884497,3,0,108,9,3,0,0,0
planner_daily_h56,10,dual,46,108.0,True,623793.245231806,0.1711063237416148,0.9702813989062744,5,0,105,10,5,0,0,0
planner_daily_h56,11,compound,46,0.0,True,1441255.8595860046,0.0,1.0,36,12,84,0,36,0,0,0
planner_daily_h56,12,single,46,0.0,True,812185.6118560905,0.0,1.0,16,0,104,0,16,0,0,0
planner_daily_h56,13,dual,46,0.0,True,1473443.0217947143,0.0,1.0,19,0,91,10,19,0,0,0
planner_daily_h56,14,compound,46,0.0,True,1285990.2678499739,0.0,1.0,17,0,93,10,17,0,0,0
planner_daily_h56,15,single,46,0.0,True,664042.645076457,0.0,1.0,8,0,105,7,8,0,0,0
planner_daily_h56,16,dual,46,0.0,True,1342052.5841140621,0.0,1.0,31,7,89,0,31,0,0,0
planner_daily_h56,17,compound,46,31.0,True,1240690.9065263374,0.39373679090550046,0.9599077812143381,39,15,81,0,39,0,0,0
planner_daily_h56,18,single,46,0.0,True,333125.29454290814,0.0,1.0,1,0,119,0,1,0,0,0
planner_daily_h56,19,dual,46,97.0,True,764012.5502252729,0.1479975599002682,0.9792547226487864,11,0,100,9,11,0,0,0
planner_daily_h56,20,compound,46,28.0,True,1358159.8227267193,0.47756267573337857,0.948667845140489,39,15,81,0,39,0,0,0
planner_daily_h56,21,single,46,0.0,True,607248.7920962732,0.0,1.0,5,0,105,10,5,0,0,0
planner_daily_h56,22,dual,46,0.0,True,376365.21105996234,0.0,1.0,0,0,111,9,0,0,0,0
planner_daily_h56,23,compound,46,0.0,True,1152947.557970357,0.0,1.0,40,16,80,0,40,0,0,0
planner_daily_h56,24,single,46,0.0,True,847250.939063124,0.0,1.0,13,0,104,3,13,0,0,0
planner_daily_h56,25,dual,46,0.0,True,542181.3534992422,0.0,1.0,3,0,107,10,3,0,0,0
planner_daily_h56,26,compound,46,0.0,True,1066891.5397101508,0.0,1.0,17,0,94,9,17,0,0,0
planner_daily_h56,27,single,46,0.0,True,656684.170091317,0.0,1.0,8,0,112,0,8,0,0,0
planner_daily_h56,28,dual,46,0.0,True,761849.614002184,0.0,1.0,8,0,102,10,8,0,0,0
planner_daily_h56,29,compound,46,0.0,True,1459173.2210615883,0.0,1.0,22,0,88,10,22,0,0,0
planner_daily_h56,30,single,46,0.0,True,439025.91516862146,0.0,1.0,2,0,109,9,2,0,0,0
planner_daily_h56,31,dual,46,0.0,True,1213917.893930364,0.0,1.0,28,5,92,0,28,0,0,0
planner_daily_h56,32,compound,46,0.0,True,1193589.0001530931,0.0,1.0,37,13,83,0,37,0,0,0
planner_daily_h56,33,single,46,0.0,True,438576.83139461075,0.0,1.0,3,0,117,0,3,0,0,0
planner_daily_h56,34,dual,46,0.0,True,1231115.5819697138,0.0,1.0,28,4,92,0,28,0,0,0
planner_daily_h56,35,compound,46,0.0,True,1163625.4530225375,0.0,1.0,19,0,91,10,19,0,0,0
planner_daily_h56,36,single,46,0.0,True,328020.441271934,0.0,1.0,0,0,120,0,0,0,0,0
planner_daily_h56,37,dual,46,0.0,True,1333680.9438002617,0.0,1.0,24,0,96,0,24,0,0,0
planner_daily_h56,38,compound,46,26.0,True,1312750.8332098564,0.30039081202285817,0.9740201979269624,39,15,81,0,39,0,0,0
planner_daily_h56,39,single,46,100.0,True,628976.1479753392,0.34987094030496874,0.8927337293089241,4,0,107,9,4,0,0,0
planner_daily_h56,40,dual,46,0.0,True,1246590.4954399539,0.0,1.0,25,1,95,0,25,0,0,0
planner_daily_h56,41,compound,46,29.0,True,1207858.7286982434,0.1912742988006009,0.989495911796667,41,17,79,0,41,0,0,0
planner_daily_h56,42,single,46,0.0,True,342818.814151824,0.0,1.0,0,0,120,0,0,0,0,0
planner_daily_h56,43,dual,46,0.0,True,1213182.7877388808,0.0,1.0,31,7,89,0,31,0,0,0
planner_daily_h56,44,compound,46,33.0,True,1472456.7939557338,0.30243442208710414,0.9708520807256057,23,0,87,10,23,0,0,0
planner_daily_h56,45,single,46,0.0,True,327254.19400583865,0.0,1.0,0,0,120,0,0,0,0,0
planner_daily_h56,46,dual,46,0.0,True,1318157.932641958,0.0,1.0,36,12,84,0,36,0,0,0
planner_daily_h56,47,compound,46,0.0,True,1630765.6430030416,0.0,1.0,25,3,85,10,25,0,0,0
planner_daily_h56,48,single,46,0.0,True,286310.8889315473,0.0,1.0,0,0,120,0,0,0,0,0
planner_daily_h56,49,dual,46,0.0,True,1031664.7788441017,0.0,1.0,15,0,95,10,15,0,0,0
planner_daily_h56,50,compound,46,0.0,True,1643242.394953951,0.0,1.0,22,0,88,10,22,0,0,0
planner_daily_h56,51,single,46,0.0,True,450272.3665993018,0.0,1.0,2,0,110,8,2,0,0,0
planner_daily_h56,52,dual,46,0.0,True,1158114.9238440674,0.0,1.0,30,7,90,0,30,0,0,0
planner_daily_h56,53,compound,46,0.0,True,1181932.6901249099,0.0,1.0,19,0,91,10,19,0,0,0
planner_daily_h56,54,single,46,0.0,True,372758.61364649725,0.0,1.0,0,0,120,0,0,0,0,0
planner_daily_h56,55,dual,46,0.0,True,360639.52890946815,0.0,1.0,0,0,110,10,0,0,0,0
planner_daily_h56,56,compound,46,28.0,True,1323960.495409838,0.19263817384948903,0.9905074552524923,41,17,79,0,41,0,0,0
planner_daily_h56,57,single,46,0.0,True,361044.5789707878,0.0,1.0,0,0,120,0,0,0,0,0
planner_daily_h56,58,dual,46,0.0,True,1211476.7564857537,0.0,1.0,26,2,94,0,26,0,0,0
planner_daily_h56,59,compound,46,0.0,True,1250409.2145175247,0.0,1.0,19,0,92,9,19,0,0,0
planner_daily_h56,60,single,46,95.0,True,394484.9398991921,0.14695242691556532,0.979841570108844,0,0,110,10,0,0,0,0
planner_daily_h56,61,dual,46,0.0,True,346233.10561880714,0.0,1.0,0,0,110,10,0,0,0,0
planner_daily_h56,62,compound,46,0.0,True,1209435.7126075695,0.0,1.0,19,0,91,10,19,0,0,0
planner_daily_h56,63,single,46,0.0,True,562470.2144891841,0.0,1.0,9,0,111,0,9,0,0,0
planner_daily_h56,64,dual,46,0.0,True,1101978.4498363337,0.0,1.0,33,10,87,0,33,0,0,0
planner_daily_h56,65,compound,46,0.0,True,949604.3956694282,0.0,1.0,13,0,97,10,13,0,0,0
planner_daily_h56,66,single,46,0.0,True,392156.10401279177,0.0,1.0,4,0,116,0,4,0,0,0
planner_daily_h56,67,dual,46,0.0,True,1170676.0526192917,0.0,1.0,32,9,88,0,32,0,0,0
planner_daily_h56,68,compound,46,22.0,True,1503463.5074321877,0.16541889270339552,0.9930320521791096,21,0,89,10,21,0,0,0
planner_daily_h56,69,single,46,0.0,True,333038.2265565908,0.0,1.0,0,0,120,0,0,0,0,0
planner_daily_h56,70,dual,46,0.0,True,1278561.56908708,0.0,1.0,29,5,91,0,29,0,0,0
planner_daily_h56,71,compound,46,0.0,True,1448770.3655303793,0.0,1.0,19,0,91,10,19,0,0,0
planner_daily_h56,72,single,46,0.0,True,389423.29619734146,0.0,1.0,0,0,120,0,0,0,0,0
planner_daily_h56,73,dual,46,0.0,True,366755.3287525656,0.0,1.0,0,0,110,10,0,0,0,0
planner_daily_h56,74,compound,46,0.0,True,1508699.9705839937,0.0,1.0,22,0,88,10,22,0,0,0
planner_daily_h56,75,single,46,0.0,True,354033.02876500797,0.0,1.0,0,0,120,0,0,0,0,0
planner_daily_h56,76,dual,46,107.0,True,757496.5899902389,0.297017997224602,0.9135344159416467,8,0,102,10,8,0,0,0
planner_daily_h56,77,compound,46,0.0,True,1275526.5625832197,0.0,1.0,38,14,82,0,38,0,0,0
planner_daily_h56,78,single,46,0.0,True,877822.1978103337,0.0,1.0,10,0,105,5,10,0,0,0
planner_daily_h56,79,dual,46,0.0,True,1131085.3492916103,0.0,1.0,28,4,92,0,28,0,0,0
planner_daily_h56,80,compound,46,0.0,True,1434494.3547464535,0.0,1.0,22,0,89,9,22,0,0,0
planner_daily_h56,81,single,46,0.0,True,337758.122052658,0.0,1.0,0,0,120,0,0,0,0,0
planner_daily_h56,82,dual,46,0.0,True,1089926.1039735924,0.0,1.0,14,0,96,10,14,0,0,0
planner_daily_h56,83,compound,46,23.0,True,1439998.3398603667,0.31824311574892883,0.978699693621179,21,0,89,10,21,0,0,0
planner_daily_h56,84,single,46,100.0,True,562543.7447914111,0.09321975931818637,0.9915618399425912,5,0,105,10,5,0,0,0
planner_daily_h56,85,dual,46,0.0,True,699066.9993257623,0.0,1.0,9,0,101,10,9,0,0,0
planner_daily_h56,86,compound,46,26.0,True,1381076.7001994702,0.29137561440495463,0.9801018660757664,22,0,88,10,22,0,0,0
planner_daily_h56,87,single,46,0.0,True,341397.7589490199,0.0,1.0,0,0,120,0,0,0,0,0
planner_daily_h56,88,dual,46,0.0,True,774502.1420911426,0.0,1.0,10,0,100,10,10,0,0,0
planner_daily_h56,89,compound,46,0.0,True,1152593.6025828375,0.0,1.0,38,15,82,0,38,0,0,0
planner_daily_h56,90,single,46,0.0,True,358905.2598325947,0.0,1.0,0,0,110,10,0,0,0,0
planner_daily_h56,91,dual,46,110.0,False,1068159.1587564824,0.239173897958639,0.9456754830582373,12,0,98,10,12,0,0,0
planner_daily_h56,92,compound,46,0.0,True,1458631.4793427933,0.0,0.9993953462598035,22,0,89,9,22,0,0,0
planner_daily_h56,93,single,46,0.0,True,350558.7211635572,0.0,1.0,0,0,120,0,0,0,0,0
planner_daily_h56,94,dual,46,0.0,True,621679.4367762149,0.0,1.0,4,0,106,10,4,0,0,0
planner_daily_h56,95,compound,46,0.0,True,1088423.2387368241,0.0,1.0,16,0,95,9,16,0,0,0
planner_daily_h56,96,single,46,0.0,True,733815.8356766681,0.0,1.0,15,0,105,0,15,0,0,0
planner_daily_h56,97,dual,46,0.0,True,406112.3030504282,0.0,1.0,0,0,110,10,0,0,0,0
planner_daily_h56,98,compound,46,0.0,True,1486107.845140465,0.0,1.0,22,0,89,9,22,0,0,0
planner_daily_h56,99,single,46,0.0,True,649844.8638080743,0.0,1.0,9,0,106,5,9,0,0,0
planner_daily_h56,100,dual,46,0.0,True,377221.50049917196,0.0,1.0,0,0,110,10,0,0,0,0
planner_daily_h56,101,compound,46,22.0,True,1477610.313971393,0.24363064585276484,0.9864951499797141,21,0,89,10,21,0,0,0
planner_daily_h56,102,single,46,0.0,True,326763.64960782655,0.0,1.0,0,0,120,0,0,0,0,0
planner_daily_h56,103,dual,46,0.0,True,1330623.9355776794,0.0,1.0,25,1,95,0,25,0,0,0
planner_daily_h56,104,compound,46,0.0,True,949933.3164044322,0.0,1.0,15,0,95,10,15,0,0,0
planner_daily_h56,105,single,46,0.0,True,382284.76509870694,0.0,1.0,1,0,110,9,1,0,0,0
planner_daily_h56,106,dual,46,0.0,True,1152306.7704674527,0.0,1.0,32,8,88,0,32,0,0,0
planner_daily_h56,107,compound,46,0.0,True,1227290.2584382468,0.0,1.0,36,12,84,0,36,0,0,0
planner_daily_h56,108,single,46,0.0,True,561290.4883222987,0.0,1.0,6,0,104,10,6,0,0,0
planner_daily_h56,109,dual,46,0.0,True,430441.9000615536,0.0,1.0,0,0,110,10,0,0,0,0
planner_daily_h56,110,compound,46,0.0,True,1281569.6302809934,0.0,1.0,41,17,79,0,41,0,0,0
planner_daily_h56,111,single,46,0.0,True,308557.75077564595,0.0,1.0,0,0,120,0,0,0,0,0
planner_daily_h56,112,dual,46,0.0,True,409929.0691841285,0.0,1.0,1,0,109,10,1,0,0,0
planner_daily_h56,113,compound,46,0.0,True,1173766.8135215682,0.0,1.0,35,12,85,0,35,0,0,0
planner_daily_h56,114,single,46,110.0,False,535215.5350616749,0.05299061764872964,0.9949500507791201,5,0,106,9,5,0,0,0
planner_daily_h56,115,dual,46,0.0,True,1095803.448684273,0.0,1.0,16,0,94,10,16,0,0,0
planner_daily_h56,116,compound,46,0.0,True,1551567.9263784916,0.0,1.0,23,1,88,9,23,0,0,0
planner_daily_h56,117,single,46,0.0,True,383454.1776229838,0.0,1.0,1,0,119,0,1,0,0,0
planner_daily_h56,118,dual,46,0.0,True,1140511.5580870612,0.0,1.0,33,9,87,0,33,0,0,0
planner_daily_h56,119,compound,46,23.0,True,1392868.4409977784,0.2520708770534506,0.9853290165689667,19,0,91,10,19,0,0,0
planner_daily_h56,120,single,46,0.0,True,309766.11145173974,0.0,1.0,0,0,120,0,0,0,0,0
planner_daily_h56,121,dual,46,0.0,True,599280.4604195041,0.0,1.0,7,0,103,10,7,0,0,0
planner_daily_h56,122,compound,46,0.0,True,1581267.2773213414,0.0,1.0,22,0,88,10,22,0,0,0
planner_daily_h56,123,single,46,0.0,True,332751.35278471693,0.0,1.0,0,0,120,0,0,0,0,0
planner_daily_h56,124,dual,46,94.0,True,732006.0315376733,0.22208679708920925,0.9556171967961052,8,0,102,10,8,0,0,0
planner_daily_h56,125,compound,46,0.0,True,1300762.9932709036,0.0,1.0,36,13,84,0,36,0,0,0
planner_daily_h56,126,single,46,0.0,True,350580.4776965405,0.0,1.0,0,0,120,0,0,0,0,0
planner_daily_h56,127,dual,46,0.0,True,412596.6196861785,0.0,1.0,1,0,110,9,1,0,0,0
planner_daily_h56,128,compound,46,0.0,True,964209.4455291948,0.0,1.0,13,0,98,9,13,0,0,0
planner_daily_h56,129,single,46,0.0,True,529621.2838724044,0.0,1.0,4,0,107,9,4,0,0,0
planner_daily_h56,130,dual,46,0.0,True,1189378.24108741,0.0,1.0,30,6,90,0,30,0,0,0
planner_daily_h56,131,compound,46,0.0,True,1299173.5063553548,0.0,1.0,19,0,91,10,19,0,0,0
planner_daily_h56,132,single,46,0.0,True,437683.4926948063,0.0,1.0,2,0,109,9,2,0,0,0
planner_daily_h56,133,dual,46,0.0,True,1057240.4763562619,0.0,1.0,33,9,87,0,33,0,0,0
planner_daily_h56,134,compound,46,0.0,True,1325251.445356039,0.0,1.0,20,0,90,10,20,0,0,0
planner_daily_h56,135,single,46,0.0,True,830451.6506974673,0.0,1.0,9,0,106,5,9,0,0,0
planner_daily_h56,136,dual,46,0.0,True,1519128.211840154,0.0,1.0,19,0,91,10,19,0,0,0
planner_daily_h56,137,compound,46,0.0,True,1314886.6122172014,0.0,1.0,34,10,86,0,34,0,0,0
planner_daily_h56,138,single,46,0.0,True,459484.00676855404,0.0,1.0,3,0,117,0,3,0,0,0
planner_daily_h56,139,dual,46,0.0,True,734093.1123553645,0.0,1.0,9,0,101,10,9,0,0,0
planner_daily_h56,140,compound,46,0.0,True,1177785.8371697727,0.0,1.0,18,0,92,10,18,0,0,0
planner_daily_h56,141,single,46,0.0,True,342152.80766739027,0.0,1.0,1,0,119,0,1,0,0,0
planner_daily_h56,142,dual,46,0.0,True,1339889.4434539333,0.0,1.0,28,4,92,0,28,0,0,0
planner_daily_h56,143,compound,46,0.0,True,1501831.6696851482,0.0,0.9988402917045106,25,3,85,10,25,0,0,0
planner_daily_h56,144,single,46,108.0,True,657293.600994788,0.16194593211538114,0.9715682056671247,7,0,106,7,7,0,0,0
planner_daily_h56,145,dual,46,85.0,True,625282.2194742431,0.07792581957852121,0.9916133310521265,7,0,103,10,7,0,0,0
planner_daily_h56,146,compound,46,0.0,True,1384412.332119579,0.0,1.0,20,0,90,10,20,0,0,0
planner_daily_h56,147,single,46,0.0,True,368443.4740745985,0.0,1.0,0,0,110,10,0,0,0,0
planner_daily_h56,148,dual,46,0.0,True,753812.6036331467,0.0,0.9993845266476149,9,0,101,10,9,0,0,0
planner_daily_h56,149,compound,46,0.0,True,1230121.5087337845,0.0,1.0,36,12,84,0,36,0,0,0
planner_daily_h56,150,single,46,108.0,True,388680.30057762447,0.2194076472039824,0.9532865528935376,0,0,110,10,0,0,0,0
planner_daily_h56,151,dual,46,0.0,True,716278.2502634329,0.0,1.0,8,0,102,10,8,0,0,0
planner_daily_h56,152,compound,46,23.0,True,1534523.8729912136,0.3950581896423636,0.9697462775966227,23,1,87,10,23,0,0,0
planner_daily_h56,153,single,46,0.0,True,765080.6431038893,0.0,1.0,9,0,106,5,9,0,0,0
planner_daily_h56,154,dual,46,0.0,True,374766.14170971443,0.0,1.0,0,0,110,10,0,0,0,0
planner_daily_h56,155,compound,46,22.0,True,1453985.6263250501,0.41508890916530766,0.9683027843882178,21,0,89,10,21,0,0,0
planner_daily_h56,156,single,46,110.0,False,906942.2072291928,0.3034277174796967,0.9134203387999339,15,0,105,0,15,0,0,0
planner_daily_h56,157,dual,46,0.0,True,595422.14701128,0.0,1.0,4,0,106,10,4,0,0,0
planner_daily_h56,158,compound,46,0.0,True,1435795.3183623084,0.0,1.0,36,12,84,0,36,0,0,0
planner_daily_h56,159,single,46,0.0,True,710459.0590542068,0.0,1.0,8,0,109,3,8,0,0,0
planner_daily_h56,160,dual,46,0.0,True,396819.8419405295,0.0,1.0,2,0,108,10,2,0,0,0
planner_daily_h56,161,compound,46,0.0,True,1653495.1879152986,0.0,1.0,24,1,86,10,24,0,0,0
planner_daily_h56,162,single,46,0.0,True,582195.186136024,0.0,1.0,7,0,111,2,7,0,0,0
planner_daily_h56,163,dual,46,0.0,True,396201.0399755664,0.0,1.0,0,0,110,10,0,0,0,0
planner_daily_h56,164,compound,46,0.0,True,1324863.4034225366,0.0,1.0,20,0,90,10,20,0,0,0
planner_daily_h56,165,single,46,102.0,True,485367.4496093608,0.3014682456502591,0.9200805600694806,0,0,110,10,0,0,0,0
planner_daily_h56,166,dual,46,109.0,True,1042776.6346960549,0.16823165977515261,0.9727210115722523,13,0,97,10,13,0,0,0
planner_daily_h56,167,compound,46,0.0,True,1184929.3706004804,0.0,1.0,39,15,81,0,39,0,0,0
planner_daily_h56,168,single,46,0.0,True,593059.779062603,0.0,1.0,11,0,109,0,11,0,0,0
planner_daily_h56,169,dual,46,0.0,True,396533.7212914309,0.0,1.0,0,0,110,10,0,0,0,0
planner_daily_h56,170,compound,46,26.0,True,1250766.4534775845,0.20028421651742515,0.9904249099387163,39,15,81,0,39,0,0,0
planner_daily_h56,171,single,46,0.0,True,956369.1345640562,0.0,1.0,18,0,102,0,18,0,0,0
planner_daily_h56,172,dual,46,0.0,True,1305077.6558452721,0.0,1.0,30,6,90,0,30,0,0,0
planner_daily_h56,173,compound,46,0.0,True,1319839.788444568,0.0,1.0,41,17,79,0,41,0,0,0
planner_daily_h56,174,single,46,0.0,True,711685.5040773154,0.0,1.0,10,0,108,2,10,0,0,0
planner_daily_h56,175,dual,46,0.0,True,1148255.6226694456,0.0,1.0,28,4,92,0,28,0,0,0
planner_daily_h56,176,compound,46,30.0,True,1580827.0205322525,0.09437853535413718,0.9953026011581034,23,1,87,10,23,0,0,0
planner_daily_h56,177,single,46,0.0,True,375449.8910150005,0.0,1.0,2,0,118,0,2,0,0,0
planner_daily_h56,178,dual,46,0.0,True,1073568.4254057207,0.0,1.0,15,0,95,10,15,0,0,0
planner_daily_h56,179,compound,46,0.0,True,1176835.5629673372,0.0,1.0,19,0,91,10,19,0,0,0
planner_daily_h56,180,single,46,0.0,True,285998.1262193888,0.0,1.0,0,0,120,0,0,0,0,0
planner_daily_h56,181,dual,46,0.0,True,395539.6313428467,0.0,1.0,0,0,110,10,0,0,0,0
planner_daily_h56,182,compound,46,0.0,True,1411777.3791160383,0.0,1.0,25,3,85,10,25,0,0,0
planner_daily_h56,183,single,46,100.0,True,487506.84220522613,0.14829292313326206,0.9741476753131287,4,0,106,10,4,0,0,0
planner_daily_h56,184,dual,46,0.0,True,1059019.5914338755,0.0,1.0,15,0,95,10,15,0,0,0
planner_daily_h56,185,compound,46,27.0,True,1572452.2983078526,0.1412338969239741,0.9933845752759446,22,0,88,10,22,0,0,0
planner_daily_h56,186,single,46,0.0,True,419171.9281804,0.0,1.0,5,0,115,0,5,0,0,0
planner_daily_h56,187,dual,46,0.0,True,768337.7005540514,0.0,1.0,11,0,99,10,11,0,0,0
planner_daily_h56,188,compound,46,0.0,True,1216028.656800257,0.0,1.0,40,16,80,0,40,0,0,0
planner_daily_h56,189,single,46,94.0,True,677448.9013906985,0.14776467830097,0.980972430890243,7,0,105,8,7,0,0,0
planner_daily_h56,190,dual,46,110.0,False,550964.6841963555,0.21106983269246798,0.9494207242407553,4,0,106,10,4,0,0,0
planner_daily_h56,191,compound,46,0.0,True,1216880.032700992,0.0,1.0,41,17,79,0,41,0,0,0
planner_daily_h56,192,single,46,0.0,True,586980.2200059162,0.0,1.0,5,0,106,9,5,0,0,0
planner_daily_h56,193,dual,46,0.0,True,1516795.442053339,0.0,1.0,31,7,89,0,31,0,0,0
planner_daily_h56,194,compound,46,0.0,True,1253095.8854764514,0.0,1.0,39,15,81,0,39,0,0,0
planner_daily_h56,195,single,46,0.0,True,974509.5236078246,0.0,1.0,19,0,101,0,19,0,0,0
planner_daily_h56,196,dual,46,0.0,True,355980.7617895184,0.0,1.0,0,0,110,10,0,0,0,0
planner_daily_h56,197,compound,46,0.0,True,1102878.6647570932,0.0,1.0,38,14,82,0,38,0,0,0
planner_daily_h56,198,single,46,0.0,True,330999.16107774543,0.0,1.0,0,0,120,0,0,0,0,0
planner_daily_h56,199,dual,46,0.0,True,753497.2243020473,0.0,1.0,7,0,103,10,7,0,0,0
planner_daily_h14_k48,0,single,42,0.0,True,332563.0591712982,0.0,1.0,0,0,120,0,0,0,0,0
planner_daily_h14_k48,1,dual,42,84.0,True,540413.6215750994,0.3488597343625474,0.9057049846514004,0,0,59,6,0,55,0,0
planner_daily_h14_k48,2,compound,42,0.0,True,1076842.819818022,0.0,1.0,17,0,25,0,17,78,0,0
planner_daily_h14_k48,3,single,42,0.0,True,345729.9334943593,0.0,1.0,0,0,120,0,0,0,0,0
planner_daily_h14_k48,4,dual,42,110.0,False,1072695.2081228958,0.34954660324136033,0.8910153556947994,13,0,30,0,13,77,0,0
planner_daily_h14_k48,5,compound,42,32.0,True,1474799.1592334749,0.537160372726151,0.9283431289976558,28,5,17,0,28,75,0,0
planner_daily_h14_k48,6,single,42,0.0,True,390295.1960526101,0.0,1.0,0,0,10,0,0,110,0,0
planner_daily_h14_k48,7,dual,42,108.0,True,617957.1113226538,0.3431156721613716,0.8904906738588447,2,0,66,9,2,43,0,0
planner_daily_h14_k48,8,compound,42,0.0,True,1368777.2150915342,0.0,1.0,16,0,23,1,16,80,0,0
planner_daily_h14_k48,9,single,42,44.0,True,400045.97739886073,0.20694040611744308,0.9827419826642537,0,0,23,2,0,95,0,0
planner_daily_h14_k48,10,dual,42,110.0,False,956175.8668784923,0.3343682627517141,0.8932549853231457,9,0,35,10,9,66,0,0
planner_daily_h14_k48,11,compound,42,0.0,True,1226878.099327984,0.0,1.0,18,0,102,0,18,0,0,0
planner_daily_h14_k48,12,single,42,0.0,True,386806.7763738877,0.0,1.0,0,0,10,0,0,110,0,0
planner_daily_h14_k48,13,dual,42,97.0,True,504686.79001758224,0.21435619683062343,0.9571736420659273,0,0,52,9,0,59,0,0
planner_daily_h14_k48,14,compound,42,0.0,True,1538933.288055496,0.0,1.0,25,2,19,0,25,76,0,0
planner_daily_h14_k48,15,single,42,0.0,True,331926.0948761814,0.0,1.0,0,0,120,0,0,0,0,0
planner_daily_h14_k48,16,dual,42,0.0,True,388472.9067080088,0.0,1.0,0,0,30,0,0,90,0,0
planner_daily_h14_k48,17,compound,42,32.0,True,1582727.3744645098,0.5791937000350404,0.9253151085793664,25,2,19,0,25,76,0,0
planner_daily_h14_k48,18,single,42,0.0,True,353253.97989165876,0.0,1.0,0,0,10,0,0,110,0,0
planner_daily_h14_k48,19,dual,42,97.0,True,506458.94471498,0.23523576216887454,0.9503223111147677,0,0,52,5,0,63,0,0
planner_daily_h14_k48,20,compound,42,30.0,True,1650502.0807981414,0.5254225496652389,0.9376435121613688,30,8,18,0,30,72,0,0
planner_daily_h14_k48,21,single,42,76.0,True,530088.0905281035,0.334241651234174,0.9252480693449786,0,0,31,6,0,83,0,0
planner_daily_h14_k48,22,dual,42,0.0,True,372216.81532826065,0.0,1.0,0,0,13,0,0,107,0,0
planner_daily_h14_k48,23,compound,42,30.0,True,1469696.8163724013,0.2741136645613234,0.9789679342526975,27,4,21,0,27,72,0,0
planner_daily_h14_k48,24,single,42,0.0,True,335530.25950484816,0.0,1.0,0,0,120,0,0,0,0,0
planner_daily_h14_k48,25,dual,42,0.0,True,371542.871320977,0.0,1.0,0,0,26,0,0,94,0,0
planner_daily_h14_k48,26,compound,42,0.0,True,1336888.3537594415,0.0,1.0,18,0,28,0,18,74,0,0
planner_daily_h14_k48,27,single,42,0.0,True,352769.9531272985,0.0,1.0,0,0,120,0,0,0,0,0
planner_daily_h14_k48,28,dual,42,0.0,True,362660.38585539814,0.0,1.0,0,0,30,0,0,90,0,0
planner_daily_h14_k48,29,compound,42,41.0,True,1353018.9808273753,0.04424325707414012,0.9974107096738299,25,3,94,1,25,0,0,0
planner_daily_h14_k48,30,single,42,0.0,True,416251.0655866762,0.0,1.0,0,0,10,0,0,110,0,0
planner_daily_h14_k48,31,dual,42,0.0,True,352071.15179774235,0.0,1.0,0,0,36,0,0,84,0,0
planner_daily_h14_k48,32,compound,42,0.0,True,1211682.617991896,0.0,1.0,18,0,25,0,18,77,0,0
planner_daily_h14_k48,33,single,42,0.0,True,319467.05495977995,0.0,1.0,0,0,120,0,0,0,0,0
planner_daily_h14_k48,34,dual,42,0.0,True,354798.0892838199,0.0,1.0,0,0,29,0,0,91,0,0
planner_daily_h14_k48,35,compound,42,30.0,True,1252498.4966139428,0.4552260870040158,0.9478662484741064,29,6,91,0,29,0,0,0
planner_daily_h14_k48,36,single,42,0.0,True,400796.3834607285,0.0,1.0,0,0,10,0,0,110,0,0
planner_daily_h14_k48,37,dual,42,0.0,True,340435.07603795204,0.0,1.0,0,0,120,0,0,0,0,0
planner_daily_h14_k48,38,compound,42,29.0,True,1414206.6835395047,0.44639179265863477,0.9503057848290121,29,6,91,0,29,0,0,0
planner_daily_h14_k48,39,single,42,0.0,True,383274.6392632002,0.0,1.0,0,0,17,0,0,103,0,0
planner_daily_h14_k48,40,dual,42,0.0,True,379597.17207487795,0.0,1.0,0,0,11,0,0,109,0,0
planner_daily_h14_k48,41,compound,42,34.0,True,1482509.6080458318,0.3933237793887669,0.9568506797798114,21,0,23,0,21,76,0,0
planner_daily_h14_k48,42,single,42,0.0,True,342818.814151824,0.0,1.0,0,0,120,0,0,0,0,0
planner_daily_h14_k48,43,dual,42,110.0,False,1019431.9968968347,0.43194232648873976,0.8405017761358915,12,0,37,0,12,71,0,0
planner_daily_h14_k48,44,compound,42,33.0,True,1627700.2265196189,0.46196675755315747,0.9421506622892674,29,6,18,0,29,73,0,0
planner_daily_h14_k48,45,single,42,0.0,True,327254.19400583865,0.0,1.0,0,0,120,0,0,0,0,0
planner_daily_h14_k48,46,dual,42,102.0,True,1050831.1151881067,0.41375842733255325,0.8640571772741357,12,0,48,0,12,60,0,0
planner_daily_h14_k48,47,compound,42,34.0,True,1669494.5464999464,0.3676778538200351,0.961603455772337,23,1,23,0,23,74,0,0
planner_daily_h14_k48,48,single,42,0.0,True,349787.8382147088,0.0,1.0,0,0,10,0,0,110,0,0
planner_daily_h14_k48,49,dual,42,43.0,True,425039.6292243541,0.18519667604442122,0.9849675907464135,0,0,48,8,0,64,0,0
planner_daily_h14_k48,50,compound,42,33.0,True,1707831.307301624,0.5203718257757144,0.9325601099181224,26,4,21,0,26,73,0,0
planner_daily_h14_k48,51,single,42,0.0,True,372110.89186583954,0.0,1.0,0,0,10,0,0,110,0,0
planner_daily_h14_k48,52,dual,42,0.0,True,334289.60772994236,0.0,1.0,0,0,24,0,0,96,0,0
planner_daily_h14_k48,53,compound,42,31.0,True,1378160.4049590263,0.0627928624402641,0.9968057560595257,24,1,20,0,24,76,0,0
planner_daily_h14_k48,54,single,42,0.0,True,372758.61364649725,0.0,1.0,0,0,120,0,0,0,0,0
planner_daily_h14_k48,55,dual,42,0.0,True,365110.53048399807,0.0,1.0,0,0,18,0,0,102,0,0
planner_daily_h14_k48,56,compound,42,33.0,True,1734369.6438711456,0.4391071727910407,0.9484037214439303,26,4,22,0,26,72,0,0
planner_daily_h14_k48,57,single,42,0.0,True,416874.4598865072,0.0,1.0,0,0,10,0,0,110,0,0
planner_daily_h14_k48,58,dual,42,0.0,True,363453.5206654419,0.0,1.0,0,0,23,0,0,97,0,0
planner_daily_h14_k48,59,compound,42,0.0,True,569963.8334812268,0.0,1.0,4,0,31,8,4,77,0,0
planner_daily_h14_k48,60,single,42,97.0,True,581102.5997697304,0.3205109179014382,0.9119227188376132,0,0,50,5,0,65,0,0
planner_daily_h14_k48,61,dual,42,0.0,True,399121.0101084924,0.0,1.0,0,0,25,3,0,92,0,0
planner_daily_h14_k48,62,compound,42,110.0,False,915415.6450379875,0.2050271028193375,0.9548090258521145,16,0,95,9,16,0,0,0
planner_daily_h14_k48,63,single,42,0.0,True,381999.41341169557,0.0,1.0,0,0,10,0,0,110,0,0
planner_daily_h14_k48,64,dual,42,23.0,True,1412231.124337221,0.30987705754563866,0.9792180130120436,22,0,16,0,22,82,0,0
planner_daily_h14_k48,65,compound,42,0.0,True,415621.47239512746,0.0,1.0,0,0,34,4,0,82,0,0
planner_daily_h14_k48,66,single,42,0.0,True,360807.7614433371,0.0,1.0,0,0,10,0,0,110,0,0
planner_daily_h14_k48,67,dual,42,110.0,False,1065159.4847415304,0.1547659106392665,0.9724652603577422,15,0,21,0,15,84,0,0
planner_daily_h14_k48,68,compound,42,28.0,True,1601123.9918734243,0.34846939609002026,0.9683456068928008,27,4,18,0,27,75,0,0
planner_daily_h14_k48,69,single,42,0.0,True,383029.0738676682,0.0,1.0,0,0,10,0,0,110,0,0
planner_daily_h14_k48,70,dual,42,0.0,True,307214.15777025616,0.0,1.0,0,0,120,0,0,0,0,0
planner_daily_h14_k48,71,compound,42,33.0,True,1735911.6772226917,0.11037830524217793,0.9942583394620581,22,1,25,1,22,72,0,0
planner_daily_h14_k48,72,single,42,0.0,True,389423.29619734146,0.0,1.0,0,0,120,0,0,0,0,0
planner_daily_h14_k48,73,dual,42,0.0,True,376368.223717269,0.0,1.0,0,0,32,0,0,88,0,0
planner_daily_h14_k48,74,compound,42,110.0,False,942612.9069209226,0.42466896688080064,0.8433825262389179,10,0,46,6,10,58,0,0
planner_daily_h14_k48,75,single,42,0.0,True,354033.02876500797,0.0,1.0,0,0,120,0,0,0,0,0
planner_daily_h14_k48,76,dual,42,110.0,False,972514.3073636856,0.5193945314529698,0.7837577462501158,9,0,42,10,9,59,0,0
planner_daily_h14_k48,77,compound,42,110.0,False,884744.1551431451,0.19903873019505985,0.9596496132441867,11,0,38,0,11,71,0,0
planner_daily_h14_k48,78,single,42,0.0,True,366959.20389469207,0.0,1.0,0,0,120,0,0,0,0,0
planner_daily_h14_k48,79,dual,42,108.0,True,354444.72098945954,0.05386779116904262,0.9949135756742573,0,0,28,0,0,92,0,0
planner_daily_h14_k48,80,compound,42,34.0,True,1540468.084802182,0.17537062168087356,0.9877274720134238,23,1,25,0,23,72,0,0
planner_daily_h14_k48,81,single,42,0.0,True,415331.51511821034,0.0,1.0,0,0,10,0,0,110,0,0
planner_daily_h14_k48,82,dual,42,101.0,True,551033.5472750225,0.29199961356434057,0.9216932253644267,0,0,61,8,0,51,0,0
planner_daily_h14_k48,83,compound,42,31.0,True,1459056.1561089815,0.4788809809648546,0.9415002182166894,26,3,19,0,26,75,0,0
planner_daily_h14_k48,84,single,42,103.0,True,512524.601405574,0.2226574427462142,0.9507470349127743,0,0,47,5,0,68,0,0
planner_daily_h14_k48,85,dual,42,110.0,False,923614.0123667928,0.40068628529391154,0.8570655632907956,8,0,42,10,8,60,0,0
planner_daily_h14_k48,86,compound,42,31.0,True,1545287.411648125,0.41041904152430003,0.9572172380148319,22,0,22,0,22,76,0,0
planner_daily_h14_k48,87,single,42,0.0,True,341397.7589490199,0.0,1.0,0,0,120,0,0,0,0,0
planner_daily_h14_k48,88,dual,42,0.0,True,361924.3416297439,0.0,1.0,0,0,27,1,0,92,0,0
planner_daily_h14_k48,89,compound,42,0.0,True,948432.0611438589,0.0,1.0,15,0,26,0,15,79,0,0
planner_daily_h14_k48,90,single,42,0.0,True,348905.1219217885,0.0,1.0,0,0,10,0,0,110,0,0
planner_daily_h14_k48,91,dual,42,110.0,False,1352244.0101369396,0.4293581474067425,0.8390187324293021,12,0,33,10,12,65,0,0
planner_daily_h14_k48,92,compound,42,34.0,True,1577125.7119990615,0.3634156589322499,0.9566978961760508,25,3,22,0,25,73,0,0
planner_daily_h14_k48,93,single,42,0.0,True,428256.2593271037,0.0,1.0,0,0,10,0,0,110,0,0
planner_daily_h14_k48,94,dual,42,0.0,True,422782.0877753972,0.0,1.0,0,0,42,1,0,77,0,0
planner_daily_h14_k48,95,compound,42,0.0,True,1189117.7494455797,0.0,1.0,17,0,26,0,17,77,0,0
planner_daily_h14_k48,96,single,42,0.0,True,374697.0088336398,0.0,1.0,0,0,10,0,0,110,0,0
planner_daily_h14_k48,97,dual,42,0.0,True,396631.7465663399,0.0,1.0,0,0,30,0,0,90,0,0
planner_daily_h14_k48,98,compound,42,0.0,True,1522554.7252246812,0.0,1.0,22,0,23,0,22,75,0,0
planner_daily_h14_k48,99,single,42,0.0,True,375528.7140390187,0.0,1.0,0,0,10,0,0,110,0,0
planner_daily_h14_k48,100,dual,42,105.0,True,542560.3325730221,0.12595053046231905,0.9836368805136131,2,0,21,7,2,90,0,0
planner_daily_h14_k48,101,compound,42,31.0,True,1611295.5163440201,0.3868874323320345,0.9568040710482304,28,5,18,0,28,74,0,0
planner_daily_h14_k48,102,single,42,0.0,True,326763.64960782655,0.0,1.0,0,0,120,0,0,0,0,0
planner_daily_h14_k48,103,dual,42,0.0,True,320684.8244401521,0.0,1.0,0,0,120,0,0,0,0,0
planner_daily_h14_k48,104,compound,42,0.0,True,775904.3529964116,0.0,1.0,13,0,107,0,13,0,0,0
planner_daily_h14_k48,105,single,42,0.0,True,372041.9091710677,0.0,1.0,0,0,11,0,0,109,0,0
planner_daily_h14_k48,106,dual,42,0.0,True,976474.6775963877,0.0,1.0,15,0,16,0,15,89,0,0
planner_daily_h14_k48,107,compound,42,0.0,True,954132.3454045065,0.0,1.0,16,0,104,0,16,0,0,0
planner_daily_h14_k48,108,single,42,0.0,True,293546.48233901395,0.0,1.0,0,0,120,0,0,0,0,0
planner_daily_h14_k48,109,dual,42,99.0,True,505066.4992178605,0.23073986167208882,0.9539390386274588,0,0,28,10,0,82,0,0
planner_daily_h14_k48,110,compound,42,36.0,True,1695287.8503973228,0.39929179871319626,0.9529989918703192,21,0,25,0,21,74,0,0
planner_daily_h14_k48,111,single,42,0.0,True,382011.2393014327,0.0,1.0,0,0,10,0,0,110,0,0
planner_daily_h14_k48,112,dual,42,0.0,True,398136.3653777426,0.0,1.0,0,0,40,2,0,78,0,0
planner_daily_h14_k48,113,compound,42,0.0,True,355284.23844948644,0.0,1.0,0,0,44,0,0,76,0,0
planner_daily_h14_k48,114,single,42,38.0,True,464449.0236121936,0.17535988686364873,0.9875668446479214,0,0,24,4,0,92,0,0
planner_daily_h14_k48,115,dual,42,76.0,True,460378.7818604378,0.29348750042873084,0.9436188640062539,0,0,55,10,0,55,0,0
planner_daily_h14_k48,116,compound,42,35.0,True,1339356.1177049899,0.31028696270002604,0.970236856344248,22,0,98,0,22,0,0,0
planner_daily_h14_k48,117,single,42,0.0,True,367350.6092773071,0.0,1.0,0,0,120,0,0,0,0,0
planner_daily_h14_k48,118,dual,42,29.0,True,1438775.5976698424,0.30524973505707415,0.9713047398252576,21,0,17,0,21,82,0,0
planner_daily_h14_k48,119,compound,42,29.0,True,1572900.3505139872,0.46878857246088734,0.9485149056106821,26,3,19,0,26,75,0,0
planner_daily_h14_k48,120,single,42,0.0,True,378568.016478957,0.0,1.0,0,0,10,0,0,110,0,0
planner_daily_h14_k48,121,dual,42,0.0,True,406065.3919718675,0.0,1.0,0,0,27,7,0,86,0,0
planner_daily_h14_k48,122,compound,42,35.0,True,1529963.9108603594,0.10518193000251154,0.9932707277465938,21,0,27,0,21,72,0,0
planner_daily_h14_k48,123,single,42,0.0,True,406915.85437698715,0.0,1.0,0,0,10,0,0,110,0,0
planner_daily_h14_k48,124,dual,42,96.0,True,1006866.8023343955,0.4612588448822337,0.8402073971463285,10,0,35,10,10,65,0,0
planner_daily_h14_k48,125,compound,42,109.0,True,968723.4365289628,0.19823635481687962,0.9604613802260537,12,0,39,0,12,69,0,0
planner_daily_h14_k48,126,single,42,0.0,True,350580.4776965405,0.0,1.0,0,0,120,0,0,0,0,0
planner_daily_h14_k48,127,dual,42,0.0,True,382058.7716343484,0.0,1.0,0,0,27,0,0,93,0,0
planner_daily_h14_k48,128,compound,42,98.0,True,461737.03776495357,0.2382771234098965,0.9493460786931853,0,0,48,4,0,68,0,0
planner_daily_h14_k48,129,single,42,108.0,True,504077.6530426073,0.2403428322791696,0.9372568745498946,0,0,35,2,0,83,0,0
planner_daily_h14_k48,130,dual,42,110.0,False,1003785.6605430102,0.38288089230696964,0.8699403263225319,12,0,36,0,12,72,0,0
planner_daily_h14_k48,131,compound,42,0.0,True,1309332.0672488145,0.0,1.0,18,0,25,0,18,77,0,0
planner_daily_h14_k48,132,single,42,0.0,True,381291.1923697371,0.0,1.0,0,0,10,0,0,110,0,0
planner_daily_h14_k48,133,dual,42,0.0,True,1112843.364013409,0.0,1.0,18,0,16,0,18,86,0,0
planner_daily_h14_k48,134,compound,42,0.0,True,1324368.1778788466,0.0,1.0,24,2,94,2,24,0,0,0
planner_daily_h14_k48,135,single,42,0.0,True,406868.0165224978,0.0,1.0,0,0,10,0,0,110,0,0
planner_daily_h14_k48,136,dual,42,109.0,True,600749.7319936393,0.2601947304443122,0.9269337356610557,0,0,58,10,0,52,0,0
planner_daily_h14_k48,137,compound,42,0.0,True,1279589.3525226829,0.0,1.0,17,0,27,0,17,76,0,0
planner_daily_h14_k48,138,single,42,0.0,True,333015.80819978885,0.0,1.0,0,0,120,0,0,0,0,0
planner_daily_h14_k48,139,dual,42,102.0,True,891882.4933509586,0.2732141676926554,0.9335487812792037,11,0,25,9,11,75,0,0
planner_daily_h14_k48,140,compound,42,0.0,True,1372922.679338187,0.0,1.0,25,3,21,2,25,72,0,0
planner_daily_h14_k48,141,single,42,0.0,True,387369.4540731728,0.0,1.0,0,0,10,0,0,110,0,0
planner_daily_h14_k48,142,dual,42,0.0,True,378420.3656680698,0.0,1.0,0,0,24,0,0,96,0,0
planner_daily_h14_k48,143,compound,42,31.0,True,1686870.5773826053,0.45480169258938363,0.9488828249627168,26,3,20,1,26,73,0,0
planner_daily_h14_k48,144,single,42,0.0,True,402888.83872634644,0.0,1.0,0,0,11,0,0,109,0,0
planner_daily_h14_k48,145,dual,42,88.0,True,911149.9950474077,0.33610805735801863,0.9150280356168728,8,0,30,4,8,78,0,0
planner_daily_h14_k48,146,compound,42,33.0,True,1609820.1534795023,0.18842517765987704,0.9875915637580043,22,1,25,0,22,73,0,0
planner_daily_h14_k48,147,single,42,95.0,True,477959.4058895493,0.2880817953102463,0.9295128488742714,0,0,35,2,0,83,0,0
planner_daily_h14_k48,148,dual,42,103.0,True,1113732.8051736385,0.43691878587472,0.8480460631104486,11,0,33,10,11,66,0,0
planner_daily_h14_k48,149,compound,42,0.0,True,361621.63181076664,0.0,1.0,0,0,36,0,0,84,0,0
planner_daily_h14_k48,150,single,42,110.0,False,533061.4798104239,0.4225236950863947,0.8383263769735416,0,0,53,7,0,60,0,0
planner_daily_h14_k48,151,dual,42,105.0,True,1125513.822788201,0.4734955809999329,0.8212737525090372,12,0,35,10,12,63,0,0
planner_daily_h14_k48,152,compound,42,29.0,True,1408864.8279451013,0.4596775160433915,0.9473670684660622,29,7,90,1,29,0,0,0
planner_daily_h14_k48,153,single,42,0.0,True,331811.86494220654,0.0,1.0,0,0,120,0,0,0,0,0
planner_daily_h14_k48,154,dual,42,0.0,True,391838.6133383638,0.0,1.0,0,0,14,2,0,104,0,0
planner_daily_h14_k48,155,compound,42,28.0,True,1564685.9092220312,0.5504889329047871,0.9367564881877232,28,5,17,0,28,75,0,0
planner_daily_h14_k48,156,single,42,44.0,True,437230.85152565496,0.24408481572168836,0.9755518710057577,0,0,24,0,0,96,0,0
planner_daily_h14_k48,157,dual,42,0.0,True,383012.3978215455,0.0,1.0,0,0,22,0,0,98,0,0
planner_daily_h14_k48,158,compound,42,0.0,True,1451663.850709789,0.0,1.0,18,0,25,0,18,77,0,0
planner_daily_h14_k48,159,single,42,0.0,True,419230.0039360908,0.0,1.0,0,0,10,0,0,110,0,0
planner_daily_h14_k48,160,dual,42,0.0,True,339219.2317132721,0.0,1.0,0,0,118,2,0,0,0,0
planner_daily_h14_k48,161,compound,42,29.0,True,1645385.823719486,0.40014993951465927,0.9631655426381527,23,1,21,0,23,76,0,0
planner_daily_h14_k48,162,single,42,0.0,True,357405.4124515174,0.0,1.0,0,0,10,0,0,110,0,0
planner_daily_h14_k48,163,dual,42,104.0,True,434786.751360206,0.14444572909436665,0.9785901639451494,0,0,23,1,0,96,0,0
planner_daily_h14_k48,164,compound,42,30.0,True,1206172.2758510197,0.07592832874182404,0.9962081353484965,23,2,97,0,23,0,0,0
planner_daily_h14_k48,165,single,42,105.0,True,594492.4034713742,0.2869302584069778,0.9158196268092104,0,0,54,6,0,60,0,0
planner_daily_h14_k48,166,dual,42,110.0,False,1021043.7155296896,0.4163781323976259,0.8456713525613027,9,0,37,10,9,64,0,0
planner_daily_h14_k48,167,compound,42,0.0,True,1455751.2577878612,0.0,1.0,27,5,20,0,27,73,0,0
planner_daily_h14_k48,168,single,42,0.0,True,367941.4889447143,0.0,1.0,0,0,10,0,0,110,0,0
planner_daily_h14_k48,169,dual,42,0.0,True,404209.6905464444,0.0,1.0,0,0,10,0,0,110,0,0
planner_daily_h14_k48,170,compound,42,33.0,True,1659744.3507491944,0.4440429051748309,0.9463938971930326,24,1,21,0,24,75,0,0
planner_daily_h14_k48,171,single,42,110.0,False,389669.5650049345,0.1593312637877829,0.9711538515173486,0,0,33,0,0,87,0,0
planner_daily_h14_k48,172,dual,42,106.0,True,859998.8588397175,0.2537962088684115,0.9372990959557856,9,0,31,0,9,80,0,0
planner_daily_h14_k48,173,compound,42,31.0,True,1663752.598366538,0.19143683419119112,0.9880705866419152,24,2,25,0,24,71,0,0
planner_daily_h14_k48,174,single,42,0.0,True,381036.9605317182,0.0,1.0,0,0,10,0,0,110,0,0
planner_daily_h14_k48,175,dual,42,0.0,True,308134.68800185487,0.0,1.0,0,0,27,0,0,93,0,0
planner_daily_h14_k48,176,compound,42,0.0,True,1287934.6861715124,0.0,1.0,22,1,98,0,22,0,0,0
planner_daily_h14_k48,177,single,42,0.0,True,397114.6114932156,0.0,1.0,0,0,10,0,0,110,0,0
planner_daily_h14_k48,178,dual,42,0.0,True,1436430.5636127673,0.0,1.0,19,0,26,1,19,74,0,0
planner_daily_h14_k48,179,compound,42,30.0,True,1239613.7597510624,0.19700611932667805,0.9877251564006888,27,4,92,1,27,0,0,0
planner_daily_h14_k48,180,single,42,0.0,True,349709.7064261981,0.0,1.0,0,0,10,0,0,110,0,0
planner_daily_h14_k48,181,dual,42,0.0,True,385545.3401775331,0.0,1.0,0,0,34,0,0,86,0,0
planner_daily_h14_k48,182,compound,42,34.0,True,1363669.6665234081,0.1461418247722675,0.9902486451811818,24,3,25,0,24,71,0,0
planner_daily_h14_k48,183,single,42,85.0,True,471865.36625052604,0.3414317028492682,0.9134564444021366,0,0,44,4,0,72,0,0
planner_daily_h14_k48,184,dual,42,0.0,True,1437576.514132503,0.0,1.0,21,0,21,0,21,78,0,0
planner_daily_h14_k48,185,compound,42,33.0,True,1363746.4445250446,0.2864327955203397,0.9726819756871911,24,3,95,1,24,0,0,0
planner_daily_h14_k48,186,single,42,0.0,True,358760.1909716968,0.0,1.0,0,0,10,0,0,110,0,0
planner_daily_h14_k48,187,dual,42,103.0,True,818672.2185866841,0.31306148037925297,0.9135885863597271,10,0,29,10,10,71,0,0
planner_daily_h14_k48,188,compound,42,27.0,True,1518457.375400615,0.20809704963663467,0.9877243489592582,28,6,19,0,28,73,0,0
planner_daily_h14_k48,189,single,42,96.0,True,508094.77306666167,0.13980602091429079,0.9786084141864958,0,0,35,4,0,81,0,0
planner_daily_h14_k48,190,dual,42,102.0,True,985394.0199914845,0.42530953335233673,0.8510362274842002,9,0,40,10,9,61,0,0
planner_daily_h14_k48,191,compound,42,32.0,True,1584995.762858192,0.26354015323347635,0.9792539268369979,22,1,28,0,22,70,0,0
planner_daily_h14_k48,192,single,42,0.0,True,330515.0129895087,0.0,1.0,0,0,120,0,0,0,0,0
planner_daily_h14_k48,193,dual,42,0.0,True,441358.4435946199,0.0,1.0,0,0,30,0,0,90,0,0
planner_daily_h14_k48,194,compound,42,29.0,True,1588263.409841464,0.28717696670526155,0.9776345708203453,25,2,19,0,25,76,0,0
planner_daily_h14_k48,195,single,42,106.0,True,502075.23473181826,0.2815288565656995,0.9170263127426275,0,0,57,0,0,63,0,0
planner_daily_h14_k48,196,dual,42,110.0,False,491376.0256871142,0.01988207137797729,0.9980992626255856,2,0,23,8,2,87,0,0
planner_daily_h14_k48,197,compound,42,0.0,True,1236233.5654755046,0.0,1.0,20,0,25,0,20,75,0,0
planner_daily_h14_k48,198,single,42,0.0,True,330999.16107774543,0.0,1.0,0,0,120,0,0,0,0,0
planner_daily_h14_k48,199,dual,42,27.0,True,1447512.9563634251,0.39411194315996173,0.9655053221642222,17,0,15,1,17,87,0,0
planner_daily_h14_k48,0,single,43,0.0,True,332563.0591712982,0.0,1.0,0,0,120,0,0,0,0,0
planner_daily_h14_k48,1,dual,43,84.0,True,548275.2439722517,0.3677477551129851,0.8994470340593138,0,0,63,4,0,53,0,0
planner_daily_h14_k48,2,compound,43,0.0,True,1145874.5968213002,0.0,1.0,18,0,25,0,18,77,0,0
planner_daily_h14_k48,3,single,43,0.0,True,345729.9334943593,0.0,1.0,0,0,120,0,0,0,0,0
planner_daily_h14_k48,4,dual,43,110.0,False,1072695.2081228958,0.34954660324136033,0.8910153556947994,13,0,30,0,13,77,0,0
planner_daily_h14_k48,5,compound,43,30.0,True,1485522.8852250902,0.5829393137744607,0.9260876085501559,27,4,18,0,27,75,0,0
planner_daily_h14_k48,6,single,43,0.0,True,390295.1960526101,0.0,1.0,0,0,10,0,0,110,0,0
planner_daily_h14_k48,7,dual,43,108.0,True,617957.1113226538,0.3431156721613716,0.8904906738588447,2,0,66,9,2,43,0,0
planner_daily_h14_k48,8,compound,43,27.0,True,1193025.2613776452,0.29317505833148844,0.9784257141926712,17,0,21,9,17,73,0,0
planner_daily_h14_k48,9,single,43,44.0,True,396030.6918731888,0.20694040611744308,0.9827419826642537,0,0,20,1,0,99,0,0
planner_daily_h14_k48,10,dual,43,88.0,True,977331.8106797017,0.5157072378977712,0.8288838092011606,9,0,45,9,9,57,0,0
planner_daily_h14_k48,11,compound,43,0.0,True,970917.83366467,0.0,1.0,12,0,32,0,12,76,0,0
planner_daily_h14_k48,12,single,43,0.0,True,386806.7763738877,0.0,1.0,0,0,10,0,0,110,0,0
planner_daily_h14_k48,13,dual,43,0.0,True,1661053.9872059086,0.0,1.0,20,0,25,1,20,74,0,0
planner_daily_h14_k48,14,compound,43,0.0,True,1538933.288055496,0.0,1.0,25,2,19,0,25,76,0,0
planner_daily_h14_k48,15,single,43,0.0,True,331926.0948761814,0.0,1.0,0,0,120,0,0,0,0,0
planner_daily_h14_k48,16,dual,43,0.0,True,388472.9067080088,0.0,1.0,0,0,30,0,0,90,0,0
planner_daily_h14_k48,17,compound,43,32.0,True,1570439.679324365,0.5791937000350404,0.9253151085793664,28,5,19,0,28,73,0,0
planner_daily_h14_k48,18,single,43,0.0,True,353253.97989165876,0.0,1.0,0,0,10,0,0,110,0,0
planner_daily_h14_k48,19,dual,43,83.0,True,531284.2741534843,0.3011890547526251,0.9262998484141031,0,0,54,8,0,58,0,0
planner_daily_h14_k48,20,compound,43,30.0,True,1650502.0807981414,0.5254225496652389,0.9376435121613688,30,8,18,0,30,72,0,0
planner_daily_h14_k48,21,single,43,76.0,True,530088.0905281035,0.334241651234174,0.9252480693449786,0,0,31,6,0,83,0,0
planner_daily_h14_k48,22,dual,43,0.0,True,372216.81532826065,0.0,1.0,0,0,12,0,0,108,0,0
planner_daily_h14_k48,23,compound,43,30.0,True,1465840.1166079757,0.2741136645613234,0.9789679342526975,27,4,20,0,27,73,0,0
planner_daily_h14_k48,24,single,43,0.0,True,335530.25950484816,0.0,1.0,0,0,120,0,0,0,0,0
planner_daily_h14_k48,25,dual,43,0.0,True,371337.09964005975,0.0,1.0,0,0,28,0,0,92,0,0
planner_daily_h14_k48,26,compound,43,0.0,True,531234.7355493592,0.0,1.0,2,0,33,7,2,78,0,0
planner_daily_h14_k48,27,single,43,0.0,True,352769.9531272985,0.0,1.0,0,0,120,0,0,0,0,0
planner_daily_h14_k48,28,dual,43,0.0,True,361142.2931322726,0.0,1.0,0,0,28,0,0,92,0,0
planner_daily_h14_k48,29,compound,43,41.0,True,1383528.8499758297,0.04424325707414012,0.9974107096738299,24,2,95,1,24,0,0,0
planner_daily_h14_k48,30,single,43,0.0,True,416251.0655866762,0.0,1.0,0,0,10,0,0,110,0,0
planner_daily_h14_k48,31,dual,43,0.0,True,352071.15179774235,0.0,1.0,0,0,37,0,0,83,0,0
planner_daily_h14_k48,32,compound,43,0.0,True,1145260.628436827,0.0,1.0,17,0,26,0,17,77,0,0
planner_daily_h14_k48,33,single,43,0.0,True,319467.05495977995,0.0,1.0,0,0,120,0,0,0,0,0
planner_daily_h14_k48,34,dual,43,0.0,True,354798.0892838199,0.0,1.0,0,0,29,0,0,91,0,0
planner_daily_h14_k48,35,compound,43,30.0,True,1252498.4966139428,0.4552260870040158,0.9478662484741064,29,6,91,0,29,0,0,0
planner_daily_h14_k48,36,single,43,0.0,True,400796.3834607285,0.0,1.0,0,0,10,0,0,110,0,0
planner_daily_h14_k48,37,dual,43,0.0,True,340435.07603795204,0.0,1.0,0,0,120,0,0,0,0,0
planner_daily_h14_k48,38,compound,43,29.0,True,1414206.6835395047,0.44639179265863477,0.9503057848290121,29,6,91,0,29,0,0,0
planner_daily_h14_k48,39,single,43,0.0,True,383274.6392632002,0.0,1.0,0,0,18,0,0,102,0,0
planner_daily_h14_k48,40,dual,43,0.0,True,379597.17207487795,0.0,1.0,0,0,11,0,0,109,0,0
planner_daily_h14_k48,41,compound,43,34.0,True,1482509.6080458318,0.3933237793887669,0.9568506797798114,21,0,23,0,21,76,0,0
planner_daily_h14_k48,42,single,43,0.0,True,342818.814151824,0.0,1.0,0,0,120,0,0,0,0,0
planner_daily_h14_k48,43,dual,43,110.0,False,1049383.0398839018,0.3507364581894239,0.8888804848908313,13,0,31,0,13,76,0,0
planner_daily_h14_k48,44,compound,43,33.0,True,1627700.2265196189,0.46196675755315747,0.9421506622892674,29,6,18,0,29,73,0,0
planner_daily_h14_k48,45,single,43,0.0,True,327254.19400583865,0.0,1.0,0,0,120,0,0,0,0,0
planner_daily_h14_k48,46,dual,43,102.0,True,1050831.1151881067,0.41375842733255325,0.8640571772741357,12,0,48,0,12,60,0,0
planner_daily_h14_k48,47,compound,43,34.0,True,1669494.5464999464,0.3676778538200351,0.961603455772337,23,1,23,0,23,74,0,0
planner_daily_h14_k48,48,single,43,0.0,True,349787.8382147088,0.0,1.0,0,0,10,0,0,110,0,0
planner_daily_h14_k48,49,dual,43,89.0,True,415661.59116628615,0.1261818945541574,0.9810286218183362,0,0,60,3,0,57,0,0
planner_daily_h14_k48,50,compound,43,33.0,True,1707831.307301624,0.5203718257757144,0.9325601099181224,26,4,21,0,26,73,0,0
planner_daily_h14_k48,51,single,43,0.0,True,372110.89186583954,0.0,1.0,0,0,10,0,0,110,0,0
planner_daily_h14_k48,52,dual,43,0.0,True,334289.60772994236,0.0,1.0,0,0,24,0,0,96,0,0
planner_daily_h14_k48,53,compound,43,31.0,True,1378160.4049590263,0.0627928624402641,0.9968057560595257,24,1,20,0,24,76,0,0
planner_daily_h14_k48,54,single,43,0.0,True,372758.61364649725,0.0,1.0,0,0,120,0,0,0,0,0
planner_daily_h14_k48,55,dual,43,0.0,True,365110.53048399807,0.0,1.0,0,0,19,0,0,101,0,0
planner_daily_h14_k48,56,compound,43,32.0,True,1702122.932275064,0.39581459901909344,0.9574946305348393,25,3,21,0,25,74,0,0
planner_daily_h14_k48,57,single,43,0.0,True,416874.4598865072,0.0,1.0,0,0,10,0,0,110,0,0
planner_daily_h14_k48,58,dual,43,0.0,True,363453.5206654419,0.0,1.0,0,0,24,0,0,96,0,0
planner_daily_h14_k48,59,compound,43,77.0,True,647463.9258672714,0.19470684430347474,0.9722631600851482,5,0,39,8,5,68,0,0
planner_daily_h14_k48,60,single,43,97.0,True,581102.5997697304,0.3205109179014382,0.9119227188376132,0,0,46,6,0,68,0,0
planner_daily_h14_k48,61,dual,43,0.0,True,399121.0101084924,0.0,1.0,0,0,22,3,0,95,0,0
planner_daily_h14_k48,62,compound,43,34.0,True,901090.9902274061,0.25411931351360195,0.9785576267955204,17,0,95,8,17,0,0,0
planner_daily_h14_k48,63,single,43,0.0,True,381999.41341169557,0.0,1.0,0,0,10,0,0,110,0,0
planner_daily_h14_k48,64,dual,43,23.0,True,1412231.124337221,0.30987705754563866,0.9792180130120436,22,0,16,0,22,82,0,0
planner_daily_h14_k48,65,compound,43,110.0,False,416680.7975783161,0.09688371482778739,0.9895285573476346,0,0,39,6,0,75,0,0
planner_daily_h14_k48,66,single,43,0.0,True,360807.7614433371,0.0,1.0,0,0,10,0,0,110,0,0
planner_daily_h14_k48,67,dual,43,25.0,True,1199133.4111396621,0.33144682183385504,0.975307780355468,17,0,17,0,17,86,0,0
planner_daily_h14_k48,68,compound,43,28.0,True,1591487.6261308976,0.34846939609002026,0.9683456068928008,27,4,17,0,27,76,0,0
planner_daily_h14_k48,69,single,43,0.0,True,383029.0738676682,0.0,1.0,0,0,10,0,0,110,0,0
planner_daily_h14_k48,70,dual,43,0.0,True,307214.15777025616,0.0,1.0,0,0,120,0,0,0,0,0
planner_daily_h14_k48,71,compound,43,33.0,True,1735911.6772226917,0.11037830524217793,0.9942583394620581,22,1,25,1,22,72,0,0
planner_daily_h14_k48,72,single,43,0.0,True,389423.29619734146,0.0,1.0,0,0,120,0,0,0,0,0
planner_daily_h14_k48,73,dual,43,0.0,True,376368.223717269,0.0,1.0,0,0,32,0,0,88,0,0
planner_daily_h14_k48,74,compound,43,0.0,True,1342385.5865028282,0.0,1.0,19,0,24,0,19,77,0,0
planner_daily_h14_k48,75,single,43,0.0,True,354033.02876500797,0.0,1.0,0,0,120,0,0,0,0,0
planner_daily_h14_k48,76,dual,43,82.0,True,974167.434650458,0.4545142495218712,0.8701800117502078,9,0,29,10,9,72,0,0
planner_daily_h14_k48,77,compound,43,110.0,False,914293.20610163,0.19903873019505985,0.9596496132441867,12,0,37,0,12,71,0,0
planner_daily_h14_k48,78,single,43,0.0,True,366959.20389469207,0.0,1.0,0,0,120,0,0,0,0,0
planner_daily_h14_k48,79,dual,43,108.0,True,354444.72098945954,0.05386779116904262,0.9949135756742573,0,0,29,0,0,91,0,0
planner_daily_h14_k48,80,compound,43,34.0,True,1302511.820463438,0.17537062168087356,0.9877274720134238,23,1,96,1,23,0,0,0
planner_daily_h14_k48,81,single,43,0.0,True,415331.51511821034,0.0,1.0,0,0,10,0,0,110,0,0
planner_daily_h14_k48,82,dual,43,101.0,True,551033.5472750225,0.29199961356434057,0.9216932253644267,0,0,61,8,0,51,0,0
planner_daily_h14_k48,83,compound,43,31.0,True,1459056.1561089815,0.4788809809648546,0.9415002182166894,26,3,19,0,26,75,0,0
planner_daily_h14_k48,84,single,43,103.0,True,512524.601405574,0.2226574427462142,0.9507470349127743,0,0,45,5,0,70,0,0
planner_daily_h14_k48,85,dual,43,110.0,False,923614.0123667928,0.40068628529391154,0.8570655632907956,8,0,39,10,8,63,0,0
planner_daily_h14_k48,86,compound,43,31.0,True,1566040.4404635653,0.41041904152430003,0.9572172380148319,23,0,21,0,23,76,0,0
planner_daily_h14_k48,87,single,43,0.0,True,341397.7589490199,0.0,1.0,0,0,120,0,0,0,0,0
planner_daily_h14_k48,88,dual,43,0.0,True,347939.8545265737,0.0,1.0,0,0,27,0,0,93,0,0
planner_daily_h14_k48,89,compound,43,0.0,True,1447527.4813422475,0.0,1.0,23,1,20,0,23,77,0,0
planner_daily_h14_k48,90,single,43,0.0,True,348905.1219217885,0.0,1.0,0,0,10,0,0,110,0,0
planner_daily_h14_k48,91,dual,43,110.0,False,1352244.0101369396,0.4293581474067425,0.8390187324293021,12,0,34,10,12,64,0,0
planner_daily_h14_k48,92,compound,43,34.0,True,1577125.7119990615,0.3634156589322499,0.9566978961760508,25,3,22,0,25,73,0,0
planner_daily_h14_k48,93,single,43,0.0,True,428256.2593271037,0.0,1.0,0,0,10,0,0,110,0,0
planner_daily_h14_k48,94,dual,43,0.0,True,422782.0877753972,0.0,1.0,0,0,42,1,0,77,0,0
planner_daily_h14_k48,95,compound,43,0.0,True,533018.7016481864,0.0,1.0,2,0,29,9,2,80,0,0
planner_daily_h14_k48,96,single,43,0.0,True,374697.0088336398,0.0,1.0,0,0,10,0,0,110,0,0
planner_daily_h14_k48,97,dual,43,0.0,True,396631.7465663399,0.0,1.0,0,0,29,0,0,91,0,0
planner_daily_h14_k48,98,compound,43,0.0,True,1522554.7252246812,0.0,1.0,22,0,23,0,22,75,0,0
planner_daily_h14_k48,99,single,43,0.0,True,375528.7140390187,0.0,1.0,0,0,10,0,0,110,0,0
planner_daily_h14_k48,100,dual,43,105.0,True,584348.2129676614,0.2194235477001507,0.9513867346699781,3,0,34,9,3,74,0,0
planner_daily_h14_k48,101,compound,43,31.0,True,1611295.5163440201,0.3868874323320345,0.9568040710482304,28,5,18,0,28,74,0,0
planner_daily_h14_k48,102,single,43,0.0,True,326763.64960782655,0.0,1.0,0,0,120,0,0,0,0,0
planner_daily_h14_k48,103,dual,43,0.0,True,320684.8244401521,0.0,1.0,0,0,120,0,0,0,0,0
planner_daily_h14_k48,104,compound,43,0.0,True,775904.3529964116,0.0,1.0,13,0,107,0,13,0,0,0
planner_daily_h14_k48,105,single,43,0.0,True,372041.9091710677,0.0,1.0,0,0,12,0,0,108,0,0
planner_daily_h14_k48,106,dual,43,110.0,False,922943.4959470758,0.09610759331869669,0.9901601370767193,14,0,19,0,14,87,0,0
planner_daily_h14_k48,107,compound,43,103.0,True,501182.9103576484,0.1787953418090972,0.966185396030779,3,0,52,0,3,65,0,0
planner_daily_h14_k48,108,single,43,0.0,True,331626.0126184661,0.0,1.0,0,0,119,1,0,0,0,0
planner_daily_h14_k48,109,dual,43,99.0,True,505066.4992178605,0.23073986167208882,0.9539390386274588,0,0,27,10,0,83,0,0
planner_daily_h14_k48,110,compound,43,36.0,True,1695287.8503973228,0.39929179871319626,0.9529989918703192,21,0,25,0,21,74,0,0
planner_daily_h14_k48,111,single,43,0.0,True,382011.2393014327,0.0,1.0,0,0,10,0,0,110,0,0
planner_daily_h14_k48,112,dual,43,0.0,True,398136.3653777426,0.0,1.0,0,0,41,1,0,78,0,0
planner_daily_h14_k48,113,compound,43,0.0,True,664655.0941762276,0.0,1.0,8,0,35,0,8,77,0,0
planner_daily_h14_k48,114,single,43,38.0,True,464449.0236121936,0.17535988686364873,0.9875668446479214,0,0,24,3,0,93,0,0
planner_daily_h14_k48,115,dual,43,0.0,True,1412163.3297284842,0.0,0.9999489214410419,20,0,25,0,20,75,0,0
planner_daily_h14_k48,116,compound,43,35.0,True,1334430.6021944839,0.31028696270002604,0.970236856344248,22,0,98,0,22,0,0,0
planner_daily_h14_k48,117,single,43,0.0,True,367350.6092773071,0.0,1.0,0,0,120,0,0,0,0,0
planner_daily_h14_k48,118,dual,43,29.0,True,1513172.6038961902,0.30524973505707415,0.9713047398252576,22,0,15,0,22,83,0,0
planner_daily_h14_k48,119,compound,43,29.0,True,1572900.3505139872,0.46878857246088734,0.9485149056106821,26,3,19,0,26,75,0,0
planner_daily_h14_k48,120,single,43,0.0,True,378568.016478957,0.0,1.0,0,0,10,0,0,110,0,0
planner_daily_h14_k48,121,dual,43,0.0,True,598185.8292401675,0.0,1.0,5,0,26,2,5,87,0,0
planner_daily_h14_k48,122,compound,43,110.0,False,1017275.6845336354,0.4115694508999335,0.8507058500085802,10,0,57,1,10,52,0,0
planner_daily_h14_k48,123,single,43,0.0,True,406915.85437698715,0.0,1.0,0,0,10,0,0,110,0,0
planner_daily_h14_k48,124,dual,43,108.0,True,1192389.3580408462,0.33435390428530165,0.8975826486324605,13,0,28,2,13,77,0,0
planner_daily_h14_k48,125,compound,43,0.0,True,1415615.8491312584,0.0,1.0,19,0,25,0,19,76,0,0
planner_daily_h14_k48,126,single,43,0.0,True,350580.4776965405,0.0,1.0,0,0,120,0,0,0,0,0
planner_daily_h14_k48,127,dual,43,0.0,True,396950.5295161365,0.0,1.0,0,0,28,1,0,91,0,0
planner_daily_h14_k48,128,compound,43,99.0,True,422021.80847156857,0.039065190536278674,0.9964623978692233,0,0,41,5,0,74,0,0
planner_daily_h14_k48,129,single,43,108.0,True,504077.6530426073,0.2403428322791696,0.9372568745498946,0,0,34,2,0,84,0,0
planner_daily_h14_k48,130,dual,43,110.0,False,1009596.572725622,0.39109827901551825,0.8656714125615597,12,0,37,0,12,71,0,0
planner_daily_h14_k48,131,compound,43,0.0,True,1309332.0672488145,0.0,1.0,18,0,25,0,18,77,0,0
planner_daily_h14_k48,132,single,43,0.0,True,381291.1923697371,0.0,1.0,0,0,10,0,0,110,0,0
planner_daily_h14_k48,133,dual,43,0.0,True,1112843.364013409,0.0,1.0,18,0,14,0,18,88,0,0
planner_daily_h14_k48,134,compound,43,0.0,True,1297134.9202687608,0.0,1.0,24,2,95,1,24,0,0,0
planner_daily_h14_k48,135,single,43,0.0,True,406868.0165224978,0.0,1.0,0,0,10,0,0,110,0,0
planner_daily_h14_k48,136,dual,43,109.0,True,665237.9622546581,0.2995196996120285,0.9112572421721385,1,0,59,9,1,51,0,0
planner_daily_h14_k48,137,compound,43,0.0,True,1119994.1158255828,0.0,1.0,18,0,102,0,18,0,0,0
planner_daily_h14_k48,138,single,43,0.0,True,333015.80819978885,0.0,1.0,0,0,120,0,0,0,0,0
planner_daily_h14_k48,139,dual,43,102.0,True,887379.2344711807,0.24502194851910816,0.9434044759447343,11,0,27,9,11,73,0,0
planner_daily_h14_k48,140,compound,43,0.0,True,1368744.0195134613,0.0,1.0,25,3,21,1,25,73,0,0
planner_daily_h14_k48,141,single,43,0.0,True,387369.4540731728,0.0,1.0,0,0,10,0,0,110,0,0
planner_daily_h14_k48,142,dual,43,0.0,True,378500.7191909562,0.0,1.0,0,0,22,0,0,98,0,0
planner_daily_h14_k48,143,compound,43,33.0,True,1623582.4685890165,0.42861182084045124,0.9497900153802089,27,4,19,0,27,74,0,0
planner_daily_h14_k48,144,single,43,0.0,True,402888.83872634644,0.0,1.0,0,0,11,0,0,109,0,0
planner_daily_h14_k48,145,dual,43,93.0,True,826541.7093919666,0.2742727273724005,0.9364244479872423,7,0,30,5,7,78,0,0
planner_daily_h14_k48,146,compound,43,33.0,True,1609820.1534795023,0.18842517765987704,0.9875915637580043,22,1,25,0,22,73,0,0
planner_daily_h14_k48,147,single,43,0.0,True,397336.65215037303,0.0,1.0,0,0,17,1,0,102,0,0
planner_daily_h14_k48,148,dual,43,103.0,True,1113732.8051736385,0.43691878587472,0.8480460631104486,11,0,33,10,11,66,0,0
planner_daily_h14_k48,149,compound,43,0.0,True,361621.63181076664,0.0,1.0,0,0,36,0,0,84,0,0
planner_daily_h14_k48,150,single,43,110.0,False,478535.8122650048,0.30883708203315685,0.9049456494590674,0,0,48,7,0,65,0,0
planner_daily_h14_k48,151,dual,43,103.0,True,1067998.3208150633,0.47681273974053534,0.8218198131820627,11,0,43,10,11,56,0,0
planner_daily_h14_k48,152,compound,43,29.0,True,1408864.8279451013,0.4596775160433915,0.9473670684660622,29,7,90,1,29,0,0,0
planner_daily_h14_k48,153,single,43,0.0,True,331811.86494220654,0.0,1.0,0,0,120,0,0,0,0,0
planner_daily_h14_k48,154,dual,43,0.0,True,391838.6133383638,0.0,1.0,0,0,15,2,0,103,0,0
planner_daily_h14_k48,155,compound,43,28.0,True,1564685.9092220312,0.5504889329047871,0.9367564881877232,28,5,17,0,28,75,0,0
planner_daily_h14_k48,156,single,43,44.0,True,437230.85152565496,0.24408481572168836,0.9755518710057577,0,0,24,0,0,96,0,0
planner_daily_h14_k48,157,dual,43,0.0,True,383012.3978215455,0.0,1.0,0,0,23,0,0,97,0,0
planner_daily_h14_k48,158,compound,43,0.0,True,1451663.850709789,0.0,1.0,18,0,25,0,18,77,0,0
planner_daily_h14_k48,159,single,43,0.0,True,419230.0039360908,0.0,1.0,0,0,10,0,0,110,0,0
planner_daily_h14_k48,160,dual,43,0.0,True,339292.41108697385,0.0,1.0,0,0,119,1,0,0,0,0
planner_daily_h14_k48,161,compound,43,29.0,True,1645385.823719486,0.40014993951465927,0.9631655426381527,23,1,21,0,23,76,0,0
planner_daily_h14_k48,162,single,43,0.0,True,357405.4124515174,0.0,1.0,0,0,10,0,0,110,0,0
planner_daily_h14_k48,163,dual,43,104.0,True,434786.751360206,0.14444572909436665,0.9785901639451494,0,0,22,1,0,97,0,0
planner_daily_h14_k48,164,compound,43,30.0,True,1206172.2758510197,0.07592832874182404,0.9962081353484965,23,2,97,0,23,0,0,0
planner_daily_h14_k48,165,single,43,105.0,True,594492.4034713742,0.2869302584069778,0.9158196268092104,0,0,54,5,0,61,0,0
planner_daily_h14_k48,166,dual,43,110.0,False,1033031.7602710505,0.47087652455070766,0.8128651802763948,8,0,41,10,8,61,0,0
planner_daily_h14_k48,167,compound,43,0.0,True,1455751.2577878612,0.0,1.0,27,5,20,0,27,73,0,0
planner_daily_h14_k48,168,single,43,0.0,True,367941.4889447143,0.0,1.0,0,0,10,0,0,110,0,0
planner_daily_h14_k48,169,dual,43,0.0,True,404209.6905464444,0.0,1.0,0,0,10,0,0,110,0,0
planner_daily_h14_k48,170,compound,43,33.0,True,1659744.3507491944,0.4440429051748309,0.9463938971930326,24,1,21,0,24,75,0,0
planner_daily_h14_k48,171,single,43,110.0,False,389669.5650049345,0.1593312637877829,0.9711538515173486,0,0,32,0,0,88,0,0
planner_daily_h14_k48,172,dual,43,105.0,True,787601.9288581295,0.273392342958531,0.9250757665024425,7,0,44,0,7,69,0,0
planner_daily_h14_k48,173,compound,43,0.0,True,1159955.755686277,0.0,1.0,16,0,30,0,16,74,0,0
planner_daily_h14_k48,174,single,43,0.0,True,381036.9605317182,0.0,1.0,0,0,10,0,0,110,0,0
planner_daily_h14_k48,175,dual,43,0.0,True,308134.68800185487,0.0,1.0,0,0,27,0,0,93,0,0
planner_daily_h14_k48,176,compound,43,0.0,True,1287934.6861715124,0.0,1.0,22,1,98,0,22,0,0,0
planner_daily_h14_k48,177,single,43,0.0,True,397114.6114932156,0.0,1.0,0,0,10,0,0,110,0,0
planner_daily_h14_k48,178,dual,43,110.0,False,505821.52025806915,0.24915556354949636,0.9347397395140536,0,0,56,8,0,56,0,0
planner_daily_h14_k48,179,compound,43,30.0,True,1239613.7597510624,0.19700611932667805,0.9877251564006888,27,4,92,1,27,0,0,0
planner_daily_h14_k48,180,single,43,0.0,True,349709.7064261981,0.0,1.0,0,0,10,0,0,110,0,0
planner_daily_h14_k48,181,dual,43,0.0,True,427355.58236514864,0.0,1.0,0,0,33,1,0,86,0,0
planner_daily_h14_k48,182,compound,43,34.0,True,1363669.6665234081,0.1461418247722675,0.9902486451811818,24,3,25,0,24,71,0,0
planner_daily_h14_k48,183,single,43,103.0,True,453330.07984535437,0.25072843420583035,0.9406560740347172,0,0,38,5,0,77,0,0
planner_daily_h14_k48,184,dual,43,0.0,True,1437576.514132503,0.0,1.0,21,0,21,0,21,78,0,0
planner_daily_h14_k48,185,compound,43,33.0,True,1530614.646895982,0.2864327955203397,0.9726819756871911,24,3,24,0,24,72,0,0
planner_daily_h14_k48,186,single,43,0.0,True,358760.1909716968,0.0,1.0,0,0,10,0,0,110,0,0
planner_daily_h14_k48,187,dual,43,103.0,True,818244.982195886,0.3568699384164987,0.8899514129153944,10,0,32,9,10,69,0,0
planner_daily_h14_k48,188,compound,43,27.0,True,1518457.375400615,0.20809704963663467,0.9877243489592582,28,6,19,0,28,73,0,0
planner_daily_h14_k48,189,single,43,0.0,True,465776.9701449164,0.0,1.0,0,0,23,3,0,94,0,0
planner_daily_h14_k48,190,dual,43,103.0,True,1054834.4601581916,0.5382221100909944,0.7857244866663811,10,0,47,10,10,53,0,0
planner_daily_h14_k48,191,compound,43,32.0,True,1584995.762858192,0.26354015323347635,0.9792539268369979,22,1,28,0,22,70,0,0
planner_daily_h14_k48,192,single,43,0.0,True,330515.0129895087,0.0,1.0,0,0,120,0,0,0,0,0
planner_daily_h14_k48,193,dual,43,0.0,True,441358.4435946199,0.0,1.0,0,0,30,0,0,90,0,0
planner_daily_h14_k48,194,compound,43,29.0,True,1567792.0723773493,0.28717696670526155,0.9776345708203453,24,2,20,0,24,76,0,0
planner_daily_h14_k48,195,single,43,106.0,True,502075.23473181826,0.2815288565656995,0.9170263127426275,0,0,56,0,0,64,0,0
planner_daily_h14_k48,196,dual,43,110.0,False,502851.9011404837,0.31505406839353534,0.9073415093104517,1,0,48,9,1,62,0,0
planner_daily_h14_k48,197,compound,43,0.0,True,1236233.5654755046,0.0,1.0,20,0,25,0,20,75,0,0
planner_daily_h14_k48,198,single,43,0.0,True,330999.16107774543,0.0,1.0,0,0,120,0,0,0,0,0
planner_daily_h14_k48,199,dual,43,110.0,False,1209773.5354387616,0.40280147751504564,0.8557615863402793,14,0,32,10,14,64,0,0
planner_daily_h14_k48,0,single,44,0.0,True,332563.0591712982,0.0,1.0,0,0,120,0,0,0,0,0
planner_daily_h14_k48,1,dual,44,85.0,True,535408.8705819503,0.3282580000502928,0.9177557496540596,0,0,60,6,0,54,0,0
planner_daily_h14_k48,2,compound,44,0.0,True,1145874.5968213002,0.0,1.0,18,0,25,0,18,77,0,0
planner_daily_h14_k48,3,single,44,0.0,True,345729.9334943593,0.0,1.0,0,0,120,0,0,0,0,0
planner_daily_h14_k48,4,dual,44,110.0,False,1072695.2081228958,0.34954660324136033,0.8910153556947994,13,0,30,0,13,77,0,0
planner_daily_h14_k48,5,compound,44,32.0,True,1474799.1592334749,0.537160372726151,0.9283431289976558,28,5,17,0,28,75,0,0
planner_daily_h14_k48,6,single,44,0.0,True,390295.1960526101,0.0,1.0,0,0,10,0,0,110,0,0
planner_daily_h14_k48,7,dual,44,0.0,True,1494852.4892515924,0.0,1.0,21,0,19,0,21,80,0,0
planner_daily_h14_k48,8,compound,44,110.0,False,1068131.5819662216,0.28438462108195617,0.921103746935145,16,0,32,9,16,63,0,0
planner_daily_h14_k48,9,single,44,44.0,True,400045.97739886073,0.20694040611744308,0.9827419826642537,0,0,23,3,0,94,0,0
planner_daily_h14_k48,10,dual,44,110.0,False,1215764.7049395437,0.3500485025768495,0.890122724071817,13,0,27,1,13,79,0,0
planner_daily_h14_k48,11,compound,44,0.0,True,932008.6337694537,0.0,1.0,11,0,35,0,11,74,0,0
planner_daily_h14_k48,12,single,44,0.0,True,386806.7763738877,0.0,1.0,0,0,10,0,0,110,0,0
planner_daily_h14_k48,13,dual,44,97.0,True,521122.3081604863,0.28039637768319153,0.932145123787809,0,0,50,9,0,61,0,0
planner_daily_h14_k48,14,compound,44,0.0,True,1538933.288055496,0.0,1.0,25,2,19,0,25,76,0,0
planner_daily_h14_k48,15,single,44,0.0,True,331926.0948761814,0.0,1.0,0,0,120,0,0,0,0,0
planner_daily_h14_k48,16,dual,44,0.0,True,388472.9067080088,0.0,1.0,0,0,30,0,0,90,0,0
planner_daily_h14_k48,17,compound,44,34.0,True,1573062.9146399798,0.5170257346055397,0.931023256248212,24,1,20,0,24,76,0,0
planner_daily_h14_k48,18,single,44,0.0,True,353253.97989165876,0.0,1.0,0,0,10,0,0,110,0,0
planner_daily_h14_k48,19,dual,44,83.0,True,531284.2741534843,0.3011890547526251,0.9262998484141031,0,0,53,8,0,59,0,0
planner_daily_h14_k48,20,compound,44,30.0,True,1390903.9612435887,0.5254225496652389,0.9376435121613688,32,10,88,0,32,0,0,0
planner_daily_h14_k48,21,single,44,76.0,True,561702.1313397491,0.4097234861121173,0.8922299213172002,0,0,36,6,0,78,0,0
planner_daily_h14_k48,22,dual,44,0.0,True,372216.81532826065,0.0,1.0,0,0,12,0,0,108,0,0
planner_daily_h14_k48,23,compound,44,30.0,True,1469696.8163724013,0.2741136645613234,0.9789679342526975,27,4,21,0,27,72,0,0
planner_daily_h14_k48,24,single,44,0.0,True,335530.25950484816,0.0,1.0,0,0,120,0,0,0,0,0
planner_daily_h14_k48,25,dual,44,0.0,True,371337.09964005975,0.0,1.0,0,0,28,0,0,92,0,0
planner_daily_h14_k48,26,compound,44,0.0,True,531234.7355493592,0.0,1.0,2,0,33,7,2,78,0,0
planner_daily_h14_k48,27,single,44,0.0,True,352769.9531272985,0.0,1.0,0,0,120,0,0,0,0,0
planner_daily_h14_k48,28,dual,44,0.0,True,362660.38585539814,0.0,1.0,0,0,30,0,0,90,0,0
planner_daily_h14_k48,29,compound,44,41.0,True,1383528.8499758297,0.04424325707414012,0.9974107096738299,24,2,95,1,24,0,0,0
planner_daily_h14_k48,30,single,44,0.0,True,416251.0655866762,0.0,1.0,0,0,10,0,0,110,0,0
planner_daily_h14_k48,31,dual,44,0.0,True,352071.15179774235,0.0,1.0,0,0,38,0,0,82,0,0
planner_daily_h14_k48,32,compound,44,0.0,True,1211682.617991896,0.0,1.0,18,0,25,0,18,77,0,0
planner_daily_h14_k48,33,single,44,0.0,True,319467.05495977995,0.0,1.0,0,0,120,0,0,0,0,0
planner_daily_h14_k48,34,dual,44,0.0,True,354798.0892838199,0.0,1.0,0,0,28,0,0,92,0,0
planner_daily_h14_k48,35,compound,44,30.0,True,1292724.3230705217,0.4552260870040158,0.9478662484741064,29,6,90,1,29,0,0,0
planner_daily_h14_k48,36,single,44,0.0,True,400796.3834607285,0.0,1.0,0,0,10,0,0,110,0,0
planner_daily_h14_k48,37,dual,44,0.0,True,340435.07603795204,0.0,1.0,0,0,120,0,0,0,0,0
planner_daily_h14_k48,38,compound,44,29.0,True,1414206.6835395047,0.44639179265863477,0.9503057848290121,29,6,91,0,29,0,0,0
planner_daily_h14_k48,39,single,44,0.0,True,383274.6392632002,0.0,1.0,0,0,18,0,0,102,0,0
planner_daily_h14_k48,40,dual,44,0.0,True,379597.17207487795,0.0,1.0,0,0,11,0,0,109,0,0
planner_daily_h14_k48,41,compound,44,34.0,True,1482509.6080458318,0.3933237793887669,0.9568506797798114,21,0,23,0,21,76,0,0
planner_daily_h14_k48,42,single,44,0.0,True,342818.814151824,0.0,1.0,0,0,120,0,0,0,0,0
planner_daily_h14_k48,43,dual,44,110.0,False,1049383.0398839018,0.3507364581894239,0.8888804848908313,13,0,31,0,13,76,0,0
planner_daily_h14_k48,44,compound,44,33.0,True,1627700.2265196189,0.46196675755315747,0.9421506622892674,29,6,18,0,29,73,0,0
planner_daily_h14_k48,45,single,44,0.0,True,327254.19400583865,0.0,1.0,0,0,120,0,0,0,0,0
planner_daily_h14_k48,46,dual,44,102.0,True,1050831.1151881067,0.41375842733255325,0.8640571772741357,12,0,49,0,12,59,0,0
planner_daily_h14_k48,47,compound,44,34.0,True,1669494.5464999464,0.3676778538200351,0.961603455772337,23,1,23,0,23,74,0,0
planner_daily_h14_k48,48,single,44,0.0,True,349787.8382147088,0.0,1.0,0,0,10,0,0,110,0,0
planner_daily_h14_k48,49,dual,44,43.0,True,425039.6292243541,0.18519667604442122,0.9849675907464135,0,0,48,7,0,65,0,0
planner_daily_h14_k48,50,compound,44,33.0,True,1707831.307301624,0.5203718257757144,0.9325601099181224,26,4,21,0,26,73,0,0
planner_daily_h14_k48,51,single,44,0.0,True,372110.89186583954,0.0,1.0,0,0,10,0,0,110,0,0
planner_daily_h14_k48,52,dual,44,0.0,True,334289.60772994236,0.0,1.0,0,0,24,0,0,96,0,0
planner_daily_h14_k48,53,compound,44,31.0,True,1378160.4049590263,0.0627928624402641,0.9968057560595257,24,1,20,0,24,76,0,0
planner_daily_h14_k48,54,single,44,0.0,True,372758.61364649725,0.0,1.0,0,0,120,0,0,0,0,0
planner_daily_h14_k48,55,dual,44,0.0,True,365110.53048399807,0.0,1.0,0,0,18,0,0,102,0,0
planner_daily_h14_k48,56,compound,44,32.0,True,1702122.932275064,0.39581459901909344,0.9574946305348393,25,3,21,0,25,74,0,0
planner_daily_h14_k48,57,single,44,0.0,True,416874.4598865072,0.0,1.0,0,0,10,0,0,110,0,0
planner_daily_h14_k48,58,dual,44,0.0,True,363453.5206654419,0.0,1.0,0,0,24,0,0,96,0,0
planner_daily_h14_k48,59,compound,44,0.0,True,1318790.219336604,0.0,1.0,18,0,28,0,18,74,0,0
planner_daily_h14_k48,60,single,44,109.0,True,587596.1878213778,0.3606120295345847,0.8755356637047944,0,0,55,6,0,59,0,0
planner_daily_h14_k48,61,dual,44,0.0,True,399121.0101084924,0.0,1.0,0,0,24,3,0,93,0,0
planner_daily_h14_k48,62,compound,44,34.0,True,1144375.7124216673,0.25411931351360195,0.9785576267955204,17,0,24,8,17,71,0,0
planner_daily_h14_k48,63,single,44,0.0,True,381999.41341169557,0.0,1.0,0,0,10,0,0,110,0,0
planner_daily_h14_k48,64,dual,44,23.0,True,1412231.124337221,0.30987705754563866,0.9792180130120436,22,0,16,0,22,82,0,0
planner_daily_h14_k48,65,compound,44,0.0,True,1157143.488398109,0.0,1.0,15,0,27,0,15,78,0,0
planner_daily_h14_k48,66,single,44,0.0,True,360807.7614433371,0.0,1.0,0,0,10,0,0,110,0,0
planner_daily_h14_k48,67,dual,44,25.0,True,1199133.4111396621,0.33144682183385504,0.975307780355468,17,0,17,0,17,86,0,0
planner_daily_h14_k48,68,compound,44,28.0,True,1601123.9918734243,0.34846939609002026,0.9683456068928008,27,4,18,0,27,75,0,0
planner_daily_h14_k48,69,single,44,0.0,True,383029.0738676682,0.0,1.0,0,0,10,0,0,110,0,0
planner_daily_h14_k48,70,dual,44,0.0,True,307214.15777025616,0.0,1.0,0,0,120,0,0,0,0,0
planner_daily_h14_k48,71,compound,44,33.0,True,1735911.6772226917,0.11037830524217793,0.9942583394620581,22,1,25,1,22,72,0,0
planner_daily_h14_k48,72,single,44,0.0,True,389423.29619734146,0.0,1.0,0,0,120,0,0,0,0,0
planner_daily_h14_k48,73,dual,44,0.0,True,403770.77202928567,0.0,1.0,0,0,32,1,0,87,0,0
planner_daily_h14_k48,74,compound,44,110.0,False,939014.3730571623,0.4059270355206669,0.8540637737346825,11,0,45,5,11,59,0,0
planner_daily_h14_k48,75,single,44,0.0,True,354033.02876500797,0.0,1.0,0,0,120,0,0,0,0,0
planner_daily_h14_k48,76,dual,44,110.0,False,1026450.948204844,0.5384316155008071,0.7666152391456933,9,0,47,9,9,55,0,0
planner_daily_h14_k48,77,compound,44,110.0,False,914293.20610163,0.19903873019505985,0.9596496132441867,12,0,37,0,12,71,0,0
planner_daily_h14_k48,78,single,44,0.0,True,366959.20389469207,0.0,1.0,0,0,120,0,0,0,0,0
planner_daily_h14_k48,79,dual,44,108.0,True,354444.72098945954,0.05386779116904262,0.9949135756742573,0,0,29,0,0,91,0,0
planner_daily_h14_k48,80,compound,44,34.0,True,1540468.084802182,0.17537062168087356,0.9877274720134238,23,1,25,0,23,72,0,0
planner_daily_h14_k48,81,single,44,0.0,True,415331.51511821034,0.0,1.0,0,0,10,0,0,110,0,0
planner_daily_h14_k48,82,dual,44,101.0,True,551033.5472750225,0.29199961356434057,0.9216932253644267,0,0,59,8,0,53,0,0
planner_daily_h14_k48,83,compound,44,31.0,True,1459056.1561089815,0.4788809809648546,0.9415002182166894,26,3,19,0,26,75,0,0
planner_daily_h14_k48,84,single,44,103.0,True,512524.601405574,0.2226574427462142,0.9507470349127743,0,0,45,5,0,70,0,0
planner_daily_h14_k48,85,dual,44,97.0,True,883118.3692529332,0.38868493769881846,0.8792670195870214,7,0,41,10,7,62,0,0
planner_daily_h14_k48,86,compound,44,31.0,True,1545287.411648125,0.41041904152430003,0.9572172380148319,22,0,22,0,22,76,0,0
planner_daily_h14_k48,87,single,44,0.0,True,341397.7589490199,0.0,1.0,0,0,120,0,0,0,0,0
planner_daily_h14_k48,88,dual,44,0.0,True,347939.8545265737,0.0,1.0,0,0,27,0,0,93,0,0
planner_daily_h14_k48,89,compound,44,0.0,True,1447527.4813422475,0.0,1.0,23,1,20,0,23,77,0,0
planner_daily_h14_k48,90,single,44,0.0,True,348905.1219217885,0.0,1.0,0,0,10,0,0,110,0,0
planner_daily_h14_k48,91,dual,44,110.0,False,1424820.6113899492,0.5608445907158892,0.7565161874947358,13,0,40,10,13,57,0,0
planner_daily_h14_k48,92,compound,44,34.0,True,1577125.7119990615,0.3634156589322499,0.9566978961760508,25,3,22,0,25,73,0,0
planner_daily_h14_k48,93,single,44,0.0,True,428256.2593271037,0.0,1.0,0,0,10,0,0,110,0,0
planner_daily_h14_k48,94,dual,44,0.0,True,422782.0877753972,0.0,1.0,0,0,42,1,0,77,0,0
planner_daily_h14_k48,95,compound,44,0.0,True,1189117.7494455797,0.0,1.0,17,0,26,0,17,77,0,0
planner_daily_h14_k48,96,single,44,0.0,True,374697.0088336398,0.0,1.0,0,0,10,0,0,110,0,0
planner_daily_h14_k48,97,dual,44,0.0,True,396631.7465663399,0.0,1.0,0,0,30,0,0,90,0,0
planner_daily_h14_k48,98,compound,44,0.0,True,1522554.7252246812,0.0,1.0,22,0,23,0,22,75,0,0
planner_daily_h14_k48,99,single,44,0.0,True,375528.7140390187,0.0,1.0,0,0,10,0,0,110,0,0
planner_daily_h14_k48,100,dual,44,105.0,True,542560.3325730221,0.12595053046231905,0.9836368805136131,2,0,20,8,2,90,0,0
planner_daily_h14_k48,101,compound,44,31.0,True,1611295.5163440201,0.3868874323320345,0.9568040710482304,28,5,18,0,28,74,0,0
planner_daily_h14_k48,102,single,44,0.0,True,326763.64960782655,0.0,1.0,0,0,120,0,0,0,0,0
planner_daily_h14_k48,103,dual,44,0.0,True,320684.8244401521,0.0,1.0,0,0,120,0,0,0,0,0
planner_daily_h14_k48,104,compound,44,99.0,True,411960.3545938302,0.14901489188808834,0.9782835869557805,0,0,36,6,0,78,0,0
planner_daily_h14_k48,105,single,44,0.0,True,372041.9091710677,0.0,1.0,0,0,12,0,0,108,0,0
planner_daily_h14_k48,106,dual,44,110.0,False,922943.4959470758,0.09610759331869669,0.9901601370767193,14,0,19,0,14,87,0,0
planner_daily_h14_k48,107,compound,44,0.0,True,387813.3369459892,0.0,1.0,1,0,35,0,1,84,0,0
planner_daily_h14_k48,108,single,44,0.0,True,331626.0126184661,0.0,1.0,0,0,119,1,0,0,0,0
planner_daily_h14_k48,109,dual,44,99.0,True,505066.4992178605,0.23073986167208882,0.9539390386274588,0,0,27,10,0,83,0,0
planner_daily_h14_k48,110,compound,44,36.0,True,1695287.8503973228,0.39929179871319626,0.9529989918703192,21,0,25,0,21,74,0,0
planner_daily_h14_k48,111,single,44,0.0,True,382011.2393014327,0.0,1.0,0,0,10,0,0,110,0,0
planner_daily_h14_k48,112,dual,44,0.0,True,402594.80663994304,0.0,1.0,0,0,41,2,0,77,0,0
planner_daily_h14_k48,113,compound,44,0.0,True,355284.23844948644,0.0,1.0,0,0,44,0,0,76,0,0
planner_daily_h14_k48,114,single,44,38.0,True,464449.0236121936,0.17535988686364873,0.9875668446479214,0,0,26,3,0,91,0,0
planner_daily_h14_k48,115,dual,44,76.0,True,460378.7818604378,0.29348750042873084,0.9436188640062539,0,0,54,10,0,56,0,0
planner_daily_h14_k48,116,compound,44,107.0,True,950809.4850626638,0.2887807873103775,0.9196498590416144,9,0,45,8,9,58,0,0
planner_daily_h14_k48,117,single,44,0.0,True,367350.6092773071,0.0,1.0,0,0,120,0,0,0,0,0
planner_daily_h14_k48,118,dual,44,29.0,True,1513172.6038961902,0.30524973505707415,0.9713047398252576,22,0,15,0,22,83,0,0
planner_daily_h14_k48,119,compound,44,33.0,True,1540400.0991610293,0.4127868134282776,0.950651537033143,28,5,18,0,28,74,0,0
planner_daily_h14_k48,120,single,44,0.0,True,378568.016478957,0.0,1.0,0,0,10,0,0,110,0,0
planner_daily_h14_k48,121,dual,44,0.0,True,405079.5994557766,0.0,1.0,0,0,30,10,0,80,0,0
planner_daily_h14_k48,122,compound,44,35.0,True,1529963.9108603594,0.10518193000251154,0.9932707277465938,21,0,27,0,21,72,0,0
planner_daily_h14_k48,123,single,44,0.0,True,406915.85437698715,0.0,1.0,0,0,10,0,0,110,0,0
planner_daily_h14_k48,124,dual,44,96.0,True,1006866.8023343955,0.4612588448822337,0.8402073971463285,10,0,35,10,10,65,0,0
planner_daily_h14_k48,125,compound,44,0.0,True,859384.7231093973,0.0,1.0,11,0,36,0,11,73,0,0
planner_daily_h14_k48,126,single,44,0.0,True,350580.4776965405,0.0,1.0,0,0,120,0,0,0,0,0
planner_daily_h14_k48,127,dual,44,0.0,True,396950.5295161365,0.0,1.0,0,0,29,1,0,90,0,0
planner_daily_h14_k48,128,compound,44,0.0,True,914133.9954437867,0.0,1.0,15,0,105,0,15,0,0,0
planner_daily_h14_k48,129,single,44,108.0,True,504077.6530426073,0.2403428322791696,0.9372568745498946,0,0,36,1,0,83,0,0
planner_daily_h14_k48,130,dual,44,110.0,False,996556.4932714355,0.29858869461356696,0.91758355884117,13,0,28,0,13,79,0,0
planner_daily_h14_k48,131,compound,44,110.0,False,648542.6908870024,0.0424877018711018,0.9959469106216544,4,0,34,6,4,76,0,0
planner_daily_h14_k48,132,single,44,0.0,True,381291.1923697371,0.0,1.0,0,0,10,0,0,110,0,0
planner_daily_h14_k48,133,dual,44,0.0,True,1112843.364013409,0.0,1.0,18,0,15,0,18,87,0,0
planner_daily_h14_k48,134,compound,44,0.0,True,1324368.1778788466,0.0,1.0,24,2,94,2,24,0,0,0
planner_daily_h14_k48,135,single,44,0.0,True,406868.0165224978,0.0,1.0,0,0,10,0,0,110,0,0
planner_daily_h14_k48,136,dual,44,109.0,True,600749.7319936393,0.2601947304443122,0.9269337356610557,0,0,58,10,0,52,0,0
planner_daily_h14_k48,137,compound,44,98.0,True,496186.2982919196,0.03741332139016407,0.9966284691434947,3,0,40,0,3,77,0,0
planner_daily_h14_k48,138,single,44,0.0,True,333015.80819978885,0.0,1.0,0,0,120,0,0,0,0,0
planner_daily_h14_k48,139,dual,44,102.0,True,887379.2344711807,0.24502194851910816,0.9434044759447343,11,0,27,9,11,73,0,0
planner_daily_h14_k48,140,compound,44,0.0,True,1372922.679338187,0.0,1.0,25,3,21,2,25,72,0,0
planner_daily_h14_k48,141,single,44,0.0,True,387369.4540731728,0.0,1.0,0,0,10,0,0,110,0,0
planner_daily_h14_k48,142,dual,44,0.0,True,378500.7191909562,0.0,1.0,0,0,22,0,0,98,0,0
planner_daily_h14_k48,143,compound,44,33.0,True,1623582.4685890165,0.42861182084045124,0.9497900153802089,27,4,19,0,27,74,0,0
planner_daily_h14_k48,144,single,44,0.0,True,402888.83872634644,0.0,1.0,0,0,11,0,0,109,0,0
planner_daily_h14_k48,145,dual,44,69.0,True,658725.0751516433,0.3486133225748352,0.9296945634455592,4,0,29,10,4,77,0,0
planner_daily_h14_k48,146,compound,44,33.0,True,1609820.1534795023,0.18842517765987704,0.9875915637580043,22,1,25,0,22,73,0,0
planner_daily_h14_k48,147,single,44,0.0,True,397336.65215037303,0.0,1.0,0,0,17,1,0,102,0,0
planner_daily_h14_k48,148,dual,44,96.0,True,1010388.9783644088,0.37987427255943534,0.8879378301392011,10,0,30,10,10,70,0,0
planner_daily_h14_k48,149,compound,44,0.0,True,716763.2865305758,0.0,1.0,9,0,32,0,9,79,0,0
planner_daily_h14_k48,150,single,44,110.0,False,533061.4798104239,0.4225236950863947,0.8383263769735416,0,0,52,8,0,60,0,0
planner_daily_h14_k48,151,dual,44,105.0,True,1125513.822788201,0.4734955809999329,0.8212737525090372,12,0,34,10,12,64,0,0
planner_daily_h14_k48,152,compound,44,29.0,True,1408864.8279451013,0.4596775160433915,0.9473670684660622,29,7,90,1,29,0,0,0
planner_daily_h14_k48,153,single,44,0.0,True,331811.86494220654,0.0,1.0,0,0,120,0,0,0,0,0
planner_daily_h14_k48,154,dual,44,0.0,True,391838.6133383638,0.0,1.0,0,0,15,2,0,103,0,0
planner_daily_h14_k48,155,compound,44,28.0,True,1564685.9092220312,0.5504889329047871,0.9367564881877232,28,5,17,0,28,75,0,0
planner_daily_h14_k48,156,single,44,44.0,True,437230.85152565496,0.24408481572168836,0.9755518710057577,0,0,24,0,0,96,0,0
planner_daily_h14_k48,157,dual,44,0.0,True,383012.3978215455,0.0,1.0,0,0,23,0,0,97,0,0
planner_daily_h14_k48,158,compound,44,0.0,True,1451663.850709789,0.0,1.0,18,0,25,0,18,77,0,0
planner_daily_h14_k48,159,single,44,0.0,True,419230.0039360908,0.0,1.0,0,0,10,0,0,110,0,0
planner_daily_h14_k48,160,dual,44,0.0,True,339292.41108697385,0.0,1.0,0,0,119,1,0,0,0,0
planner_daily_h14_k48,161,compound,44,29.0,True,1645385.823719486,0.40014993951465927,0.9631655426381527,23,1,21,0,23,76,0,0
planner_daily_h14_k48,162,single,44,0.0,True,357405.4124515174,0.0,1.0,0,0,10,0,0,110,0,0
planner_daily_h14_k48,163,dual,44,104.0,True,434786.751360206,0.14444572909436665,0.9785901639451494,0,0,23,1,0,96,0,0
planner_daily_h14_k48,164,compound,44,30.0,True,1450787.1804264511,0.07592832874182404,0.9962081353484965,23,2,25,0,23,72,0,0
planner_daily_h14_k48,165,single,44,105.0,True,594492.4034713742,0.2869302584069778,0.9158196268092104,0,0,53,6,0,61,0,0
planner_daily_h14_k48,166,dual,44,110.0,False,1021043.7155296896,0.4163781323976259,0.8456713525613027,9,0,37,10,9,64,0,0
planner_daily_h14_k48,167,compound,44,0.0,True,1455751.2577878612,0.0,1.0,27,5,20,0,27,73,0,0
planner_daily_h14_k48,168,single,44,0.0,True,367941.4889447143,0.0,1.0,0,0,10,0,0,110,0,0
planner_daily_h14_k48,169,dual,44,0.0,True,404209.6905464444,0.0,1.0,0,0,10,0,0,110,0,0
planner_daily_h14_k48,170,compound,44,33.0,True,1659744.3507491944,0.4440429051748309,0.9463938971930326,24,1,21,0,24,75,0,0
planner_daily_h14_k48,171,single,44,110.0,False,389669.5650049345,0.1593312637877829,0.9711538515173486,0,0,33,0,0,87,0,0
planner_daily_h14_k48,172,dual,44,105.0,True,777771.9621896798,0.32980038504670267,0.8990775770946405,6,0,46,0,6,68,0,0
planner_daily_h14_k48,173,compound,44,31.0,True,1399270.816182181,0.19143683419119112,0.9880705866419152,24,2,96,0,24,0,0,0
planner_daily_h14_k48,174,single,44,0.0,True,381036.9605317182,0.0,1.0,0,0,10,0,0,110,0,0
planner_daily_h14_k48,175,dual,44,0.0,True,308134.68800185487,0.0,1.0,0,0,27,0,0,93,0,0
planner_daily_h14_k48,176,compound,44,0.0,True,1287934.6861715124,0.0,1.0,22,1,98,0,22,0,0,0
planner_daily_h14_k48,177,single,44,0.0,True,397114.6114932156,0.0,1.0,0,0,10,0,0,110,0,0
planner_daily_h14_k48,178,dual,44,0.0,True,1347950.7025398097,0.0,1.0,19,0,26,0,19,75,0,0
planner_daily_h14_k48,179,compound,44,30.0,True,1442064.169879161,0.19700611932667805,0.9877251564006888,25,2,20,0,25,75,0,0
planner_daily_h14_k48,180,single,44,0.0,True,349709.7064261981,0.0,1.0,0,0,10,0,0,110,0,0
planner_daily_h14_k48,181,dual,44,0.0,True,385545.3401775331,0.0,1.0,0,0,34,0,0,86,0,0
planner_daily_h14_k48,182,compound,44,34.0,True,1360943.955377847,0.1461418247722675,0.9902486451811818,23,2,26,0,23,71,0,0
planner_daily_h14_k48,183,single,44,103.0,True,453330.07984535437,0.25072843420583035,0.9406560740347172,0,0,37,5,0,78,0,0
planner_daily_h14_k48,184,dual,44,0.0,True,1437576.514132503,0.0,1.0,21,0,21,0,21,78,0,0
planner_daily_h14_k48,185,compound,44,33.0,True,1363746.4445250446,0.2864327955203397,0.9726819756871911,24,3,95,1,24,0,0,0
planner_daily_h14_k48,186,single,44,0.0,True,358760.1909716968,0.0,1.0,0,0,10,0,0,110,0,0
planner_daily_h14_k48,187,dual,44,109.0,True,781224.2766181402,0.30415654812142906,0.9099117864975226,9,0,34,10,9,67,0,0
planner_daily_h14_k48,188,compound,44,27.0,True,1518457.375400615,0.20809704963663467,0.9877243489592582,28,6,19,0,28,73,0,0
planner_daily_h14_k48,189,single,44,0.0,True,465776.9701449164,0.0,1.0,0,0,24,3,0,93,0,0
planner_daily_h14_k48,190,dual,44,103.0,True,1054834.4601581916,0.5382221100909944,0.7857244866663811,10,0,47,9,10,54,0,0
planner_daily_h14_k48,191,compound,44,32.0,True,1584995.762858192,0.26354015323347635,0.9792539268369979,22,1,28,0,22,70,0,0
planner_daily_h14_k48,192,single,44,0.0,True,330515.0129895087,0.0,1.0,0,0,120,0,0,0,0,0
planner_daily_h14_k48,193,dual,44,0.0,True,441358.4435946199,0.0,1.0,0,0,30,0,0,90,0,0
planner_daily_h14_k48,194,compound,44,29.0,True,1588263.409841464,0.28717696670526155,0.9776345708203453,25,2,19,0,25,76,0,0
planner_daily_h14_k48,195,single,44,106.0,True,502075.23473181826,0.2815288565656995,0.9170263127426275,0,0,54,0,0,66,0,0
planner_daily_h14_k48,196,dual,44,110.0,False,472216.1193223867,0.2270313664609506,0.9485993697724124,1,0,32,9,1,78,0,0
planner_daily_h14_k48,197,compound,44,0.0,True,1236233.5654755046,0.0,1.0,20,0,25,0,20,75,0,0
planner_daily_h14_k48,198,single,44,0.0,True,330999.16107774543,0.0,1.0,0,0,120,0,0,0,0,0
planner_daily_h14_k48,199,dual,44,27.0,True,1447512.9563634251,0.39411194315996173,0.9655053221642222,17,0,15,1,17,87,0,0
planner_daily_h14_k48,0,single,45,0.0,True,332563.0591712982,0.0,1.0,0,0,120,0,0,0,0,0
planner_daily_h14_k48,1,dual,45,84.0,True,540413.6215750994,0.3488597343625474,0.9057049846514004,0,0,60,6,0,54,0,0
planner_daily_h14_k48,2,compound,45,0.0,True,1241743.378155067,0.0,1.0,25,2,95,0,25,0,0,0
planner_daily_h14_k48,3,single,45,0.0,True,345729.9334943593,0.0,1.0,0,0,120,0,0,0,0,0
planner_daily_h14_k48,4,dual,45,110.0,False,1072695.2081228958,0.34954660324136033,0.8910153556947994,13,0,30,0,13,77,0,0
planner_daily_h14_k48,5,compound,45,32.0,True,1474799.1592334749,0.537160372726151,0.9283431289976558,28,5,17,0,28,75,0,0
planner_daily_h14_k48,6,single,45,0.0,True,390295.1960526101,0.0,1.0,0,0,10,0,0,110,0,0
planner_daily_h14_k48,7,dual,45,108.0,True,617957.1113226538,0.3431156721613716,0.8904906738588447,2,0,66,9,2,43,0,0
planner_daily_h14_k48,8,compound,45,110.0,False,1206602.3430214229,0.3028070418264247,0.911889213938266,14,0,30,9,14,67,0,0
planner_daily_h14_k48,9,single,45,44.0,True,400045.97739886073,0.20694040611744308,0.9827419826642537,0,0,23,3,0,94,0,0
planner_daily_h14_k48,10,dual,45,110.0,False,1149057.7942988009,0.31924160606261964,0.9019454650836854,11,0,32,2,11,75,0,0
planner_daily_h14_k48,11,compound,45,0.0,True,932008.6337694537,0.0,1.0,11,0,33,0,11,76,0,0
planner_daily_h14_k48,12,single,45,0.0,True,386806.7763738877,0.0,1.0,0,0,10,0,0,110,0,0
planner_daily_h14_k48,13,dual,45,97.0,True,504686.79001758224,0.21435619683062343,0.9571736420659273,0,0,51,9,0,60,0,0
planner_daily_h14_k48,14,compound,45,0.0,True,1538933.288055496,0.0,1.0,25,2,19,0,25,76,0,0
planner_daily_h14_k48,15,single,45,0.0,True,331926.0948761814,0.0,1.0,0,0,120,0,0,0,0,0
planner_daily_h14_k48,16,dual,45,0.0,True,388472.9067080088,0.0,1.0,0,0,29,0,0,91,0,0
planner_daily_h14_k48,17,compound,45,32.0,True,1570439.679324365,0.5791937000350404,0.9253151085793664,28,5,19,0,28,73,0,0
planner_daily_h14_k48,18,single,45,0.0,True,353253.97989165876,0.0,1.0,0,0,10,0,0,110,0,0
planner_daily_h14_k48,19,dual,45,83.0,True,531284.2741534843,0.3011890547526251,0.9262998484141031,0,0,54,8,0,58,0,0
planner_daily_h14_k48,20,compound,45,30.0,True,1390903.9612435887,0.5254225496652389,0.9376435121613688,32,10,88,0,32,0,0,0
planner_daily_h14_k48,21,single,45,76.0,True,561702.1313397491,0.4097234861121173,0.8922299213172002,0,0,37,5,0,78,0,0
planner_daily_h14_k48,22,dual,45,0.0,True,372216.81532826065,0.0,1.0,0,0,13,0,0,107,0,0
planner_daily_h14_k48,23,compound,45,30.0,True,1465840.1166079757,0.2741136645613234,0.9789679342526975,27,4,20,0,27,73,0,0
planner_daily_h14_k48,24,single,45,0.0,True,335530.25950484816,0.0,1.0,0,0,120,0,0,0,0,0
planner_daily_h14_k48,25,dual,45,0.0,True,371337.09964005975,0.0,1.0,0,0,29,0,0,91,0,0
planner_daily_h14_k48,26,compound,45,110.0,False,527673.952656281,0.1641909684911847,0.9701874924637649,2,0,44,9,2,65,0,0
planner_daily_h14_k48,27,single,45,0.0,True,352769.9531272985,0.0,1.0,0,0,120,0,0,0,0,0
planner_daily_h14_k48,28,dual,45,0.0,True,362660.38585539814,0.0,1.0,0,0,30,0,0,90,0,0
planner_daily_h14_k48,29,compound,45,41.0,True,1383528.8499758297,0.04424325707414012,0.9974107096738299,24,2,95,1,24,0,0,0
planner_daily_h14_k48,30,single,45,0.0,True,416251.0655866762,0.0,1.0,0,0,10,0,0,110,0,0
planner_daily_h14_k48,31,dual,45,0.0,True,352071.15179774235,0.0,1.0,0,0,37,0,0,83,0,0
planner_daily_h14_k48,32,compound,45,81.0,True,619815.6487587971,0.2356262181417444,0.9571509700632483,7,0,46,0,7,67,0,0
planner_daily_h14_k48,33,single,45,0.0,True,319467.05495977995,0.0,1.0,0,0,120,0,0,0,0,0
planner_daily_h14_k48,34,dual,45,0.0,True,354798.0892838199,0.0,1.0,0,0,30,0,0,90,0,0
planner_daily_h14_k48,35,compound,45,30.0,True,1252498.4966139428,0.4552260870040158,0.9478662484741064,29,6,91,0,29,0,0,0
planner_daily_h14_k48,36,single,45,0.0,True,400796.3834607285,0.0,1.0,0,0,10,0,0,110,0,0
planner_daily_h14_k48,37,dual,45,0.0,True,340435.07603795204,0.0,1.0,0,0,120,0,0,0,0,0
planner_daily_h14_k48,38,compound,45,29.0,True,1414206.6835395047,0.44639179265863477,0.9503057848290121,29,6,91,0,29,0,0,0
planner_daily_h14_k48,39,single,45,0.0,True,383274.6392632002,0.0,1.0,0,0,18,0,0,102,0,0
planner_daily_h14_k48,40,dual,45,0.0,True,379597.17207487795,0.0,1.0,0,0,12,0,0,108,0,0
planner_daily_h14_k48,41,compound,45,34.0,True,1482509.6080458318,0.3933237793887669,0.9568506797798114,21,0,23,0,21,76,0,0
planner_daily_h14_k48,42,single,45,0.0,True,342818.814151824,0.0,1.0,0,0,120,0,0,0,0,0
planner_daily_h14_k48,43,dual,45,110.0,False,1049383.0398839018,0.3507364581894239,0.8888804848908313,13,0,30,0,13,77,0,0
planner_daily_h14_k48,44,compound,45,33.0,True,1627700.2265196189,0.46196675755315747,0.9421506622892674,29,6,18,0,29,73,0,0
planner_daily_h14_k48,45,single,45,0.0,True,327254.19400583865,0.0,1.0,0,0,120,0,0,0,0,0
planner_daily_h14_k48,46,dual,45,102.0,True,1050831.1151881067,0.41375842733255325,0.8640571772741357,12,0,49,0,12,59,0,0
planner_daily_h14_k48,47,compound,45,34.0,True,1669494.5464999464,0.3676778538200351,0.961603455772337,23,1,23,0,23,74,0,0
planner_daily_h14_k48,48,single,45,0.0,True,349787.8382147088,0.0,1.0,0,0,10,0,0,110,0,0
planner_daily_h14_k48,49,dual,45,43.0,True,425039.6292243541,0.18519667604442122,0.9849675907464135,0,0,49,8,0,63,0,0
planner_daily_h14_k48,50,compound,45,33.0,True,1715491.2682623323,0.5203718257757144,0.9325601099181224,24,2,21,0,24,75,0,0
planner_daily_h14_k48,51,single,45,0.0,True,372110.89186583954,0.0,1.0,0,0,10,0,0,110,0,0
planner_daily_h14_k48,52,dual,45,0.0,True,334289.60772994236,0.0,1.0,0,0,24,0,0,96,0,0
planner_daily_h14_k48,53,compound,45,31.0,True,1359006.082556299,0.0627928624402641,0.9968057560595257,23,1,21,0,23,76,0,0
planner_daily_h14_k48,54,single,45,0.0,True,372758.61364649725,0.0,1.0,0,0,120,0,0,0,0,0
planner_daily_h14_k48,55,dual,45,0.0,True,365110.53048399807,0.0,1.0,0,0,17,0,0,103,0,0
planner_daily_h14_k48,56,compound,45,33.0,True,1734369.6438711456,0.4391071727910407,0.9484037214439303,26,4,22,0,26,72,0,0
planner_daily_h14_k48,57,single,45,0.0,True,416874.4598865072,0.0,1.0,0,0,10,0,0,110,0,0
planner_daily_h14_k48,58,dual,45,0.0,True,363453.5206654419,0.0,1.0,0,0,24,0,0,96,0,0
planner_daily_h14_k48,59,compound,45,0.0,True,546098.9500558379,0.0,1.0,2,0,30,8,2,80,0,0
planner_daily_h14_k48,60,single,45,97.0,True,581102.5997697304,0.3205109179014382,0.9119227188376132,0,0,46,5,0,69,0,0
planner_daily_h14_k48,61,dual,45,0.0,True,399121.0101084924,0.0,1.0,0,0,24,3,0,93,0,0
planner_daily_h14_k48,62,compound,45,34.0,True,1144375.7124216673,0.25411931351360195,0.9785576267955204,17,0,24,8,17,71,0,0
planner_daily_h14_k48,63,single,45,0.0,True,381999.41341169557,0.0,1.0,0,0,10,0,0,110,0,0
planner_daily_h14_k48,64,dual,45,23.0,True,1412231.124337221,0.30987705754563866,0.9792180130120436,22,0,16,0,22,82,0,0
planner_daily_h14_k48,65,compound,45,0.0,True,1090119.9823932578,0.0,1.0,14,0,28,0,14,78,0,0
planner_daily_h14_k48,66,single,45,0.0,True,360807.7614433371,0.0,1.0,0,0,10,0,0,110,0,0
planner_daily_h14_k48,67,dual,45,25.0,True,1124534.3019250254,0.33144682183385504,0.975307780355468,16,0,18,0,16,86,0,0
planner_daily_h14_k48,68,compound,45,28.0,True,1601123.9918734243,0.34846939609002026,0.9683456068928008,27,4,18,0,27,75,0,0
planner_daily_h14_k48,69,single,45,0.0,True,383029.0738676682,0.0,1.0,0,0,10,0,0,110,0,0
planner_daily_h14_k48,70,dual,45,0.0,True,307214.15777025616,0.0,1.0,0,0,120,0,0,0,0,0
planner_daily_h14_k48,71,compound,45,98.0,True,977043.445092291,0.40095653815180127,0.8720776852038393,8,0,47,10,8,55,0,0
planner_daily_h14_k48,72,single,45,0.0,True,389423.29619734146,0.0,1.0,0,0,120,0,0,0,0,0
planner_daily_h14_k48,73,dual,45,0.0,True,376368.223717269,0.0,1.0,0,0,32,0,0,88,0,0
planner_daily_h14_k48,74,compound,45,110.0,False,907138.1572625737,0.261725169020354,0.9342855885173058,9,0,35,6,9,70,0,0
planner_daily_h14_k48,75,single,45,0.0,True,354033.02876500797,0.0,1.0,0,0,120,0,0,0,0,0
planner_daily_h14_k48,76,dual,45,82.0,True,974167.434650458,0.4545142495218712,0.8701800117502078,9,0,29,10,9,72,0,0
planner_daily_h14_k48,77,compound,45,110.0,False,914293.20610163,0.19903873019505985,0.9596496132441867,12,0,37,0,12,71,0,0
planner_daily_h14_k48,78,single,45,0.0,True,366959.20389469207,0.0,1.0,0,0,120,0,0,0,0,0
planner_daily_h14_k48,79,dual,45,108.0,True,354444.72098945954,0.05386779116904262,0.9949135756742573,0,0,30,0,0,90,0,0
planner_daily_h14_k48,80,compound,45,34.0,True,1540468.084802182,0.17537062168087356,0.9877274720134238,23,1,25,0,23,72,0,0
planner_daily_h14_k48,81,single,45,0.0,True,415331.51511821034,0.0,1.0,0,0,10,0,0,110,0,0
planner_daily_h14_k48,82,dual,45,102.0,True,566871.0078835713,0.3020348007023781,0.9157036312940634,0,0,56,9,0,55,0,0
planner_daily_h14_k48,83,compound,45,31.0,True,1459056.1561089815,0.4788809809648546,0.9415002182166894,26,3,19,0,26,75,0,0
planner_daily_h14_k48,84,single,45,103.0,True,512524.601405574,0.2226574427462142,0.9507470349127743,0,0,48,4,0,68,0,0
planner_daily_h14_k48,85,dual,45,97.0,True,883118.3692529332,0.38868493769881846,0.8792670195870214,7,0,41,10,7,62,0,0
planner_daily_h14_k48,86,compound,45,31.0,True,1545287.411648125,0.41041904152430003,0.9572172380148319,22,0,22,0,22,76,0,0
planner_daily_h14_k48,87,single,45,0.0,True,341397.7589490199,0.0,1.0,0,0,120,0,0,0,0,0
planner_daily_h14_k48,88,dual,45,0.0,True,347939.8545265737,0.0,1.0,0,0,27,0,0,93,0,0
planner_daily_h14_k48,89,compound,45,0.0,True,1447527.4813422475,0.0,1.0,23,1,20,0,23,77,0,0
planner_daily_h14_k48,90,single,45,0.0,True,348905.1219217885,0.0,1.0,0,0,10,0,0,110,0,0
planner_daily_h14_k48,91,dual,45,110.0,False,1357217.2316866694,0.4839580218015856,0.8054742629191574,12,0,40,9,12,59,0,0
planner_daily_h14_k48,92,compound,45,109.0,True,1094939.3710753687,0.3786798883618884,0.8706750059397954,11,0,38,9,11,62,0,0
planner_daily_h14_k48,93,single,45,0.0,True,428256.2593271037,0.0,1.0,0,0,10,0,0,110,0,0
planner_daily_h14_k48,94,dual,45,0.0,True,422782.0877753972,0.0,1.0,0,0,42,1,0,77,0,0
planner_daily_h14_k48,95,compound,45,0.0,True,1189117.7494455797,0.0,1.0,17,0,26,0,17,77,0,0
planner_daily_h14_k48,96,single,45,0.0,True,374697.0088336398,0.0,1.0,0,0,10,0,0,110,0,0
planner_daily_h14_k48,97,dual,45,0.0,True,396631.7465663399,0.0,1.0,0,0,29,0,0,91,0,0
planner_daily_h14_k48,98,compound,45,0.0,True,1522554.7252246812,0.0,1.0,22,0,23,0,22,75,0,0
planner_daily_h14_k48,99,single,45,0.0,True,375528.7140390187,0.0,1.0,0,0,10,0,0,110,0,0
planner_daily_h14_k48,100,dual,45,104.0,True,457520.4210346877,0.10777833301270479,0.986896675936716,1,0,21,9,1,89,0,0
planner_daily_h14_k48,101,compound,45,31.0,True,1615873.9421736596,0.3868874323320345,0.9581543559586635,27,4,19,0,27,74,0,0
planner_daily_h14_k48,102,single,45,0.0,True,326763.64960782655,0.0,1.0,0,0,120,0,0,0,0,0
planner_daily_h14_k48,103,dual,45,0.0,True,320684.8244401521,0.0,1.0,0,0,120,0,0,0,0,0
planner_daily_h14_k48,104,compound,45,99.0,True,411960.3545938302,0.14901489188808834,0.9782835869557805,0,0,37,6,0,77,0,0
planner_daily_h14_k48,105,single,45,0.0,True,372041.9091710677,0.0,1.0,0,0,11,0,0,109,0,0
planner_daily_h14_k48,106,dual,45,110.0,False,922943.4959470758,0.09610759331869669,0.9901601370767193,14,0,17,0,14,89,0,0
planner_daily_h14_k48,107,compound,45,103.0,True,501182.9103576484,0.1787953418090972,0.966185396030779,3,0,50,0,3,67,0,0
planner_daily_h14_k48,108,single,45,0.0,True,331626.0126184661,0.0,1.0,0,0,119,1,0,0,0,0
planner_daily_h14_k48,109,dual,45,99.0,True,505066.4992178605,0.23073986167208882,0.9539390386274588,0,0,27,10,0,83,0,0
planner_daily_h14_k48,110,compound,45,36.0,True,1703372.5976767798,0.39929179871319626,0.9529989918703192,21,0,26,0,21,73,0,0
planner_daily_h14_k48,111,single,45,0.0,True,382011.2393014327,0.0,1.0,0,0,10,0,0,110,0,0
planner_daily_h14_k48,112,dual,45,0.0,True,398136.3653777426,0.0,1.0,0,0,40,2,0,78,0,0
planner_daily_h14_k48,113,compound,45,0.0,True,355284.23844948644,0.0,1.0,0,0,44,0,0,76,0,0
planner_daily_h14_k48,114,single,45,75.0,True,452629.71322658076,0.1812560430217693,0.9760476363676798,0,0,29,4,0,87,0,0
planner_daily_h14_k48,115,dual,45,76.0,True,578943.6365609206,0.35643794739403256,0.9166046430520693,1,0,55,9,1,55,0,0
planner_daily_h14_k48,116,compound,45,35.0,True,1334430.6021944839,0.31028696270002604,0.970236856344248,22,0,98,0,22,0,0,0
planner_daily_h14_k48,117,single,45,0.0,True,367350.6092773071,0.0,1.0,0,0,120,0,0,0,0,0
planner_daily_h14_k48,118,dual,45,29.0,True,1513172.6038961902,0.30524973505707415,0.9713047398252576,22,0,16,0,22,82,0,0
planner_daily_h14_k48,119,compound,45,33.0,True,1540400.0991610293,0.4127868134282776,0.950651537033143,28,5,18,0,28,74,0,0
planner_daily_h14_k48,120,single,45,0.0,True,378568.016478957,0.0,1.0,0,0,10,0,0,110,0,0
planner_daily_h14_k48,121,dual,45,0.0,True,405079.5994557766,0.0,1.0,0,0,32,9,0,79,0,0
planner_daily_h14_k48,122,compound,45,110.0,False,995328.4483729836,0.29683398439962116,0.91143215872452,9,0,46,9,9,56,0,0
planner_daily_h14_k48,123,single,45,0.0,True,406915.85437698715,0.0,1.0,0,0,10,0,0,110,0,0
planner_daily_h14_k48,124,dual,45,83.0,True,971474.1229828581,0.4554045710758044,0.8669302021806964,9,0,28,10,9,73,0,0
planner_daily_h14_k48,125,compound,45,0.0,True,1423632.4917682083,0.0,1.0,19,0,26,0,19,75,0,0
planner_daily_h14_k48,126,single,45,0.0,True,350580.4776965405,0.0,1.0,0,0,120,0,0,0,0,0
planner_daily_h14_k48,127,dual,45,0.0,True,382058.7716343484,0.0,1.0,0,0,27,0,0,93,0,0
planner_daily_h14_k48,128,compound,45,0.0,True,427960.5857085388,0.0,1.0,0,0,30,7,0,83,0,0
planner_daily_h14_k48,129,single,45,108.0,True,504077.6530426073,0.2403428322791696,0.9372568745498946,0,0,35,2,0,83,0,0
planner_daily_h14_k48,130,dual,45,100.0,True,951877.0998599131,0.38707588874441046,0.880225529754395,11,0,34,0,11,75,0,0
planner_daily_h14_k48,131,compound,45,0.0,True,1309332.0672488145,0.0,1.0,18,0,25,0,18,77,0,0
planner_daily_h14_k48,132,single,45,0.0,True,381291.1923697371,0.0,1.0,0,0,10,0,0,110,0,0
planner_daily_h14_k48,133,dual,45,0.0,True,1112843.364013409,0.0,1.0,18,0,14,0,18,88,0,0
planner_daily_h14_k48,134,compound,45,0.0,True,1297172.754476018,0.0,1.0,24,2,94,2,24,0,0,0
planner_daily_h14_k48,135,single,45,0.0,True,406868.0165224978,0.0,1.0,0,0,10,0,0,110,0,0
planner_daily_h14_k48,136,dual,45,109.0,True,600749.7319936393,0.2601947304443122,0.9269337356610557,0,0,57,10,0,53,0,0
planner_daily_h14_k48,137,compound,45,0.0,True,454828.9351853507,0.0,1.0,2,0,38,0,2,80,0,0
planner_daily_h14_k48,138,single,45,0.0,True,333015.80819978885,0.0,1.0,0,0,120,0,0,0,0,0
planner_daily_h14_k48,139,dual,45,102.0,True,891882.4933509586,0.2732141676926554,0.9335487812792037,11,0,26,9,11,74,0,0
planner_daily_h14_k48,140,compound,45,0.0,True,1396980.709619337,0.0,1.0,25,3,21,3,25,71,0,0
planner_daily_h14_k48,141,single,45,0.0,True,387369.4540731728,0.0,1.0,0,0,10,0,0,110,0,0
planner_daily_h14_k48,142,dual,45,0.0,True,378500.7191909562,0.0,1.0,0,0,22,0,0,98,0,0
planner_daily_h14_k48,143,compound,45,31.0,True,1686870.5773826053,0.45480169258938363,0.9488828249627168,26,3,20,1,26,73,0,0
planner_daily_h14_k48,144,single,45,0.0,True,402888.83872634644,0.0,1.0,0,0,11,0,0,109,0,0
planner_daily_h14_k48,145,dual,45,105.0,True,690636.2602966599,0.2765649129906116,0.9286066443435477,4,0,34,10,4,72,0,0
planner_daily_h14_k48,146,compound,45,33.0,True,1609820.1534795023,0.18842517765987704,0.9875915637580043,22,1,25,0,22,73,0,0
planner_daily_h14_k48,147,single,45,0.0,True,397336.65215037303,0.0,1.0,0,0,16,1,0,103,0,0
planner_daily_h14_k48,148,dual,45,96.0,True,1010388.9783644088,0.37987427255943534,0.8879378301392011,10,0,31,10,10,69,0,0
planner_daily_h14_k48,149,compound,45,0.0,True,361621.63181076664,0.0,1.0,0,0,37,0,0,83,0,0
planner_daily_h14_k48,150,single,45,110.0,False,478535.8122650048,0.30883708203315685,0.9049456494590674,0,0,48,7,0,65,0,0
planner_daily_h14_k48,151,dual,45,105.0,True,1192312.6184352953,0.5324098824227809,0.7858478708616706,12,0,39,9,12,60,0,0
planner_daily_h14_k48,152,compound,45,29.0,True,1408864.8279451013,0.4596775160433915,0.9473670684660622,29,7,90,1,29,0,0,0
planner_daily_h14_k48,153,single,45,0.0,True,331811.86494220654,0.0,1.0,0,0,120,0,0,0,0,0
planner_daily_h14_k48,154,dual,45,0.0,True,391838.6133383638,0.0,1.0,0,0,14,2,0,104,0,0
planner_daily_h14_k48,155,compound,45,28.0,True,1564685.9092220312,0.5504889329047871,0.9367564881877232,28,5,17,0,28,75,0,0
planner_daily_h14_k48,156,single,45,44.0,True,437230.85152565496,0.24408481572168836,0.9755518710057577,0,0,24,0,0,96,0,0
planner_daily_h14_k48,157,dual,45,0.0,True,383012.3978215455,0.0,1.0,0,0,24,0,0,96,0,0
planner_daily_h14_k48,158,compound,45,0.0,True,1451663.850709789,0.0,1.0,18,0,25,0,18,77,0,0
planner_daily_h14_k48,159,single,45,0.0,True,419230.0039360908,0.0,1.0,0,0,10,0,0,110,0,0
planner_daily_h14_k48,160,dual,45,0.0,True,378443.6499860896,0.0,1.0,0,0,42,1,0,77,0,0
planner_daily_h14_k48,161,compound,45,29.0,True,1758625.8734240602,0.40014993951465927,0.9631655426381527,23,1,21,1,23,75,0,0
planner_daily_h14_k48,162,single,45,0.0,True,357405.4124515174,0.0,1.0,0,0,10,0,0,110,0,0
planner_daily_h14_k48,163,dual,45,104.0,True,434786.751360206,0.14444572909436665,0.9785901639451494,0,0,23,1,0,96,0,0
planner_daily_h14_k48,164,compound,45,30.0,True,1450787.1804264511,0.07592832874182404,0.9962081353484965,23,2,25,0,23,72,0,0
planner_daily_h14_k48,165,single,45,106.0,True,626124.8469024106,0.35054648079437806,0.8812681335512371,0,0,62,5,0,53,0,0
planner_daily_h14_k48,166,dual,45,110.0,False,1033031.7602710505,0.47087652455070766,0.8128651802763948,8,0,40,10,8,62,0,0
planner_daily_h14_k48,167,compound,45,0.0,True,1455751.2577878612,0.0,1.0,27,5,20,0,27,73,0,0
planner_daily_h14_k48,168,single,45,0.0,True,367941.4889447143,0.0,1.0,0,0,10,0,0,110,0,0
planner_daily_h14_k48,169,dual,45,0.0,True,404209.6905464444,0.0,1.0,0,0,10,0,0,110,0,0
planner_daily_h14_k48,170,compound,45,33.0,True,1659744.3507491944,0.4440429051748309,0.9463938971930326,24,1,21,0,24,75,0,0
planner_daily_h14_k48,171,single,45,110.0,False,389669.5650049345,0.1593312637877829,0.9711538515173486,0,0,32,0,0,88,0,0
planner_daily_h14_k48,172,dual,45,105.0,True,864524.9722362795,0.26834112238160396,0.9322115038785151,9,0,32,0,9,79,0,0
planner_daily_h14_k48,173,compound,45,31.0,True,1645335.2402799928,0.19143683419119112,0.9880705866419152,23,1,24,0,23,73,0,0
planner_daily_h14_k48,174,single,45,0.0,True,381036.9605317182,0.0,1.0,0,0,10,0,0,110,0,0
planner_daily_h14_k48,175,dual,45,0.0,True,308134.68800185487,0.0,1.0,0,0,27,0,0,93,0,0
planner_daily_h14_k48,176,compound,45,0.0,True,1287934.6861715124,0.0,1.0,22,1,98,0,22,0,0,0
planner_daily_h14_k48,177,single,45,0.0,True,397114.6114932156,0.0,1.0,0,0,10,0,0,110,0,0
planner_daily_h14_k48,178,dual,45,110.0,False,505821.52025806915,0.24915556354949636,0.9347397395140536,0,0,58,8,0,54,0,0
planner_daily_h14_k48,179,compound,45,30.0,True,1432338.5575574832,0.19700611932667805,0.9877251564006888,25,2,19,0,25,76,0,0
planner_daily_h14_k48,180,single,45,0.0,True,349709.7064261981,0.0,1.0,0,0,10,0,0,110,0,0
planner_daily_h14_k48,181,dual,45,0.0,True,385545.3401775331,0.0,1.0,0,0,34,0,0,86,0,0
planner_daily_h14_k48,182,compound,45,34.0,True,1360943.955377847,0.1461418247722675,0.9902486451811818,23,2,26,0,23,71,0,0
planner_daily_h14_k48,183,single,45,85.0,True,471865.36625052604,0.3414317028492682,0.9134564444021366,0,0,45,4,0,71,0,0
planner_daily_h14_k48,184,dual,45,0.0,True,1437576.514132503,0.0,1.0,21,0,21,0,21,78,0,0
planner_daily_h14_k48,185,compound,45,33.0,True,1530614.646895982,0.2864327955203397,0.9726819756871911,24,3,24,0,24,72,0,0
planner_daily_h14_k48,186,single,45,0.0,True,358760.1909716968,0.0,1.0,0,0,10,0,0,110,0,0
planner_daily_h14_k48,187,dual,45,103.0,True,818672.2185866841,0.31306148037925297,0.9135885863597271,10,0,28,10,10,72,0,0
planner_daily_h14_k48,188,compound,45,27.0,True,1518457.375400615,0.20809704963663467,0.9877243489592582,28,6,19,0,28,73,0,0
planner_daily_h14_k48,189,single,45,0.0,True,465776.9701449164,0.0,1.0,0,0,23,3,0,94,0,0
planner_daily_h14_k48,190,dual,45,102.0,True,985394.0199914845,0.42530953335233673,0.8510362274842002,9,0,41,10,9,60,0,0
planner_daily_h14_k48,191,compound,45,32.0,True,1584995.762858192,0.26354015323347635,0.9792539268369979,22,1,28,0,22,70,0,0
planner_daily_h14_k48,192,single,45,0.0,True,330515.0129895087,0.0,1.0,0,0,120,0,0,0,0,0
planner_daily_h14_k48,193,dual,45,0.0,True,441358.4435946199,0.0,1.0,0,0,30,0,0,90,0,0
planner_daily_h14_k48,194,compound,45,29.0,True,1588263.409841464,0.28717696670526155,0.9776345708203453,25,2,19,0,25,76,0,0
planner_daily_h14_k48,195,single,45,106.0,True,502075.23473181826,0.2815288565656995,0.9170263127426275,0,0,59,0,0,61,0,0
planner_daily_h14_k48,196,dual,45,110.0,False,469536.1333787914,0.31505406839353534,0.9073415093104517,0,0,47,10,0,63,0,0
planner_daily_h14_k48,197,compound,45,0.0,True,1236233.5654755046,0.0,1.0,20,0,25,0,20,75,0,0
planner_daily_h14_k48,198,single,45,0.0,True,330999.16107774543,0.0,1.0,0,0,120,0,0,0,0,0
planner_daily_h14_k48,199,dual,45,108.0,True,1169314.3389308772,0.43634785004881693,0.8343881341292683,12,0,36,10,12,62,0,0
planner_daily_h14_k48,0,single,46,0.0,True,332563.0591712982,0.0,1.0,0,0,120,0,0,0,0,0
planner_daily_h14_k48,1,dual,46,95.0,True,976609.0417040588,0.23413173055768904,0.9548362323748958,10,0,32,1,10,77,0,0
planner_daily_h14_k48,2,compound,46,0.0,True,1241743.378155067,0.0,1.0,25,2,95,0,25,0,0,0
planner_daily_h14_k48,3,single,46,0.0,True,345729.9334943593,0.0,1.0,0,0,120,0,0,0,0,0
planner_daily_h14_k48,4,dual,46,110.0,False,1021252.9298064739,0.4027612340812415,0.8582283165333627,12,0,35,0,12,73,0,0
planner_daily_h14_k48,5,compound,46,30.0,True,1485522.8852250902,0.5829393137744607,0.9260876085501559,27,4,18,0,27,75,0,0
planner_daily_h14_k48,6,single,46,0.0,True,390295.1960526101,0.0,1.0,0,0,10,0,0,110,0,0
planner_daily_h14_k48,7,dual,46,108.0,True,796039.5813682969,0.4248496136662233,0.8343280769028235,3,0,70,9,3,38,0,0
planner_daily_h14_k48,8,compound,46,110.0,False,1134258.7849770025,0.33706848975084636,0.8939518551452551,15,0,34,9,15,62,0,0
planner_daily_h14_k48,9,single,46,44.0,True,400045.97739886073,0.20694040611744308,0.9827419826642537,0,0,24,3,0,93,0,0
planner_daily_h14_k48,10,dual,46,110.0,False,997222.6659999617,0.5373384989045414,0.7699054330991645,8,0,54,10,8,48,0,0
planner_daily_h14_k48,11,compound,46,0.0,True,970917.83366467,0.0,1.0,12,0,31,0,12,77,0,0
planner_daily_h14_k48,12,single,46,0.0,True,386806.7763738877,0.0,1.0,0,0,10,0,0,110,0,0
planner_daily_h14_k48,13,dual,46,97.0,True,504686.79001758224,0.21435619683062343,0.9571736420659273,0,0,52,9,0,59,0,0
planner_daily_h14_k48,14,compound,46,0.0,True,1538933.288055496,0.0,1.0,25,2,19,0,25,76,0,0
planner_daily_h14_k48,15,single,46,0.0,True,331926.0948761814,0.0,1.0,0,0,120,0,0,0,0,0
planner_daily_h14_k48,16,dual,46,0.0,True,388472.9067080088,0.0,1.0,0,0,29,0,0,91,0,0
planner_daily_h14_k48,17,compound,46,34.0,True,1573062.9146399798,0.5170257346055397,0.931023256248212,24,1,20,0,24,76,0,0
planner_daily_h14_k48,18,single,46,0.0,True,353253.97989165876,0.0,1.0,0,0,10,0,0,110,0,0
planner_daily_h14_k48,19,dual,46,83.0,True,531284.2741534843,0.3011890547526251,0.9262998484141031,0,0,52,9,0,59,0,0
planner_daily_h14_k48,20,compound,46,30.0,True,1390903.9612435887,0.5254225496652389,0.9376435121613688,32,10,88,0,32,0,0,0
planner_daily_h14_k48,21,single,46,76.0,True,530088.0905281035,0.334241651234174,0.9252480693449786,0,0,32,6,0,82,0,0
planner_daily_h14_k48,22,dual,46,0.0,True,372216.81532826065,0.0,1.0,0,0,13,0,0,107,0,0
planner_daily_h14_k48,23,compound,46,30.0,True,1469696.8163724013,0.2741136645613234,0.9789679342526975,27,4,21,0,27,72,0,0
planner_daily_h14_k48,24,single,46,0.0,True,335530.25950484816,0.0,1.0,0,0,120,0,0,0,0,0
planner_daily_h14_k48,25,dual,46,0.0,True,371542.871320977,0.0,1.0,0,0,26,0,0,94,0,0
planner_daily_h14_k48,26,compound,46,0.0,True,531234.7355493592,0.0,1.0,2,0,33,7,2,78,0,0
planner_daily_h14_k48,27,single,46,0.0,True,352769.9531272985,0.0,1.0,0,0,120,0,0,0,0,0
planner_daily_h14_k48,28,dual,46,0.0,True,362660.38585539814,0.0,1.0,0,0,30,0,0,90,0,0
planner_daily_h14_k48,29,compound,46,41.0,True,1383528.8499758297,0.04424325707414012,0.9974107096738299,24,2,95,1,24,0,0,0
planner_daily_h14_k48,30,single,46,0.0,True,416251.0655866762,0.0,1.0,0,0,10,0,0,110,0,0
planner_daily_h14_k48,31,dual,46,0.0,True,352071.15179774235,0.0,1.0,0,0,38,0,0,82,0,0
planner_daily_h14_k48,32,compound,46,81.0,True,619815.6487587971,0.2356262181417444,0.9571509700632483,7,0,46,0,7,67,0,0
planner_daily_h14_k48,33,single,46,0.0,True,319467.05495977995,0.0,1.0,0,0,120,0,0,0,0,0
planner_daily_h14_k48,34,dual,46,0.0,True,354798.0892838199,0.0,1.0,0,0,31,0,0,89,0,0
planner_daily_h14_k48,35,compound,46,30.0,True,1252498.4966139428,0.4552260870040158,0.9478662484741064,29,6,91,0,29,0,0,0
planner_daily_h14_k48,36,single,46,0.0,True,400796.3834607285,0.0,1.0,0,0,10,0,0,110,0,0
planner_daily_h14_k48,37,dual,46,0.0,True,340435.07603795204,0.0,1.0,0,0,120,0,0,0,0,0
planner_daily_h14_k48,38,compound,46,29.0,True,1414206.6835395047,0.44639179265863477,0.9503057848290121,29,6,91,0,29,0,0,0
planner_daily_h14_k48,39,single,46,0.0,True,383274.6392632002,0.0,1.0,0,0,18,0,0,102,0,0
planner_daily_h14_k48,40,dual,46,0.0,True,379597.17207487795,0.0,1.0,0,0,11,0,0,109,0,0
planner_daily_h14_k48,41,compound,46,34.0,True,1482509.6080458318,0.3933237793887669,0.9568506797798114,21,0,23,0,21,76,0,0
planner_daily_h14_k48,42,single,46,0.0,True,342818.814151824,0.0,1.0,0,0,120,0,0,0,0,0
planner_daily_h14_k48,43,dual,46,110.0,False,1049383.0398839018,0.3507364581894239,0.8888804848908313,13,0,31,0,13,76,0,0
planner_daily_h14_k48,44,compound,46,33.0,True,1627700.2265196189,0.46196675755315747,0.9421506622892674,29,6,18,0,29,73,0,0
planner_daily_h14_k48,45,single,46,0.0,True,327254.19400583865,0.0,1.0,0,0,120,0,0,0,0,0
planner_daily_h14_k48,46,dual,46,102.0,True,1050831.1151881067,0.41375842733255325,0.8640571772741357,12,0,49,0,12,59,0,0
planner_daily_h14_k48,47,compound,46,34.0,True,1669494.5464999464,0.3676778538200351,0.961603455772337,23,1,23,0,23,74,0,0
planner_daily_h14_k48,48,single,46,0.0,True,349787.8382147088,0.0,1.0,0,0,10,0,0,110,0,0
planner_daily_h14_k48,49,dual,46,43.0,True,425039.6292243541,0.18519667604442122,0.9849675907464135,0,0,50,8,0,62,0,0
planner_daily_h14_k48,50,compound,46,33.0,True,1707831.307301624,0.5203718257757144,0.9325601099181224,26,4,21,0,26,73,0,0
planner_daily_h14_k48,51,single,46,0.0,True,372110.89186583954,0.0,1.0,0,0,11,0,0,109,0,0
planner_daily_h14_k48,52,dual,46,0.0,True,334289.60772994236,0.0,1.0,0,0,24,0,0,96,0,0
planner_daily_h14_k48,53,compound,46,31.0,True,1378160.4049590263,0.0627928624402641,0.9968057560595257,24,1,20,0,24,76,0,0
planner_daily_h14_k48,54,single,46,0.0,True,372758.61364649725,0.0,1.0,0,0,120,0,0,0,0,0
planner_daily_h14_k48,55,dual,46,0.0,True,365110.53048399807,0.0,1.0,0,0,17,0,0,103,0,0
planner_daily_h14_k48,56,compound,46,32.0,True,1702122.932275064,0.39581459901909344,0.9574946305348393,25,3,21,0,25,74,0,0
planner_daily_h14_k48,57,single,46,0.0,True,416874.4598865072,0.0,1.0,0,0,10,0,0,110,0,0
planner_daily_h14_k48,58,dual,46,0.0,True,363453.5206654419,0.0,1.0,0,0,23,0,0,97,0,0
planner_daily_h14_k48,59,compound,46,0.0,True,580248.3885463043,0.0,1.0,3,0,31,7,3,79,0,0
planner_daily_h14_k48,60,single,46,109.0,True,587596.1878213778,0.3606120295345847,0.8755356637047944,0,0,54,6,0,60,0,0
planner_daily_h14_k48,61,dual,46,0.0,True,399121.0101084924,0.0,1.0,0,0,24,4,0,92,0,0
planner_daily_h14_k48,62,compound,46,34.0,True,901090.9902274061,0.25411931351360195,0.9785576267955204,17,0,95,8,17,0,0,0
planner_daily_h14_k48,63,single,46,0.0,True,381999.41341169557,0.0,1.0,0,0,10,0,0,110,0,0
planner_daily_h14_k48,64,dual,46,24.0,True,1363363.2016393961,0.3347420408472943,0.9759214194685607,21,0,15,0,21,84,0,0
planner_daily_h14_k48,65,compound,46,0.0,True,1157143.488398109,0.0,1.0,15,0,27,0,15,78,0,0
planner_daily_h14_k48,66,single,46,0.0,True,360807.7614433371,0.0,1.0,0,0,10,0,0,110,0,0
planner_daily_h14_k48,67,dual,46,110.0,False,1095833.9332869644,0.3294958721856272,0.8976182380043308,14,0,27,0,14,79,0,0
planner_daily_h14_k48,68,compound,46,28.0,True,1601123.9918734243,0.34846939609002026,0.9683456068928008,27,4,18,0,27,75,0,0
planner_daily_h14_k48,69,single,46,0.0,True,383029.0738676682,0.0,1.0,0,0,10,0,0,110,0,0
planner_daily_h14_k48,70,dual,46,0.0,True,307214.15777025616,0.0,1.0,0,0,120,0,0,0,0,0
planner_daily_h14_k48,71,compound,46,97.0,True,1072167.728558562,0.4277392983391438,0.8631920615800662,9,0,44,9,9,58,0,0
planner_daily_h14_k48,72,single,46,0.0,True,389423.29619734146,0.0,1.0,0,0,120,0,0,0,0,0
planner_daily_h14_k48,73,dual,46,0.0,True,377521.0552680405,0.0,1.0,0,0,33,0,0,87,0,0
planner_daily_h14_k48,74,compound,46,0.0,True,1262908.4899212674,0.0,1.0,18,0,25,0,18,77,0,0
planner_daily_h14_k48,75,single,46,0.0,True,354033.02876500797,0.0,1.0,0,0,120,0,0,0,0,0
planner_daily_h14_k48,76,dual,46,110.0,False,900934.7326987986,0.36282618245779713,0.8797363640370179,7,0,39,10,7,64,0,0
planner_daily_h14_k48,77,compound,46,110.0,False,934184.5434792668,0.13608752610665456,0.9817111160545091,13,0,32,0,13,75,0,0
planner_daily_h14_k48,78,single,46,0.0,True,366959.20389469207,0.0,1.0,0,0,120,0,0,0,0,0
planner_daily_h14_k48,79,dual,46,108.0,True,354444.72098945954,0.05386779116904262,0.9949135756742573,0,0,29,0,0,91,0,0
planner_daily_h14_k48,80,compound,46,34.0,True,1540468.084802182,0.17537062168087356,0.9877274720134238,23,1,25,0,23,72,0,0
planner_daily_h14_k48,81,single,46,0.0,True,415331.51511821034,0.0,1.0,0,0,10,0,0,110,0,0
planner_daily_h14_k48,82,dual,46,0.0,True,1570533.831881552,0.0,1.0,21,0,24,0,21,75,0,0
planner_daily_h14_k48,83,compound,46,31.0,True,1459056.1561089815,0.4788809809648546,0.9415002182166894,26,3,19,0,26,75,0,0
planner_daily_h14_k48,84,single,46,103.0,True,512524.601405574,0.2226574427462142,0.9507470349127743,0,0,47,5,0,68,0,0
planner_daily_h14_k48,85,dual,46,97.0,True,999827.6442768357,0.4719905998140559,0.8351566315009192,9,0,38,10,9,63,0,0
planner_daily_h14_k48,86,compound,46,31.0,True,1545287.411648125,0.41041904152430003,0.9572172380148319,22,0,22,0,22,76,0,0
planner_daily_h14_k48,87,single,46,0.0,True,341397.7589490199,0.0,1.0,0,0,120,0,0,0,0,0
planner_daily_h14_k48,88,dual,46,0.0,True,347939.8545265737,0.0,1.0,0,0,27,0,0,93,0,0
planner_daily_h14_k48,89,compound,46,0.0,True,1451671.3619711227,0.0,0.9995273683179844,22,0,21,0,22,77,0,0
planner_daily_h14_k48,90,single,46,0.0,True,348905.1219217885,0.0,1.0,0,0,10,0,0,110,0,0
planner_daily_h14_k48,91,dual,46,110.0,False,1393610.8183218606,0.42049644470923614,0.8457910813207258,14,0,28,10,14,68,0,0
planner_daily_h14_k48,92,compound,46,109.0,True,1094939.3710753687,0.3786798883618884,0.8706750059397954,11,0,39,9,11,61,0,0
planner_daily_h14_k48,93,single,46,0.0,True,428256.2593271037,0.0,1.0,0,0,10,0,0,110,0,0
planner_daily_h14_k48,94,dual,46,0.0,True,385453.3834078247,0.0,1.0,0,0,42,0,0,78,0,0
planner_daily_h14_k48,95,compound,46,0.0,True,1189117.7494455797,0.0,1.0,17,0,26,0,17,77,0,0
planner_daily_h14_k48,96,single,46,0.0,True,374697.0088336398,0.0,1.0,0,0,10,0,0,110,0,0
planner_daily_h14_k48,97,dual,46,0.0,True,396631.7465663399,0.0,1.0,0,0,30,0,0,90,0,0
planner_daily_h14_k48,98,compound,46,0.0,True,1522554.7252246812,0.0,1.0,22,0,23,0,22,75,0,0
planner_daily_h14_k48,99,single,46,0.0,True,375528.7140390187,0.0,1.0,0,0,10,0,0,110,0,0
planner_daily_h14_k48,100,dual,46,105.0,True,542560.3325730221,0.12595053046231905,0.9836368805136131,2,0,20,8,2,90,0,0
planner_daily_h14_k48,101,compound,46,31.0,True,1611295.5163440201,0.3868874323320345,0.9568040710482304,28,5,18,0,28,74,0,0
planner_daily_h14_k48,102,single,46,0.0,True,326763.64960782655,0.0,1.0,0,0,120,0,0,0,0,0
planner_daily_h14_k48,103,dual,46,0.0,True,320684.8244401521,0.0,1.0,0,0,120,0,0,0,0,0
planner_daily_h14_k48,104,compound,46,0.0,True,775904.3529964116,0.0,1.0,13,0,107,0,13,0,0,0
planner_daily_h14_k48,105,single,46,0.0,True,372041.9091710677,0.0,1.0,0,0,11,0,0,109,0,0
planner_daily_h14_k48,106,dual,46,0.0,True,976474.6775963877,0.0,1.0,15,0,15,0,15,90,0,0
planner_daily_h14_k48,107,compound,46,76.0,True,512992.25858006376,0.15202973558369418,0.9832105594632501,4,0,44,0,4,72,0,0
planner_daily_h14_k48,108,single,46,0.0,True,331626.0126184661,0.0,1.0,0,0,119,1,0,0,0,0
planner_daily_h14_k48,109,dual,46,0.0,True,486036.40826198907,0.0,1.0,0,0,16,10,0,94,0,0
planner_daily_h14_k48,110,compound,46,36.0,True,1695287.8503973228,0.39929179871319626,0.9529989918703192,21,0,25,0,21,74,0,0
planner_daily_h14_k48,111,single,46,0.0,True,382011.2393014327,0.0,1.0,0,0,10,0,0,110,0,0
planner_daily_h14_k48,112,dual,46,0.0,True,398136.3653777426,0.0,1.0,0,0,40,2,0,78,0,0
planner_daily_h14_k48,113,compound,46,0.0,True,1016372.4949074978,0.0,1.0,15,0,28,0,15,77,0,0
planner_daily_h14_k48,114,single,46,38.0,True,464449.0236121936,0.17535988686364873,0.9875668446479214,0,0,24,3,0,93,0,0
planner_daily_h14_k48,115,dual,46,0.0,True,1412163.3297284842,0.0,0.9999489214410419,20,0,25,0,20,75,0,0
planner_daily_h14_k48,116,compound,46,35.0,True,1334430.6021944839,0.31028696270002604,0.970236856344248,22,0,98,0,22,0,0,0
planner_daily_h14_k48,117,single,46,0.0,True,367350.6092773071,0.0,1.0,0,0,120,0,0,0,0,0
planner_daily_h14_k48,118,dual,46,29.0,True,1513172.6038961902,0.30524973505707415,0.9713047398252576,22,0,16,0,22,82,0,0
planner_daily_h14_k48,119,compound,46,33.0,True,1540400.0991610293,0.4127868134282776,0.950651537033143,28,5,18,0,28,74,0,0
planner_daily_h14_k48,120,single,46,0.0,True,378568.016478957,0.0,1.0,0,0,10,0,0,110,0,0
planner_daily_h14_k48,121,dual,46,0.0,True,598185.8292401675,0.0,1.0,5,0,27,2,5,86,0,0
planner_daily_h14_k48,122,compound,46,35.0,True,1529963.9108603594,0.10518193000251154,0.9932707277465938,21,0,27,0,21,72,0,0
planner_daily_h14_k48,123,single,46,0.0,True,406915.85437698715,0.0,1.0,0,0,10,0,0,110,0,0
planner_daily_h14_k48,124,dual,46,110.0,False,971090.1673800339,0.4438558090170051,0.8312906128012615,9,0,37,9,9,65,0,0
planner_daily_h14_k48,125,compound,46,0.0,True,1423632.4917682083,0.0,1.0,19,0,26,0,19,75,0,0
planner_daily_h14_k48,126,single,46,0.0,True,350580.4776965405,0.0,1.0,0,0,120,0,0,0,0,0
planner_daily_h14_k48,127,dual,46,0.0,True,383638.9547223692,0.0,1.0,0,0,28,0,0,92,0,0
planner_daily_h14_k48,128,compound,46,99.0,True,422021.80847156857,0.039065190536278674,0.9964623978692233,0,0,40,5,0,75,0,0
planner_daily_h14_k48,129,single,46,108.0,True,504077.6530426073,0.2403428322791696,0.9372568745498946,0,0,36,1,0,83,0,0
planner_daily_h14_k48,130,dual,46,100.0,True,951877.0998599131,0.38707588874441046,0.880225529754395,11,0,35,0,11,74,0,0
planner_daily_h14_k48,131,compound,46,0.0,True,1309332.0672488145,0.0,1.0,18,0,25,0,18,77,0,0
planner_daily_h14_k48,132,single,46,0.0,True,381291.1923697371,0.0,1.0,0,0,10,0,0,110,0,0
planner_daily_h14_k48,133,dual,46,0.0,True,1112843.364013409,0.0,1.0,18,0,16,0,18,86,0,0
planner_daily_h14_k48,134,compound,46,0.0,True,1324368.1778788466,0.0,1.0,24,2,94,2,24,0,0,0
planner_daily_h14_k48,135,single,46,0.0,True,406868.0165224978,0.0,1.0,0,0,10,0,0,110,0,0
planner_daily_h14_k48,136,dual,46,33.0,True,1511315.2428377785,0.24401027070392858,0.9825050599004758,18,0,24,0,18,78,0,0
planner_daily_h14_k48,137,compound,46,0.0,True,454828.9351853507,0.0,1.0,2,0,38,0,2,80,0,0
planner_daily_h14_k48,138,single,46,0.0,True,333015.80819978885,0.0,1.0,0,0,120,0,0,0,0,0
planner_daily_h14_k48,139,dual,46,110.0,False,857961.9833024871,0.35670981152159015,0.8810244781393942,10,0,37,10,10,63,0,0
planner_daily_h14_k48,140,compound,46,0.0,True,1372922.679338187,0.0,1.0,25,3,21,2,25,72,0,0
planner_daily_h14_k48,141,single,46,0.0,True,387369.4540731728,0.0,1.0,0,0,10,0,0,110,0,0
planner_daily_h14_k48,142,dual,46,0.0,True,378500.7191909562,0.0,1.0,0,0,23,0,0,97,0,0
planner_daily_h14_k48,143,compound,46,33.0,True,1623582.4685890165,0.42861182084045124,0.9497900153802089,27,4,19,0,27,74,0,0
planner_daily_h14_k48,144,single,46,0.0,True,402888.83872634644,0.0,1.0,0,0,11,0,0,109,0,0
planner_daily_h14_k48,145,dual,46,93.0,True,826541.7093919666,0.2742727273724005,0.9364244479872423,7,0,30,5,7,78,0,0
planner_daily_h14_k48,146,compound,46,33.0,True,1609820.1534795023,0.18842517765987704,0.9875915637580043,22,1,25,0,22,73,0,0
planner_daily_h14_k48,147,single,46,0.0,True,397336.65215037303,0.0,1.0,0,0,16,1,0,103,0,0
planner_daily_h14_k48,148,dual,46,96.0,True,1010388.9783644088,0.37987427255943534,0.8879378301392011,10,0,30,10,10,70,0,0
planner_daily_h14_k48,149,compound,46,0.0,True,452882.3081791266,0.0,1.0,3,0,39,0,3,78,0,0
planner_daily_h14_k48,150,single,46,110.0,False,478535.8122650048,0.30883708203315685,0.9049456494590674,0,0,50,7,0,63,0,0
planner_daily_h14_k48,151,dual,46,104.0,True,1132128.9621914881,0.5943484946105959,0.750887071183914,12,0,47,9,12,52,0,0
planner_daily_h14_k48,152,compound,46,29.0,True,1539375.6009004386,0.4596775160433915,0.9473670684660622,29,7,19,0,29,72,0,0
planner_daily_h14_k48,153,single,46,0.0,True,331811.86494220654,0.0,1.0,0,0,120,0,0,0,0,0
planner_daily_h14_k48,154,dual,46,0.0,True,391838.6133383638,0.0,1.0,0,0,14,2,0,104,0,0
planner_daily_h14_k48,155,compound,46,28.0,True,1564685.9092220312,0.5504889329047871,0.9367564881877232,28,5,17,0,28,75,0,0
planner_daily_h14_k48,156,single,46,44.0,True,437230.85152565496,0.24408481572168836,0.9755518710057577,0,0,24,0,0,96,0,0
planner_daily_h14_k48,157,dual,46,0.0,True,383012.3978215455,0.0,1.0,0,0,23,0,0,97,0,0
planner_daily_h14_k48,158,compound,46,102.0,True,1007163.4309953304,0.22751379851925774,0.9532570313779893,11,0,41,0,11,68,0,0
planner_daily_h14_k48,159,single,46,0.0,True,419230.0039360908,0.0,1.0,0,0,10,0,0,110,0,0
planner_daily_h14_k48,160,dual,46,0.0,True,339292.41108697385,0.0,1.0,0,0,119,1,0,0,0,0
planner_daily_h14_k48,161,compound,46,29.0,True,1645385.823719486,0.40014993951465927,0.9631655426381527,23,1,21,0,23,76,0,0
planner_daily_h14_k48,162,single,46,0.0,True,357405.4124515174,0.0,1.0,0,0,10,0,0,110,0,0
planner_daily_h14_k48,163,dual,46,104.0,True,434786.751360206,0.14444572909436665,0.9785901639451494,0,0,24,1,0,95,0,0
planner_daily_h14_k48,164,compound,46,30.0,True,1450787.1804264511,0.07592832874182404,0.9962081353484965,23,2,25,0,23,72,0,0
planner_daily_h14_k48,165,single,46,105.0,True,594492.4034713742,0.2869302584069778,0.9158196268092104,0,0,56,5,0,59,0,0
planner_daily_h14_k48,166,dual,46,83.0,True,1048021.0896650875,0.5128097725804572,0.8394007595734666,9,0,36,9,9,66,0,0
planner_daily_h14_k48,167,compound,46,0.0,True,1455751.2577878612,0.0,1.0,27,5,20,0,27,73,0,0
planner_daily_h14_k48,168,single,46,0.0,True,367941.4889447143,0.0,1.0,0,0,10,0,0,110,0,0
planner_daily_h14_k48,169,dual,46,0.0,True,404209.6905464444,0.0,1.0,0,0,10,0,0,110,0,0
planner_daily_h14_k48,170,compound,46,33.0,True,1659744.3507491944,0.4440429051748309,0.9463938971930326,24,1,21,0,24,75,0,0
planner_daily_h14_k48,171,single,46,110.0,False,389669.5650049345,0.1593312637877829,0.9711538515173486,0,0,33,0,0,87,0,0
planner_daily_h14_k48,172,dual,46,104.0,True,798692.2470582684,0.2609263281879036,0.9343545749719468,8,0,35,0,8,77,0,0
planner_daily_h14_k48,173,compound,46,0.0,True,1092551.8480246556,0.0,1.0,15,0,31,0,15,74,0,0
planner_daily_h14_k48,174,single,46,0.0,True,381036.9605317182,0.0,1.0,0,0,10,0,0,110,0,0
planner_daily_h14_k48,175,dual,46,0.0,True,308134.68800185487,0.0,1.0,0,0,27,0,0,93,0,0
planner_daily_h14_k48,176,compound,46,84.0,True,856257.4818633494,0.4800578600811776,0.8558540772599945,7,0,51,10,7,52,0,0
planner_daily_h14_k48,177,single,46,0.0,True,397114.6114932156,0.0,1.0,0,0,10,0,0,110,0,0
planner_daily_h14_k48,178,dual,46,110.0,False,973396.8796749528,0.09731858654866744,0.989277147169579,10,0,33,1,10,76,0,0
planner_daily_h14_k48,179,compound,46,30.0,True,1442064.169879161,0.19700611932667805,0.9877251564006888,25,2,20,0,25,75,0,0
planner_daily_h14_k48,180,single,46,0.0,True,349709.7064261981,0.0,1.0,0,0,10,0,0,110,0,0
planner_daily_h14_k48,181,dual,46,0.0,True,385545.3401775331,0.0,1.0,0,0,34,0,0,86,0,0
planner_daily_h14_k48,182,compound,46,34.0,True,1363669.6665234081,0.1461418247722675,0.9902486451811818,24,3,25,0,24,71,0,0
planner_daily_h14_k48,183,single,46,85.0,True,471865.36625052604,0.3414317028492682,0.9134564444021366,0,0,42,4,0,74,0,0
planner_daily_h14_k48,184,dual,46,0.0,True,1437576.514132503,0.0,1.0,21,0,21,0,21,78,0,0
planner_daily_h14_k48,185,compound,46,33.0,True,1363746.4445250446,0.2864327955203397,0.9726819756871911,24,3,95,1,24,0,0,0
planner_daily_h14_k48,186,single,46,0.0,True,358760.1909716968,0.0,1.0,0,0,10,0,0,110,0,0
planner_daily_h14_k48,187,dual,46,103.0,True,818672.2185866841,0.31306148037925297,0.9135885863597271,10,0,27,10,10,73,0,0
planner_daily_h14_k48,188,compound,46,27.0,True,1518457.375400615,0.20809704963663467,0.9877243489592582,28,6,19,0,28,73,0,0
planner_daily_h14_k48,189,single,46,0.0,True,465776.9701449164,0.0,1.0,0,0,22,3,0,95,0,0
planner_daily_h14_k48,190,dual,46,103.0,True,1054834.4601581916,0.5382221100909944,0.7857244866663811,10,0,47,10,10,53,0,0
planner_daily_h14_k48,191,compound,46,32.0,True,1584995.762858192,0.26354015323347635,0.9792539268369979,22,1,28,0,22,70,0,0
planner_daily_h14_k48,192,single,46,0.0,True,330515.0129895087,0.0,1.0,0,0,120,0,0,0,0,0
planner_daily_h14_k48,193,dual,46,0.0,True,441358.4435946199,0.0,1.0,0,0,30,0,0,90,0,0
planner_daily_h14_k48,194,compound,46,29.0,True,1567792.0723773493,0.28717696670526155,0.9776345708203453,24,2,20,0,24,76,0,0
planner_daily_h14_k48,195,single,46,106.0,True,502075.23473181826,0.2815288565656995,0.9170263127426275,0,0,55,0,0,65,0,0
planner_daily_h14_k48,196,dual,46,110.0,False,472216.1193223867,0.2270313664609506,0.9485993697724124,1,0,33,9,1,77,0,0
planner_daily_h14_k48,197,compound,46,0.0,True,1236233.5654755046,0.0,1.0,20,0,25,0,20,75,0,0
planner_daily_h14_k48,198,single,46,0.0,True,330999.16107774543,0.0,1.0,0,0,120,0,0,0,0,0
planner_daily_h14_k48,199,dual,46,107.0,True,1154012.2309475674,0.38254221201850874,0.8718824512852824,13,0,31,8,13,68,0,0
