episode_id,scenario_type,configuration,recovery_days,recovered,total_cost,service_cov,mean_service,air_expedites,air_expedite_noops,action_0_count,action_1_count,action_2_count,action_3_count,action_4_count,action_5_count
0,single,rl_only,0.0,True,371401.976,0.0,1.0,,,,,,,,
0,single,crl,0.0,True,383302.128,0.0,1.0,,,,,,,,
0,single,planner_weekly_h14,0.0,True,332563.0591712982,0.0,1.0,0,0,120,0,0,0,0,0
0,single,planner_daily_h14,0.0,True,332563.0591712982,0.0,1.0,0,0,120,0,0,0,0,0
0,single,planner_daily_no_expedite,0.0,True,332563.0591712982,0.0,1.0,0,0,120,0,0,0,0,0
0,single,planner_daily_expedite_7d,0.0,True,332563.0591712982,0.0,1.0,0,0,120,0,0,0,0,0
0,single,planner_daily_h28,0.0,True,332563.0591712982,0.0,1.0,0,0,120,0,0,0,0,0
0,single,planner_daily_h56,0.0,True,332563.0591712982,0.0,1.0,0,0,120,0,0,0,0,0
0,single,planner_daily_h14_k48,0.0,True,332563.0591712982,0.0,1.0,0,0,120,0,0,0,0,0
1,dual,rl_only,39.0,True,434953.132,0.1952,0.9588,,,,,,,,
1,dual,crl,53.0,True,415519.844,0.0983,0.9849,,,,,,,,
1,dual,planner_weekly_h14,83.0,True,474447.5228640451,0.21940736169496122,0.9611537901010015,3,0,117,0,3,0,0,0
1,dual,planner_daily_h14,84.0,True,548275.2439722517,0.3677477551129851,0.8994470340593138,0,0,60,4,0,56,0,0
1,dual,planner_daily_no_expedite,84.0,True,548275.2439722517,0.3677477551129851,0.8994470340593138,0,0,60,4,0,56,0,0
1,dual,planner_daily_expedite_7d,84.0,True,548275.2439722517,0.3677477551129851,0.8994470340593138,0,0,60,4,0,56,0,0
1,dual,planner_daily_h28,110.0,False,661261.3439333837,0.017291750305691134,0.9983464893298563,7,0,103,10,7,0,0,0
1,dual,planner_daily_h56,0.0,True,1160945.4172273106,0.0,1.0,16,0,94,10,16,0,0,0
1,dual,planner_daily_h14_k48,84.0,True,540413.6215750994,0.3488597343625474,0.9057049846514004,0,0,59,6,0,55,0,0
2,compound,rl_only,41.6,True,321455.568,0.0235,0.9971,,,,,,,,
2,compound,crl,20.8,True,316493.386,0.0294,0.995,,,,,,,,
2,compound,planner_weekly_h14,0.0,True,400070.2588827663,0.0,1.0,4,0,116,0,4,0,0,0
2,compound,planner_daily_h14,0.0,True,1241743.378155067,0.0,1.0,25,2,95,0,25,0,0,0
2,compound,planner_daily_no_expedite,90.0,True,371429.2363565684,0.17865139980167719,0.968386413518098,0,0,58,0,0,62,0,0
2,compound,planner_daily_expedite_7d,75.0,True,446578.90330590063,0.14737683392508294,0.9811476129281274,3,0,64,0,3,53,0,0
2,compound,planner_daily_h28,0.0,True,1177557.9100074582,0.0,1.0,31,8,89,0,31,0,0,0
2,compound,planner_daily_h56,0.0,True,1177557.9100074582,0.0,1.0,34,11,86,0,34,0,0,0
2,compound,planner_daily_h14_k48,0.0,True,1076842.819818022,0.0,1.0,17,0,25,0,17,78,0,0
3,single,rl_only,0.0,True,415151.102,0.0,1.0,,,,,,,,
3,single,crl,0.0,True,432339.792,0.0,1.0,,,,,,,,
3,single,planner_weekly_h14,0.0,True,345729.9334943593,0.0,1.0,0,0,120,0,0,0,0,0
3,single,planner_daily_h14,0.0,True,345729.9334943593,0.0,1.0,0,0,120,0,0,0,0,0
3,single,planner_daily_no_expedite,0.0,True,345729.9334943593,0.0,1.0,0,0,120,0,0,0,0,0
3,single,planner_daily_expedite_7d,0.0,True,345729.9334943593,0.0,1.0,0,0,120,0,0,0,0,0
3,single,planner_daily_h28,0.0,True,345729.9334943593,0.0,1.0,0,0,120,0,0,0,0,0
3,single,planner_daily_h56,0.0,True,522051.30074176437,0.0,1.0,5,0,115,0,5,0,0,0
3,single,planner_daily_h14_k48,0.0,True,345729.9334943593,0.0,1.0,0,0,120,0,0,0,0,0
4,dual,rl_only,110.0,True,452567.76,0.3021,0.9088,,,,,,,,
4,dual,crl,98.8,True,406919.956,0.2594,0.9394,,,,,,,,
4,dual,planner_weekly_h14,110.0,False,553656.6951286502,0.25295889824866763,0.9306863947837275,2,0,107,0,2,11,0,0
4,dual,planner_daily_h14,110.0,False,1072695.2081228958,0.34954660324136033,0.8910153556947994,13,0,30,0,13,77,0,0
4,dual,planner_daily_no_expedite,110.0,False,507892.3565552204,0.3057219846878051,0.9021761645497548,0,0,57,0,0,62,0,1
4,dual,planner_daily_expedite_7d,53.0,True,524748.3408317569,0.3181885381838446,0.9481330819103326,2,0,45,0,2,72,0,1
4,dual,planner_daily_h28,0.0,True,1251288.422385203,0.0,1.0,24,1,96,0,24,0,0,0
4,dual,planner_daily_h56,0.0,True,1247949.5121676286,0.0,1.0,31,7,89,0,31,0,0,0
4,dual,planner_daily_h14_k48,110.0,False,1072695.2081228958,0.34954660324136033,0.8910153556947994,13,0,30,0,13,77,0,0
5,compound,rl_only,108.2,True,561690.498,0.3833,0.8616,,,,,,,,
5,compound,crl,108.6,True,442524.528,0.2897,0.913,,,,,,,,
5,compound,planner_weekly_h14,68.0,True,616830.8425124128,0.4751267724691424,0.8750017399998922,5,0,115,0,5,0,0,0
5,compound,planner_daily_h14,30.0,True,1485522.8852250902,0.5829393137744607,0.9260876085501559,27,4,18,0,27,75,0,0
5,compound,planner_daily_no_expedite,103.0,True,590863.5911692067,0.46589207768605045,0.8238842885554981,0,0,56,10,0,54,0,0
5,compound,planner_daily_expedite_7d,103.0,True,819031.7172913945,0.5909064966244046,0.7406690588005089,4,0,77,9,4,30,0,0
5,compound,planner_daily_h28,22.0,True,1386804.475980454,0.3210059778596281,0.9796498003911527,17,0,10,7,17,86,0,0
5,compound,planner_daily_h56,22.0,True,1386546.251275178,0.3657701238292039,0.9747903064366589,24,2,86,10,24,0,0,0
5,compound,planner_daily_h14_k48,32.0,True,1474799.1592334749,0.537160372726151,0.9283431289976558,28,5,17,0,28,75,0,0
6,single,rl_only,21.8,True,376771.334,0.013,0.9988,,,,,,,,
6,single,crl,0.0,True,411065.246,0.0,1.0,,,,,,,,
6,single,planner_weekly_h14,0.0,True,390295.1960526101,0.0,1.0,0,0,104,0,0,16,0,0
6,single,planner_daily_h14,0.0,True,390295.1960526101,0.0,1.0,0,0,10,0,0,110,0,0
6,single,planner_daily_no_expedite,0.0,True,390295.1960526101,0.0,1.0,0,0,10,0,0,110,0,0
6,single,planner_daily_expedite_7d,0.0,True,390295.1960526101,0.0,1.0,0,0,10,0,0,110,0,0
6,single,planner_daily_h28,0.0,True,318135.58100319956,0.0,1.0,0,0,120,0,0,0,0,0
6,single,planner_daily_h56,0.0,True,555350.5457171116,0.0,1.0,3,0,108,9,3,0,0,0
6,single,planner_daily_h14_k48,0.0,True,390295.1960526101,0.0,1.0,0,0,10,0,0,110,0,0
7,dual,rl_only,62.2,True,487369.584,0.2891,0.9286,,,,,,,,
7,dual,crl,85.4,True,444984.384,0.1606,0.9652,,,,,,,,
7,dual,planner_weekly_h14,61.0,True,530573.9258128217,0.3201788629940428,0.9419879797417624,4,0,116,0,4,0,0,0
7,dual,planner_daily_h14,0.0,True,1494852.4892515924,0.0,1.0,21,0,19,0,21,80,0,0
7,dual,planner_daily_no_expedite,108.0,True,567948.261214001,0.38429672116340213,0.8641194436800422,0,0,76,9,0,35,0,0
7,dual,planner_daily_expedite_7d,108.0,True,626059.2005984172,0.3855488460588154,0.864580215795874,1,0,67,10,1,42,0,0
7,dual,planner_daily_h28,108.0,True,1058958.7321462277,0.3119199798653838,0.9102952160813748,11,0,35,10,11,64,0,0
7,dual,planner_daily_h56,0.0,True,1592821.1658367307,0.0,1.0,22,0,88,10,22,0,0,0
7,dual,planner_daily_h14_k48,108.0,True,617957.1113226538,0.3431156721613716,0.8904906738588447,2,0,66,9,2,43,0,0
8,compound,rl_only,108.4,True,516330.0,0.3694,0.8733,,,,,,,,
8,compound,crl,108.6,True,496124.656,0.2929,0.9084,,,,,,,,
8,compound,planner_weekly_h14,80.0,True,542955.9735522862,0.4373132972630658,0.878789892181185,2,0,116,2,2,0,0,0
8,compound,planner_daily_h14,27.0,True,1193025.2613776452,0.29317505833148844,0.9784257141926712,17,0,21,9,17,73,0,0
8,compound,planner_daily_no_expedite,82.0,True,488990.4850705285,0.20775961080933378,0.9647703749662826,0,0,47,7,0,66,0,0
8,compound,planner_daily_expedite_7d,82.0,True,640518.288267202,0.36557716279224184,0.9046939055996992,3,0,65,7,3,45,0,0
8,compound,planner_daily_h28,110.0,False,1275525.798484534,0.29866051027498214,0.9170916212743709,15,0,28,9,15,68,0,0
8,compound,planner_daily_h56,0.0,True,1115203.7523866983,0.0,1.0,16,0,95,9,16,0,0,0
8,compound,planner_daily_h14_k48,0.0,True,1368777.2150915342,0.0,1.0,16,0,23,1,16,80,0,0
9,single,rl_only,37.8,True,372855.974,0.1716,0.9749,,,,,,,,
9,single,crl,43.4,True,360934.146,0.0474,0.9905,,,,,,,,
9,single,planner_weekly_h14,44.0,True,365717.0476484513,0.20694040611744308,0.9827419826642537,0,0,106,0,0,14,0,0
9,single,planner_daily_h14,44.0,True,400045.97739886073,0.20694040611744308,0.9827419826642537,0,0,25,2,0,93,0,0
9,single,planner_daily_no_expedite,44.0,True,400045.97739886073,0.20694040611744308,0.9827419826642537,0,0,25,2,0,93,0,0
9,single,planner_daily_expedite_7d,44.0,True,400045.97739886073,0.20694040611744308,0.9827419826642537,0,0,25,2,0,93,0,0
9,single,planner_daily_h28,85.0,True,360510.9490867805,0.04803679239644898,0.9944035850376493,1,0,109,10,1,0,0,0
9,single,planner_daily_h56,0.0,True,457352.9123650656,0.0,1.0,4,0,106,10,4,0,0,0
9,single,planner_daily_h14_k48,44.0,True,400045.97739886073,0.20694040611744308,0.9827419826642537,0,0,23,2,0,95,0,0
10,dual,rl_only,83.8,True,477552.958,0.3455,0.9202,,,,,,,,
10,dual,crl,109.2,True,440889.498,0.1712,0.9684,,,,,,,,
10,dual,planner_weekly_h14,109.0,True,601989.5398063121,0.362763283579028,0.8792601059672709,1,0,106,2,1,11,0,0
10,dual,planner_daily_h14,88.0,True,972695.8109669585,0.36235961089813495,0.9038126560988947,9,0,32,8,9,71,0,0
10,dual,planner_daily_no_expedite,109.0,True,546239.2973863272,0.29826029637330054,0.909337074114967,0,0,56,10,0,54,0,0
10,dual,planner_daily_expedite_7d,110.0,False,586246.1807229471,0.1581593448098417,0.9683301956248281,2,0,44,9,2,65,0,0
10,dual,planner_daily_h28,107.0,True,571308.9689351238,0.10123322110740159,0.9882456452751688,4,0,106,10,4,0,0,0
10,dual,planner_daily_h56,108.0,True,623793.245231806,0.1711063237416148,0.9702813989062744,5,0,105,10,5,0,0,0
10,dual,planner_daily_h14_k48,110.0,False,956175.8668784923,0.3343682627517141,0.8932549853231457,9,0,35,10,9,66,0,0
11,compound,rl_only,0.0,True,406999.56,0.0,1.0,,,,,,,,
11,compound,crl,0.0,True,389714.128,0.0,1.0,,,,,,,,
11,compound,planner_weekly_h14,0.0,True,471152.55786044366,0.0,1.0,3,0,117,0,3,0,0,0
11,compound,planner_daily_h14,0.0,True,970917.83366467,0.0,1.0,12,0,32,0,12,76,0,0
11,compound,planner_daily_no_expedite,0.0,True,429191.73775580217,0.0,1.0,0,0,48,0,0,72,0,0
11,compound,planner_daily_expedite_7d,0.0,True,543147.7592649031,0.0,1.0,3,0,41,0,3,76,0,0
11,compound,planner_daily_h28,0.0,True,1450297.2914952114,0.0,1.0,32,8,88,0,32,0,0,0
11,compound,planner_daily_h56,0.0,True,1441255.8595860046,0.0,1.0,36,12,84,0,36,0,0,0
11,compound,planner_daily_h14_k48,0.0,True,1226878.099327984,0.0,1.0,18,0,102,0,18,0,0,0
12,single,rl_only,0.0,True,351620.27,0.0,1.0,,,,,,,,
12,single,crl,0.0,True,340300.932,0.0,1.0,,,,,,,,
12,single,planner_weekly_h14,0.0,True,385168.25190326007,0.0,1.0,0,0,104,0,0,16,0,0
12,single,planner_daily_h14,0.0,True,386806.7763738877,0.0,1.0,0,0,10,0,0,110,0,0
12,single,planner_daily_no_expedite,0.0,True,386806.7763738877,0.0,1.0,0,0,10,0,0,110,0,0
12,single,planner_daily_expedite_7d,0.0,True,386806.7763738877,0.0,1.0,0,0,10,0,0,110,0,0
12,single,planner_daily_h28,0.0,True,315779.98577202746,0.0,1.0,0,0,120,0,0,0,0,0
12,single,planner_daily_h56,110.0,False,690297.0720688495,0.1143897108028801,0.9849651217674755,13,0,107,0,13,0,0,0
12,single,planner_daily_h14_k48,0.0,True,386806.7763738877,0.0,1.0,0,0,10,0,0,110,0,0
13,dual,rl_only,36.4,True,451546.534,0.2181,0.9631,,,,,,,,
13,dual,crl,8.6,True,435887.872,0.048,0.9953,,,,,,,,
13,dual,planner_weekly_h14,97.0,True,579617.7829739692,0.2498197191401216,0.938696926629197,3,0,108,0,3,9,0,0
13,dual,planner_daily_h14,0.0,True,1534821.5875173474,0.0,1.0,20,0,26,0,20,74,0,0
13,dual,planner_daily_no_expedite,97.0,True,521122.3081604863,0.28039637768319153,0.932145123787809,0,0,51,9,0,60,0,0
13,dual,planner_daily_expedite_7d,99.0,True,611204.4467579817,0.2734336383917843,0.9323677312827146,1,0,51,9,1,59,0,0
13,dual,planner_daily_h28,0.0,True,832096.1799904031,0.0,1.0,9,0,101,10,9,0,0,0
13,dual,planner_daily_h56,0.0,True,1371296.6969068612,0.0,1.0,18,0,92,10,18,0,0,0
13,dual,planner_daily_h14_k48,97.0,True,504686.79001758224,0.21435619683062343,0.9571736420659273,0,0,52,9,0,59,0,0
14,compound,rl_only,32.0,True,390293.572,0.1433,0.979,,,,,,,,
14,compound,crl,0.0,True,407205.972,0.0,1.0,,,,,,,,
14,compound,planner_weekly_h14,110.0,False,457276.8348276886,0.1430726126482992,0.9743543871091165,4,0,115,1,4,0,0,0
14,compound,planner_daily_h14,0.0,True,1538933.288055496,0.0,1.0,25,2,19,0,25,76,0,0
14,compound,planner_daily_no_expedite,94.0,True,444974.90002812224,0.1641078332733381,0.9688200133865569,0,0,52,10,0,57,0,1
14,compound,planner_daily_expedite_7d,94.0,True,579197.9564006143,0.17891175629386902,0.965881040581508,3,0,58,8,3,50,0,1
14,compound,planner_daily_h28,0.0,True,1286631.7684609718,0.0,1.0,15,0,10,9,15,86,0,0
14,compound,planner_daily_h56,0.0,True,1386012.592099715,0.0,1.0,18,0,92,10,18,0,0,0
14,compound,planner_daily_h14_k48,0.0,True,1538933.288055496,0.0,1.0,25,2,19,0,25,76,0,0
15,single,rl_only,0.0,True,384216.86,0.0,1.0,,,,,,,,
15,single,crl,0.0,True,398640.664,0.0,1.0,,,,,,,,
15,single,planner_weekly_h14,0.0,True,331926.0948761814,0.0,1.0,0,0,120,0,0,0,0,0
15,single,planner_daily_h14,0.0,True,331926.0948761814,0.0,1.0,0,0,120,0,0,0,0,0
15,single,planner_daily_no_expedite,0.0,True,331926.0948761814,0.0,1.0,0,0,120,0,0,0,0,0
15,single,planner_daily_expedite_7d,0.0,True,331926.0948761814,0.0,1.0,0,0,120,0,0,0,0,0
15,single,planner_daily_h28,0.0,True,331926.0948761814,0.0,1.0,0,0,120,0,0,0,0,0
15,single,planner_daily_h56,0.0,True,855470.1020716487,0.0,1.0,11,0,104,5,11,0,0,0
15,single,planner_daily_h14_k48,0.0,True,331926.0948761814,0.0,1.0,0,0,120,0,0,0,0,0
16,dual,rl_only,0.0,True,363202.4,0.0,1.0,,,,,,,,
16,dual,crl,0.0,True,355100.43,0.0,1.0,,,,,,,,
16,dual,planner_weekly_h14,0.0,True,387219.444204829,0.0,1.0,0,0,106,0,0,14,0,0
16,dual,planner_daily_h14,0.0,True,388472.9067080088,0.0,1.0,0,0,30,0,0,90,0,0
16,dual,planner_daily_no_expedite,0.0,True,388472.9067080088,0.0,1.0,0,0,30,0,0,90,0,0
16,dual,planner_daily_expedite_7d,0.0,True,388472.9067080088,0.0,1.0,0,0,30,0,0,90,0,0
16,dual,planner_daily_h28,0.0,True,1312897.3059874657,0.0,1.0,19,0,18,0,19,83,0,0
16,dual,planner_daily_h56,0.0,True,1342052.5841140621,0.0,1.0,31,7,89,0,31,0,0,0
16,dual,planner_daily_h14_k48,0.0,True,388472.9067080088,0.0,1.0,0,0,30,0,0,90,0,0
17,compound,rl_only,90.4,True,546897.832,0.4306,0.8745,,,,,,,,
17,compound,crl,89.8,True,474787.382,0.4078,0.891,,,,,,,,
17,compound,planner_weekly_h14,74.0,True,584853.0750696218,0.44247184214026025,0.882004579503281,4,0,116,0,4,0,0,0
17,compound,planner_daily_h14,32.0,True,1570439.679324365,0.5791937000350404,0.9253151085793664,28,5,19,0,28,73,0,0
17,compound,planner_daily_no_expedite,103.0,True,540584.0741087336,0.40876017547913346,0.8583484657722844,0,0,68,0,0,50,0,2
17,compound,planner_daily_expedite_7d,104.0,True,677961.4939911825,0.42974035950776573,0.839138891962075,4,0,68,0,4,46,0,2
17,compound,planner_daily_h28,31.0,True,1240690.9065263374,0.39373679090550046,0.9599077812143381,39,15,81,0,39,0,0,0
17,compound,planner_daily_h56,31.0,True,1240690.9065263374,0.39373679090550046,0.9599077812143381,39,15,81,0,39,0,0,0
17,compound,planner_daily_h14_k48,32.0,True,1582727.3744645098,0.5791937000350404,0.9253151085793664,25,2,19,0,25,76,0,0
18,single,rl_only,0.0,True,323141.062,0.0,1.0,,,,,,,,
18,single,crl,0.0,True,310369.28,0.0,1.0,,,,,,,,
18,single,planner_weekly_h14,0.0,True,353253.97989165876,0.0,1.0,0,0,104,0,0,16,0,0
18,single,planner_daily_h14,0.0,True,353253.97989165876,0.0,1.0,0,0,10,0,0,110,0,0
18,single,planner_daily_no_expedite,0.0,True,353253.97989165876,0.0,1.0,0,0,10,0,0,110,0,0
18,single,planner_daily_expedite_7d,0.0,True,353253.97989165876,0.0,1.0,0,0,10,0,0,110,0,0
18,single,planner_daily_h28,0.0,True,288014.11861538375,0.0,1.0,0,0,120,0,0,0,0,0
18,single,planner_daily_h56,0.0,True,361567.6431572327,0.0,1.0,3,0,117,0,3,0,0,0
18,single,planner_daily_h14_k48,0.0,True,353253.97989165876,0.0,1.0,0,0,10,0,0,110,0,0
19,dual,rl_only,46.6,True,390843.308,0.0801,0.991,,,,,,,,
19,dual,crl,0.0,True,407131.49,0.0,1.0,,,,,,,,
19,dual,planner_weekly_h14,0.0,True,412000.7454933121,0.0,1.0,3,0,117,0,3,0,0,0
19,dual,planner_daily_h14,54.0,True,455732.01062958146,0.20326886934991664,0.9778827964113469,0,0,47,8,0,65,0,0
19,dual,planner_daily_no_expedite,54.0,True,455732.01062958146,0.20326886934991664,0.9778827964113469,0,0,47,8,0,65,0,0
19,dual,planner_daily_expedite_7d,54.0,True,455732.01062958146,0.20326886934991664,0.9778827964113469,0,0,47,8,0,65,0,0
19,dual,planner_daily_h28,83.0,True,731434.9830704984,0.1607856692280089,0.9790577646818446,5,0,25,9,5,81,0,0
19,dual,planner_daily_h56,110.0,False,875461.3914808467,0.1810058504264872,0.9663634542954972,13,0,98,9,13,0,0,0
19,dual,planner_daily_h14_k48,97.0,True,506458.94471498,0.23523576216887454,0.9503223111147677,0,0,52,5,0,63,0,0
20,compound,rl_only,90.0,True,689161.238,0.5264,0.8348,,,,,,,,
20,compound,crl,51.0,True,583417.282,0.7081,0.8645,,,,,,,,
20,compound,planner_weekly_h14,59.0,True,657783.59388209,0.5364210591349557,0.871091443924913,4,0,116,0,4,0,0,0
20,compound,planner_daily_h14,30.0,True,1650502.0807981414,0.5254225496652389,0.9376435121613688,30,8,18,0,30,72,0,0
20,compound,planner_daily_no_expedite,103.0,True,624028.4298915466,0.42278667374967643,0.8498059920272931,0,0,64,0,0,55,0,1
20,compound,planner_daily_expedite_7d,103.0,True,810155.6223798229,0.48739461824292957,0.8093386403108358,4,0,66,0,4,50,0,0
20,compound,planner_daily_h28,28.0,True,1581750.616355475,0.47756267573337857,0.948667845140489,38,14,10,0,38,72,0,0
20,compound,planner_daily_h56,28.0,True,1358159.8227267193,0.47756267573337857,0.948667845140489,39,15,81,0,39,0,0,0
20,compound,planner_daily_h14_k48,30.0,True,1650502.0807981414,0.5254225496652389,0.9376435121613688,30,8,18,0,30,72,0,0
21,single,rl_only,41.0,True,447417.362,0.173,0.9664,,,,,,,,
21,single,crl,35.8,True,445389.14,0.1047,0.9787,,,,,,,,
21,single,planner_weekly_h14,76.0,True,531925.9723634962,0.33141398375351844,0.9260850745047132,0,0,106,2,0,12,0,0
21,single,planner_daily_h14,76.0,True,530088.0905281035,0.334241651234174,0.9252480693449786,0,0,31,6,0,83,0,0
21,single,planner_daily_no_expedite,76.0,True,530088.0905281035,0.334241651234174,0.9252480693449786,0,0,31,6,0,83,0,0
21,single,planner_daily_expedite_7d,76.0,True,530088.0905281035,0.334241651234174,0.9252480693449786,0,0,31,6,0,83,0,0
21,single,planner_daily_h28,104.0,True,537111.635807847,0.33279492027344665,0.8975419327490513,1,0,117,2,1,0,0,0
21,single,planner_daily_h56,74.0,True,539218.2823173195,0.13883632038823365,0.9851583224323317,3,0,108,9,3,0,0,0
21,single,planner_daily_h14_k48,76.0,True,530088.0905281035,0.334241651234174,0.9252480693449786,0,0,31,6,0,83,0,0
22,dual,rl_only,0.0,True,379993.938,0.0,1.0,,,,,,,,
22,dual,crl,0.0,True,403229.676,0.0,1.0,,,,,,,,
22,dual,planner_weekly_h14,0.0,True,372216.81532826065,0.0,1.0,0,0,104,0,0,16,0,0
22,dual,planner_daily_h14,0.0,True,372216.81532826065,0.0,1.0,0,0,12,0,0,108,0,0
22,dual,planner_daily_no_expedite,0.0,True,372216.81532826065,0.0,1.0,0,0,12,0,0,108,0,0
22,dual,planner_daily_expedite_7d,0.0,True,372216.81532826065,0.0,1.0,0,0,12,0,0,108,0,0
22,dual,planner_daily_h28,0.0,True,557461.4972935449,0.0,1.0,6,0,111,3,6,0,0,0
22,dual,planner_daily_h56,0.0,True,376365.21105996234,0.0,1.0,0,0,111,9,0,0,0,0
22,dual,planner_daily_h14_k48,0.0,True,372216.81532826065,0.0,1.0,0,0,13,0,0,107,0,0
23,compound,rl_only,41.4,True,367648.55,0.4039,0.9455,,,,,,,,
23,compound,crl,37.4,True,360329.72,0.4118,0.9489,,,,,,,,
23,compound,planner_weekly_h14,108.0,True,478505.85745888227,0.22347485073029777,0.9487616265895487,5,0,115,0,5,0,0,0
23,compound,planner_daily_h14,30.0,True,1477314.102095732,0.2741136645613234,0.9789679342526975,25,2,19,0,25,76,0,0
23,compound,planner_daily_no_expedite,55.0,True,397997.67127594625,0.3249430528770925,0.9397406894357647,0,0,60,0,0,57,0,3
23,compound,planner_daily_expedite_7d,84.0,True,530538.072042718,0.32801898716856104,0.9161896475453278,4,0,55,0,4,59,0,2
23,compound,planner_daily_h28,0.0,True,1362492.9211025396,0.0,1.0,37,13,11,0,37,72,0,0
23,compound,planner_daily_h56,0.0,True,1152947.557970357,0.0,1.0,40,16,80,0,40,0,0,0
23,compound,planner_daily_h14_k48,30.0,True,1469696.8163724013,0.2741136645613234,0.9789679342526975,27,4,21,0,27,72,0,0
24,single,rl_only,0.0,True,404278.252,0.0,1.0,,,,,,,,
24,single,crl,0.0,True,415004.02,0.0,1.0,,,,,,,,
24,single,planner_weekly_h14,0.0,True,335530.25950484816,0.0,1.0,0,0,120,0,0,0,0,0
24,single,planner_daily_h14,0.0,True,335530.25950484816,0.0,1.0,0,0,120,0,0,0,0,0
24,single,planner_daily_no_expedite,0.0,True,335530.25950484816,0.0,1.0,0,0,120,0,0,0,0,0
24,single,planner_daily_expedite_7d,0.0,True,335530.25950484816,0.0,1.0,0,0,120,0,0,0,0,0
24,single,planner_daily_h28,0.0,True,335530.25950484816,0.0,1.0,0,0,120,0,0,0,0,0
24,single,planner_daily_h56,0.0,True,818270.6788032901,0.0,1.0,11,0,105,4,11,0,0,0
24,single,planner_daily_h14_k48,0.0,True,335530.25950484816,0.0,1.0,0,0,120,0,0,0,0,0
25,dual,rl_only,0.0,True,383616.55,0.0,1.0,,,,,,,,
25,dual,crl,0.0,True,409085.636,0.0,1.0,,,,,,,,
25,dual,planner_weekly_h14,0.0,True,371505.1133555024,0.0,1.0,0,0,106,0,0,14,0,0
25,dual,planner_daily_h14,0.0,True,371337.09964005975,0.0,1.0,0,0,28,0,0,92,0,0
25,dual,planner_daily_no_expedite,0.0,True,371337.09964005975,0.0,1.0,0,0,28,0,0,92,0,0
25,dual,planner_daily_expedite_7d,0.0,True,371337.09964005975,0.0,1.0,0,0,28,0,0,92,0,0
25,dual,planner_daily_h28,0.0,True,590627.9901853701,0.0,1.0,4,0,107,9,4,0,0,0
25,dual,planner_daily_h56,0.0,True,542181.3534992422,0.0,1.0,3,0,107,10,3,0,0,0
25,dual,planner_daily_h14_k48,0.0,True,371542.871320977,0.0,1.0,0,0,26,0,0,94,0,0
26,compound,rl_only,30.6,True,366371.242,0.0748,0.988,,,,,,,,
26,compound,crl,0.0,True,397549.798,0.0,1.0,,,,,,,,
26,compound,planner_weekly_h14,0.0,True,391733.2602998958,0.0,1.0,0,0,107,2,0,11,0,0
26,compound,planner_daily_h14,0.0,True,1092476.811309934,0.0,1.0,15,0,27,0,15,78,0,0
26,compound,planner_daily_no_expedite,0.0,True,415035.2554969904,0.0,1.0,0,0,35,9,0,76,0,0
26,compound,planner_daily_expedite_7d,0.0,True,484927.0123595577,0.0,1.0,1,0,30,9,1,80,0,0
26,compound,planner_daily_h28,0.0,True,748817.1897749483,0.0,1.0,5,0,14,9,5,92,0,0
26,compound,planner_daily_h56,0.0,True,1249164.5782121003,0.0,1.0,18,0,93,9,18,0,0,0
26,compound,planner_daily_h14_k48,0.0,True,1336888.3537594415,0.0,1.0,18,0,28,0,18,74,0,0
27,single,rl_only,0.0,True,400021.314,0.0,1.0,,,,,,,,
27,single,crl,0.0,True,397858.34,0.0,1.0,,,,,,,,
27,single,planner_weekly_h14,0.0,True,352769.9531272985,0.0,1.0,0,0,120,0,0,0,0,0
27,single,planner_daily_h14,0.0,True,352769.9531272985,0.0,1.0,0,0,120,0,0,0,0,0
27,single,planner_daily_no_expedite,0.0,True,352769.9531272985,0.0,1.0,0,0,120,0,0,0,0,0
27,single,planner_daily_expedite_7d,0.0,True,352769.9531272985,0.0,1.0,0,0,120,0,0,0,0,0
27,single,planner_daily_h28,0.0,True,352769.9531272985,0.0,1.0,0,0,120,0,0,0,0,0
27,single,planner_daily_h56,0.0,True,579508.369226913,0.0,1.0,6,0,114,0,6,0,0,0
27,single,planner_daily_h14_k48,0.0,True,352769.9531272985,0.0,1.0,0,0,120,0,0,0,0,0
28,dual,rl_only,0.0,True,385813.526,0.0,1.0,,,,,,,,
28,dual,crl,0.0,True,427398.69,0.0,1.0,,,,,,,,
28,dual,planner_weekly_h14,0.0,True,362660.38585539814,0.0,1.0,0,0,106,0,0,14,0,0
28,dual,planner_daily_h14,0.0,True,362660.38585539814,0.0,1.0,0,0,30,0,0,90,0,0
28,dual,planner_daily_no_expedite,0.0,True,362660.38585539814,0.0,1.0,0,0,30,0,0,90,0,0
28,dual,planner_daily_expedite_7d,0.0,True,362660.38585539814,0.0,1.0,0,0,30,0,0,90,0,0
28,dual,planner_daily_h28,0.0,True,550550.425096808,0.0,1.0,2,0,16,9,2,93,0,0
28,dual,planner_daily_h56,0.0,True,598742.0020145739,0.0,1.0,6,0,104,10,6,0,0,0
28,dual,planner_daily_h14_k48,0.0,True,362660.38585539814,0.0,1.0,0,0,30,0,0,90,0,0
29,compound,rl_only,36.2,True,454343.352,0.244,0.9477,,,,,,,,
29,compound,crl,21.4,True,406886.576,0.0324,0.9947,,,,,,,,
29,compound,planner_weekly_h14,105.0,True,526452.9816169617,0.2791117925215569,0.9268404628695955,3,0,116,1,3,0,0,0
29,compound,planner_daily_h14,41.0,True,1383528.8499758297,0.04424325707414012,0.9974107096738299,24,2,95,1,24,0,0,0
29,compound,planner_daily_no_expedite,95.0,True,477291.7428753953,0.2165310504400885,0.9589956814294027,0,0,47,10,0,63,0,0
29,compound,planner_daily_expedite_7d,108.0,True,687600.256494406,0.3694876239212822,0.8702562220632881,3,0,73,9,3,35,0,0
29,compound,planner_daily_h28,95.0,True,715707.2894929405,0.10355041460885701,0.9901001230720522,5,0,36,10,5,69,0,0
29,compound,planner_daily_h56,0.0,True,1459173.2210615883,0.0,1.0,22,0,88,10,22,0,0,0
29,compound,planner_daily_h14_k48,41.0,True,1353018.9808273753,0.04424325707414012,0.9974107096738299,25,3,94,1,25,0,0,0
30,single,rl_only,0.0,True,402778.566,0.0,1.0,,,,,,,,
30,single,crl,22.0,True,409401.13,0.0228,0.9967,,,,,,,,
30,single,planner_weekly_h14,0.0,True,415301.99613157427,0.0,1.0,0,0,104,0,0,16,0,0
30,single,planner_daily_h14,0.0,True,416251.0655866762,0.0,1.0,0,0,10,0,0,110,0,0
30,single,planner_daily_no_expedite,0.0,True,416251.0655866762,0.0,1.0,0,0,10,0,0,110,0,0
30,single,planner_daily_expedite_7d,0.0,True,416251.0655866762,0.0,1.0,0,0,10,0,0,110,0,0
30,single,planner_daily_h28,0.0,True,335123.7686763864,0.0,1.0,0,0,120,0,0,0,0,0
30,single,planner_daily_h56,0.0,True,439853.49520755134,0.0,1.0,1,0,109,10,1,0,0,0
30,single,planner_daily_h14_k48,0.0,True,416251.0655866762,0.0,1.0,0,0,10,0,0,110,0,0
31,dual,rl_only,0.0,True,321991.954,0.0,1.0,,,,,,,,
31,dual,crl,0.0,True,314894.762,0.0,1.0,,,,,,,,
31,dual,planner_weekly_h14,0.0,True,378132.50847841526,0.0,1.0,1,0,106,0,1,13,0,0
31,dual,planner_daily_h14,0.0,True,352071.15179774235,0.0,1.0,0,0,37,0,0,83,0,0
31,dual,planner_daily_no_expedite,0.0,True,352071.15179774235,0.0,1.0,0,0,37,0,0,83,0,0
31,dual,planner_daily_expedite_7d,0.0,True,352071.15179774235,0.0,1.0,0,0,37,0,0,83,0,0
31,dual,planner_daily_h28,0.0,True,1399514.7887855521,0.0,1.0,22,0,11,0,22,87,0,0
31,dual,planner_daily_h56,0.0,True,1213917.893930364,0.0,1.0,28,5,92,0,28,0,0,0
31,dual,planner_daily_h14_k48,0.0,True,352071.15179774235,0.0,1.0,0,0,36,0,0,84,0,0
32,compound,rl_only,33.2,True,344837.634,0.1026,0.9783,,,,,,,,
32,compound,crl,0.0,True,318774.246,0.0,0.9999,,,,,,,,
32,compound,planner_weekly_h14,0.0,True,385797.4499460547,0.0,1.0,3,0,117,0,3,0,0,0
32,compound,planner_daily_h14,0.0,True,1211682.617991896,0.0,1.0,18,0,25,0,18,77,0,0
32,compound,planner_daily_no_expedite,0.0,True,354323.92545552744,0.0,1.0,0,0,45,0,0,75,0,0
32,compound,planner_daily_expedite_7d,0.0,True,407006.1092426238,0.0,1.0,2,0,47,0,2,71,0,0
32,compound,planner_daily_h28,0.0,True,1437076.1474807288,0.0,1.0,24,1,17,0,24,79,0,0
32,compound,planner_daily_h56,0.0,True,1193589.0001530931,0.0,1.0,37,13,83,0,37,0,0,0
32,compound,planner_daily_h14_k48,0.0,True,1211682.617991896,0.0,1.0,18,0,25,0,18,77,0,0
33,single,rl_only,0.0,True,377846.26,0.0,1.0,,,,,,,,
33,single,crl,0.0,True,387556.036,0.0,1.0,,,,,,,,
33,single,planner_weekly_h14,0.0,True,319467.05495977995,0.0,1.0,0,0,120,0,0,0,0,0
33,single,planner_daily_h14,0.0,True,319467.05495977995,0.0,1.0,0,0,120,0,0,0,0,0
33,single,planner_daily_no_expedite,0.0,True,319467.05495977995,0.0,1.0,0,0,120,0,0,0,0,0
33,single,planner_daily_expedite_7d,0.0,True,319467.05495977995,0.0,1.0,0,0,120,0,0,0,0,0
33,single,planner_daily_h28,0.0,True,319467.05495977995,0.0,1.0,0,0,120,0,0,0,0,0
33,single,planner_daily_h56,0.0,True,372536.8332729593,0.0,1.0,1,0,119,0,1,0,0,0
33,single,planner_daily_h14_k48,0.0,True,319467.05495977995,0.0,1.0,0,0,120,0,0,0,0,0
34,dual,rl_only,42.4,True,326243.072,0.0138,0.9987,,,,,,,,
34,dual,crl,0.0,True,318940.808,0.0,1.0,,,,,,,,
34,dual,planner_weekly_h14,0.0,True,354798.0892838199,0.0,1.0,0,0,106,0,0,14,0,0
34,dual,planner_daily_h14,0.0,True,354798.0892838199,0.0,1.0,0,0,28,0,0,92,0,0
34,dual,planner_daily_no_expedite,0.0,True,354798.0892838199,0.0,1.0,0,0,28,0,0,92,0,0
34,dual,planner_daily_expedite_7d,0.0,True,354798.0892838199,0.0,1.0,0,0,28,0,0,92,0,0
34,dual,planner_daily_h28,0.0,True,1019188.2666675224,0.0,1.0,19,0,101,0,19,0,0,0
34,dual,planner_daily_h56,0.0,True,1231115.5819697138,0.0,1.0,28,4,92,0,28,0,0,0
34,dual,planner_daily_h14_k48,0.0,True,354798.0892838199,0.0,1.0,0,0,29,0,0,91,0,0
35,compound,rl_only,39.8,True,433346.506,0.2669,0.9386,,,,,,,,
35,compound,crl,22.0,True,371768.18,0.0218,0.997,,,,,,,,
35,compound,planner_weekly_h14,110.0,False,567738.6076068429,0.3016187314303375,0.9016569003821161,5,0,115,0,5,0,0,0
35,compound,planner_daily_h14,30.0,True,1252498.4966139428,0.4552260870040158,0.9478662484741064,29,6,91,0,29,0,0,0
35,compound,planner_daily_no_expedite,110.0,False,535700.3941022306,0.37299515830971974,0.8641731291701723,0,0,67,10,0,42,0,1
35,compound,planner_daily_expedite_7d,80.0,True,612903.2602320489,0.3073664909002872,0.9322392596648839,4,0,47,9,4,59,0,1
35,compound,planner_daily_h28,0.0,True,1016949.9373611929,0.0,0.9997734464012817,17,0,93,10,17,0,0,0
35,compound,planner_daily_h56,0.0,True,1163625.4530225375,0.0,1.0,19,0,91,10,19,0,0,0
35,compound,planner_daily_h14_k48,30.0,True,1252498.4966139428,0.4552260870040158,0.9478662484741064,29,6,91,0,29,0,0,0
36,single,rl_only,0.0,True,397542.708,0.0,1.0,,,,,,,,
36,single,crl,0.0,True,402382.198,0.0,1.0,,,,,,,,
36,single,planner_weekly_h14,0.0,True,400796.3834607285,0.0,1.0,0,0,104,0,0,16,0,0
36,single,planner_daily_h14,0.0,True,400796.3834607285,0.0,1.0,0,0,10,0,0,110,0,0
36,single,planner_daily_no_expedite,0.0,True,400796.3834607285,0.0,1.0,0,0,10,0,0,110,0,0
36,single,planner_daily_expedite_7d,0.0,True,400796.3834607285,0.0,1.0,0,0,10,0,0,110,0,0
36,single,planner_daily_h28,0.0,True,328020.441271934,0.0,1.0,0,0,120,0,0,0,0,0
36,single,planner_daily_h56,0.0,True,353799.3990664959,0.0,1.0,1,0,119,0,1,0,0,0
36,single,planner_daily_h14_k48,0.0,True,400796.3834607285,0.0,1.0,0,0,10,0,0,110,0,0
37,dual,rl_only,0.0,True,339774.216,0.0,1.0,,,,,,,,
37,dual,crl,0.0,True,322126.788,0.0,1.0,,,,,,,,
37,dual,planner_weekly_h14,0.0,True,340435.07603795204,0.0,1.0,0,0,120,0,0,0,0,0
37,dual,planner_daily_h14,0.0,True,340435.07603795204,0.0,1.0,0,0,120,0,0,0,0,0
37,dual,planner_daily_no_expedite,0.0,True,340435.07603795204,0.0,1.0,0,0,120,0,0,0,0,0
37,dual,planner_daily_expedite_7d,0.0,True,340435.07603795204,0.0,1.0,0,0,120,0,0,0,0,0
37,dual,planner_daily_h28,0.0,True,436091.7563056506,0.0,1.0,3,0,117,0,3,0,0,0
37,dual,planner_daily_h56,0.0,True,1333680.9438002617,0.0,1.0,24,0,96,0,24,0,0,0
37,dual,planner_daily_h14_k48,0.0,True,340435.07603795204,0.0,1.0,0,0,120,0,0,0,0,0
38,compound,rl_only,110.0,True,527334.106,0.3319,0.8872,,,,,,,,
38,compound,crl,82.8,True,492191.764,0.3846,0.9056,,,,,,,,
38,compound,planner_weekly_h14,109.0,True,560686.2030259336,0.28289192874379226,0.9177344086921113,4,0,116,0,4,0,0,0
38,compound,planner_daily_h14,29.0,True,1414206.6835395047,0.44639179265863477,0.9503057848290121,29,6,91,0,29,0,0,0
38,compound,planner_daily_no_expedite,110.0,False,577953.415269049,0.3635151168473013,0.8758982547699031,0,0,62,0,0,57,0,1
38,compound,planner_daily_expedite_7d,110.0,False,730710.1439781612,0.43995585819181554,0.8275278630124082,4,0,72,0,4,44,0,0
38,compound,planner_daily_h28,26.0,True,1312750.8332098564,0.30039081202285817,0.9740201979269624,39,15,81,0,39,0,0,0
38,compound,planner_daily_h56,26.0,True,1312750.8332098564,0.30039081202285817,0.9740201979269624,39,15,81,0,39,0,0,0
38,compound,planner_daily_h14_k48,29.0,True,1414206.6835395047,0.44639179265863477,0.9503057848290121,29,6,91,0,29,0,0,0
39,single,rl_only,58.2,True,414861.434,0.1413,0.9677,,,,,,,,
39,single,crl,0.0,True,394260.426,0.0,1.0,,,,,,,,
39,single,planner_weekly_h14,81.0,True,414517.44967760745,0.13656336620815504,0.9824533341659056,0,0,106,0,0,14,0,0
39,single,planner_daily_h14,0.0,True,383274.6392632002,0.0,1.0,0,0,18,0,0,102,0,0
39,single,planner_daily_no_expedite,0.0,True,383274.6392632002,0.0,1.0,0,0,18,0,0,102,0,0
39,single,planner_daily_expedite_7d,0.0,True,383274.6392632002,0.0,1.0,0,0,18,0,0,102,0,0
39,single,planner_daily_h28,99.0,True,439982.965621249,0.2398180733407674,0.9429546183870929,0,0,114,6,0,0,0,0
39,single,planner_daily_h56,100.0,True,697704.0489061094,0.23879476058797663,0.947312170321761,8,0,103,9,8,0,0,0
39,single,planner_daily_h14_k48,0.0,True,383274.6392632002,0.0,1.0,0,0,17,0,0,103,0,0
40,dual,rl_only,0.0,True,346797.748,0.0,1.0,,,,,,,,
40,dual,crl,0.0,True,335872.184,0.0,1.0,,,,,,,,
40,dual,planner_weekly_h14,0.0,True,379597.17207487795,0.0,1.0,0,0,105,0,0,15,0,0
40,dual,planner_daily_h14,0.0,True,379597.17207487795,0.0,1.0,0,0,10,0,0,110,0,0
40,dual,planner_daily_no_expedite,0.0,True,379597.17207487795,0.0,1.0,0,0,10,0,0,110,0,0
40,dual,planner_daily_expedite_7d,0.0,True,379597.17207487795,0.0,1.0,0,0,10,0,0,110,0,0
40,dual,planner_daily_h28,100.0,True,575052.8897565003,0.1814573092104229,0.9686856218708114,9,0,111,0,9,0,0,0
40,dual,planner_daily_h56,0.0,True,1246590.4954399539,0.0,1.0,25,1,95,0,25,0,0,0
40,dual,planner_daily_h14_k48,0.0,True,379597.17207487795,0.0,1.0,0,0,11,0,0,109,0,0
41,compound,rl_only,41.8,True,462985.094,0.4965,0.9222,,,,,,,,
41,compound,crl,39.2,True,434582.998,0.4885,0.9303,,,,,,,,
41,compound,planner_weekly_h14,35.0,True,514455.6702696979,0.4343563811970135,0.9477597706889024,4,0,116,0,4,0,0,0
41,compound,planner_daily_h14,34.0,True,1482509.6080458318,0.3933237793887669,0.9568506797798114,21,0,23,0,21,76,0,0
41,compound,planner_daily_no_expedite,48.0,True,448953.84854304866,0.4123138029924391,0.9347188491279754,0,0,59,0,0,60,0,1
41,compound,planner_daily_expedite_7d,50.0,True,585286.2145777247,0.5054365729171839,0.9023855755949755,3,0,54,0,3,62,0,1
41,compound,planner_daily_h28,29.0,True,1199162.1166666208,0.1912742988006009,0.989495911796667,37,14,83,0,37,0,0,0
41,compound,planner_daily_h56,29.0,True,1207858.7286982434,0.1912742988006009,0.989495911796667,41,17,79,0,41,0,0,0
41,compound,planner_daily_h14_k48,34.0,True,1482509.6080458318,0.3933237793887669,0.9568506797798114,21,0,23,0,21,76,0,0
42,single,rl_only,0.0,True,377348.15,0.0,1.0,,,,,,,,
42,single,crl,0.0,True,368804.732,0.0,1.0,,,,,,,,
42,single,planner_weekly_h14,0.0,True,342818.814151824,0.0,1.0,0,0,120,0,0,0,0,0
42,single,planner_daily_h14,0.0,True,342818.814151824,0.0,1.0,0,0,120,0,0,0,0,0
42,single,planner_daily_no_expedite,0.0,True,342818.814151824,0.0,1.0,0,0,120,0,0,0,0,0
42,single,planner_daily_expedite_7d,0.0,True,342818.814151824,0.0,1.0,0,0,120,0,0,0,0,0
42,single,planner_daily_h28,0.0,True,342818.814151824,0.0,1.0,0,0,120,0,0,0,0,0
42,single,planner_daily_h56,0.0,True,342818.814151824,0.0,1.0,0,0,120,0,0,0,0,0
42,single,planner_daily_h14_k48,0.0,True,342818.814151824,0.0,1.0,0,0,120,0,0,0,0,0
43,dual,rl_only,95.2,True,457933.694,0.3126,0.9176,,,,,,,,
43,dual,crl,94.8,True,441037.582,0.3213,0.9165,,,,,,,,
43,dual,planner_weekly_h14,86.0,True,570230.0042944767,0.3692756590006714,0.9035783915722043,2,0,108,0,2,10,0,0
43,dual,planner_daily_h14,110.0,False,1049383.0398839018,0.3507364581894239,0.8888804848908313,13,0,30,0,13,77,0,0
43,dual,planner_daily_no_expedite,85.0,True,458258.2256497473,0.31274157161286315,0.9250825054969999,0,0,56,0,0,63,0,1
43,dual,planner_daily_expedite_7d,85.0,True,524765.3710747343,0.3250290145007919,0.9214803621797719,2,0,51,0,2,66,0,1
43,dual,planner_daily_h28,0.0,True,1218967.6863146245,0.0,1.0,24,1,96,0,24,0,0,0
43,dual,planner_daily_h56,0.0,True,1213182.7877388808,0.0,1.0,30,6,90,0,30,0,0,0
43,dual,planner_daily_h14_k48,110.0,False,1019431.9968968347,0.43194232648873976,0.8405017761358915,12,0,37,0,12,71,0,0
44,compound,rl_only,94.4,True,503547.756,0.3791,0.8985,,,,,,,,
44,compound,crl,71.6,True,449221.18,0.1936,0.9641,,,,,,,,
44,compound,planner_weekly_h14,69.0,True,651700.5657830327,0.4314138860332686,0.8950439204150407,4,0,106,0,4,10,0,0
44,compound,planner_daily_h14,33.0,True,1627700.2265196189,0.46196675755315747,0.9421506622892674,29,6,18,0,29,73,0,0
44,compound,planner_daily_no_expedite,109.0,True,549178.2556268023,0.31467855513975873,0.8968765551482378,0,0,49,10,0,59,0,2
44,compound,planner_daily_expedite_7d,110.0,False,803491.7086308333,0.37849218778908617,0.8610293585998775,4,0,62,9,4,43,0,2
44,compound,planner_daily_h28,0.0,True,1422073.356965238,0.0,1.0,18,0,10,9,18,83,0,0
44,compound,planner_daily_h56,33.0,True,1472456.7939557338,0.30243442208710414,0.9708520807256057,23,0,87,10,23,0,0,0
44,compound,planner_daily_h14_k48,33.0,True,1627700.2265196189,0.46196675755315747,0.9421506622892674,29,6,18,0,29,73,0,0
45,single,rl_only,0.0,True,387533.898,0.0,1.0,,,,,,,,
45,single,crl,0.0,True,402213.906,0.0,1.0,,,,,,,,
45,single,planner_weekly_h14,0.0,True,327254.19400583865,0.0,1.0,0,0,120,0,0,0,0,0
45,single,planner_daily_h14,0.0,True,327254.19400583865,0.0,1.0,0,0,120,0,0,0,0,0
45,single,planner_daily_no_expedite,0.0,True,327254.19400583865,0.0,1.0,0,0,120,0,0,0,0,0
45,single,planner_daily_expedite_7d,0.0,True,327254.19400583865,0.0,1.0,0,0,120,0,0,0,0,0
45,single,planner_daily_h28,0.0,True,327254.19400583865,0.0,1.0,0,0,120,0,0,0,0,0
45,single,planner_daily_h56,0.0,True,327254.19400583865,0.0,1.0,0,0,120,0,0,0,0,0
45,single,planner_daily_h14_k48,0.0,True,327254.19400583865,0.0,1.0,0,0,120,0,0,0,0,0
46,dual,rl_only,74.8,True,444645.256,0.2682,0.952,,,,,,,,
46,dual,crl,82.8,True,448044.464,0.2794,0.9382,,,,,,,,
46,dual,planner_weekly_h14,55.0,True,618358.6281356665,0.39833571299556586,0.9254050693237579,3,0,107,0,3,10,0,0
46,dual,planner_daily_h14,109.0,True,1106635.053260402,0.3967982132410339,0.8644578349384976,13,0,47,0,13,60,0,0
46,dual,planner_daily_no_expedite,97.0,True,540711.173352497,0.357563960165291,0.8901477513824227,0,0,71,0,0,47,0,2
46,dual,planner_daily_expedite_7d,90.0,True,585177.4499315064,0.2689466752130545,0.9349320455464625,3,0,65,0,3,50,0,2
46,dual,planner_daily_h28,0.0,True,1335794.0771605913,0.0,1.0,33,9,87,0,33,0,0,0
46,dual,planner_daily_h56,0.0,True,1318157.932641958,0.0,1.0,36,12,84,0,36,0,0,0
46,dual,planner_daily_h14_k48,102.0,True,1050831.1151881067,0.41375842733255325,0.8640571772741357,12,0,48,0,12,60,0,0
47,compound,rl_only,41.8,True,464608.504,0.2235,0.9509,,,,,,,,
47,compound,crl,22.0,True,428047.852,0.0291,0.995,,,,,,,,
47,compound,planner_weekly_h14,81.0,True,531740.1431235648,0.270386578216846,0.9442198333146197,3,0,116,1,3,0,0,0
47,compound,planner_daily_h14,35.0,True,1703849.6317358909,0.4105786858253973,0.9525125466814278,23,1,24,0,23,73,0,0
47,compound,planner_daily_no_expedite,110.0,False,516358.65892954124,0.2222053929963236,0.9497173503039061,0,0,55,10,0,55,0,0
47,compound,planner_daily_expedite_7d,99.0,True,645010.6755176763,0.28153389625466146,0.925286303942648,2,0,64,9,2,45,0,0
47,compound,planner_daily_h28,0.0,True,1049206.847235392,0.0,1.0,15,0,96,9,15,0,0,0
47,compound,planner_daily_h56,0.0,True,1630765.6430030416,0.0,1.0,25,3,85,10,25,0,0,0
47,compound,planner_daily_h14_k48,34.0,True,1669494.5464999464,0.3676778538200351,0.961603455772337,23,1,23,0,23,74,0,0
48,single,rl_only,0.0,True,333447.116,0.0,1.0,,,,,,,,
48,single,crl,42.4,True,334055.276,0.0229,0.9975,,,,,,,,
48,single,planner_weekly_h14,0.0,True,349510.02102817455,0.0,1.0,0,0,104,0,0,16,0,0
48,single,planner_daily_h14,0.0,True,349787.8382147088,0.0,1.0,0,0,10,0,0,110,0,0
48,single,planner_daily_no_expedite,0.0,True,349787.8382147088,0.0,1.0,0,0,10,0,0,110,0,0
48,single,planner_daily_expedite_7d,0.0,True,349787.8382147088,0.0,1.0,0,0,10,0,0,110,0,0
48,single,planner_daily_h28,0.0,True,286310.8889315473,0.0,1.0,0,0,120,0,0,0,0,0
48,single,planner_daily_h56,0.0,True,286310.8889315473,0.0,1.0,0,0,120,0,0,0,0,0
48,single,planner_daily_h14_k48,0.0,True,349787.8382147088,0.0,1.0,0,0,10,0,0,110,0,0
49,dual,rl_only,56.0,True,412489.382,0.1794,0.9532,,,,,,,,
49,dual,crl,15.0,True,382646.16,0.023,0.9978,,,,,,,,
49,dual,planner_weekly_h14,69.0,True,434219.65870216355,0.2666129853913882,0.9560256748834,0,0,109,2,0,9,0,0
49,dual,planner_daily_h14,95.0,True,530224.1766423156,0.313562335923262,0.9149964210487582,2,0,68,2,2,48,0,0
49,dual,planner_daily_no_expedite,43.0,True,435461.44781518617,0.2766967245802591,0.9705218037441401,0,0,52,6,0,62,0,0
49,dual,planner_daily_expedite_7d,110.0,False,448990.4476860026,0.1487156512305672,0.9702997715471277,1,0,58,5,1,56,0,0
49,dual,planner_daily_h28,110.0,False,567113.8246561337,0.07664783180277991,0.9927119744633615,3,0,30,10,3,77,0,0
49,dual,planner_daily_h56,0.0,True,1031664.7788441017,0.0,1.0,15,0,95,10,15,0,0,0
49,dual,planner_daily_h14_k48,43.0,True,425039.6292243541,0.18519667604442122,0.9849675907464135,0,0,48,8,0,64,0,0
50,compound,rl_only,62.6,True,664593.526,0.4427,0.8948,,,,,,,,
50,compound,crl,63.2,True,483767.636,0.2696,0.9602,,,,,,,,
50,compound,planner_weekly_h14,110.0,False,705769.365510317,0.3770078596723776,0.8654904838040459,4,0,115,1,4,0,0,0
50,compound,planner_daily_h14,32.0,True,1685239.0146393077,0.4819524302553049,0.9416510190090316,27,5,20,0,27,73,0,0
50,compound,planner_daily_no_expedite,91.0,True,656010.816917431,0.49939465110187803,0.8282477107177868,0,0,64,10,0,46,0,0
50,compound,planner_daily_expedite_7d,90.0,True,741258.4040397556,0.3858389649206032,0.8916597385051765,3,0,54,9,3,54,0,0
50,compound,planner_daily_h28,24.0,True,1257506.7186791298,0.22084478734897267,0.9877813198530988,18,0,93,9,18,0,0,0
50,compound,planner_daily_h56,0.0,True,1643242.394953951,0.0,1.0,22,0,88,10,22,0,0,0
50,compound,planner_daily_h14_k48,33.0,True,1707831.307301624,0.5203718257757144,0.9325601099181224,26,4,21,0,26,73,0,0
51,single,rl_only,0.0,True,376258.916,0.0,1.0,,,,,,,,
51,single,crl,0.0,True,400945.56,0.0,1.0,,,,,,,,
51,single,planner_weekly_h14,0.0,True,369704.06612904853,0.0,1.0,0,0,104,0,0,16,0,0
51,single,planner_daily_h14,0.0,True,372110.89186583954,0.0,1.0,0,0,10,0,0,110,0,0
51,single,planner_daily_no_expedite,0.0,True,372110.89186583954,0.0,1.0,0,0,10,0,0,110,0,0
51,single,planner_daily_expedite_7d,0.0,True,372110.89186583954,0.0,1.0,0,0,10,0,0,110,0,0
51,single,planner_daily_h28,0.0,True,318727.92867564975,0.0,1.0,0,0,120,0,0,0,0,0
51,single,planner_daily_h56,0.0,True,520563.53752840677,0.0,1.0,5,0,108,7,5,0,0,0
51,single,planner_daily_h14_k48,0.0,True,372110.89186583954,0.0,1.0,0,0,10,0,0,110,0,0
52,dual,rl_only,0.0,True,311742.732,0.0,1.0,,,,,,,,
52,dual,crl,0.0,True,301703.45,0.0,1.0,,,,,,,,
52,dual,planner_weekly_h14,0.0,True,333620.0697868684,0.0,1.0,0,0,107,0,0,13,0,0
52,dual,planner_daily_h14,0.0,True,334289.60772994236,0.0,1.0,0,0,24,0,0,96,0,0
52,dual,planner_daily_no_expedite,0.0,True,334289.60772994236,0.0,1.0,0,0,24,0,0,96,0,0
52,dual,planner_daily_expedite_7d,0.0,True,334289.60772994236,0.0,1.0,0,0,24,0,0,96,0,0
52,dual,planner_daily_h28,0.0,True,999981.6143583135,0.0,1.0,20,0,100,0,20,0,0,0
52,dual,planner_daily_h56,0.0,True,1158114.9238440674,0.0,1.0,31,8,89,0,31,0,0,0
52,dual,planner_daily_h14_k48,0.0,True,334289.60772994236,0.0,1.0,0,0,24,0,0,96,0,0
53,compound,rl_only,35.4,True,343700.974,0.1694,0.9749,,,,,,,,
53,compound,crl,0.0,True,350281.702,0.0,1.0,,,,,,,,
53,compound,planner_weekly_h14,77.0,True,441801.98070128623,0.15130228513142352,0.9781284730705612,4,0,107,0,4,9,0,0
53,compound,planner_daily_h14,31.0,True,1359006.082556299,0.0627928624402641,0.9968057560595257,23,1,21,0,23,76,0,0
53,compound,planner_daily_no_expedite,110.0,False,387216.5528743751,0.28436097812738237,0.9157947896205486,0,0,65,10,0,44,0,1
53,compound,planner_daily_expedite_7d,106.0,True,614241.0821923848,0.3578958525437816,0.8804089043980688,3,0,57,9,3,50,0,1
53,compound,planner_daily_h28,0.0,True,1102327.4308450879,0.0,1.0,19,0,94,7,19,0,0,0
53,compound,planner_daily_h56,0.0,True,1181932.6901249099,0.0,1.0,19,0,91,10,19,0,0,0
53,compound,planner_daily_h14_k48,31.0,True,1378160.4049590263,0.0627928624402641,0.9968057560595257,24,1,20,0,24,76,0,0
54,single,rl_only,0.0,True,393547.268,0.0,1.0,,,,,,,,
54,single,crl,0.0,True,377356.834,0.0,1.0,,,,,,,,
54,single,planner_weekly_h14,0.0,True,372758.61364649725,0.0,1.0,0,0,120,0,0,0,0,0
54,single,planner_daily_h14,0.0,True,372758.61364649725,0.0,1.0,0,0,120,0,0,0,0,0
54,single,planner_daily_no_expedite,0.0,True,372758.61364649725,0.0,1.0,0,0,120,0,0,0,0,0
54,single,planner_daily_expedite_7d,0.0,True,372758.61364649725,0.0,1.0,0,0,120,0,0,0,0,0
54,single,planner_daily_h28,0.0,True,372758.61364649725,0.0,1.0,0,0,120,0,0,0,0,0
54,single,planner_daily_h56,0.0,True,372758.61364649725,0.0,1.0,0,0,120,0,0,0,0,0
54,single,planner_daily_h14_k48,0.0,True,372758.61364649725,0.0,1.0,0,0,120,0,0,0,0,0
55,dual,rl_only,20.2,True,364098.944,0.0575,0.9845,,,,,,,,
55,dual,crl,0.0,True,376889.64,0.0,1.0,,,,,,,,
55,dual,planner_weekly_h14,0.0,True,364119.8967588111,0.0,1.0,0,0,104,0,0,16,0,0
55,dual,planner_daily_h14,0.0,True,365110.53048399807,0.0,1.0,0,0,17,0,0,103,0,0
55,dual,planner_daily_no_expedite,0.0,True,365110.53048399807,0.0,1.0,0,0,17,0,0,103,0,0
55,dual,planner_daily_expedite_7d,0.0,True,365110.53048399807,0.0,1.0,0,0,17,0,0,103,0,0
55,dual,planner_daily_h28,0.0,True,416910.61143998324,0.0,1.0,3,0,108,9,3,0,0,0
55,dual,planner_daily_h56,0.0,True,360639.52890946815,0.0,1.0,0,0,110,10,0,0,0,0
55,dual,planner_daily_h14_k48,0.0,True,365110.53048399807,0.0,1.0,0,0,18,0,0,102,0,0
56,compound,rl_only,109.6,True,570479.77,0.3329,0.893,,,,,,,,
56,compound,crl,109.4,True,564588.224,0.3146,0.9018,,,,,,,,
56,compound,planner_weekly_h14,108.0,True,710463.5268989097,0.3493772508987176,0.8825935206174184,5,0,115,0,5,0,0,0
56,compound,planner_daily_h14,33.0,True,1734369.6438711456,0.4391071727910407,0.9484037214439303,26,4,22,0,26,72,0,0
56,compound,planner_daily_no_expedite,110.0,False,551988.4037663909,0.3073731332863054,0.9063632407116629,0,0,62,0,0,58,0,0
56,compound,planner_daily_expedite_7d,110.0,False,706807.3630925909,0.3978597655525587,0.8537118226744458,3,0,67,0,3,50,0,0
56,compound,planner_daily_h28,29.0,True,1366556.823738378,0.22257721870113925,0.9838010744582729,40,16,80,0,40,0,0,0
56,compound,planner_daily_h56,28.0,True,1323960.495409838,0.19263817384948903,0.9905074552524923,41,17,79,0,41,0,0,0
56,compound,planner_daily_h14_k48,33.0,True,1734369.6438711456,0.4391071727910407,0.9484037214439303,26,4,22,0,26,72,0,0
57,single,rl_only,0.0,True,392337.94,0.0,1.0,,,,,,,,
57,single,crl,0.0,True,371383.918,0.0,1.0,,,,,,,,
57,single,planner_weekly_h14,0.0,True,416512.570814248,0.0,1.0,0,0,104,0,0,16,0,0
57,single,planner_daily_h14,0.0,True,416874.4598865072,0.0,1.0,0,0,10,0,0,110,0,0
57,single,planner_daily_no_expedite,0.0,True,416874.4598865072,0.0,1.0,0,0,10,0,0,110,0,0
57,single,planner_daily_expedite_7d,0.0,True,416874.4598865072,0.0,1.0,0,0,10,0,0,110,0,0
57,single,planner_daily_h28,0.0,True,361044.5789707878,0.0,1.0,0,0,120,0,0,0,0,0
57,single,planner_daily_h56,0.0,True,361044.5789707878,0.0,1.0,0,0,120,0,0,0,0,0
57,single,planner_daily_h14_k48,0.0,True,416874.4598865072,0.0,1.0,0,0,10,0,0,110,0,0
58,dual,rl_only,0.0,True,338153.276,0.0,1.0,,,,,,,,
58,dual,crl,0.0,True,326514.85,0.0,1.0,,,,,,,,
58,dual,planner_weekly_h14,0.0,True,365434.90877426986,0.0,1.0,0,0,104,0,0,16,0,0
58,dual,planner_daily_h14,0.0,True,363453.5206654419,0.0,1.0,0,0,22,0,0,98,0,0
58,dual,planner_daily_no_expedite,0.0,True,363453.5206654419,0.0,1.0,0,0,22,0,0,98,0,0
58,dual,planner_daily_expedite_7d,0.0,True,363453.5206654419,0.0,1.0,0,0,22,0,0,98,0,0
58,dual,planner_daily_h28,110.0,False,768600.417080374,0.22239271831068522,0.9506393470082029,14,0,106,0,14,0,0,0
58,dual,planner_daily_h56,0.0,True,1211476.7564857537,0.0,1.0,27,3,93,0,27,0,0,0
58,dual,planner_daily_h14_k48,0.0,True,363453.5206654419,0.0,1.0,0,0,23,0,0,97,0,0
59,compound,rl_only,28.0,True,372748.122,0.0764,0.9863,,,,,,,,
59,compound,crl,0.0,True,395767.846,0.0,1.0,,,,,,,,
59,compound,planner_weekly_h14,0.0,True,404571.16079341935,0.0,1.0,0,0,106,2,0,12,0,0
59,compound,planner_daily_h14,0.0,True,1318790.219336604,0.0,1.0,18,0,28,0,18,74,0,0
59,compound,planner_daily_no_expedite,0.0,True,418820.6281085554,0.0,1.0,0,0,35,8,0,77,0,0
59,compound,planner_daily_expedite_7d,0.0,True,476476.5513889893,0.0,1.0,1,0,31,8,1,80,0,0
59,compound,planner_daily_h28,0.0,True,999600.36236654,0.0,1.0,13,0,98,9,13,0,0,0
59,compound,planner_daily_h56,0.0,True,1376099.5175877505,0.0,1.0,20,0,91,9,20,0,0,0
59,compound,planner_daily_h14_k48,0.0,True,569963.8334812268,0.0,1.0,4,0,31,8,4,77,0,0
60,single,rl_only,99.0,True,457410.742,0.2282,0.9504,,,,,,,,
60,single,crl,73.4,True,459745.708,0.1407,0.9664,,,,,,,,
60,single,planner_weekly_h14,109.0,True,576636.8245248605,0.35894964222908465,0.8784960385209928,0,0,107,2,0,11,0,0
60,single,planner_daily_h14,109.0,True,587527.5515867035,0.36933043427315193,0.8691713488650827,0,0,63,4,0,53,0,0
60,single,planner_daily_no_expedite,109.0,True,587527.5515867035,0.36933043427315193,0.8691713488650827,0,0,63,4,0,53,0,0
60,single,planner_daily_expedite_7d,109.0,True,587527.5515867035,0.36933043427315193,0.8691713488650827,0,0,63,4,0,53,0,0
60,single,planner_daily_h28,0.0,True,457835.23820461804,0.0,1.0,2,0,111,7,2,0,0,0
60,single,planner_daily_h56,95.0,True,394484.9398991921,0.14695242691556532,0.979841570108844,0,0,110,10,0,0,0,0
60,single,planner_daily_h14_k48,97.0,True,581102.5997697304,0.3205109179014382,0.9119227188376132,0,0,50,5,0,65,0,0
61,dual,rl_only,41.0,True,350245.012,0.0409,0.9955,,,,,,,,
61,dual,crl,21.4,True,374973.178,0.0401,0.9916,,,,,,,,
61,dual,planner_weekly_h14,0.0,True,399121.0101084924,0.0,1.0,0,0,104,1,0,15,0,0
61,dual,planner_daily_h14,0.0,True,399121.0101084924,0.0,1.0,0,0,23,4,0,93,0,0
61,dual,planner_daily_no_expedite,0.0,True,399121.0101084924,0.0,1.0,0,0,23,4,0,93,0,0
61,dual,planner_daily_expedite_7d,0.0,True,399121.0101084924,0.0,1.0,0,0,23,4,0,93,0,0
61,dual,planner_daily_h28,0.0,True,545674.6749208318,0.0,1.0,6,0,104,10,6,0,0,0
61,dual,planner_daily_h56,0.0,True,346233.10561880714,0.0,1.0,0,0,110,10,0,0,0,0
61,dual,planner_daily_h14_k48,0.0,True,399121.0101084924,0.0,1.0,0,0,25,3,0,92,0,0
62,compound,rl_only,89.4,True,493061.248,0.3481,0.9122,,,,,,,,
62,compound,crl,102.0,True,435960.952,0.1789,0.9663,,,,,,,,
62,compound,planner_weekly_h14,109.0,True,501861.58408936585,0.267881637884368,0.9223457578632933,2,0,116,2,2,0,0,0
62,compound,planner_daily_h14,110.0,False,1061318.2992100837,0.29968484794860456,0.9146424124162609,16,0,33,9,16,62,0,0
62,compound,planner_daily_no_expedite,80.0,True,486550.14880746894,0.33715063714964383,0.917564125574034,0,0,111,9,0,0,0,0
62,compound,planner_daily_expedite_7d,81.0,True,594880.0222188347,0.2821427533089759,0.9375703151071209,4,0,108,8,4,0,0,0
62,compound,planner_daily_h28,107.0,True,1027834.9749466463,0.30529138957653496,0.9097841099966866,10,0,38,10,10,62,0,0
62,compound,planner_daily_h56,0.0,True,1141638.3340081745,0.0,1.0,18,0,92,10,18,0,0,0
62,compound,planner_daily_h14_k48,110.0,False,915415.6450379875,0.2050271028193375,0.9548090258521145,16,0,95,9,16,0,0,0
63,single,rl_only,0.0,True,347529.934,0.0,1.0,,,,,,,,
63,single,crl,0.0,True,336850.538,0.0,1.0,,,,,,,,
63,single,planner_weekly_h14,0.0,True,381485.9463978978,0.0,1.0,0,0,104,0,0,16,0,0
63,single,planner_daily_h14,0.0,True,381999.41341169557,0.0,1.0,0,0,10,0,0,110,0,0
63,single,planner_daily_no_expedite,0.0,True,381999.41341169557,0.0,1.0,0,0,10,0,0,110,0,0
63,single,planner_daily_expedite_7d,0.0,True,381999.41341169557,0.0,1.0,0,0,10,0,0,110,0,0
63,single,planner_daily_h28,0.0,True,311736.71299973066,0.0,1.0,0,0,120,0,0,0,0,0
63,single,planner_daily_h56,0.0,True,616605.0394378931,0.0,0.9992215798855594,10,0,110,0,10,0,0,0
63,single,planner_daily_h14_k48,0.0,True,381999.41341169557,0.0,1.0,0,0,10,0,0,110,0,0
64,dual,rl_only,70.2,True,510629.71,0.4874,0.8694,,,,,,,,
64,dual,crl,80.8,True,527126.296,0.486,0.8514,,,,,,,,
64,dual,planner_weekly_h14,69.0,True,631077.3144949258,0.5011857113717968,0.8622423729971059,3,0,109,0,3,8,0,0
64,dual,planner_daily_h14,23.0,True,1412231.124337221,0.30987705754563866,0.9792180130120436,22,0,18,0,22,80,0,0
64,dual,planner_daily_no_expedite,88.0,True,547293.9716975454,0.3882286313576708,0.8882741879466584,0,0,62,0,0,58,0,0
64,dual,planner_daily_expedite_7d,90.0,True,683664.2369143604,0.5101578840496833,0.821366123693855,4,0,63,0,4,53,0,0
64,dual,planner_daily_h28,0.0,True,1112498.0119886075,0.0,1.0,32,9,88,0,32,0,0,0
64,dual,planner_daily_h56,0.0,True,1101978.4498363337,0.0,1.0,33,10,87,0,33,0,0,0
64,dual,planner_daily_h14_k48,23.0,True,1412231.124337221,0.30987705754563866,0.9792180130120436,22,0,16,0,22,82,0,0
65,compound,rl_only,0.0,True,394806.666,0.0,1.0,,,,,,,,
65,compound,crl,0.0,True,426699.684,0.0,1.0,,,,,,,,
65,compound,planner_weekly_h14,0.0,True,451880.23858958663,0.0,1.0,2,0,106,0,2,12,0,0
65,compound,planner_daily_h14,0.0,True,420250.1485068755,0.0,1.0,0,0,29,8,0,83,0,0
65,compound,planner_daily_no_expedite,0.0,True,420250.1485068755,0.0,1.0,0,0,29,8,0,83,0,0
65,compound,planner_daily_expedite_7d,0.0,True,420250.1485068755,0.0,1.0,0,0,29,8,0,83,0,0
65,compound,planner_daily_h28,0.0,True,823342.925318535,0.0,1.0,9,0,101,10,9,0,0,0
65,compound,planner_daily_h56,0.0,True,1022491.0267128288,0.0,1.0,14,0,96,10,14,0,0,0
65,compound,planner_daily_h14_k48,0.0,True,415621.47239512746,0.0,1.0,0,0,34,4,0,82,0,0
66,single,rl_only,0.0,True,329416.02,0.0,1.0,,,,,,,,
66,single,crl,0.0,True,315755.598,0.0,1.0,,,,,,,,
66,single,planner_weekly_h14,0.0,True,361446.42872260057,0.0,1.0,0,0,104,0,0,16,0,0
66,single,planner_daily_h14,0.0,True,360807.7614433371,0.0,1.0,0,0,10,0,0,110,0,0
66,single,planner_daily_no_expedite,0.0,True,360807.7614433371,0.0,1.0,0,0,10,0,0,110,0,0
66,single,planner_daily_expedite_7d,0.0,True,360807.7614433371,0.0,1.0,0,0,10,0,0,110,0,0
66,single,planner_daily_h28,0.0,True,293867.5376584437,0.0,1.0,0,0,120,0,0,0,0,0
66,single,planner_daily_h56,0.0,True,320197.35291889193,0.0,1.0,1,0,119,0,1,0,0,0
66,single,planner_daily_h14_k48,0.0,True,360807.7614433371,0.0,1.0,0,0,10,0,0,110,0,0
67,dual,rl_only,68.4,True,482752.366,0.4193,0.9021,,,,,,,,
67,dual,crl,68.2,True,499043.626,0.4258,0.8999,,,,,,,,
67,dual,planner_weekly_h14,70.0,True,590095.7247730928,0.4128164719888455,0.8998036316408415,2,0,108,0,2,10,0,0
67,dual,planner_daily_h14,110.0,False,1082422.9670940312,0.2060764873165797,0.9565032853068826,15,0,22,0,15,83,0,0
67,dual,planner_daily_no_expedite,95.0,True,521669.2975843104,0.3308672280879315,0.908323114213683,0,0,48,0,0,71,0,1
67,dual,planner_daily_expedite_7d,71.0,True,662566.4102670177,0.5041953613753667,0.8604995346232626,3,0,55,0,3,61,0,1
67,dual,planner_daily_h28,0.0,True,1197209.3438179006,0.0,1.0,27,4,93,0,27,0,0,0
67,dual,planner_daily_h56,0.0,True,1170676.0526192917,0.0,1.0,31,8,89,0,31,0,0,0
67,dual,planner_daily_h14_k48,110.0,False,1065159.4847415304,0.1547659106392665,0.9724652603577422,15,0,21,0,15,84,0,0
68,compound,rl_only,85.6,True,502443.082,0.344,0.9189,,,,,,,,
68,compound,crl,78.4,True,487065.658,0.2377,0.9543,,,,,,,,
68,compound,planner_weekly_h14,82.0,True,669172.5087371554,0.4425802137736799,0.8666075668554027,4,0,115,1,4,0,0,0
68,compound,planner_daily_h14,28.0,True,1580969.5969895648,0.34846939609002026,0.9683456068928008,26,4,19,0,26,75,0,0
68,compound,planner_daily_no_expedite,83.0,True,559777.7045663362,0.3052541042460738,0.9309050253360783,0,0,42,10,0,68,0,0
68,compound,planner_daily_expedite_7d,104.0,True,701132.2951767305,0.2503504222806346,0.9399487745785553,3,0,50,9,3,58,0,0
68,compound,planner_daily_h28,22.0,True,1218426.9836408575,0.22304339824840583,0.9890037479459304,15,0,10,8,15,87,0,0
68,compound,planner_daily_h56,22.0,True,1503463.5074321877,0.16541889270339552,0.9930320521791096,21,0,89,10,21,0,0,0
68,compound,planner_daily_h14_k48,28.0,True,1601123.9918734243,0.34846939609002026,0.9683456068928008,27,4,18,0,27,75,0,0
69,single,rl_only,0.0,True,377466.126,0.0,1.0,,,,,,,,
69,single,crl,0.0,True,391243.002,0.0,1.0,,,,,,,,
69,single,planner_weekly_h14,0.0,True,383029.0738676682,0.0,1.0,0,0,104,0,0,16,0,0
69,single,planner_daily_h14,0.0,True,383029.0738676682,0.0,1.0,0,0,10,0,0,110,0,0
69,single,planner_daily_no_expedite,0.0,True,383029.0738676682,0.0,1.0,0,0,10,0,0,110,0,0
69,single,planner_daily_expedite_7d,0.0,True,383029.0738676682,0.0,1.0,0,0,10,0,0,110,0,0
69,single,planner_daily_h28,0.0,True,333038.2265565908,0.0,1.0,0,0,120,0,0,0,0,0
69,single,planner_daily_h56,0.0,True,333038.2265565908,0.0,1.0,0,0,120,0,0,0,0,0
69,single,planner_daily_h14_k48,0.0,True,383029.0738676682,0.0,1.0,0,0,10,0,0,110,0,0
70,dual,rl_only,0.0,True,333558.424,0.0,1.0,,,,,,,,
70,dual,crl,0.0,True,329808.472,0.0,1.0,,,,,,,,
70,dual,planner_weekly_h14,0.0,True,307214.15777025616,0.0,1.0,0,0,120,0,0,0,0,0
70,dual,planner_daily_h14,0.0,True,307214.15777025616,0.0,1.0,0,0,120,0,0,0,0,0
70,dual,planner_daily_no_expedite,0.0,True,307214.15777025616,0.0,1.0,0,0,120,0,0,0,0,0
70,dual,planner_daily_expedite_7d,0.0,True,307214.15777025616,0.0,1.0,0,0,120,0,0,0,0,0
70,dual,planner_daily_h28,0.0,True,805032.0417423958,0.0,1.0,14,0,106,0,14,0,0,0
70,dual,planner_daily_h56,0.0,True,1278561.56908708,0.0,1.0,29,5,91,0,29,0,0,0
70,dual,planner_daily_h14_k48,0.0,True,307214.15777025616,0.0,1.0,0,0,120,0,0,0,0,0
71,compound,rl_only,92.2,True,523316.058,0.3027,0.9224,,,,,,,,
71,compound,crl,77.8,True,468599.866,0.1413,0.9725,,,,,,,,
71,compound,planner_weekly_h14,96.0,True,530303.9131346318,0.2276815527018861,0.9450142089273499,3,0,117,0,3,0,0,0
71,compound,planner_daily_h14,98.0,True,1106095.6818306888,0.31837244806716014,0.9169173220774887,9,0,41,5,9,65,0,0
71,compound,planner_daily_no_expedite,85.0,True,549089.5825958664,0.34560703648019847,0.9086205223309706,0,0,59,10,0,51,0,0
71,compound,planner_daily_expedite_7d,85.0,True,594332.7515160654,0.22422598232578067,0.9612404375816392,2,0,41,9,2,68,0,0
71,compound,planner_daily_h28,0.0,True,1008641.7419542518,0.0,1.0,15,0,95,10,15,0,0,0
71,compound,planner_daily_h56,0.0,True,1448770.3655303793,0.0,1.0,19,0,91,10,19,0,0,0
71,compound,planner_daily_h14_k48,33.0,True,1735911.6772226917,0.11037830524217793,0.9942583394620581,22,1,25,1,22,72,0,0
72,single,rl_only,0.0,True,432401.308,0.0,1.0,,,,,,,,
72,single,crl,0.0,True,418024.826,0.0,1.0,,,,,,,,
72,single,planner_weekly_h14,0.0,True,389423.29619734146,0.0,1.0,0,0,120,0,0,0,0,0
72,single,planner_daily_h14,0.0,True,389423.29619734146,0.0,1.0,0,0,120,0,0,0,0,0
72,single,planner_daily_no_expedite,0.0,True,389423.29619734146,0.0,1.0,0,0,120,0,0,0,0,0
72,single,planner_daily_expedite_7d,0.0,True,389423.29619734146,0.0,1.0,0,0,120,0,0,0,0,0
72,single,planner_daily_h28,0.0,True,389423.29619734146,0.0,1.0,0,0,120,0,0,0,0,0
72,single,planner_daily_h56,0.0,True,389423.29619734146,0.0,1.0,0,0,120,0,0,0,0,0
72,single,planner_daily_h14_k48,0.0,True,389423.29619734146,0.0,1.0,0,0,120,0,0,0,0,0
73,dual,rl_only,0.0,True,377367.798,0.0,1.0,,,,,,,,
73,dual,crl,0.0,True,397103.248,0.0,1.0,,,,,,,,
73,dual,planner_weekly_h14,0.0,True,378205.8439368196,0.0,1.0,0,0,107,0,0,13,0,0
73,dual,planner_daily_h14,0.0,True,377521.0552680405,0.0,1.0,0,0,33,0,0,87,0,0
73,dual,planner_daily_no_expedite,0.0,True,377521.0552680405,0.0,1.0,0,0,33,0,0,87,0,0
73,dual,planner_daily_expedite_7d,0.0,True,377521.0552680405,0.0,1.0,0,0,33,0,0,87,0,0
73,dual,planner_daily_h28,0.0,True,619660.3594728099,0.0,1.0,7,0,104,9,7,0,0,0
73,dual,planner_daily_h56,0.0,True,412581.52702881006,0.0,1.0,1,0,109,10,1,0,0,0
73,dual,planner_daily_h14_k48,0.0,True,376368.223717269,0.0,1.0,0,0,32,0,0,88,0,0
74,compound,rl_only,44.0,True,363150.532,0.0529,0.9922,,,,,,,,
74,compound,crl,44.0,True,373214.206,0.0457,0.9945,,,,,,,,
74,compound,planner_weekly_h14,110.0,False,452786.1233218016,0.03671848716705314,0.9964953326749914,3,0,107,0,3,10,0,0
74,compound,planner_daily_h14,0.0,True,1342385.5865028282,0.0,1.0,19,0,24,0,19,77,0,0
74,compound,planner_daily_no_expedite,0.0,True,404860.8373237997,0.0,1.0,0,0,32,10,0,78,0,0
74,compound,planner_daily_expedite_7d,0.0,True,534196.9476042497,0.0,1.0,2,0,27,9,2,82,0,0
74,compound,planner_daily_h28,0.0,True,804142.5375318171,0.0,1.0,7,0,14,10,7,89,0,0
74,compound,planner_daily_h56,0.0,True,1508699.9705839937,0.0,1.0,22,0,88,10,22,0,0,0
74,compound,planner_daily_h14_k48,110.0,False,942612.9069209226,0.42466896688080064,0.8433825262389179,10,0,46,6,10,58,0,0
75,single,rl_only,0.0,True,423581.198,0.0,1.0,,,,,,,,
75,single,crl,0.0,True,431309.648,0.0,1.0,,,,,,,,
75,single,planner_weekly_h14,0.0,True,354033.02876500797,0.0,1.0,0,0,120,0,0,0,0,0
75,single,planner_daily_h14,0.0,True,354033.02876500797,0.0,1.0,0,0,120,0,0,0,0,0
75,single,planner_daily_no_expedite,0.0,True,354033.02876500797,0.0,1.0,0,0,120,0,0,0,0,0
75,single,planner_daily_expedite_7d,0.0,True,354033.02876500797,0.0,1.0,0,0,120,0,0,0,0,0
75,single,planner_daily_h28,0.0,True,354033.02876500797,0.0,1.0,0,0,120,0,0,0,0,0
75,single,planner_daily_h56,0.0,True,354033.02876500797,0.0,1.0,0,0,120,0,0,0,0,0
75,single,planner_daily_h14_k48,0.0,True,354033.02876500797,0.0,1.0,0,0,120,0,0,0,0,0
76,dual,rl_only,92.0,True,474390.942,0.2772,0.9255,,,,,,,,
76,dual,crl,84.8,True,453585.274,0.2203,0.961,,,,,,,,
76,dual,planner_weekly_h14,83.0,True,618044.5374977038,0.4189769231044828,0.88005406715475,1,0,107,2,1,10,0,0
76,dual,planner_daily_h14,110.0,False,1070156.0106782438,0.37755932449595536,0.8705464158731996,10,0,30,3,10,77,0,0
76,dual,planner_daily_no_expedite,110.0,False,503016.6537500458,0.2566679632743036,0.932084257907629,0,0,39,10,0,71,0,0
76,dual,planner_daily_expedite_7d,22.0,True,587590.8361491873,0.3167186875031985,0.981119817030969,2,0,18,8,2,92,0,0
76,dual,planner_daily_h28,0.0,True,437816.4557252467,0.0,1.0,2,0,108,10,2,0,0,0
76,dual,planner_daily_h56,107.0,True,757496.5899902389,0.297017997224602,0.9135344159416467,8,0,102,10,8,0,0,0
76,dual,planner_daily_h14_k48,110.0,False,972514.3073636856,0.5193945314529698,0.7837577462501158,9,0,42,10,9,59,0,0
77,compound,rl_only,44.0,True,334627.968,0.065,0.9868,,,,,,,,
77,compound,crl,0.0,True,332059.376,0.0,1.0,,,,,,,,
77,compound,planner_weekly_h14,0.0,True,412450.57926012896,0.0,1.0,3,0,117,0,3,0,0,0
77,compound,planner_daily_h14,110.0,False,884744.1551431451,0.19903873019505985,0.9596496132441867,11,0,38,0,11,71,0,0
77,compound,planner_daily_no_expedite,110.0,False,390172.8036146967,0.19857087703491247,0.9597030679099686,0,0,65,0,0,55,0,0
77,compound,planner_daily_expedite_7d,110.0,False,465061.9602200816,0.14400493036882467,0.976606693671891,2,0,59,0,2,59,0,0
77,compound,planner_daily_h28,0.0,True,1528878.5377821673,0.0,1.0,31,7,12,0,31,77,0,0
77,compound,planner_daily_h56,0.0,True,1275526.5625832197,0.0,1.0,37,13,83,0,37,0,0,0
77,compound,planner_daily_h14_k48,110.0,False,884744.1551431451,0.19903873019505985,0.9596496132441867,11,0,38,0,11,71,0,0
78,single,rl_only,0.0,True,408296.03,0.0,1.0,,,,,,,,
78,single,crl,0.0,True,429882.946,0.0,1.0,,,,,,,,
78,single,planner_weekly_h14,0.0,True,366959.20389469207,0.0,1.0,0,0,120,0,0,0,0,0
78,single,planner_daily_h14,0.0,True,366959.20389469207,0.0,1.0,0,0,120,0,0,0,0,0
78,single,planner_daily_no_expedite,0.0,True,366959.20389469207,0.0,1.0,0,0,120,0,0,0,0,0
78,single,planner_daily_expedite_7d,0.0,True,366959.20389469207,0.0,1.0,0,0,120,0,0,0,0,0
78,single,planner_daily_h28,0.0,True,366959.20389469207,0.0,1.0,0,0,120,0,0,0,0,0
78,single,planner_daily_h56,0.0,True,828559.0740464098,0.0,1.0,9,0,105,6,9,0,0,0
78,single,planner_daily_h14_k48,0.0,True,366959.20389469207,0.0,1.0,0,0,120,0,0,0,0,0
79,dual,rl_only,0.0,True,315485.306,0.0,0.9996,,,,,,,,
79,dual,crl,0.0,True,309489.848,0.0,1.0,,,,,,,,
79,dual,planner_weekly_h14,108.0,True,354444.72098945954,0.05386779116904262,0.9949135756742573,0,0,107,0,0,13,0,0
79,dual,planner_daily_h14,108.0,True,354444.72098945954,0.05386779116904262,0.9949135756742573,0,0,28,0,0,92,0,0
79,dual,planner_daily_no_expedite,108.0,True,354444.72098945954,0.05386779116904262,0.9949135756742573,0,0,28,0,0,92,0,0
79,dual,planner_daily_expedite_7d,108.0,True,354444.72098945954,0.05386779116904262,0.9949135756742573,0,0,28,0,0,92,0,0
79,dual,planner_daily_h28,0.0,True,857482.3588212496,0.0,1.0,18,0,102,0,18,0,0,0
79,dual,planner_daily_h56,0.0,True,1131085.3492916103,0.0,1.0,27,3,93,0,27,0,0,0
79,dual,planner_daily_h14_k48,108.0,True,354444.72098945954,0.05386779116904262,0.9949135756742573,0,0,28,0,0,92,0,0
80,compound,rl_only,110.0,True,547837.444,0.3726,0.8637,,,,,,,,
80,compound,crl,110.0,True,493097.532,0.2662,0.9199,,,,,,,,
80,compound,planner_weekly_h14,109.0,True,518942.84023342724,0.26408625879681574,0.9295970077014157,3,0,116,1,3,0,0,0
80,compound,planner_daily_h14,34.0,True,1540468.084802182,0.17537062168087356,0.9877274720134238,23,1,25,0,23,72,0,0
80,compound,planner_daily_no_expedite,110.0,False,527640.396402654,0.3029990713685422,0.9102047147474445,0,0,63,9,0,48,0,0
80,compound,planner_daily_expedite_7d,110.0,False,629639.7344254277,0.2225715828091583,0.9473159418584503,3,0,57,8,3,52,0,0
80,compound,planner_daily_h28,0.0,True,974222.3990566854,0.0,1.0,9,0,16,9,9,86,0,0
80,compound,planner_daily_h56,0.0,True,1434494.3547464535,0.0,1.0,22,0,89,9,22,0,0,0
80,compound,planner_daily_h14_k48,34.0,True,1540468.084802182,0.17537062168087356,0.9877274720134238,23,1,25,0,23,72,0,0
81,single,rl_only,0.0,True,364066.3,0.0,1.0,,,,,,,,
81,single,crl,0.0,True,357637.682,0.0,1.0,,,,,,,,
81,single,planner_weekly_h14,0.0,True,414465.0979097785,0.0,1.0,0,0,104,0,0,16,0,0
81,single,planner_daily_h14,0.0,True,415331.51511821034,0.0,1.0,0,0,10,0,0,110,0,0
81,single,planner_daily_no_expedite,0.0,True,415331.51511821034,0.0,1.0,0,0,10,0,0,110,0,0
81,single,planner_daily_expedite_7d,0.0,True,415331.51511821034,0.0,1.0,0,0,10,0,0,110,0,0
81,single,planner_daily_h28,0.0,True,337758.122052658,0.0,1.0,0,0,120,0,0,0,0,0
81,single,planner_daily_h56,0.0,True,365227.7421801626,0.0,1.0,1,0,119,0,1,0,0,0
81,single,planner_daily_h14_k48,0.0,True,415331.51511821034,0.0,1.0,0,0,10,0,0,110,0,0
82,dual,rl_only,48.2,True,434563.754,0.1194,0.9809,,,,,,,,
82,dual,crl,48.0,True,451272.128,0.0779,0.9874,,,,,,,,
82,dual,planner_weekly_h14,0.0,True,455131.6403526477,0.0,1.0,3,0,117,0,3,0,0,0
82,dual,planner_daily_h14,101.0,True,551033.5472750225,0.29199961356434057,0.9216932253644267,0,0,59,8,0,53,0,0
82,dual,planner_daily_no_expedite,101.0,True,551033.5472750225,0.29199961356434057,0.9216932253644267,0,0,59,8,0,53,0,0
82,dual,planner_daily_expedite_7d,101.0,True,551033.5472750225,0.29199961356434057,0.9216932253644267,0,0,59,8,0,53,0,0
82,dual,planner_daily_h28,102.0,True,941348.821214055,0.19665824768603643,0.9626928510184993,9,0,37,9,9,65,0,0
82,dual,planner_daily_h56,0.0,True,1002263.3535460196,0.0,1.0,14,0,96,10,14,0,0,0
82,dual,planner_daily_h14_k48,101.0,True,551033.5472750225,0.29199961356434057,0.9216932253644267,0,0,61,8,0,51,0,0
83,compound,rl_only,51.2,True,520531.636,0.3742,0.919,,,,,,,,
83,compound,crl,51.0,True,404673.686,0.2211,0.9801,,,,,,,,
83,compound,planner_weekly_h14,100.0,True,596559.5811862502,0.40447558325886923,0.8600919782154595,5,0,115,0,5,0,0,0
83,compound,planner_daily_h14,31.0,True,1459056.1561089815,0.4788809809648546,0.9415002182166894,26,3,19,0,26,75,0,0
83,compound,planner_daily_no_expedite,109.0,True,523454.564851373,0.28196429562839104,0.9187833675852406,0,0,46,10,0,63,0,1
83,compound,planner_daily_expedite_7d,77.0,True,683080.314390317,0.4646732572824538,0.8595948436282291,4,0,53,9,4,53,0,1
83,compound,planner_daily_h28,23.0,True,1348380.095363043,0.13170101558918998,0.9942893367456073,21,0,90,9,21,0,0,0
83,compound,planner_daily_h56,23.0,True,1439998.3398603667,0.31824311574892883,0.978699693621179,21,0,89,10,21,0,0,0
83,compound,planner_daily_h14_k48,31.0,True,1459056.1561089815,0.4788809809648546,0.9415002182166894,26,3,19,0,26,75,0,0
84,single,rl_only,54.6,True,437968.908,0.1366,0.968,,,,,,,,
84,single,crl,20.2,True,439071.018,0.0384,0.9924,,,,,,,,
84,single,planner_weekly_h14,103.0,True,512524.601405574,0.2226574427462142,0.9507470349127743,0,0,105,2,0,13,0,0
84,single,planner_daily_h14,103.0,True,512524.601405574,0.2226574427462142,0.9507470349127743,0,0,46,5,0,69,0,0
84,single,planner_daily_no_expedite,103.0,True,512524.601405574,0.2226574427462142,0.9507470349127743,0,0,46,5,0,69,0,0
84,single,planner_daily_expedite_7d,103.0,True,512524.601405574,0.2226574427462142,0.9507470349127743,0,0,46,5,0,69,0,0
84,single,planner_daily_h28,0.0,True,372538.2072579247,0.0,1.0,0,0,113,7,0,0,0,0
84,single,planner_daily_h56,110.0,False,578951.9657271727,0.21887871124634367,0.9508319404825957,3,0,107,10,3,0,0,0
84,single,planner_daily_h14_k48,103.0,True,512524.601405574,0.2226574427462142,0.9507470349127743,0,0,47,5,0,68,0,0
85,dual,rl_only,96.8,True,449763.796,0.2559,0.9358,,,,,,,,
85,dual,crl,79.4,True,417234.948,0.1446,0.9749,,,,,,,,
85,dual,planner_weekly_h14,97.0,True,620489.5264106716,0.4360251027910527,0.8519776310271264,1,0,107,2,1,10,0,0
85,dual,planner_daily_h14,25.0,True,1046010.8745184632,0.20845974694029518,0.9890399822074045,11,0,17,2,11,90,0,0
85,dual,planner_daily_no_expedite,98.0,True,483747.4168206897,0.24121243593811595,0.9450624574895716,0,0,41,10,0,69,0,0
85,dual,planner_daily_expedite_7d,98.0,True,617841.7664934297,0.2917358991305615,0.9241704490608638,2,0,41,8,2,69,0,0
85,dual,planner_daily_h28,0.0,True,579425.4374968793,0.0,1.0,5,0,105,10,5,0,0,0
85,dual,planner_daily_h56,0.0,True,671281.8923349342,0.0,1.0,7,0,103,10,7,0,0,0
85,dual,planner_daily_h14_k48,110.0,False,923614.0123667928,0.40068628529391154,0.8570655632907956,8,0,42,10,8,60,0,0
86,compound,rl_only,70.0,True,530216.166,0.3847,0.9072,,,,,,,,
86,compound,crl,67.0,True,424311.418,0.1724,0.9744,,,,,,,,
86,compound,planner_weekly_h14,53.0,True,510523.9124295582,0.37684097493127194,0.93519574821435,4,0,116,0,4,0,0,0
86,compound,planner_daily_h14,31.0,True,1545287.411648125,0.41041904152430003,0.9572172380148319,22,0,22,0,22,76,0,0
86,compound,planner_daily_no_expedite,108.0,True,548322.3867314246,0.3581530284155354,0.8811000583592077,0,0,61,10,0,48,0,1
86,compound,planner_daily_expedite_7d,108.0,True,656735.9235683387,0.3266519911706844,0.8948364830141962,3,0,59,9,3,48,0,1
86,compound,planner_daily_h28,89.0,True,923749.6906581764,0.34364184959808314,0.9061452069347516,8,0,48,10,8,54,0,0
86,compound,planner_daily_h56,26.0,True,1381076.7001994702,0.29137561440495463,0.9801018660757664,22,0,88,10,22,0,0,0
86,compound,planner_daily_h14_k48,31.0,True,1545287.411648125,0.41041904152430003,0.9572172380148319,22,0,22,0,22,76,0,0
87,single,rl_only,0.0,True,392256.904,0.0,1.0,,,,,,,,
87,single,crl,0.0,True,405416.76,0.0,1.0,,,,,,,,
87,single,planner_weekly_h14,0.0,True,341397.7589490199,0.0,1.0,0,0,120,0,0,0,0,0
87,single,planner_daily_h14,0.0,True,341397.7589490199,0.0,1.0,0,0,120,0,0,0,0,0
87,single,planner_daily_no_expedite,0.0,True,341397.7589490199,0.0,1.0,0,0,120,0,0,0,0,0
87,single,planner_daily_expedite_7d,0.0,True,341397.7589490199,0.0,1.0,0,0,120,0,0,0,0,0
87,single,planner_daily_h28,0.0,True,341397.7589490199,0.0,1.0,0,0,120,0,0,0,0,0
87,single,planner_daily_h56,0.0,True,341397.7589490199,0.0,1.0,0,0,120,0,0,0,0,0
87,single,planner_daily_h14_k48,0.0,True,341397.7589490199,0.0,1.0,0,0,120,0,0,0,0,0
88,dual,rl_only,0.0,True,342011.178,0.0,1.0,,,,,,,,
88,dual,crl,0.0,True,359309.462,0.0,1.0,,,,,,,,
88,dual,planner_weekly_h14,0.0,True,372109.46802635945,0.0,1.0,0,0,106,0,0,14,0,0
88,dual,planner_daily_h14,0.0,True,347939.8545265737,0.0,1.0,0,0,27,0,0,93,0,0
88,dual,planner_daily_no_expedite,0.0,True,347939.8545265737,0.0,1.0,0,0,27,0,0,93,0,0
88,dual,planner_daily_expedite_7d,0.0,True,347939.8545265737,0.0,1.0,0,0,27,0,0,93,0,0
88,dual,planner_daily_h28,0.0,True,622264.5253920439,0.0,1.0,5,0,15,9,5,91,0,0
88,dual,planner_daily_h56,108.0,True,708568.3599460563,0.12398170440049448,0.9836635011683482,11,0,99,10,11,0,0,0
88,dual,planner_daily_h14_k48,0.0,True,361924.3416297439,0.0,1.0,0,0,27,1,0,92,0,0
89,compound,rl_only,54.2,True,361722.574,0.2944,0.9596,,,,,,,,
89,compound,crl,40.6,True,342656.47,0.2867,0.9714,,,,,,,,
89,compound,planner_weekly_h14,81.0,True,458191.6437663628,0.2377745139492648,0.9574401260220394,4,0,116,0,4,0,0,0
89,compound,planner_daily_h14,0.0,True,1021313.764648791,0.0,1.0,16,0,25,0,16,79,0,0
89,compound,planner_daily_no_expedite,63.0,True,366482.26812540327,0.1874736407926534,0.9762489788497757,0,0,52,0,0,66,0,2
89,compound,planner_daily_expedite_7d,83.0,True,463831.9951749261,0.21741195842986802,0.9635671494921861,3,0,65,0,3,51,0,1
89,compound,planner_daily_h28,0.0,True,1366272.3313093365,0.0,1.0,34,11,10,0,34,76,0,0
89,compound,planner_daily_h56,0.0,True,1152593.6025828375,0.0,1.0,38,15,82,0,38,0,0,0
89,compound,planner_daily_h14_k48,0.0,True,948432.0611438589,0.0,1.0,15,0,26,0,15,79,0,0
90,single,rl_only,0.0,True,337052.606,0.0,1.0,,,,,,,,
90,single,crl,0.0,True,369788.188,0.0,1.0,,,,,,,,
90,single,planner_weekly_h14,0.0,True,348144.51299611013,0.0,1.0,0,0,104,0,0,16,0,0
90,single,planner_daily_h14,0.0,True,348905.1219217885,0.0,1.0,0,0,10,0,0,110,0,0
90,single,planner_daily_no_expedite,0.0,True,348905.1219217885,0.0,1.0,0,0,10,0,0,110,0,0
90,single,planner_daily_expedite_7d,0.0,True,348905.1219217885,0.0,1.0,0,0,10,0,0,110,0,0
90,single,planner_daily_h28,0.0,True,332006.34764688706,0.0,1.0,0,0,117,3,0,0,0,0
90,single,planner_daily_h56,0.0,True,358905.2598325947,0.0,1.0,0,0,110,10,0,0,0,0
90,single,planner_daily_h14_k48,0.0,True,348905.1219217885,0.0,1.0,0,0,10,0,0,110,0,0
91,dual,rl_only,110.0,True,564009.464,0.2898,0.9092,,,,,,,,
91,dual,crl,110.0,True,514262.412,0.2176,0.9451,,,,,,,,
91,dual,planner_weekly_h14,110.0,False,699406.1093538014,0.3342372778569489,0.8901328730182815,2,0,105,2,2,11,0,0
91,dual,planner_daily_h14,110.0,False,1409740.9462527959,0.38892910212846155,0.8648167164279787,14,0,27,10,14,69,0,0
91,dual,planner_daily_no_expedite,110.0,False,654784.0385806753,0.31568980179145717,0.8986118419669199,0,0,55,10,0,55,0,0
91,dual,planner_daily_expedite_7d,110.0,False,847526.8258082538,0.40442311327732094,0.8449295349448149,3,0,67,9,3,41,0,0
91,dual,planner_daily_h28,109.0,True,813912.2531094963,0.3720466858447957,0.8696883988396662,4,0,106,10,4,0,0,0
91,dual,planner_daily_h56,110.0,False,1028137.6961009823,0.19961556432865443,0.957800540861847,11,0,99,10,11,0,0,0
91,dual,planner_daily_h14_k48,110.0,False,1352244.0101369396,0.4293581474067425,0.8390187324293021,12,0,33,10,12,65,0,0
92,compound,rl_only,66.8,True,551906.198,0.3658,0.9058,,,,,,,,
92,compound,crl,52.0,True,456790.166,0.2129,0.9738,,,,,,,,
92,compound,planner_weekly_h14,35.0,True,557018.5063904487,0.5378514861919306,0.9235225634665418,3,0,117,0,3,0,0,0
92,compound,planner_daily_h14,34.0,True,1577125.7119990615,0.3634156589322499,0.9566978961760508,25,3,22,0,25,73,0,0
92,compound,planner_daily_no_expedite,95.0,True,520705.92491204175,0.32601737905235595,0.912018772054907,0,0,52,9,0,59,0,0
92,compound,planner_daily_expedite_7d,95.0,True,664941.4398603978,0.23434176035841278,0.9474062899689999,3,0,56,8,3,53,0,0
92,compound,planner_daily_h28,24.0,True,1125214.8934973932,0.03989788669522129,0.9981998592719518,13,0,14,9,13,84,0,0
92,compound,planner_daily_h56,0.0,True,1458631.4793427933,0.0,0.9993953462598035,22,0,89,9,22,0,0,0
92,compound,planner_daily_h14_k48,34.0,True,1577125.7119990615,0.3634156589322499,0.9566978961760508,25,3,22,0,25,73,0,0
93,single,rl_only,0.0,True,411488.962,0.0,1.0,,,,,,,,
93,single,crl,0.0,True,420742.82,0.0,1.0,,,,,,,,
93,single,planner_weekly_h14,0.0,True,428256.2593271037,0.0,1.0,0,0,104,0,0,16,0,0
93,single,planner_daily_h14,0.0,True,428256.2593271037,0.0,1.0,0,0,10,0,0,110,0,0
93,single,planner_daily_no_expedite,0.0,True,428256.2593271037,0.0,1.0,0,0,10,0,0,110,0,0
93,single,planner_daily_expedite_7d,0.0,True,428256.2593271037,0.0,1.0,0,0,10,0,0,110,0,0
93,single,planner_daily_h28,0.0,True,350558.7211635572,0.0,1.0,0,0,120,0,0,0,0,0
93,single,planner_daily_h56,0.0,True,350558.7211635572,0.0,1.0,0,0,120,0,0,0,0,0
93,single,planner_daily_h14_k48,0.0,True,428256.2593271037,0.0,1.0,0,0,10,0,0,110,0,0
94,dual,rl_only,20.6,True,390873.138,0.0153,0.9986,,,,,,,,
94,dual,crl,0.0,True,413620.942,0.0,1.0,,,,,,,,
94,dual,planner_weekly_h14,0.0,True,373862.91247661016,0.0,1.0,0,0,119,1,0,0,0,0
94,dual,planner_daily_h14,0.0,True,373862.91247661016,0.0,1.0,0,0,118,2,0,0,0,0
94,dual,planner_daily_no_expedite,0.0,True,373862.91247661016,0.0,1.0,0,0,118,2,0,0,0,0
94,dual,planner_daily_expedite_7d,0.0,True,373862.91247661016,0.0,1.0,0,0,118,2,0,0,0,0
94,dual,planner_daily_h28,0.0,True,532577.1223737755,0.0,1.0,3,0,107,10,3,0,0,0
94,dual,planner_daily_h56,0.0,True,535922.4020365508,0.0,1.0,3,0,107,10,3,0,0,0
94,dual,planner_daily_h14_k48,0.0,True,422782.0877753972,0.0,1.0,0,0,42,1,0,77,0,0
95,compound,rl_only,39.6,True,402753.126,0.0948,0.9779,,,,,,,,
95,compound,crl,0.0,True,414749.272,0.0,1.0,,,,,,,,
95,compound,planner_weekly_h14,0.0,True,462300.02153499366,0.0,1.0,3,0,106,0,3,11,0,0
95,compound,planner_daily_h14,0.0,True,1189117.7494455797,0.0,1.0,17,0,26,0,17,77,0,0
95,compound,planner_daily_no_expedite,0.0,True,441624.0006916166,0.0,1.0,0,0,31,9,0,80,0,0
95,compound,planner_daily_expedite_7d,92.0,True,522109.5209712384,0.2978716582738143,0.9295396424728483,1,0,50,9,1,60,0,0
95,compound,planner_daily_h28,0.0,True,816432.1334641504,0.0,1.0,12,0,99,9,12,0,0,0
95,compound,planner_daily_h56,0.0,True,1019545.8223589718,0.0,1.0,15,0,96,9,15,0,0,0
95,compound,planner_daily_h14_k48,0.0,True,1189117.7494455797,0.0,1.0,17,0,26,0,17,77,0,0
96,single,rl_only,0.0,True,341117.602,0.0,1.0,,,,,,,,
96,single,crl,0.0,True,329858.492,0.0,1.0,,,,,,,,
96,single,planner_weekly_h14,0.0,True,373502.60068051296,0.0,1.0,0,0,104,0,0,16,0,0
96,single,planner_daily_h14,0.0,True,374697.0088336398,0.0,1.0,0,0,10,0,0,110,0,0
96,single,planner_daily_no_expedite,0.0,True,374697.0088336398,0.0,1.0,0,0,10,0,0,110,0,0
96,single,planner_daily_expedite_7d,0.0,True,374697.0088336398,0.0,1.0,0,0,10,0,0,110,0,0
96,single,planner_daily_h28,0.0,True,306148.7515824124,0.0,1.0,0,0,120,0,0,0,0,0
96,single,planner_daily_h56,0.0,True,782918.9306942192,0.0,1.0,16,0,104,0,16,0,0,0
96,single,planner_daily_h14_k48,0.0,True,374697.0088336398,0.0,1.0,0,0,10,0,0,110,0,0
97,dual,rl_only,0.0,True,404085.64,0.0,1.0,,,,,,,,
97,dual,crl,0.0,True,436564.182,0.0,1.0,,,,,,,,
97,dual,planner_weekly_h14,0.0,True,426701.9993365437,0.0,1.0,0,0,107,1,0,12,0,0
97,dual,planner_daily_h14,0.0,True,396631.7465663399,0.0,1.0,0,0,30,0,0,90,0,0
97,dual,planner_daily_no_expedite,0.0,True,396631.7465663399,0.0,1.0,0,0,30,0,0,90,0,0
97,dual,planner_daily_expedite_7d,0.0,True,396631.7465663399,0.0,1.0,0,0,30,0,0,90,0,0
97,dual,planner_daily_h28,0.0,True,735182.0024608838,0.0,1.0,4,0,18,8,4,90,0,0
97,dual,planner_daily_h56,0.0,True,415177.091120473,0.0,1.0,1,0,109,10,1,0,0,0
97,dual,planner_daily_h14_k48,0.0,True,396631.7465663399,0.0,1.0,0,0,30,0,0,90,0,0
98,compound,rl_only,62.2,True,426953.738,0.173,0.9528,,,,,,,,
98,compound,crl,0.0,True,413419.344,0.0,1.0,,,,,,,,
98,compound,planner_weekly_h14,34.0,True,446421.41991218575,0.06131550871072698,0.9960398960972061,4,0,116,0,4,0,0,0
98,compound,planner_daily_h14,0.0,True,1522554.7252246812,0.0,1.0,22,0,23,0,22,75,0,0
98,compound,planner_daily_no_expedite,0.0,True,429595.8285312955,0.0,1.0,0,0,40,9,0,71,0,0
98,compound,planner_daily_expedite_7d,103.0,True,547878.2733081101,0.14224650822559173,0.9799320836658413,3,0,40,8,3,69,0,0
98,compound,planner_daily_h28,0.0,True,911761.6366888016,0.0,1.0,14,0,97,9,14,0,0,0
98,compound,planner_daily_h56,0.0,True,1486107.845140465,0.0,1.0,23,1,88,9,23,0,0,0
98,compound,planner_daily_h14_k48,0.0,True,1522554.7252246812,0.0,1.0,22,0,23,0,22,75,0,0
99,single,rl_only,21.6,True,364879.524,0.0288,0.9955,,,,,,,,
99,single,crl,0.0,True,387672.142,0.0,1.0,,,,,,,,
99,single,planner_weekly_h14,0.0,True,375097.1473063478,0.0,1.0,0,0,104,0,0,16,0,0
99,single,planner_daily_h14,0.0,True,375528.7140390187,0.0,1.0,0,0,10,0,0,110,0,0
99,single,planner_daily_no_expedite,0.0,True,375528.7140390187,0.0,1.0,0,0,10,0,0,110,0,0
99,single,planner_daily_expedite_7d,0.0,True,375528.7140390187,0.0,1.0,0,0,10,0,0,110,0,0
99,single,planner_daily_h28,0.0,True,306352.4595251112,0.0,1.0,0,0,120,0,0,0,0,0
99,single,planner_daily_h56,0.0,True,556184.1309811062,0.0,1.0,8,0,107,5,8,0,0,0
99,single,planner_daily_h14_k48,0.0,True,375528.7140390187,0.0,1.0,0,0,10,0,0,110,0,0
100,dual,rl_only,63.0,True,391912.504,0.1328,0.9694,,,,,,,,
100,dual,crl,0.0,True,395894.304,0.0,1.0,,,,,,,,
100,dual,planner_weekly_h14,104.0,True,403818.54611687944,0.12177801149950243,0.9843524971466643,0,0,107,2,0,11,0,0
100,dual,planner_daily_h14,0.0,True,587453.8948279727,0.0,1.0,3,0,14,9,3,94,0,0
100,dual,planner_daily_no_expedite,104.0,True,418289.0199661833,0.15898653792817127,0.9749890047875779,0,0,26,10,0,84,0,0
100,dual,planner_daily_expedite_7d,105.0,True,490989.8422783466,0.21098813046188658,0.9549764277247345,1,0,31,10,1,78,0,0
100,dual,planner_daily_h28,0.0,True,403505.47456466267,0.0,1.0,1,0,109,10,1,0,0,0
100,dual,planner_daily_h56,0.0,True,367670.83047968236,0.0,1.0,1,0,109,10,1,0,0,0
100,dual,planner_daily_h14_k48,105.0,True,542560.3325730221,0.12595053046231905,0.9836368805136131,2,0,21,7,2,90,0,0
101,compound,rl_only,65.6,True,485243.986,0.308,0.9159,,,,,,,,
101,compound,crl,54.6,True,446546.652,0.2028,0.9743,,,,,,,,
101,compound,planner_weekly_h14,107.0,True,677639.058649406,0.42867355569071613,0.8348074253437945,4,0,115,1,4,0,0,0
101,compound,planner_daily_h14,31.0,True,1611295.5163440201,0.3868874323320345,0.9568040710482304,28,5,18,0,28,74,0,0
101,compound,planner_daily_no_expedite,104.0,True,654257.2726224341,0.45485337776648266,0.8228905732066704,0,0,67,10,0,43,0,0
101,compound,planner_daily_expedite_7d,69.0,True,699774.5453414341,0.33562440342686595,0.9265042095509878,4,0,48,9,4,59,0,0
101,compound,planner_daily_h28,22.0,True,1281915.9396784825,0.2399730717569307,0.9868339399965924,16,0,10,9,16,85,0,0
101,compound,planner_daily_h56,22.0,True,1477610.313971393,0.24363064585276484,0.9864951499797141,21,0,89,10,21,0,0,0
101,compound,planner_daily_h14_k48,31.0,True,1611295.5163440201,0.3868874323320345,0.9568040710482304,28,5,18,0,28,74,0,0
102,single,rl_only,0.0,True,360340.566,0.0,1.0,,,,,,,,
102,single,crl,0.0,True,349809.626,0.0,1.0,,,,,,,,
102,single,planner_weekly_h14,0.0,True,326763.64960782655,0.0,1.0,0,0,120,0,0,0,0,0
102,single,planner_daily_h14,0.0,True,326763.64960782655,0.0,1.0,0,0,120,0,0,0,0,0
102,single,planner_daily_no_expedite,0.0,True,326763.64960782655,0.0,1.0,0,0,120,0,0,0,0,0
102,single,planner_daily_expedite_7d,0.0,True,326763.64960782655,0.0,1.0,0,0,120,0,0,0,0,0
102,single,planner_daily_h28,0.0,True,326763.64960782655,0.0,1.0,0,0,120,0,0,0,0,0
102,single,planner_daily_h56,0.0,True,326763.64960782655,0.0,1.0,0,0,120,0,0,0,0,0
102,single,planner_daily_h14_k48,0.0,True,326763.64960782655,0.0,1.0,0,0,120,0,0,0,0,0
103,dual,rl_only,0.0,True,354519.714,0.0,1.0,,,,,,,,
103,dual,crl,0.0,True,343594.68,0.0,1.0,,,,,,,,
103,dual,planner_weekly_h14,0.0,True,320684.8244401521,0.0,1.0,0,0,120,0,0,0,0,0
103,dual,planner_daily_h14,0.0,True,320684.8244401521,0.0,1.0,0,0,120,0,0,0,0,0
103,dual,planner_daily_no_expedite,0.0,True,320684.8244401521,0.0,1.0,0,0,120,0,0,0,0,0
103,dual,planner_daily_expedite_7d,0.0,True,320684.8244401521,0.0,1.0,0,0,120,0,0,0,0,0
103,dual,planner_daily_h28,0.0,True,416045.08223271754,0.0,1.0,3,0,117,0,3,0,0,0
103,dual,planner_daily_h56,0.0,True,1330623.9355776794,0.0,1.0,24,0,96,0,24,0,0,0
103,dual,planner_daily_h14_k48,0.0,True,320684.8244401521,0.0,1.0,0,0,120,0,0,0,0,0
104,compound,rl_only,39.4,True,364258.462,0.0572,0.9917,,,,,,,,
104,compound,crl,0.0,True,386944.42,0.0,1.0,,,,,,,,
104,compound,planner_weekly_h14,99.0,True,408839.9457806084,0.1017232477639488,0.9898321289839738,0,0,108,2,0,10,0,0
104,compound,planner_daily_h14,0.0,True,417632.7448374914,0.0,1.0,0,0,34,6,0,80,0,0
104,compound,planner_daily_no_expedite,0.0,True,417632.7448374914,0.0,1.0,0,0,34,6,0,80,0,0
104,compound,planner_daily_expedite_7d,0.0,True,417632.7448374914,0.0,1.0,0,0,34,6,0,80,0,0
104,compound,planner_daily_h28,0.0,True,633353.810390443,0.0,1.0,4,0,15,9,4,92,0,0
104,compound,planner_daily_h56,0.0,True,1124210.3885813125,0.0,1.0,16,0,94,10,16,0,0,0
104,compound,planner_daily_h14_k48,0.0,True,775904.3529964116,0.0,1.0,13,0,107,0,13,0,0,0
105,single,rl_only,0.0,True,354895.256,0.0,1.0,,,,,,,,
105,single,crl,0.0,True,354689.78,0.0,1.0,,,,,,,,
105,single,planner_weekly_h14,0.0,True,372041.9091710677,0.0,1.0,0,0,104,0,0,16,0,0
105,single,planner_daily_h14,0.0,True,372041.9091710677,0.0,1.0,0,0,12,0,0,108,0,0
105,single,planner_daily_no_expedite,0.0,True,372041.9091710677,0.0,1.0,0,0,12,0,0,108,0,0
105,single,planner_daily_expedite_7d,0.0,True,372041.9091710677,0.0,1.0,0,0,12,0,0,108,0,0
105,single,planner_daily_h28,0.0,True,300280.96014986484,0.0,1.0,0,0,120,0,0,0,0,0
105,single,planner_daily_h56,0.0,True,417350.2583737099,0.0,1.0,2,0,109,9,2,0,0,0
105,single,planner_daily_h14_k48,0.0,True,372041.9091710677,0.0,1.0,0,0,11,0,0,109,0,0
106,dual,rl_only,40.8,True,317302.584,0.0135,0.9983,,,,,,,,
106,dual,crl,37.4,True,313621.28,0.0508,0.9929,,,,,,,,
106,dual,planner_weekly_h14,89.0,True,477604.7656053481,0.20550576931668385,0.9644536294975379,3,0,106,0,3,11,0,0
106,dual,planner_daily_h14,110.0,False,922943.4959470758,0.09610759331869669,0.9901601370767193,14,0,19,0,14,87,0,0
106,dual,planner_daily_no_expedite,102.0,True,354552.7120485514,0.026781133082655256,0.9957267578561043,0,0,50,0,0,69,0,1
106,dual,planner_daily_expedite_7d,97.0,True,468187.39056003495,0.23435882683884574,0.9485081161238847,2,0,61,0,2,56,0,1
106,dual,planner_daily_h28,0.0,True,1152306.7704674527,0.0,1.0,27,3,93,0,27,0,0,0
106,dual,planner_daily_h56,0.0,True,1152306.7704674527,0.0,1.0,32,8,88,0,32,0,0,0
106,dual,planner_daily_h14_k48,0.0,True,976474.6775963877,0.0,1.0,15,0,16,0,15,89,0,0
107,compound,rl_only,0.0,True,325612.014,0.0,1.0,,,,,,,,
107,compound,crl,0.0,True,322735.906,0.0,1.0,,,,,,,,
107,compound,planner_weekly_h14,0.0,True,394909.91676653345,0.0,1.0,3,0,117,0,3,0,0,0
107,compound,planner_daily_h14,0.0,True,386718.43469133705,0.0,1.0,1,0,37,0,1,82,0,0
107,compound,planner_daily_no_expedite,0.0,True,354259.2376119106,0.0,1.0,0,0,38,0,0,82,0,0
107,compound,planner_daily_expedite_7d,0.0,True,386718.43469133705,0.0,1.0,1,0,37,0,1,82,0,0
107,compound,planner_daily_h28,0.0,True,1479004.4453864733,0.0,1.0,23,0,15,0,23,82,0,0
107,compound,planner_daily_h56,0.0,True,1227290.2584382468,0.0,1.0,34,10,86,0,34,0,0,0
107,compound,planner_daily_h14_k48,0.0,True,954132.3454045065,0.0,1.0,16,0,104,0,16,0,0,0
108,single,rl_only,0.0,True,349242.332,0.0,1.0,,,,,,,,
108,single,crl,0.0,True,359578.566,0.0,1.0,,,,,,,,
108,single,planner_weekly_h14,0.0,True,293546.48233901395,0.0,1.0,0,0,120,0,0,0,0,0
108,single,planner_daily_h14,0.0,True,293546.48233901395,0.0,1.0,0,0,120,0,0,0,0,0
108,single,planner_daily_no_expedite,0.0,True,293546.48233901395,0.0,1.0,0,0,120,0,0,0,0,0
108,single,planner_daily_expedite_7d,0.0,True,293546.48233901395,0.0,1.0,0,0,120,0,0,0,0,0
108,single,planner_daily_h28,0.0,True,329701.4372536878,0.0,1.0,0,0,116,4,0,0,0,0
108,single,planner_daily_h56,0.0,True,536371.155359472,0.0,1.0,5,0,105,10,5,0,0,0
108,single,planner_daily_h14_k48,0.0,True,293546.48233901395,0.0,1.0,0,0,120,0,0,0,0,0
109,dual,rl_only,40.0,True,434853.116,0.083,0.9837,,,,,,,,
109,dual,crl,0.0,True,455306.774,0.0,1.0,,,,,,,,
109,dual,planner_weekly_h14,0.0,True,452042.54255787504,0.0,1.0,0,0,104,2,0,14,0,0
109,dual,planner_daily_h14,0.0,True,531673.570089964,0.0,1.0,1,0,16,10,1,93,0,0
109,dual,planner_daily_no_expedite,99.0,True,505066.4992178605,0.23073986167208882,0.9539390386274588,0,0,26,10,0,84,0,0
109,dual,planner_daily_expedite_7d,0.0,True,531673.570089964,0.0,1.0,1,0,16,10,1,93,0,0
109,dual,planner_daily_h28,0.0,True,577977.3283337055,0.0,1.0,3,0,108,9,3,0,0,0
109,dual,planner_daily_h56,0.0,True,430441.9000615536,0.0,1.0,0,0,110,10,0,0,0,0
109,dual,planner_daily_h14_k48,99.0,True,505066.4992178605,0.23073986167208882,0.9539390386274588,0,0,28,10,0,82,0,0
110,compound,rl_only,47.0,True,485190.042,0.4202,0.9317,,,,,,,,
110,compound,crl,40.8,True,470648.432,0.4387,0.9359,,,,,,,,
110,compound,planner_weekly_h14,102.0,True,575164.1127899974,0.27683674568051153,0.9297468451209181,4,0,116,0,4,0,0,0
110,compound,planner_daily_h14,36.0,True,1703372.5976767798,0.39929179871319626,0.9529989918703192,21,0,26,0,21,73,0,0
110,compound,planner_daily_no_expedite,40.0,True,512543.94024964876,0.48972892546163416,0.9240386864207725,0,0,50,0,0,69,0,1
110,compound,planner_daily_expedite_7d,103.0,True,681874.083790169,0.39310656396795357,0.8615209304746816,3,0,68,0,3,48,0,1
110,compound,planner_daily_h28,0.0,True,1586372.5651204516,0.0,1.0,29,5,20,0,29,71,0,0
110,compound,planner_daily_h56,0.0,True,1281569.6302809934,0.0,1.0,41,17,79,0,41,0,0,0
110,compound,planner_daily_h14_k48,36.0,True,1695287.8503973228,0.39929179871319626,0.9529989918703192,21,0,25,0,21,74,0,0
111,single,rl_only,0.0,True,360836.442,0.0,1.0,,,,,,,,
111,single,crl,0.0,True,372540.63,0.0,1.0,,,,,,,,
111,single,planner_weekly_h14,0.0,True,382011.2393014327,0.0,1.0,0,0,104,0,0,16,0,0
111,single,planner_daily_h14,0.0,True,382011.2393014327,0.0,1.0,0,0,10,0,0,110,0,0
111,single,planner_daily_no_expedite,0.0,True,382011.2393014327,0.0,1.0,0,0,10,0,0,110,0,0
111,single,planner_daily_expedite_7d,0.0,True,382011.2393014327,0.0,1.0,0,0,10,0,0,110,0,0
111,single,planner_daily_h28,0.0,True,308557.75077564595,0.0,1.0,0,0,120,0,0,0,0,0
111,single,planner_daily_h56,0.0,True,360553.2563707601,0.0,1.0,0,0,117,3,0,0,0,0
111,single,planner_daily_h14_k48,0.0,True,382011.2393014327,0.0,1.0,0,0,10,0,0,110,0,0
112,dual,rl_only,18.2,True,370145.08,0.0044,0.9996,,,,,,,,
112,dual,crl,0.0,True,388869.204,0.0,1.0,,,,,,,,
112,dual,planner_weekly_h14,0.0,True,370197.2754732619,0.0,1.0,0,0,108,0,0,12,0,0
112,dual,planner_daily_h14,0.0,True,373485.0520779483,0.0,1.0,0,0,34,0,0,86,0,0
112,dual,planner_daily_no_expedite,0.0,True,373485.0520779483,0.0,1.0,0,0,34,0,0,86,0,0
112,dual,planner_daily_expedite_7d,0.0,True,373485.0520779483,0.0,1.0,0,0,34,0,0,86,0,0
112,dual,planner_daily_h28,0.0,True,374430.0625605013,0.0,1.0,0,0,28,0,0,92,0,0
112,dual,planner_daily_h56,0.0,True,409929.0691841285,0.0,1.0,1,0,109,10,1,0,0,0
112,dual,planner_daily_h14_k48,0.0,True,398136.3653777426,0.0,1.0,0,0,40,2,0,78,0,0
113,compound,rl_only,15.2,True,341052.55,0.1352,0.9847,,,,,,,,
113,compound,crl,0.0,True,320981.65,0.0,1.0,,,,,,,,
113,compound,planner_weekly_h14,0.0,True,355284.23844948644,0.0,1.0,0,0,108,0,0,12,0,0
113,compound,planner_daily_h14,110.0,False,695048.8351142149,0.1199192511597558,0.9832162710331319,8,0,39,0,8,73,0,0
113,compound,planner_daily_no_expedite,0.0,True,356055.7492648089,0.0,1.0,0,0,46,0,0,74,0,0
113,compound,planner_daily_expedite_7d,0.0,True,419651.98595719255,0.0,1.0,2,0,39,0,2,79,0,0
113,compound,planner_daily_h28,0.0,True,1453986.6904199673,0.0,1.0,29,6,15,0,29,76,0,0
113,compound,planner_daily_h56,0.0,True,1173766.8135215682,0.0,1.0,35,12,85,0,35,0,0,0
113,compound,planner_daily_h14_k48,0.0,True,355284.23844948644,0.0,1.0,0,0,44,0,0,76,0,0
114,single,rl_only,31.8,True,379224.962,0.1038,0.9887,,,,,,,,
114,single,crl,60.6,True,396545.78,0.0809,0.9877,,,,,,,,
114,single,planner_weekly_h14,76.0,True,398666.77294632123,0.12965732619701545,0.986297249588657,0,0,107,0,0,13,0,0
114,single,planner_daily_h14,38.0,True,464449.0236121936,0.17535988686364873,0.9875668446479214,0,0,24,4,0,92,0,0
114,single,planner_daily_no_expedite,38.0,True,464449.0236121936,0.17535988686364873,0.9875668446479214,0,0,24,4,0,92,0,0
114,single,planner_daily_expedite_7d,38.0,True,464449.0236121936,0.17535988686364873,0.9875668446479214,0,0,24,4,0,92,0,0
114,single,planner_daily_h28,110.0,False,420242.0998788856,0.21637982566317002,0.9501825078830877,1,0,116,3,1,0,0,0
114,single,planner_daily_h56,110.0,False,539275.3818678422,0.15365069322160996,0.9735309344282226,4,0,108,8,4,0,0,0
114,single,planner_daily_h14_k48,38.0,True,464449.0236121936,0.17535988686364873,0.9875668446479214,0,0,24,4,0,92,0,0
115,dual,rl_only,68.0,True,440704.052,0.2313,0.9396,,,,,,,,
115,dual,crl,52.4,True,410762.092,0.1226,0.9785,,,,,,,,
115,dual,planner_weekly_h14,77.0,True,502876.40905502887,0.2405025126069817,0.9589191839685652,3,0,107,0,3,10,0,0
115,dual,planner_daily_h14,0.0,True,1412163.3297284842,0.0,0.9999489214410419,20,0,25,0,20,75,0,0
115,dual,planner_daily_no_expedite,76.0,True,460378.7818604378,0.29348750042873084,0.9436188640062539,0,0,53,10,0,57,0,0
115,dual,planner_daily_expedite_7d,76.0,True,578979.3106331608,0.42097458105264224,0.892000320592758,1,0,58,10,1,51,0,0
115,dual,planner_daily_h28,0.0,True,843029.9176833577,0.0,1.0,9,0,21,10,9,80,0,0
115,dual,planner_daily_h56,0.0,True,1140083.1103027503,0.0,1.0,17,0,93,10,17,0,0,0
115,dual,planner_daily_h14_k48,76.0,True,460378.7818604378,0.29348750042873084,0.9436188640062539,0,0,55,10,0,55,0,0
116,compound,rl_only,36.2,True,442518.518,0.2668,0.9512,,,,,,,,
116,compound,crl,42.8,True,401424.668,0.0488,0.9932,,,,,,,,
116,compound,planner_weekly_h14,36.0,True,446972.4737424948,0.3572117408076002,0.9611459472533389,3,0,117,0,3,0,0,0
116,compound,planner_daily_h14,35.0,True,1334430.6021944839,0.31028696270002604,0.970236856344248,22,0,98,0,22,0,0,0
116,compound,planner_daily_no_expedite,107.0,True,508950.3134960405,0.25151138498808284,0.9376002466482933,0,0,46,9,0,65,0,0
116,compound,planner_daily_expedite_7d,108.0,True,643058.2927883232,0.18911106106439302,0.9626217273458753,3,0,55,8,3,54,0,0
116,compound,planner_daily_h28,0.0,True,1215544.6133603486,0.0,1.0,18,0,95,7,18,0,0,0
116,compound,planner_daily_h56,0.0,True,1495460.036530826,0.0,1.0,22,0,89,9,22,0,0,0
116,compound,planner_daily_h14_k48,35.0,True,1339356.1177049899,0.31028696270002604,0.970236856344248,22,0,98,0,22,0,0,0
117,single,rl_only,0.0,True,420465.474,0.0,1.0,,,,,,,,
117,single,crl,0.0,True,437081.644,0.0,1.0,,,,,,,,
117,single,planner_weekly_h14,0.0,True,367350.6092773071,0.0,1.0,0,0,120,0,0,0,0,0
117,single,planner_daily_h14,0.0,True,367350.6092773071,0.0,1.0,0,0,120,0,0,0,0,0
117,single,planner_daily_no_expedite,0.0,True,367350.6092773071,0.0,1.0,0,0,120,0,0,0,0,0
117,single,planner_daily_expedite_7d,0.0,True,367350.6092773071,0.0,1.0,0,0,120,0,0,0,0,0
117,single,planner_daily_h28,0.0,True,367350.6092773071,0.0,1.0,0,0,120,0,0,0,0,0
117,single,planner_daily_h56,0.0,True,439017.5619896512,0.0,1.0,2,0,118,0,2,0,0,0
117,single,planner_daily_h14_k48,0.0,True,367350.6092773071,0.0,1.0,0,0,120,0,0,0,0,0
118,dual,rl_only,83.6,True,479446.99,0.4083,0.897,,,,,,,,
118,dual,crl,101.0,True,444367.122,0.3244,0.9083,,,,,,,,
118,dual,planner_weekly_h14,110.0,False,624301.4796500844,0.35143912746989553,0.8808905023593381,3,0,107,0,3,10,0,0
118,dual,planner_daily_h14,29.0,True,1442615.579685414,0.30524973505707415,0.9713047398252576,21,0,20,0,21,79,0,0
118,dual,planner_daily_no_expedite,38.0,True,531441.5968288939,0.6137370592769541,0.8978872379971446,0,0,55,0,0,64,0,1
118,dual,planner_daily_expedite_7d,109.0,True,683030.3010764801,0.3889879707495986,0.8517670748680853,4,0,72,0,4,43,0,1
118,dual,planner_daily_h28,0.0,True,1140511.5580870612,0.0,1.0,32,8,88,0,32,0,0,0
118,dual,planner_daily_h56,0.0,True,1140511.5580870612,0.0,1.0,33,9,87,0,33,0,0,0
118,dual,planner_daily_h14_k48,29.0,True,1438775.5976698424,0.30524973505707415,0.9713047398252576,21,0,17,0,21,82,0,0
119,compound,rl_only,66.4,True,583148.712,0.3605,0.904,,,,,,,,
119,compound,crl,38.8,True,446106.082,0.2366,0.9657,,,,,,,,
119,compound,planner_weekly_h14,100.0,True,584997.3937702093,0.3303582740957368,0.8982476762228141,4,0,115,1,4,0,0,0
119,compound,planner_daily_h14,29.0,True,1572900.3505139872,0.46878857246088734,0.9485149056106821,26,3,19,0,26,75,0,0
119,compound,planner_daily_no_expedite,77.0,True,590789.7557319198,0.44144637640557394,0.8776397840557898,0,0,54,10,0,56,0,0
119,compound,planner_daily_expedite_7d,78.0,True,775327.9523541225,0.40564413279483097,0.8881055974098401,4,0,48,9,4,59,0,0
119,compound,planner_daily_h28,23.0,True,1040650.55488136,0.3344880260990282,0.9766968999234643,14,0,97,9,14,0,0,0
119,compound,planner_daily_h56,23.0,True,1392868.4409977784,0.2520708770534506,0.9853290165689667,19,0,91,10,19,0,0,0
119,compound,planner_daily_h14_k48,29.0,True,1572900.3505139872,0.46878857246088734,0.9485149056106821,26,3,19,0,26,75,0,0
120,single,rl_only,0.0,True,362939.064,0.0,1.0,,,,,,,,
120,single,crl,0.0,True,372997.426,0.0,1.0,,,,,,,,
120,single,planner_weekly_h14,0.0,True,378568.016478957,0.0,1.0,0,0,104,0,0,16,0,0
120,single,planner_daily_h14,0.0,True,378568.016478957,0.0,1.0,0,0,10,0,0,110,0,0
120,single,planner_daily_no_expedite,0.0,True,378568.016478957,0.0,1.0,0,0,10,0,0,110,0,0
120,single,planner_daily_expedite_7d,0.0,True,378568.016478957,0.0,1.0,0,0,10,0,0,110,0,0
120,single,planner_daily_h28,0.0,True,309766.11145173974,0.0,1.0,0,0,120,0,0,0,0,0
120,single,planner_daily_h56,0.0,True,309766.11145173974,0.0,1.0,0,0,120,0,0,0,0,0
120,single,planner_daily_h14_k48,0.0,True,378568.016478957,0.0,1.0,0,0,10,0,0,110,0,0
121,dual,rl_only,16.6,True,360006.51,0.0387,0.9944,,,,,,,,
121,dual,crl,0.0,True,397034.592,0.0,1.0,,,,,,,,
121,dual,planner_weekly_h14,0.0,True,413114.7614529866,0.0,1.0,2,0,107,0,2,11,0,0
121,dual,planner_daily_h14,83.0,True,480382.4606022891,0.20111245988160392,0.9665966631633914,2,0,42,3,2,73,0,0
121,dual,planner_daily_no_expedite,83.0,True,407699.21470253554,0.10019697613075919,0.9917423958460443,0,0,40,9,0,71,0,0
121,dual,planner_daily_expedite_7d,83.0,True,406111.93263368384,0.07633770709246823,0.9932635256398443,1,0,42,6,1,71,0,0
121,dual,planner_daily_h28,0.0,True,697432.8974149963,0.0,1.0,4,0,10,10,4,96,0,0
121,dual,planner_daily_h56,0.0,True,599280.4604195041,0.0,1.0,7,0,103,10,7,0,0,0
121,dual,planner_daily_h14_k48,0.0,True,406065.3919718675,0.0,1.0,0,0,27,7,0,86,0,0
122,compound,rl_only,52.4,True,501332.58,0.2375,0.9406,,,,,,,,
122,compound,crl,0.0,True,424619.872,0.0,1.0,,,,,,,,
122,compound,planner_weekly_h14,108.0,True,564199.8752592407,0.296117565891594,0.9144878290100856,3,0,116,1,3,0,0,0
122,compound,planner_daily_h14,35.0,True,1529963.9108603594,0.10518193000251154,0.9932707277465938,21,0,27,0,21,72,0,0
122,compound,planner_daily_no_expedite,110.0,False,608838.565106448,0.3178462568699105,0.9008852945183484,0,0,63,10,0,47,0,0
122,compound,planner_daily_expedite_7d,110.0,False,707192.7533208012,0.29067748094679,0.9189298532021813,2,0,62,9,2,47,0,0
122,compound,planner_daily_h28,0.0,True,1240128.9617366088,0.0,1.0,13,0,15,10,13,82,0,0
122,compound,planner_daily_h56,0.0,True,1581267.2773213414,0.0,1.0,22,0,88,10,22,0,0,0
122,compound,planner_daily_h14_k48,35.0,True,1529963.9108603594,0.10518193000251154,0.9932707277465938,21,0,27,0,21,72,0,0
123,single,rl_only,0.0,True,405078.688,0.0,1.0,,,,,,,,
123,single,crl,0.0,True,411310.724,0.0,1.0,,,,,,,,
123,single,planner_weekly_h14,0.0,True,406915.85437698715,0.0,1.0,0,0,104,0,0,16,0,0
123,single,planner_daily_h14,0.0,True,406915.85437698715,0.0,1.0,0,0,10,0,0,110,0,0
123,single,planner_daily_no_expedite,0.0,True,406915.85437698715,0.0,1.0,0,0,10,0,0,110,0,0
123,single,planner_daily_expedite_7d,0.0,True,406915.85437698715,0.0,1.0,0,0,10,0,0,110,0,0
123,single,planner_daily_h28,0.0,True,332751.35278471693,0.0,1.0,0,0,120,0,0,0,0,0
123,single,planner_daily_h56,0.0,True,332751.35278471693,0.0,1.0,0,0,120,0,0,0,0,0
123,single,planner_daily_h14_k48,0.0,True,406915.85437698715,0.0,1.0,0,0,10,0,0,110,0,0
124,dual,rl_only,94.8,True,469620.15,0.2846,0.925,,,,,,,,
124,dual,crl,51.8,True,400258.506,0.0912,0.9883,,,,,,,,
124,dual,planner_weekly_h14,83.0,True,586474.9464369656,0.43974522845435227,0.8717683537750237,1,0,108,2,1,9,0,0
124,dual,planner_daily_h14,95.0,True,1032013.8860482199,0.4933679509724598,0.8241746075297685,9,0,41,8,9,62,0,0
124,dual,planner_daily_no_expedite,83.0,True,517482.7223545922,0.31610542040192796,0.9247390271842162,0,0,45,10,0,65,0,0
124,dual,planner_daily_expedite_7d,108.0,True,773589.5982343369,0.46023658480881946,0.8139583038769362,3,0,66,9,3,42,0,0
124,dual,planner_daily_h28,81.0,True,533488.9355037297,0.18749489729441576,0.9708469682184583,3,0,107,10,3,0,0,0
124,dual,planner_daily_h56,94.0,True,732006.0315376733,0.22208679708920925,0.9556171967961052,8,0,102,10,8,0,0,0
124,dual,planner_daily_h14_k48,96.0,True,1006866.8023343955,0.4612588448822337,0.8402073971463285,10,0,35,10,10,65,0,0
125,compound,rl_only,13.2,True,356020.366,0.0361,0.9981,,,,,,,,
125,compound,crl,0.0,True,353529.762,0.0,1.0,,,,,,,,
125,compound,planner_weekly_h14,90.0,True,513137.0943336384,0.08725966976159409,0.9925015786549739,3,0,107,0,3,10,0,0
125,compound,planner_daily_h14,110.0,False,1005009.3467159166,0.14992286812792904,0.9759364911193475,13,0,33,0,13,74,0,0
125,compound,planner_daily_no_expedite,90.0,True,397469.3260448547,0.06319329625503058,0.9933587466796838,0,0,59,0,0,60,0,1
125,compound,planner_daily_expedite_7d,0.0,True,457790.0792881789,0.0,0.9986363636363635,2,0,44,0,2,73,0,1
125,compound,planner_daily_h28,0.0,True,1336435.4478721328,0.0,1.0,32,9,88,0,32,0,0,0
125,compound,planner_daily_h56,0.0,True,1300762.9932709036,0.0,1.0,36,13,84,0,36,0,0,0
125,compound,planner_daily_h14_k48,109.0,True,968723.4365289628,0.19823635481687962,0.9604613802260537,12,0,39,0,12,69,0,0
126,single,rl_only,0.0,True,380540.408,0.0,1.0,,,,,,,,
126,single,crl,0.0,True,392927.176,0.0,1.0,,,,,,,,
126,single,planner_weekly_h14,0.0,True,350580.4776965405,0.0,1.0,0,0,120,0,0,0,0,0
126,single,planner_daily_h14,0.0,True,350580.4776965405,0.0,1.0,0,0,120,0,0,0,0,0
126,single,planner_daily_no_expedite,0.0,True,350580.4776965405,0.0,1.0,0,0,120,0,0,0,0,0
126,single,planner_daily_expedite_7d,0.0,True,350580.4776965405,0.0,1.0,0,0,120,0,0,0,0,0
126,single,planner_daily_h28,0.0,True,350580.4776965405,0.0,1.0,0,0,120,0,0,0,0,0
126,single,planner_daily_h56,0.0,True,350580.4776965405,0.0,1.0,0,0,120,0,0,0,0,0
126,single,planner_daily_h14_k48,0.0,True,350580.4776965405,0.0,1.0,0,0,120,0,0,0,0,0
127,dual,rl_only,19.4,True,382543.414,0.0314,0.9952,,,,,,,,
127,dual,crl,0.0,True,411636.316,0.0,1.0,,,,,,,,
127,dual,planner_weekly_h14,0.0,True,383638.9547223692,0.0,1.0,0,0,106,0,0,14,0,0
127,dual,planner_daily_h14,0.0,True,396950.5295161365,0.0,1.0,0,0,29,1,0,90,0,0
127,dual,planner_daily_no_expedite,0.0,True,396950.5295161365,0.0,1.0,0,0,29,1,0,90,0,0
127,dual,planner_daily_expedite_7d,0.0,True,396950.5295161365,0.0,1.0,0,0,29,1,0,90,0,0
127,dual,planner_daily_h28,0.0,True,429775.57984424854,0.0,1.0,2,0,110,8,2,0,0,0
127,dual,planner_daily_h56,0.0,True,412596.6196861785,0.0,1.0,1,0,110,9,1,0,0,0
127,dual,planner_daily_h14_k48,0.0,True,382058.7716343484,0.0,1.0,0,0,27,0,0,93,0,0
128,compound,rl_only,40.6,True,396530.978,0.0988,0.9753,,,,,,,,
128,compound,crl,0.0,True,396440.454,0.0,1.0,,,,,,,,
128,compound,planner_weekly_h14,0.0,True,399625.5819310235,0.0,1.0,3,0,117,0,3,0,0,0
128,compound,planner_daily_h14,0.0,True,824799.6536261823,0.0,1.0,11,0,28,0,11,81,0,0
128,compound,planner_daily_no_expedite,99.0,True,482376.55117337895,0.26389430641058736,0.9371451470470374,0,0,46,6,0,68,0,0
128,compound,planner_daily_expedite_7d,98.0,True,528432.7059780466,0.24741859923081067,0.9429238678061187,1,0,46,6,1,67,0,0
128,compound,planner_daily_h28,0.0,True,686826.2532802117,0.0,1.0,4,0,13,8,4,95,0,0
128,compound,planner_daily_h56,0.0,True,964209.4455291948,0.0,1.0,13,0,98,9,13,0,0,0
128,compound,planner_daily_h14_k48,98.0,True,461737.03776495357,0.2382771234098965,0.9493460786931853,0,0,48,4,0,68,0,0
129,single,rl_only,52.8,True,427156.774,0.1501,0.9667,,,,,,,,
129,single,crl,22.0,True,413153.32,0.0338,0.9937,,,,,,,,
129,single,planner_weekly_h14,75.0,True,394406.01587125316,0.12047525543968449,0.9884439801665218,0,0,104,0,0,16,0,0
129,single,planner_daily_h14,108.0,True,504077.6530426073,0.2403428322791696,0.9372568745498946,0,0,35,1,0,84,0,0
129,single,planner_daily_no_expedite,108.0,True,504077.6530426073,0.2403428322791696,0.9372568745498946,0,0,35,1,0,84,0,0
129,single,planner_daily_expedite_7d,108.0,True,504077.6530426073,0.2403428322791696,0.9372568745498946,0,0,35,1,0,84,0,0
129,single,planner_daily_h28,110.0,False,459497.51164682326,0.3437100767064801,0.8847501226967666,0,0,112,8,0,0,0,0
129,single,planner_daily_h56,0.0,True,529621.2838724044,0.0,1.0,4,0,107,9,4,0,0,0
129,single,planner_daily_h14_k48,108.0,True,504077.6530426073,0.2403428322791696,0.9372568745498946,0,0,35,2,0,83,0,0
130,dual,rl_only,68.8,True,433113.254,0.374,0.9158,,,,,,,,
130,dual,crl,68.2,True,383530.996,0.2946,0.9478,,,,,,,,
130,dual,planner_weekly_h14,68.0,True,477432.3469569876,0.2516664573484375,0.9606346751747935,2,0,107,0,2,11,0,0
130,dual,planner_daily_h14,100.0,True,941168.4482773186,0.3391254553239706,0.9039880840372521,11,0,34,0,11,75,0,0
130,dual,planner_daily_no_expedite,70.0,True,483227.27341410256,0.35653810798651003,0.919148664583404,0,0,48,0,0,70,0,2
130,dual,planner_daily_expedite_7d,69.0,True,533136.2827213283,0.3632149206783663,0.9219321833949673,2,0,49,0,2,68,0,1
130,dual,planner_daily_h28,0.0,True,1209197.112013177,0.0,1.0,24,1,96,0,24,0,0,0
130,dual,planner_daily_h56,0.0,True,1189378.24108741,0.0,1.0,30,6,90,0,30,0,0,0
130,dual,planner_daily_h14_k48,110.0,False,1003785.6605430102,0.38288089230696964,0.8699403263225319,12,0,36,0,12,72,0,0
131,compound,rl_only,66.0,True,398420.088,0.1383,0.9633,,,,,,,,
131,compound,crl,22.0,True,384160.024,0.041,0.9915,,,,,,,,
131,compound,planner_weekly_h14,0.0,True,423711.73148925696,0.0,1.0,3,0,117,0,3,0,0,0
131,compound,planner_daily_h14,0.0,True,641212.8452710039,0.0,1.0,4,0,28,6,4,82,0,0
131,compound,planner_daily_no_expedite,110.0,False,473987.7063174588,0.25395920354699786,0.9380419003064325,0,0,48,10,0,62,0,0
131,compound,planner_daily_expedite_7d,110.0,False,500772.200121943,0.15859276844923037,0.9742177282863846,1,0,35,9,1,75,0,0
131,compound,planner_daily_h28,0.0,True,1075421.4777099965,0.0,1.0,11,0,13,10,11,86,0,0
131,compound,planner_daily_h56,0.0,True,1299173.5063553548,0.0,1.0,19,0,91,10,19,0,0,0
131,compound,planner_daily_h14_k48,0.0,True,1309332.0672488145,0.0,1.0,18,0,25,0,18,77,0,0
132,single,rl_only,0.0,True,368375.934,0.0,1.0,,,,,,,,
132,single,crl,0.0,True,382316.848,0.0,1.0,,,,,,,,
132,single,planner_weekly_h14,0.0,True,379137.3233779715,0.0,1.0,0,0,104,0,0,16,0,0
132,single,planner_daily_h14,0.0,True,381291.1923697371,0.0,1.0,0,0,10,0,0,110,0,0
132,single,planner_daily_no_expedite,0.0,True,381291.1923697371,0.0,1.0,0,0,10,0,0,110,0,0
132,single,planner_daily_expedite_7d,0.0,True,381291.1923697371,0.0,1.0,0,0,10,0,0,110,0,0
132,single,planner_daily_h28,0.0,True,306042.40323181264,0.0,1.0,0,0,120,0,0,0,0,0
132,single,planner_daily_h56,0.0,True,465392.2176306366,0.0,1.0,2,0,110,8,2,0,0,0
132,single,planner_daily_h14_k48,0.0,True,381291.1923697371,0.0,1.0,0,0,10,0,0,110,0,0
133,dual,rl_only,78.4,True,404983.598,0.3827,0.9157,,,,,,,,
133,dual,crl,105.0,True,391917.724,0.2983,0.9141,,,,,,,,
133,dual,planner_weekly_h14,97.0,True,468059.05586912343,0.2671043523646633,0.9318746669743968,2,0,109,0,2,9,0,0
133,dual,planner_daily_h14,0.0,True,1180775.249952724,0.0,1.0,19,0,15,0,19,86,0,0
133,dual,planner_daily_no_expedite,105.0,True,425823.2128830915,0.2825606842050314,0.9203794641329465,0,0,61,0,0,59,0,0
133,dual,planner_daily_expedite_7d,67.0,True,533937.2222968324,0.39449114257206347,0.9120497632859195,3,0,54,0,3,63,0,0
133,dual,planner_daily_h28,0.0,True,1076292.1555255859,0.0,1.0,28,4,92,0,28,0,0,0
133,dual,planner_daily_h56,0.0,True,1057240.4763562619,0.0,1.0,33,9,87,0,33,0,0,0
133,dual,planner_daily_h14_k48,0.0,True,1112843.364013409,0.0,1.0,18,0,16,0,18,86,0,0
134,compound,rl_only,51.2,True,377106.846,0.0897,0.9863,,,,,,,,
134,compound,crl,0.0,True,396464.806,0.0,1.0,,,,,,,,
134,compound,planner_weekly_h14,36.0,True,470722.14146101405,0.1739426279109184,0.9887159605988127,4,0,116,0,4,0,0,0
134,compound,planner_daily_h14,0.0,True,1497067.6867260076,0.0,1.0,24,2,26,0,24,70,0,0
134,compound,planner_daily_no_expedite,33.0,True,436918.1283188675,0.17679488349522682,0.9907786741985393,0,0,37,10,0,73,0,0
134,compound,planner_daily_expedite_7d,82.0,True,537715.275051759,0.16412885293990045,0.9771746687643176,2,0,44,9,2,65,0,0
134,compound,planner_daily_h28,0.0,True,1335511.6952309962,0.0,1.0,17,0,12,6,17,85,0,0
134,compound,planner_daily_h56,0.0,True,1325251.445356039,0.0,1.0,20,0,90,10,20,0,0,0
134,compound,planner_daily_h14_k48,0.0,True,1324368.1778788466,0.0,1.0,24,2,94,2,24,0,0,0
135,single,rl_only,0.0,True,402465.572,0.0,1.0,,,,,,,,
135,single,crl,0.0,True,429352.922,0.0,1.0,,,,,,,,
135,single,planner_weekly_h14,0.0,True,404293.6440335546,0.0,1.0,0,0,104,0,0,16,0,0
135,single,planner_daily_h14,0.0,True,406868.0165224978,0.0,1.0,0,0,10,0,0,110,0,0
135,single,planner_daily_no_expedite,0.0,True,406868.0165224978,0.0,1.0,0,0,10,0,0,110,0,0
135,single,planner_daily_expedite_7d,0.0,True,406868.0165224978,0.0,1.0,0,0,10,0,0,110,0,0
135,single,planner_daily_h28,0.0,True,330494.15707214514,0.0,1.0,0,0,120,0,0,0,0,0
135,single,planner_daily_h56,0.0,True,794439.815061966,0.0,1.0,10,0,104,6,10,0,0,0
135,single,planner_daily_h14_k48,0.0,True,406868.0165224978,0.0,1.0,0,0,10,0,0,110,0,0
136,dual,rl_only,77.4,True,558559.49,0.3136,0.9325,,,,,,,,
136,dual,crl,100.4,True,572712.982,0.26,0.9349,,,,,,,,
136,dual,planner_weekly_h14,35.0,True,566934.9728641957,0.3517891684085089,0.9643232417186577,3,0,117,0,3,0,0,0
136,dual,planner_daily_h14,33.0,True,1511315.2428377785,0.24401027070392858,0.9825050599004758,18,0,24,0,18,78,0,0
136,dual,planner_daily_no_expedite,109.0,True,600749.7319936393,0.2601947304443122,0.9269337356610557,0,0,57,10,0,53,0,0
136,dual,planner_daily_expedite_7d,89.0,True,664364.7806685412,0.33590721198288664,0.9039442436352353,1,0,66,10,1,43,0,0
136,dual,planner_daily_h28,96.0,True,1111475.1578410512,0.14586790350029621,0.981319074472453,9,0,32,10,9,69,0,0
136,dual,planner_daily_h56,0.0,True,1454586.4752091218,0.0,1.0,19,0,91,10,19,0,0,0
136,dual,planner_daily_h14_k48,109.0,True,600749.7319936393,0.2601947304443122,0.9269337356610557,0,0,58,10,0,52,0,0
137,compound,rl_only,0.0,True,350379.46,0.0,1.0,,,,,,,,
137,compound,crl,0.0,True,346770.168,0.0,1.0,,,,,,,,
137,compound,planner_weekly_h14,0.0,True,428920.9013864172,0.0,1.0,3,0,117,0,3,0,0,0
137,compound,planner_daily_h14,0.0,True,420221.8050543553,0.0,1.0,1,0,39,0,1,80,0,0
137,compound,planner_daily_no_expedite,0.0,True,389443.8287521081,0.0,1.0,0,0,44,0,0,76,0,0
137,compound,planner_daily_expedite_7d,0.0,True,420221.8050543553,0.0,1.0,1,0,39,0,1,80,0,0
137,compound,planner_daily_h28,0.0,True,1333125.307882587,0.0,1.0,27,4,93,0,27,0,0,0
137,compound,planner_daily_h56,0.0,True,1314886.6122172014,0.0,1.0,34,10,86,0,34,0,0,0
137,compound,planner_daily_h14_k48,0.0,True,1279589.3525226829,0.0,1.0,17,0,27,0,17,76,0,0
138,single,rl_only,0.0,True,395022.398,0.0,1.0,,,,,,,,
138,single,crl,0.0,True,408943.65,0.0,1.0,,,,,,,,
138,single,planner_weekly_h14,0.0,True,333015.80819978885,0.0,1.0,0,0,120,0,0,0,0,0
138,single,planner_daily_h14,0.0,True,333015.80819978885,0.0,1.0,0,0,120,0,0,0,0,0
138,single,planner_daily_no_expedite,0.0,True,333015.80819978885,0.0,1.0,0,0,120,0,0,0,0,0
138,single,planner_daily_expedite_7d,0.0,True,333015.80819978885,0.0,1.0,0,0,120,0,0,0,0,0
138,single,planner_daily_h28,0.0,True,333015.80819978885,0.0,1.0,0,0,120,0,0,0,0,0
138,single,planner_daily_h56,0.0,True,460415.5187717071,0.0,1.0,3,0,117,0,3,0,0,0
138,single,planner_daily_h14_k48,0.0,True,333015.80819978885,0.0,1.0,0,0,120,0,0,0,0,0
139,dual,rl_only,36.0,True,362074.658,0.0343,0.9971,,,,,,,,
139,dual,crl,0.0,True,389808.448,0.0,1.0,,,,,,,,
139,dual,planner_weekly_h14,106.0,True,399939.13576988014,0.1816481676656033,0.9606301856317429,2,0,116,2,2,0,0,0
139,dual,planner_daily_h14,0.0,True,882763.3080963615,0.0,1.0,9,0,17,2,9,92,0,0
139,dual,planner_daily_no_expedite,0.0,True,408334.8870945167,0.0,0.998761340639515,0,0,31,10,0,79,0,0
139,dual,planner_daily_expedite_7d,0.0,True,503875.9174106075,0.0,1.0,2,0,21,8,2,89,0,0
139,dual,planner_daily_h28,0.0,True,525519.9913567543,0.0,1.0,4,0,106,10,4,0,0,0
139,dual,planner_daily_h56,0.0,True,734053.745388799,0.0,1.0,9,0,101,10,9,0,0,0
139,dual,planner_daily_h14_k48,102.0,True,891882.4933509586,0.2732141676926554,0.9335487812792037,11,0,25,9,11,75,0,0
140,compound,rl_only,54.2,True,358212.554,0.1425,0.9715,,,,,,,,
140,compound,crl,0.0,True,366412.892,0.0,1.0,,,,,,,,
140,compound,planner_weekly_h14,101.0,True,432500.8280122303,0.1303118529456035,0.9804837085708883,5,0,115,0,5,0,0,0
140,compound,planner_daily_h14,0.0,True,1372922.679338187,0.0,1.0,25,3,21,2,25,72,0,0
140,compound,planner_daily_no_expedite,104.0,True,437114.65877476806,0.21408864172264713,0.9549890543364261,0,0,49,10,0,61,0,0
140,compound,planner_daily_expedite_7d,110.0,False,566831.6343231614,0.26005816594050213,0.9337194089734657,3,0,46,9,3,62,0,0
140,compound,planner_daily_h28,0.0,True,896862.606973451,0.0,1.0,13,0,97,10,13,0,0,0
140,compound,planner_daily_h56,0.0,True,1138911.7517348612,0.0,1.0,17,0,93,10,17,0,0,0
140,compound,planner_daily_h14_k48,0.0,True,1372922.679338187,0.0,1.0,25,3,21,2,25,72,0,0
141,single,rl_only,0.0,True,349099.118,0.0,1.0,,,,,,,,
141,single,crl,0.0,True,336651.344,0.0,1.0,,,,,,,,
141,single,planner_weekly_h14,0.0,True,387369.4540731728,0.0,1.0,0,0,104,0,0,16,0,0
141,single,planner_daily_h14,0.0,True,387369.4540731728,0.0,1.0,0,0,10,0,0,110,0,0
141,single,planner_daily_no_expedite,0.0,True,387369.4540731728,0.0,1.0,0,0,10,0,0,110,0,0
141,single,planner_daily_expedite_7d,0.0,True,387369.4540731728,0.0,1.0,0,0,10,0,0,110,0,0
141,single,planner_daily_h28,0.0,True,312324.7554748658,0.0,1.0,0,0,120,0,0,0,0,0
141,single,planner_daily_h56,0.0,True,312324.7554748658,0.0,1.0,0,0,120,0,0,0,0,0
141,single,planner_daily_h14_k48,0.0,True,387369.4540731728,0.0,1.0,0,0,10,0,0,110,0,0
142,dual,rl_only,0.0,True,347850.158,0.0,1.0,,,,,,,,
142,dual,crl,0.0,True,339294.06,0.0,1.0,,,,,,,,
142,dual,planner_weekly_h14,0.0,True,376769.19609873916,0.0,1.0,0,0,105,0,0,15,0,0
142,dual,planner_daily_h14,0.0,True,378500.7191909562,0.0,1.0,0,0,22,0,0,98,0,0
142,dual,planner_daily_no_expedite,0.0,True,378500.7191909562,0.0,1.0,0,0,22,0,0,98,0,0
142,dual,planner_daily_expedite_7d,0.0,True,378500.7191909562,0.0,1.0,0,0,22,0,0,98,0,0
142,dual,planner_daily_h28,0.0,True,1168774.6622140175,0.0,1.0,21,0,99,0,21,0,0,0
142,dual,planner_daily_h56,0.0,True,1339889.4434539333,0.0,1.0,27,3,93,0,27,0,0,0
142,dual,planner_daily_h14_k48,0.0,True,378420.3656680698,0.0,1.0,0,0,24,0,0,96,0,0
143,compound,rl_only,45.4,True,505405.54,0.4186,0.9305,,,,,,,,
143,compound,crl,25.2,True,468872.93,0.2073,0.9838,,,,,,,,
143,compound,planner_weekly_h14,94.0,True,607113.9319686833,0.37942930924217527,0.8876122179752862,4,0,115,1,4,0,0,0
143,compound,planner_daily_h14,31.0,True,1686870.5773826053,0.45480169258938363,0.9488828249627168,26,3,20,1,26,73,0,0
143,compound,planner_daily_no_expedite,97.0,True,646869.3167654829,0.46415581326227956,0.8360197193478285,0,0,56,10,0,53,0,1
143,compound,planner_daily_expedite_7d,96.0,True,752924.7918574103,0.28835410417757307,0.922773881957792,4,0,43,9,4,63,0,1
143,compound,planner_daily_h28,0.0,True,1570650.0037616151,0.0,1.0,18,0,11,8,18,83,0,0
143,compound,planner_daily_h56,0.0,True,1501831.6696851482,0.0,0.9988402917045106,24,2,86,10,24,0,0,0
143,compound,planner_daily_h14_k48,31.0,True,1686870.5773826053,0.45480169258938363,0.9488828249627168,26,3,20,1,26,73,0,0
144,single,rl_only,60.6,True,415904.704,0.1188,0.9735,,,,,,,,
144,single,crl,16.0,True,428376.686,0.0131,0.9989,,,,,,,,
144,single,planner_weekly_h14,110.0,False,408068.4749073086,0.03520880626793895,0.9966389427910126,0,0,106,0,0,14,0,0
144,single,planner_daily_h14,0.0,True,402888.83872634644,0.0,1.0,0,0,12,0,0,108,0,0
144,single,planner_daily_no_expedite,0.0,True,402888.83872634644,0.0,1.0,0,0,12,0,0,108,0,0
144,single,planner_daily_expedite_7d,0.0,True,402888.83872634644,0.0,1.0,0,0,12,0,0,108,0,0
144,single,planner_daily_h28,109.0,True,396676.9885605595,0.16609769428223825,0.9730681276750606,0,0,118,2,0,0,0,0
144,single,planner_daily_h56,0.0,True,716965.9733443086,0.0,1.0,8,0,105,7,8,0,0,0
144,single,planner_daily_h14_k48,0.0,True,402888.83872634644,0.0,1.0,0,0,11,0,0,109,0,0
145,dual,rl_only,75.0,True,457106.184,0.3256,0.9366,,,,,,,,
145,dual,crl,107.0,True,416499.628,0.1574,0.9719,,,,,,,,
145,dual,planner_weekly_h14,75.0,True,543943.3284785779,0.4501633819137738,0.8783807922277507,1,0,108,2,1,9,0,0
145,dual,planner_daily_h14,105.0,True,629282.7769191371,0.17371804520473771,0.9683348500849182,3,0,31,10,3,76,0,0
145,dual,planner_daily_no_expedite,110.0,False,479086.61737069284,0.22084916373076127,0.9469683062653996,0,0,45,10,0,65,0,0
145,dual,planner_daily_expedite_7d,105.0,True,483673.2822324903,0.09395217751453117,0.9857264195198139,1,0,40,10,1,69,0,0
145,dual,planner_daily_h28,105.0,True,559195.947730508,0.2669068830762799,0.9320844339789872,2,0,52,10,2,56,0,0
145,dual,planner_daily_h56,87.0,True,636651.8682613452,0.22481366584039147,0.9592909020765162,6,0,104,10,6,0,0,0
145,dual,planner_daily_h14_k48,88.0,True,911149.9950474077,0.33610805735801863,0.9150280356168728,8,0,30,4,8,78,0,0
146,compound,rl_only,81.2,True,508949.164,0.3192,0.9311,,,,,,,,
146,compound,crl,87.0,True,442950.79,0.1256,0.9784,,,,,,,,
146,compound,planner_weekly_h14,108.0,True,551245.2426848597,0.1943203217264159,0.9586320756945633,4,0,116,0,4,0,0,0
146,compound,planner_daily_h14,33.0,True,1609820.1534795023,0.18842517765987704,0.9875915637580043,22,1,25,0,22,73,0,0
146,compound,planner_daily_no_expedite,94.0,True,526530.0442672072,0.2427230330398703,0.9483518373141804,0,0,44,10,0,66,0,0
146,compound,planner_daily_expedite_7d,109.0,True,667243.6212441241,0.20339175839626328,0.9495243242660276,3,0,59,9,3,49,0,0
146,compound,planner_daily_h28,110.0,False,945334.1546558872,0.26159776830380954,0.9322114702623417,7,0,43,10,7,60,0,0
146,compound,planner_daily_h56,0.0,True,1429093.6181746025,0.0,1.0,21,0,89,10,21,0,0,0
146,compound,planner_daily_h14_k48,33.0,True,1609820.1534795023,0.18842517765987704,0.9875915637580043,22,1,25,0,22,73,0,0
147,single,rl_only,59.6,True,399390.624,0.1224,0.9684,,,,,,,,
147,single,crl,0.0,True,387273.596,0.0,1.0,,,,,,,,
147,single,planner_weekly_h14,96.0,True,388253.8154406747,0.12989226868167597,0.9796792613960419,0,0,105,0,0,15,0,0
147,single,planner_daily_h14,95.0,True,477959.4058895493,0.2880817953102463,0.9295128488742714,0,0,36,2,0,82,0,0
147,single,planner_daily_no_expedite,95.0,True,477959.4058895493,0.2880817953102463,0.9295128488742714,0,0,36,2,0,82,0,0
147,single,planner_daily_expedite_7d,95.0,True,477959.4058895493,0.2880817953102463,0.9295128488742714,0,0,36,2,0,82,0,0
147,single,planner_daily_h28,110.0,False,417917.8738142168,0.2070088149039816,0.9544485334374814,2,0,116,2,2,0,0,0
147,single,planner_daily_h56,0.0,True,368443.4740745985,0.0,1.0,0,0,110,10,0,0,0,0
147,single,planner_daily_h14_k48,95.0,True,477959.4058895493,0.2880817953102463,0.9295128488742714,0,0,35,2,0,83,0,0
148,dual,rl_only,108.2,True,466403.76,0.2557,0.9291,,,,,,,,
148,dual,crl,38.2,True,416150.758,0.0233,0.9978,,,,,,,,
148,dual,planner_weekly_h14,108.0,True,594926.0339910968,0.3269610674677837,0.8995128692409375,2,0,105,2,2,11,0,0
148,dual,planner_daily_h14,103.0,True,1040230.5090496216,0.4686548021650521,0.8283333766287205,10,0,39,9,10,62,0,0
148,dual,planner_daily_no_expedite,96.0,True,524587.2180098329,0.2980808998129686,0.9221277721608198,0,0,42,10,0,68,0,0
148,dual,planner_daily_expedite_7d,108.0,True,659757.5075783372,0.21894701884398116,0.9503710210654931,3,0,37,9,3,71,0,0
148,dual,planner_daily_h28,0.0,True,706898.5449204321,0.0,1.0,7,0,103,10,7,0,0,0
148,dual,planner_daily_h56,110.0,False,759266.5956828616,0.1266678689493224,0.9785627282169724,9,0,101,10,9,0,0,0
148,dual,planner_daily_h14_k48,103.0,True,1113732.8051736385,0.43691878587472,0.8480460631104486,11,0,33,10,11,66,0,0
149,compound,rl_only,15.2,True,357625.48,0.1602,0.9786,,,,,,,,
149,compound,crl,0.0,True,329167.48,0.0,1.0,,,,,,,,
149,compound,planner_weekly_h14,0.0,True,370630.5827792666,0.0,1.0,2,0,118,0,2,0,0,0
149,compound,planner_daily_h14,0.0,True,361621.63181076664,0.0,1.0,0,0,37,0,0,83,0,0
149,compound,planner_daily_no_expedite,0.0,True,361621.63181076664,0.0,1.0,0,0,37,0,0,83,0,0
149,compound,planner_daily_expedite_7d,0.0,True,361621.63181076664,0.0,1.0,0,0,37,0,0,83,0,0
149,compound,planner_daily_h28,0.0,True,1400046.0279601356,0.0,1.0,22,0,16,0,22,82,0,0
149,compound,planner_daily_h56,0.0,True,1230121.5087337845,0.0,1.0,36,12,84,0,36,0,0,0
149,compound,planner_daily_h14_k48,0.0,True,361621.63181076664,0.0,1.0,0,0,36,0,0,84,0,0
150,single,rl_only,109.6,True,415229.142,0.2851,0.9147,,,,,,,,
150,single,crl,110.0,True,427277.088,0.2724,0.922,,,,,,,,
150,single,planner_weekly_h14,110.0,False,468424.1768410707,0.3090415081673519,0.9050017957757333,0,0,108,1,0,11,0,0
150,single,planner_daily_h14,110.0,False,478535.8122650048,0.30883708203315685,0.9049456494590674,0,0,47,7,0,66,0,0
150,single,planner_daily_no_expedite,110.0,False,478535.8122650048,0.30883708203315685,0.9049456494590674,0,0,47,7,0,66,0,0
150,single,planner_daily_expedite_7d,110.0,False,478535.8122650048,0.30883708203315685,0.9049456494590674,0,0,47,7,0,66,0,0
150,single,planner_daily_h28,108.0,True,477028.74860376446,0.2983420226064309,0.9131888844889976,2,0,111,7,2,0,0,0
150,single,planner_daily_h56,108.0,True,388680.30057762447,0.2194076472039824,0.9532865528935376,0,0,110,10,0,0,0,0
150,single,planner_daily_h14_k48,110.0,False,533061.4798104239,0.4225236950863947,0.8383263769735416,0,0,53,7,0,60,0,0
151,dual,rl_only,104.0,True,517509.596,0.3229,0.8975,,,,,,,,
151,dual,crl,83.8,True,446042.43,0.1778,0.9598,,,,,,,,
151,dual,planner_weekly_h14,97.0,True,583178.7774839528,0.3043545340706096,0.9153957950109964,2,0,107,2,2,9,0,0
151,dual,planner_daily_h14,104.0,True,1132128.9621914881,0.5943484946105959,0.750887071183914,12,0,51,9,12,48,0,0
151,dual,planner_daily_no_expedite,104.0,True,543140.4511122337,0.32925120637048283,0.8954708187476438,0,0,60,10,0,50,0,0
151,dual,planner_daily_expedite_7d,105.0,True,593932.0012792187,0.14941816982152262,0.9764043599787307,2,0,39,9,2,70,0,0
151,dual,planner_daily_h28,95.0,True,655141.0459678784,0.29240936022069247,0.9247249807397601,6,0,104,10,6,0,0,0
151,dual,planner_daily_h56,103.0,True,640218.2490683569,0.08624428136704344,0.9919913082328045,7,0,103,10,7,0,0,0
151,dual,planner_daily_h14_k48,105.0,True,1125513.822788201,0.4734955809999329,0.8212737525090372,12,0,35,10,12,63,0,0
152,compound,rl_only,79.2,True,551606.762,0.3626,0.8914,,,,,,,,
152,compound,crl,62.0,True,454530.038,0.2524,0.9643,,,,,,,,
152,compound,planner_weekly_h14,108.0,True,628337.6392654786,0.36852435342080864,0.8680683756455342,4,0,115,1,4,0,0,0
152,compound,planner_daily_h14,29.0,True,1302515.5455229022,0.4596775160433915,0.9473670684660622,29,7,91,0,29,0,0,0
152,compound,planner_daily_no_expedite,108.0,True,546713.4807756334,0.2849920464158952,0.9186827954179028,0,0,49,10,0,60,0,1
152,compound,planner_daily_expedite_7d,107.0,True,762147.4585965248,0.437288862623397,0.8204843909470939,4,0,65,9,4,41,0,1
152,compound,planner_daily_h28,23.0,True,1023051.3263277725,0.3473414658011982,0.9755303954819923,14,0,96,10,14,0,0,0
152,compound,planner_daily_h56,23.0,True,1534523.8729912136,0.3950581896423636,0.9697462775966227,23,1,87,10,23,0,0,0
152,compound,planner_daily_h14_k48,29.0,True,1408864.8279451013,0.4596775160433915,0.9473670684660622,29,7,90,1,29,0,0,0
153,single,rl_only,22.0,True,385528.164,0.0389,0.9926,,,,,,,,
153,single,crl,0.0,True,400274.132,0.0,1.0,,,,,,,,
153,single,planner_weekly_h14,0.0,True,331811.86494220654,0.0,1.0,0,0,120,0,0,0,0,0
153,single,planner_daily_h14,0.0,True,331811.86494220654,0.0,1.0,0,0,120,0,0,0,0,0
153,single,planner_daily_no_expedite,0.0,True,331811.86494220654,0.0,1.0,0,0,120,0,0,0,0,0
153,single,planner_daily_expedite_7d,0.0,True,331811.86494220654,0.0,1.0,0,0,120,0,0,0,0,0
153,single,planner_daily_h28,0.0,True,365270.4468544771,0.0,1.0,0,0,119,1,0,0,0,0
153,single,planner_daily_h56,0.0,True,631042.7519333558,0.0,1.0,7,0,106,7,7,0,0,0
153,single,planner_daily_h14_k48,0.0,True,331811.86494220654,0.0,1.0,0,0,120,0,0,0,0,0
154,dual,rl_only,0.0,True,370114.166,0.0,1.0,,,,,,,,
154,dual,crl,0.0,True,397997.768,0.0,1.0,,,,,,,,
154,dual,planner_weekly_h14,0.0,True,391821.55514274107,0.0,1.0,0,0,104,1,0,15,0,0
154,dual,planner_daily_h14,0.0,True,391834.0903187187,0.0,1.0,0,0,16,2,0,102,0,0
154,dual,planner_daily_no_expedite,0.0,True,391834.0903187187,0.0,1.0,0,0,16,2,0,102,0,0
154,dual,planner_daily_expedite_7d,0.0,True,391834.0903187187,0.0,1.0,0,0,16,2,0,102,0,0
154,dual,planner_daily_h28,0.0,True,605039.0496726218,0.0,1.0,7,0,110,3,7,0,0,0
154,dual,planner_daily_h56,0.0,True,374766.14170971443,0.0,1.0,0,0,110,10,0,0,0,0
154,dual,planner_daily_h14_k48,0.0,True,391838.6133383638,0.0,1.0,0,0,14,2,0,104,0,0
155,compound,rl_only,62.8,True,603406.406,0.5017,0.8824,,,,,,,,
155,compound,crl,40.0,True,455930.902,0.3817,0.962,,,,,,,,
155,compound,planner_weekly_h14,110.0,False,607467.2856289902,0.39281053271850047,0.8508902067561142,4,0,115,1,4,0,0,0
155,compound,planner_daily_h14,28.0,True,1554488.4641603592,0.5504889329047871,0.9367564881877232,29,6,18,1,29,72,0,0
155,compound,planner_daily_no_expedite,41.0,True,572325.9950878718,0.5158328469466439,0.9079650948897444,0,0,44,10,0,65,0,1
155,compound,planner_daily_expedite_7d,82.0,True,776708.9022971862,0.43266092858040056,0.8669563155339768,4,0,58,9,4,48,0,1
155,compound,planner_daily_h28,22.0,True,1293685.597074429,0.4240232497679547,0.9673039291637929,15,0,11,8,15,86,0,0
155,compound,planner_daily_h56,22.0,True,1453985.6263250501,0.41508890916530766,0.9683027843882178,21,0,89,10,21,0,0,0
155,compound,planner_daily_h14_k48,28.0,True,1564685.9092220312,0.5504889329047871,0.9367564881877232,28,5,17,0,28,75,0,0
156,single,rl_only,17.2,True,387951.892,0.1313,0.9832,,,,,,,,
156,single,crl,52.2,True,358678.058,0.055,0.9947,,,,,,,,
156,single,planner_weekly_h14,44.0,True,437230.85152565496,0.24408481572168836,0.9755518710057577,0,0,107,0,0,13,0,0
156,single,planner_daily_h14,44.0,True,437230.85152565496,0.24408481572168836,0.9755518710057577,0,0,24,0,0,96,0,0
156,single,planner_daily_no_expedite,44.0,True,437230.85152565496,0.24408481572168836,0.9755518710057577,0,0,24,0,0,96,0,0
156,single,planner_daily_expedite_7d,44.0,True,437230.85152565496,0.24408481572168836,0.9755518710057577,0,0,24,0,0,96,0,0
156,single,planner_daily_h28,0.0,True,343554.0177566679,0.0,1.0,0,0,120,0,0,0,0,0
156,single,planner_daily_h56,110.0,False,884764.4993927117,0.20238998422478208,0.9584215231177227,16,0,104,0,16,0,0,0
156,single,planner_daily_h14_k48,44.0,True,437230.85152565496,0.24408481572168836,0.9755518710057577,0,0,24,0,0,96,0,0
157,dual,rl_only,43.8,True,406089.776,0.0709,0.9854,,,,,,,,
157,dual,crl,0.0,True,415435.728,0.0,1.0,,,,,,,,
157,dual,planner_weekly_h14,0.0,True,383012.3978215455,0.0,1.0,0,0,105,0,0,15,0,0
157,dual,planner_daily_h14,0.0,True,443403.6857805828,0.0,1.0,0,0,21,1,0,98,0,0
157,dual,planner_daily_no_expedite,0.0,True,443403.6857805828,0.0,1.0,0,0,21,1,0,98,0,0
157,dual,planner_daily_expedite_7d,0.0,True,443403.6857805828,0.0,1.0,0,0,21,1,0,98,0,0
157,dual,planner_daily_h28,0.0,True,539056.8635961864,0.0,1.0,4,0,106,10,4,0,0,0
157,dual,planner_daily_h56,0.0,True,530139.3587453583,0.0,1.0,3,0,107,10,3,0,0,0
157,dual,planner_daily_h14_k48,0.0,True,383012.3978215455,0.0,1.0,0,0,22,0,0,98,0,0
158,compound,rl_only,15.6,True,409542.716,0.1376,0.9831,,,,,,,,
158,compound,crl,0.0,True,382111.454,0.0,0.9993,,,,,,,,
158,compound,planner_weekly_h14,0.0,True,464757.4419317299,0.0,1.0,3,0,117,0,3,0,0,0
158,compound,planner_daily_h14,0.0,True,1451663.850709789,0.0,1.0,18,0,25,0,18,77,0,0
158,compound,planner_daily_no_expedite,0.0,True,419499.6082622663,0.0,1.0,0,0,50,0,0,70,0,0
158,compound,planner_daily_expedite_7d,54.0,True,537868.4667094679,0.03936299734219545,0.9973599665522321,3,0,55,0,3,62,0,0
158,compound,planner_daily_h28,0.0,True,1711895.417811957,0.0,1.0,26,3,14,0,26,80,0,0
158,compound,planner_daily_h56,0.0,True,1435795.3183623084,0.0,1.0,36,12,84,0,36,0,0,0
158,compound,planner_daily_h14_k48,0.0,True,1451663.850709789,0.0,1.0,18,0,25,0,18,77,0,0
159,single,rl_only,22.0,True,410180.886,0.0189,0.9982,,,,,,,,
159,single,crl,0.0,True,433524.008,0.0,1.0,,,,,,,,
159,single,planner_weekly_h14,0.0,True,419230.0039360908,0.0,1.0,0,0,104,0,0,16,0,0
159,single,planner_daily_h14,0.0,True,419230.0039360908,0.0,1.0,0,0,10,0,0,110,0,0
159,single,planner_daily_no_expedite,0.0,True,419230.0039360908,0.0,1.0,0,0,10,0,0,110,0,0
159,single,planner_daily_expedite_7d,0.0,True,419230.0039360908,0.0,1.0,0,0,10,0,0,110,0,0
159,single,planner_daily_h28,0.0,True,341954.36269293004,0.0,1.0,0,0,120,0,0,0,0,0
159,single,planner_daily_h56,0.0,True,632844.7997604249,0.0,1.0,7,0,112,1,7,0,0,0
159,single,planner_daily_h14_k48,0.0,True,419230.0039360908,0.0,1.0,0,0,10,0,0,110,0,0
160,dual,rl_only,0.0,True,364774.826,0.0,1.0,,,,,,,,
160,dual,crl,0.0,True,389167.398,0.0,1.0,,,,,,,,
160,dual,planner_weekly_h14,0.0,True,339219.2317132721,0.0,1.0,0,0,119,1,0,0,0,0
160,dual,planner_daily_h14,0.0,True,339219.2317132721,0.0,1.0,0,0,118,2,0,0,0,0
160,dual,planner_daily_no_expedite,0.0,True,339219.2317132721,0.0,1.0,0,0,118,2,0,0,0,0
160,dual,planner_daily_expedite_7d,0.0,True,339219.2317132721,0.0,1.0,0,0,118,2,0,0,0,0
160,dual,planner_daily_h28,0.0,True,796606.7424752807,0.0,1.0,11,0,103,6,11,0,0,0
160,dual,planner_daily_h56,0.0,True,397341.25475864473,0.0,1.0,1,0,109,10,1,0,0,0
160,dual,planner_daily_h14_k48,0.0,True,339219.2317132721,0.0,1.0,0,0,118,2,0,0,0,0
161,compound,rl_only,42.8,True,481548.002,0.2643,0.9344,,,,,,,,
161,compound,crl,43.2,True,425618.838,0.044,0.994,,,,,,,,
161,compound,planner_weekly_h14,81.0,True,612258.1307846231,0.43981997467988826,0.8771890966415006,4,0,115,1,4,0,0,0
161,compound,planner_daily_h14,29.0,True,1758625.8734240602,0.40014993951465927,0.9631655426381527,23,1,21,1,23,75,0,0
161,compound,planner_daily_no_expedite,108.0,True,595279.3295281678,0.3775631811137912,0.8663571671783898,0,0,61,10,0,49,0,0
161,compound,planner_daily_expedite_7d,110.0,False,741444.2471820207,0.37397803231969756,0.8709843721608671,3,0,68,9,3,40,0,0
161,compound,planner_daily_h28,0.0,True,1368677.2229163805,0.0,1.0,16,0,10,9,16,85,0,0
161,compound,planner_daily_h56,0.0,True,1653495.1879152986,0.0,1.0,23,0,87,10,23,0,0,0
161,compound,planner_daily_h14_k48,29.0,True,1645385.823719486,0.40014993951465927,0.9631655426381527,23,1,21,0,23,76,0,0
162,single,rl_only,0.0,True,363718.372,0.0,1.0,,,,,,,,
162,single,crl,0.0,True,391759.332,0.0,1.0,,,,,,,,
162,single,planner_weekly_h14,0.0,True,357405.4124515174,0.0,1.0,0,0,104,0,0,16,0,0
162,single,planner_daily_h14,0.0,True,357405.4124515174,0.0,1.0,0,0,10,0,0,110,0,0
162,single,planner_daily_no_expedite,0.0,True,357405.4124515174,0.0,1.0,0,0,10,0,0,110,0,0
162,single,planner_daily_expedite_7d,0.0,True,357405.4124515174,0.0,1.0,0,0,10,0,0,110,0,0
162,single,planner_daily_h28,0.0,True,312872.04769200616,0.0,1.0,0,0,120,0,0,0,0,0
162,single,planner_daily_h56,0.0,True,481665.51652283175,0.0,1.0,4,0,115,1,4,0,0,0
162,single,planner_daily_h14_k48,0.0,True,357405.4124515174,0.0,1.0,0,0,10,0,0,110,0,0
163,dual,rl_only,20.8,True,395019.268,0.0512,0.9879,,,,,,,,
163,dual,crl,0.0,True,407329.044,0.0,1.0,,,,,,,,
163,dual,planner_weekly_h14,0.0,True,386818.63740913925,0.0,1.0,0,0,104,0,0,16,0,0
163,dual,planner_daily_h14,104.0,True,434786.751360206,0.14444572909436665,0.9785901639451494,0,0,23,1,0,96,0,0
163,dual,planner_daily_no_expedite,104.0,True,434786.751360206,0.14444572909436665,0.9785901639451494,0,0,23,1,0,96,0,0
163,dual,planner_daily_expedite_7d,104.0,True,434786.751360206,0.14444572909436665,0.9785901639451494,0,0,23,1,0,96,0,0
163,dual,planner_daily_h28,0.0,True,663549.0399642377,0.0,1.0,6,0,105,9,6,0,0,0
163,dual,planner_daily_h56,0.0,True,396201.0399755664,0.0,1.0,0,0,110,10,0,0,0,0
163,dual,planner_daily_h14_k48,104.0,True,434786.751360206,0.14444572909436665,0.9785901639451494,0,0,23,1,0,96,0,0
164,compound,rl_only,73.0,True,436318.078,0.3257,0.9352,,,,,,,,
164,compound,crl,71.0,True,416178.996,0.1996,0.9634,,,,,,,,
164,compound,planner_weekly_h14,106.0,True,467978.5100851516,0.21651597572394868,0.9469489684206099,3,0,116,1,3,0,0,0
164,compound,planner_daily_h14,30.0,True,1206172.2758510197,0.07592832874182404,0.9962081353484965,23,2,97,0,23,0,0,0
164,compound,planner_daily_no_expedite,107.0,True,434850.33084288996,0.1086607910284514,0.9858102048080041,0,0,47,10,0,63,0,0
164,compound,planner_daily_expedite_7d,107.0,True,639267.1141655865,0.2768355984010768,0.9216227096864624,3,0,58,9,3,50,0,0
164,compound,planner_daily_h28,110.0,False,770724.6839364797,0.22546034667397385,0.94644755342631,7,0,39,10,7,64,0,0
164,compound,planner_daily_h56,0.0,True,1324863.4034225366,0.0,1.0,20,0,90,10,20,0,0,0
164,compound,planner_daily_h14_k48,30.0,True,1206172.2758510197,0.07592832874182404,0.9962081353484965,23,2,97,0,23,0,0,0
165,single,rl_only,79.6,True,480787.648,0.2142,0.9431,,,,,,,,
165,single,crl,106.4,True,477252.102,0.1872,0.9609,,,,,,,,
165,single,planner_weekly_h14,106.0,True,555100.8414965897,0.2722260381534182,0.9243134195993105,0,0,107,2,0,11,0,0
165,single,planner_daily_h14,105.0,True,594492.4034713742,0.2869302584069778,0.9158196268092104,0,0,55,6,0,59,0,0
165,single,planner_daily_no_expedite,105.0,True,594492.4034713742,0.2869302584069778,0.9158196268092104,0,0,55,6,0,59,0,0
165,single,planner_daily_expedite_7d,105.0,True,594492.4034713742,0.2869302584069778,0.9158196268092104,0,0,55,6,0,59,0,0
165,single,planner_daily_h28,90.0,True,568701.1517670222,0.33770851461336876,0.9134659399537052,2,0,110,8,2,0,0,0
165,single,planner_daily_h56,102.0,True,485367.4496093608,0.3014682456502591,0.9200805600694806,0,0,110,10,0,0,0,0
165,single,planner_daily_h14_k48,105.0,True,594492.4034713742,0.2869302584069778,0.9158196268092104,0,0,54,6,0,60,0,0
166,dual,rl_only,99.6,True,514152.128,0.3049,0.9171,,,,,,,,
166,dual,crl,107.6,True,515666.104,0.2831,0.9228,,,,,,,,
166,dual,planner_weekly_h14,109.0,True,780560.4656685082,0.4220536079657425,0.8395032653943809,2,0,108,1,2,9,0,0
166,dual,planner_daily_h14,83.0,True,1048021.0896650875,0.5128097725804572,0.8394007595734666,9,0,37,9,9,65,0,0
166,dual,planner_daily_no_expedite,97.0,True,597029.1359689997,0.3615871845463086,0.8897180929423615,0,0,55,9,0,56,0,0
166,dual,planner_daily_expedite_7d,97.0,True,685628.8814197152,0.31378654507579695,0.913827807161614,2,0,42,9,2,67,0,0
166,dual,planner_daily_h28,109.0,True,698489.9766199673,0.18444231207728795,0.9647030697797487,6,0,104,10,6,0,0,0
166,dual,planner_daily_h56,109.0,True,1042776.6346960549,0.16823165977515261,0.9727210115722523,13,0,97,10,13,0,0,0
166,dual,planner_daily_h14_k48,110.0,False,1021043.7155296896,0.4163781323976259,0.8456713525613027,9,0,37,10,9,64,0,0
167,compound,rl_only,41.4,True,397484.21,0.3407,0.9572,,,,,,,,
167,compound,crl,42.2,True,396770.164,0.3741,0.9502,,,,,,,,
167,compound,planner_weekly_h14,38.0,True,469722.521439302,0.1700256645455768,0.9885264711486225,5,0,115,0,5,0,0,0
167,compound,planner_daily_h14,0.0,True,1232827.2225982465,0.0,1.0,26,4,94,0,26,0,0,0
167,compound,planner_daily_no_expedite,39.0,True,418853.0022783585,0.31401375352517996,0.9626919288030161,0,0,50,0,0,69,0,1
167,compound,planner_daily_expedite_7d,104.0,True,514584.4063811487,0.2119573029115768,0.9525867593374344,4,0,66,0,4,49,0,1
167,compound,planner_daily_h28,0.0,True,1184929.3706004804,0.0,1.0,37,13,83,0,37,0,0,0
167,compound,planner_daily_h56,0.0,True,1184929.3706004804,0.0,1.0,39,15,81,0,39,0,0,0
167,compound,planner_daily_h14_k48,0.0,True,1455751.2577878612,0.0,1.0,27,5,20,0,27,73,0,0
168,single,rl_only,0.0,True,336654.71,0.0,1.0,,,,,,,,
168,single,crl,0.0,True,323757.228,0.0,1.0,,,,,,,,
168,single,planner_weekly_h14,0.0,True,367941.4889447143,0.0,1.0,0,0,104,0,0,16,0,0
168,single,planner_daily_h14,0.0,True,367941.4889447143,0.0,1.0,0,0,10,0,0,110,0,0
168,single,planner_daily_no_expedite,0.0,True,367941.4889447143,0.0,1.0,0,0,10,0,0,110,0,0
168,single,planner_daily_expedite_7d,0.0,True,367941.4889447143,0.0,1.0,0,0,10,0,0,110,0,0
168,single,planner_daily_h28,0.0,True,300551.9883111849,0.0,1.0,0,0,120,0,0,0,0,0
168,single,planner_daily_h56,109.0,True,663890.8843599798,0.1567832410179978,0.9718491791363322,12,0,108,0,12,0,0,0
168,single,planner_daily_h14_k48,0.0,True,367941.4889447143,0.0,1.0,0,0,10,0,0,110,0,0
169,dual,rl_only,0.0,True,408489.654,0.0,1.0,,,,,,,,
169,dual,crl,0.0,True,440355.83,0.0,1.0,,,,,,,,
169,dual,planner_weekly_h14,0.0,True,404317.95334055455,0.0,1.0,0,0,104,0,0,16,0,0
169,dual,planner_daily_h14,0.0,True,404209.6905464444,0.0,1.0,0,0,10,0,0,110,0,0
169,dual,planner_daily_no_expedite,0.0,True,404209.6905464444,0.0,1.0,0,0,10,0,0,110,0,0
169,dual,planner_daily_expedite_7d,0.0,True,404209.6905464444,0.0,1.0,0,0,10,0,0,110,0,0
169,dual,planner_daily_h28,0.0,True,573063.1891283115,0.0,1.0,4,0,112,4,4,0,0,0
169,dual,planner_daily_h56,0.0,True,396533.7212914309,0.0,1.0,0,0,110,10,0,0,0,0
169,dual,planner_daily_h14_k48,0.0,True,404209.6905464444,0.0,1.0,0,0,10,0,0,110,0,0
170,compound,rl_only,58.4,True,453482.918,0.3976,0.9274,,,,,,,,
170,compound,crl,77.4,True,454931.554,0.3636,0.92,,,,,,,,
170,compound,planner_weekly_h14,55.0,True,522075.3007043632,0.36652669376787167,0.9347306962386202,4,0,116,0,4,0,0,0
170,compound,planner_daily_h14,33.0,True,1659744.3507491944,0.4440429051748309,0.9463938971930326,24,1,21,0,24,75,0,0
170,compound,planner_daily_no_expedite,58.0,True,518670.54872346367,0.5091777616632449,0.8853256618305161,0,0,61,0,0,58,0,1
170,compound,planner_daily_expedite_7d,57.0,True,636144.672703614,0.5505387621738731,0.8733291231636596,4,0,60,0,4,55,0,1
170,compound,planner_daily_h28,26.0,True,1250766.4534775845,0.20028421651742515,0.9904249099387163,39,15,81,0,39,0,0,0
170,compound,planner_daily_h56,26.0,True,1250766.4534775845,0.20028421651742515,0.9904249099387163,39,15,81,0,39,0,0,0
170,compound,planner_daily_h14_k48,33.0,True,1659744.3507491944,0.4440429051748309,0.9463938971930326,24,1,21,0,24,75,0,0
171,single,rl_only,83.4,True,393269.574,0.2236,0.9591,,,,,,,,
171,single,crl,93.0,True,367727.49,0.1517,0.9753,,,,,,,,
171,single,planner_weekly_h14,110.0,False,417262.06216017954,0.2098541964965074,0.9525601844723457,0,0,109,0,0,11,0,0
171,single,planner_daily_h14,110.0,False,389669.5650049345,0.1593312637877829,0.9711538515173486,0,0,34,0,0,86,0,0
171,single,planner_daily_no_expedite,110.0,False,389669.5650049345,0.1593312637877829,0.9711538515173486,0,0,34,0,0,86,0,0
171,single,planner_daily_expedite_7d,110.0,False,389669.5650049345,0.1593312637877829,0.9711538515173486,0,0,34,0,0,86,0,0
171,single,planner_daily_h28,74.0,True,459955.99551409605,0.26731854056016563,0.9516543032185315,3,0,117,0,3,0,0,0
171,single,planner_daily_h56,0.0,True,956369.1345640562,0.0,1.0,18,0,102,0,18,0,0,0
171,single,planner_daily_h14_k48,110.0,False,389669.5650049345,0.1593312637877829,0.9711538515173486,0,0,33,0,0,87,0,0
172,dual,rl_only,62.6,True,374063.044,0.0697,0.9874,,,,,,,,
172,dual,crl,84.2,True,365062.384,0.0829,0.9898,,,,,,,,
172,dual,planner_weekly_h14,105.0,True,417519.1956983357,0.09897441685614672,0.9873426251491891,0,0,110,0,0,10,0,0
172,dual,planner_daily_h14,106.0,True,1001674.5907953426,0.3284917132420187,0.9039105754135107,11,0,29,0,11,80,0,0
172,dual,planner_daily_no_expedite,105.0,True,455486.02642238705,0.20050722721870018,0.9610780856104587,0,0,49,0,0,71,0,0
172,dual,planner_daily_expedite_7d,0.0,True,467247.15459990874,0.0,1.0,2,0,31,0,2,87,0,0
172,dual,planner_daily_h28,0.0,True,1173656.0705877827,0.0,1.0,21,0,99,0,21,0,0,0
172,dual,planner_daily_h56,0.0,True,1305077.6558452721,0.0,1.0,29,5,91,0,29,0,0,0
172,dual,planner_daily_h14_k48,106.0,True,859998.8588397175,0.2537962088684115,0.9372990959557856,9,0,31,0,9,80,0,0
173,compound,rl_only,47.0,True,438925.87,0.3386,0.9473,,,,,,,,
173,compound,crl,53.0,True,414159.618,0.2643,0.9637,,,,,,,,
173,compound,planner_weekly_h14,80.0,True,512376.1101842967,0.16529251622546792,0.9725390006833344,4,0,116,0,4,0,0,0
173,compound,planner_daily_h14,31.0,True,1645335.2402799928,0.19143683419119112,0.9880705866419152,23,1,24,0,23,73,0,0
173,compound,planner_daily_no_expedite,54.0,True,448064.9845284333,0.2535007684839415,0.966368240673536,0,0,58,0,0,62,0,0
173,compound,planner_daily_expedite_7d,83.0,True,557936.824267891,0.24338257024804402,0.9507636529516875,3,0,61,0,3,56,0,0
173,compound,planner_daily_h28,0.0,True,1333376.9732717823,0.0,1.0,35,11,85,0,35,0,0,0
173,compound,planner_daily_h56,0.0,True,1319839.788444568,0.0,1.0,41,17,79,0,41,0,0,0
173,compound,planner_daily_h14_k48,31.0,True,1663752.598366538,0.19143683419119112,0.9880705866419152,24,2,25,0,24,71,0,0
174,single,rl_only,0.0,True,363314.838,0.0,1.0,,,,,,,,
174,single,crl,0.0,True,388782.746,0.0,1.0,,,,,,,,
174,single,planner_weekly_h14,0.0,True,381036.9605317182,0.0,1.0,0,0,104,0,0,16,0,0
174,single,planner_daily_h14,0.0,True,381036.9605317182,0.0,1.0,0,0,10,0,0,110,0,0
174,single,planner_daily_no_expedite,0.0,True,381036.9605317182,0.0,1.0,0,0,10,0,0,110,0,0
174,single,planner_daily_expedite_7d,0.0,True,381036.9605317182,0.0,1.0,0,0,10,0,0,110,0,0
174,single,planner_daily_h28,0.0,True,311534.1986229018,0.0,1.0,0,0,120,0,0,0,0,0
174,single,planner_daily_h56,0.0,True,772609.2852663455,0.0,1.0,10,0,106,4,10,0,0,0
174,single,planner_daily_h14_k48,0.0,True,381036.9605317182,0.0,1.0,0,0,10,0,0,110,0,0
175,dual,rl_only,0.0,True,289606.36,0.0,1.0,,,,,,,,
175,dual,crl,0.0,True,279968.36,0.0,1.0,,,,,,,,
175,dual,planner_weekly_h14,0.0,True,308204.88821743045,0.0,1.0,0,0,106,0,0,14,0,0
175,dual,planner_daily_h14,0.0,True,308134.68800185487,0.0,1.0,0,0,27,0,0,93,0,0
175,dual,planner_daily_no_expedite,0.0,True,308134.68800185487,0.0,1.0,0,0,27,0,0,93,0,0
175,dual,planner_daily_expedite_7d,0.0,True,308134.68800185487,0.0,1.0,0,0,27,0,0,93,0,0
175,dual,planner_daily_h28,0.0,True,989258.197093967,0.0,1.0,20,0,100,0,20,0,0,0
175,dual,planner_daily_h56,0.0,True,1148255.6226694456,0.0,1.0,28,4,92,0,28,0,0,0
175,dual,planner_daily_h14_k48,0.0,True,308134.68800185487,0.0,1.0,0,0,27,0,0,93,0,0
176,compound,rl_only,38.6,True,445729.948,0.2178,0.9571,,,,,,,,
176,compound,crl,54.6,True,424942.912,0.0991,0.9829,,,,,,,,
176,compound,planner_weekly_h14,82.0,True,558173.7052210794,0.31193494363199675,0.928210622658818,3,0,116,1,3,0,0,0
176,compound,planner_daily_h14,0.0,True,1287934.6861715124,0.0,1.0,22,1,98,0,22,0,0,0
176,compound,planner_daily_no_expedite,39.0,True,490939.6332058224,0.3835036449871385,0.9543432425427417,0,0,43,10,0,67,0,0
176,compound,planner_daily_expedite_7d,85.0,True,719952.2418527429,0.4335832924134624,0.8702652300727552,3,0,65,9,3,43,0,0
176,compound,planner_daily_h28,0.0,True,699732.2238387513,0.0,1.0,4,0,24,10,4,82,0,0
176,compound,planner_daily_h56,30.0,True,1496095.2415593883,0.09437853535413718,0.9953026011581034,23,1,87,10,23,0,0,0
176,compound,planner_daily_h14_k48,0.0,True,1287934.6861715124,0.0,1.0,22,1,98,0,22,0,0,0
177,single,rl_only,0.0,True,357402.412,0.0,1.0,,,,,,,,
177,single,crl,0.0,True,349785.322,0.0,1.0,,,,,,,,
177,single,planner_weekly_h14,0.0,True,397114.6114932156,0.0,1.0,0,0,104,0,0,16,0,0
177,single,planner_daily_h14,0.0,True,397114.6114932156,0.0,1.0,0,0,10,0,0,110,0,0
177,single,planner_daily_no_expedite,0.0,True,397114.6114932156,0.0,1.0,0,0,10,0,0,110,0,0
177,single,planner_daily_expedite_7d,0.0,True,397114.6114932156,0.0,1.0,0,0,10,0,0,110,0,0
177,single,planner_daily_h28,0.0,True,324692.8158774717,0.0,1.0,0,0,120,0,0,0,0,0
177,single,planner_daily_h56,0.0,True,398730.4893671902,0.0,1.0,2,0,118,0,2,0,0,0
177,single,planner_daily_h14_k48,0.0,True,397114.6114932156,0.0,1.0,0,0,10,0,0,110,0,0
178,dual,rl_only,110.0,True,445413.138,0.2303,0.943,,,,,,,,
178,dual,crl,88.0,True,445437.784,0.1372,0.9696,,,,,,,,
178,dual,planner_weekly_h14,108.0,True,461493.2693145637,0.12868584912093228,0.9805634721341315,3,0,117,0,3,0,0,0
178,dual,planner_daily_h14,0.0,True,1436430.5636127673,0.0,1.0,19,0,26,1,19,74,0,0
178,dual,planner_daily_no_expedite,110.0,False,505821.52025806915,0.24915556354949636,0.9347397395140536,0,0,55,8,0,57,0,0
178,dual,planner_daily_expedite_7d,110.0,False,507085.0966104849,0.1979735213005788,0.9560100823631796,1,0,56,4,1,59,0,0
178,dual,planner_daily_h28,110.0,False,763002.7821547986,0.1733237599272197,0.9684372250221684,5,0,28,10,5,77,0,0
178,dual,planner_daily_h56,0.0,True,1114975.5777342147,0.0,1.0,16,0,94,10,16,0,0,0
178,dual,planner_daily_h14_k48,0.0,True,1436430.5636127673,0.0,1.0,19,0,26,1,19,74,0,0
179,compound,rl_only,30.8,True,380333.832,0.1839,0.9743,,,,,,,,
179,compound,crl,0.0,True,377471.452,0.0,1.0,,,,,,,,
179,compound,planner_weekly_h14,110.0,False,484748.8157014488,0.25007540439585213,0.9346840883524397,4,0,115,1,4,0,0,0
179,compound,planner_daily_h14,30.0,True,1187268.764411064,0.19700611932667805,0.9877251564006888,27,4,91,2,27,0,0,0
179,compound,planner_daily_no_expedite,107.0,True,441159.9955880939,0.18820872410635536,0.9613316634922762,0,0,37,10,0,72,0,1
179,compound,planner_daily_expedite_7d,0.0,True,578625.3659526198,0.0,0.9986363636363635,3,0,27,9,3,80,0,1
179,compound,planner_daily_h28,0.0,True,1029275.7744926021,0.0,1.0,14,0,12,10,14,84,0,0
179,compound,planner_daily_h56,0.0,True,1176835.5629673372,0.0,1.0,19,0,91,10,19,0,0,0
179,compound,planner_daily_h14_k48,30.0,True,1239613.7597510624,0.19700611932667805,0.9877251564006888,27,4,92,1,27,0,0,0
180,single,rl_only,0.0,True,335411.092,0.0,1.0,,,,,,,,
180,single,crl,0.0,True,338150.42,0.0,1.0,,,,,,,,
180,single,planner_weekly_h14,0.0,True,349709.7064261981,0.0,1.0,0,0,104,0,0,16,0,0
180,single,planner_daily_h14,0.0,True,349709.7064261981,0.0,1.0,0,0,10,0,0,110,0,0
180,single,planner_daily_no_expedite,0.0,True,349709.7064261981,0.0,1.0,0,0,10,0,0,110,0,0
180,single,planner_daily_expedite_7d,0.0,True,349709.7064261981,0.0,1.0,0,0,10,0,0,110,0,0
180,single,planner_daily_h28,0.0,True,285998.1262193888,0.0,1.0,0,0,120,0,0,0,0,0
180,single,planner_daily_h56,0.0,True,285998.1262193888,0.0,1.0,0,0,120,0,0,0,0,0
180,single,planner_daily_h14_k48,0.0,True,349709.7064261981,0.0,1.0,0,0,10,0,0,110,0,0
181,dual,rl_only,43.4,True,396432.366,0.0768,0.9853,,,,,,,,
181,dual,crl,0.0,True,414340.064,0.0,1.0,,,,,,,,
181,dual,planner_weekly_h14,0.0,True,386379.8170565444,0.0,1.0,0,0,107,0,0,13,0,0
181,dual,planner_daily_h14,0.0,True,361175.705328068,0.0,1.0,0,0,33,0,0,87,0,0
181,dual,planner_daily_no_expedite,0.0,True,361175.705328068,0.0,1.0,0,0,33,0,0,87,0,0
181,dual,planner_daily_expedite_7d,0.0,True,361175.705328068,0.0,1.0,0,0,33,0,0,87,0,0
181,dual,planner_daily_h28,0.0,True,638148.1869605342,0.0,1.0,7,0,105,8,7,0,0,0
181,dual,planner_daily_h56,0.0,True,395539.6313428467,0.0,1.0,0,0,110,10,0,0,0,0
181,dual,planner_daily_h14_k48,0.0,True,385545.3401775331,0.0,1.0,0,0,34,0,0,86,0,0
182,compound,rl_only,46.2,True,417434.15,0.3159,0.9471,,,,,,,,
182,compound,crl,38.4,True,367618.528,0.1269,0.9929,,,,,,,,
182,compound,planner_weekly_h14,80.0,True,421889.5324162166,0.11627760988067803,0.9848175133730253,4,0,116,0,4,0,0,0
182,compound,planner_daily_h14,34.0,True,1363669.6665234081,0.1461418247722675,0.9902486451811818,24,3,25,0,24,71,0,0
182,compound,planner_daily_no_expedite,102.0,True,469730.4359813443,0.28385176821914915,0.924162411925604,0,0,52,10,0,57,0,1
182,compound,planner_daily_expedite_7d,102.0,True,582431.3934483302,0.3103250267477002,0.9070038406309046,2,0,63,9,2,45,0,1
182,compound,planner_daily_h28,101.0,True,806966.6703910629,0.21232923855277827,0.958199844567731,8,0,30,10,8,72,0,0
182,compound,planner_daily_h56,0.0,True,1411777.3791160383,0.0,1.0,25,3,85,10,25,0,0,0
182,compound,planner_daily_h14_k48,34.0,True,1363669.6665234081,0.1461418247722675,0.9902486451811818,24,3,25,0,24,71,0,0
183,single,rl_only,53.6,True,377935.562,0.1584,0.9644,,,,,,,,
183,single,crl,34.2,True,376974.742,0.1031,0.9758,,,,,,,,
183,single,planner_weekly_h14,86.0,True,438377.9615817918,0.30718565469179165,0.9246843628771976,0,0,109,0,0,11,0,0
183,single,planner_daily_h14,86.0,True,489096.46912497067,0.39247433697236916,0.8934824785974105,0,0,37,4,0,79,0,0
183,single,planner_daily_no_expedite,86.0,True,489096.46912497067,0.39247433697236916,0.8934824785974105,0,0,37,4,0,79,0,0
183,single,planner_daily_expedite_7d,86.0,True,489096.46912497067,0.39247433697236916,0.8934824785974105,0,0,37,4,0,79,0,0
183,single,planner_daily_h28,100.0,True,369973.2536575039,0.23663075045826412,0.9450864740296856,0,0,116,4,0,0,0,0
183,single,planner_daily_h56,85.0,True,567040.8099989105,0.3607630173130538,0.9077815505890086,5,0,105,10,5,0,0,0
183,single,planner_daily_h14_k48,85.0,True,471865.36625052604,0.3414317028492682,0.9134564444021366,0,0,44,4,0,72,0,0
184,dual,rl_only,65.2,True,413997.848,0.2058,0.9627,,,,,,,,
184,dual,crl,64.6,True,391618.008,0.039,0.9958,,,,,,,,
184,dual,planner_weekly_h14,73.0,True,453088.57920654013,0.15162153539844087,0.9803333093087248,4,0,116,0,4,0,0,0
184,dual,planner_daily_h14,107.0,True,471984.87469079497,0.1713741676801824,0.9690517396677276,0,0,44,9,0,67,0,0
184,dual,planner_daily_no_expedite,107.0,True,471984.87469079497,0.1713741676801824,0.9690517396677276,0,0,44,9,0,67,0,0
184,dual,planner_daily_expedite_7d,107.0,True,471984.87469079497,0.1713741676801824,0.9690517396677276,0,0,44,9,0,67,0,0
184,dual,planner_daily_h28,0.0,True,886941.8344490888,0.0,1.0,13,0,97,10,13,0,0,0
184,dual,planner_daily_h56,0.0,True,1017210.2430009742,0.0,1.0,14,0,96,10,14,0,0,0
184,dual,planner_daily_h14_k48,0.0,True,1437576.514132503,0.0,1.0,21,0,21,0,21,78,0,0
185,compound,rl_only,86.4,True,466048.276,0.3051,0.9302,,,,,,,,
185,compound,crl,97.0,True,445063.778,0.2164,0.9586,,,,,,,,
185,compound,planner_weekly_h14,95.0,True,544565.9516280323,0.29386063250380334,0.9183324711305366,3,0,116,1,3,0,0,0
185,compound,planner_daily_h14,33.0,True,1530614.646895982,0.2864327955203397,0.9726819756871911,24,3,24,0,24,72,0,0
185,compound,planner_daily_no_expedite,96.0,True,627760.9851792332,0.44964359310424745,0.843436089364859,0,0,64,10,0,46,0,0
185,compound,planner_daily_expedite_7d,102.0,True,731459.640448713,0.42522572176383033,0.8465467418284515,3,0,65,9,3,43,0,0
185,compound,planner_daily_h28,27.0,True,1113236.7944117908,0.2681065653343329,0.9827224231647377,15,0,96,9,15,0,0,0
185,compound,planner_daily_h56,27.0,True,1572452.2983078526,0.1412338969239741,0.9933845752759446,22,0,88,10,22,0,0,0
185,compound,planner_daily_h14_k48,33.0,True,1363746.4445250446,0.2864327955203397,0.9726819756871911,24,3,95,1,24,0,0,0
186,single,rl_only,0.0,True,354475.618,0.0,1.0,,,,,,,,
186,single,crl,0.0,True,376767.848,0.0,1.0,,,,,,,,
186,single,planner_weekly_h14,0.0,True,358773.9325079385,0.0,1.0,0,0,104,0,0,16,0,0
186,single,planner_daily_h14,0.0,True,358760.1909716968,0.0,1.0,0,0,10,0,0,110,0,0
186,single,planner_daily_no_expedite,0.0,True,358760.1909716968,0.0,1.0,0,0,10,0,0,110,0,0
186,single,planner_daily_expedite_7d,0.0,True,358760.1909716968,0.0,1.0,0,0,10,0,0,110,0,0
186,single,planner_daily_h28,0.0,True,293258.44149094896,0.0,1.0,0,0,120,0,0,0,0,0
186,single,planner_daily_h56,0.0,True,412810.92598830565,0.0,1.0,5,0,115,0,5,0,0,0
186,single,planner_daily_h14_k48,0.0,True,358760.1909716968,0.0,1.0,0,0,10,0,0,110,0,0
187,dual,rl_only,42.4,True,359016.522,0.1078,0.971,,,,,,,,
187,dual,crl,0.0,True,359436.542,0.0,1.0,,,,,,,,
187,dual,planner_weekly_h14,104.0,True,458054.38361392234,0.22128190800050712,0.948038996371908,2,0,107,2,2,9,0,0
187,dual,planner_daily_h14,109.0,True,781224.2766181402,0.30415654812142906,0.9099117864975226,9,0,37,10,9,64,0,0
187,dual,planner_daily_no_expedite,104.0,True,380377.1731155245,0.10055318487203226,0.9890623209544763,0,0,37,10,0,73,0,0
187,dual,planner_daily_expedite_7d,33.0,True,539810.1948385263,0.20759130769178719,0.9854153711833779,3,0,30,9,3,78,0,0
187,dual,planner_daily_h28,0.0,True,484650.8370933724,0.0,1.0,5,0,105,10,5,0,0,0
187,dual,planner_daily_h56,0.0,True,810203.1973220904,0.0,1.0,12,0,98,10,12,0,0,0
187,dual,planner_daily_h14_k48,103.0,True,818672.2185866841,0.31306148037925297,0.9135885863597271,10,0,29,10,10,71,0,0
188,compound,rl_only,48.2,True,382442.7,0.3285,0.9491,,,,,,,,
188,compound,crl,39.4,True,358561.844,0.3165,0.9624,,,,,,,,
188,compound,planner_weekly_h14,62.0,True,520452.94820289523,0.2751293653465605,0.954948452036414,4,0,106,0,4,10,0,0
188,compound,planner_daily_h14,27.0,True,1518457.375400615,0.20809704963663467,0.9877243489592582,28,6,19,0,28,73,0,0
188,compound,planner_daily_no_expedite,47.0,True,374787.6707422221,0.27355318660815525,0.9657234807084104,0,0,60,0,0,60,0,0
188,compound,planner_daily_expedite_7d,60.0,True,546892.3117705534,0.35976734436905466,0.9321371688660545,4,0,70,0,4,46,0,0
188,compound,planner_daily_h28,0.0,True,1436678.8717984296,0.0,1.0,38,14,10,0,38,72,0,0
188,compound,planner_daily_h56,0.0,True,1216028.656800257,0.0,1.0,41,17,79,0,41,0,0,0
188,compound,planner_daily_h14_k48,27.0,True,1518457.375400615,0.20809704963663467,0.9877243489592582,28,6,19,0,28,73,0,0
189,single,rl_only,60.4,True,444163.73,0.1037,0.9812,,,,,,,,
189,single,crl,99.6,True,490129.862,0.1844,0.9632,,,,,,,,
189,single,planner_weekly_h14,0.0,True,430552.3221545474,0.0,1.0,0,0,105,0,0,15,0,0
189,single,planner_daily_h14,96.0,True,508094.77306666167,0.13980602091429079,0.9786084141864958,0,0,32,4,0,84,0,0
189,single,planner_daily_no_expedite,96.0,True,508094.77306666167,0.13980602091429079,0.9786084141864958,0,0,32,4,0,84,0,0
189,single,planner_daily_expedite_7d,96.0,True,508094.77306666167,0.13980602091429079,0.9786084141864958,0,0,32,4,0,84,0,0
189,single,planner_daily_h28,0.0,True,397960.9610927234,0.0,1.0,0,0,117,3,0,0,0,0
189,single,planner_daily_h56,100.0,True,688780.1557218957,0.2562875783238435,0.9413579004815243,6,0,105,9,6,0,0,0
189,single,planner_daily_h14_k48,96.0,True,508094.77306666167,0.13980602091429079,0.9786084141864958,0,0,35,4,0,81,0,0
190,dual,rl_only,78.8,True,462323.096,0.3197,0.9254,,,,,,,,
190,dual,crl,99.0,True,424978.274,0.1476,0.975,,,,,,,,
190,dual,planner_weekly_h14,103.0,True,598298.959409415,0.3603143273493443,0.8865037654517518,1,0,107,2,1,10,0,0
190,dual,planner_daily_h14,103.0,True,1029480.267285809,0.27074085201233183,0.933967124373754,9,0,31,2,9,78,0,0
190,dual,planner_daily_no_expedite,103.0,True,524354.1230372847,0.29205814791126666,0.9190946680394699,0,0,53,10,0,57,0,0
190,dual,planner_daily_expedite_7d,103.0,True,656033.3093863588,0.35473061370951664,0.8890426653064671,2,0,52,8,2,58,0,0
190,dual,planner_daily_h28,110.0,False,594553.1615702743,0.3269955849053219,0.8944697622806953,4,0,106,10,4,0,0,0
190,dual,planner_daily_h56,100.0,True,551411.1661367556,0.2681670815027854,0.9344821380781857,3,0,107,10,3,0,0,0
190,dual,planner_daily_h14_k48,102.0,True,985394.0199914845,0.42530953335233673,0.8510362274842002,9,0,40,10,9,61,0,0
191,compound,rl_only,65.4,True,474265.064,0.3699,0.9283,,,,,,,,
191,compound,crl,41.4,True,448459.078,0.4199,0.9402,,,,,,,,
191,compound,planner_weekly_h14,108.0,True,505867.0728070052,0.16249965047238168,0.9684822994595972,4,0,116,0,4,0,0,0
191,compound,planner_daily_h14,32.0,True,1584800.6402774057,0.26354015323347635,0.9792539268369979,21,0,29,0,21,70,0,0
191,compound,planner_daily_no_expedite,43.0,True,468791.3517436122,0.4885777324687142,0.9219609240500318,0,0,53,0,0,66,0,1
191,compound,planner_daily_expedite_7d,110.0,False,667233.493606301,0.38834294494065025,0.8552552562589015,3,0,76,0,3,41,0,0
191,compound,planner_daily_h28,0.0,True,1256096.8420347257,0.0,1.0,34,11,86,0,34,0,0,0
191,compound,planner_daily_h56,0.0,True,1216880.032700992,0.0,1.0,41,17,79,0,41,0,0,0
191,compound,planner_daily_h14_k48,32.0,True,1584995.762858192,0.26354015323347635,0.9792539268369979,22,1,28,0,22,70,0,0
192,single,rl_only,0.0,True,399540.242,0.0,1.0,,,,,,,,
192,single,crl,0.0,True,415693.634,0.0,1.0,,,,,,,,
192,single,planner_weekly_h14,0.0,True,330515.0129895087,0.0,1.0,0,0,120,0,0,0,0,0
192,single,planner_daily_h14,0.0,True,330515.0129895087,0.0,1.0,0,0,120,0,0,0,0,0
192,single,planner_daily_no_expedite,0.0,True,330515.0129895087,0.0,1.0,0,0,120,0,0,0,0,0
192,single,planner_daily_expedite_7d,0.0,True,330515.0129895087,0.0,1.0,0,0,120,0,0,0,0,0
192,single,planner_daily_h28,0.0,True,371441.85187120416,0.0,1.0,0,0,119,1,0,0,0,0
192,single,planner_daily_h56,0.0,True,643668.6031349411,0.0,1.0,6,0,106,8,6,0,0,0
192,single,planner_daily_h14_k48,0.0,True,330515.0129895087,0.0,1.0,0,0,120,0,0,0,0,0
193,dual,rl_only,0.0,True,408577.588,0.0,1.0,,,,,,,,
193,dual,crl,0.0,True,398078.884,0.0,1.0,,,,,,,,
193,dual,planner_weekly_h14,0.0,True,439106.22567666264,0.0,1.0,0,0,107,0,0,13,0,0
193,dual,planner_daily_h14,0.0,True,441358.4435946199,0.0,1.0,0,0,30,0,0,90,0,0
193,dual,planner_daily_no_expedite,0.0,True,441358.4435946199,0.0,1.0,0,0,30,0,0,90,0,0
193,dual,planner_daily_expedite_7d,0.0,True,441358.4435946199,0.0,1.0,0,0,30,0,0,90,0,0
193,dual,planner_daily_h28,0.0,True,1315400.6441062368,0.0,1.0,20,0,100,0,20,0,0,0
193,dual,planner_daily_h56,0.0,True,1516795.442053339,0.0,1.0,31,7,89,0,31,0,0,0
193,dual,planner_daily_h14_k48,0.0,True,441358.4435946199,0.0,1.0,0,0,30,0,0,90,0,0
194,compound,rl_only,48.8,True,390950.392,0.2926,0.958,,,,,,,,
194,compound,crl,85.0,True,386482.122,0.2361,0.9558,,,,,,,,
194,compound,planner_weekly_h14,56.0,True,545023.9273021632,0.35326888602891193,0.9407397959690488,4,0,106,0,4,10,0,0
194,compound,planner_daily_h14,29.0,True,1567792.0723773493,0.28717696670526155,0.9776345708203453,24,2,20,0,24,76,0,0
194,compound,planner_daily_no_expedite,110.0,False,452887.09289945225,0.20932723407531073,0.9487835144186614,0,0,67,0,0,53,0,0
194,compound,planner_daily_expedite_7d,56.0,True,569989.9576237316,0.397697871563137,0.926757988897487,4,0,60,0,4,55,0,1
194,compound,planner_daily_h28,0.0,True,1253095.8854764514,0.0,1.0,38,14,82,0,38,0,0,0
194,compound,planner_daily_h56,0.0,True,1253095.8854764514,0.0,1.0,39,15,81,0,39,0,0,0
194,compound,planner_daily_h14_k48,29.0,True,1588263.409841464,0.28717696670526155,0.9776345708203453,25,2,19,0,25,76,0,0
195,single,rl_only,103.8,True,466637.01,0.2807,0.9231,,,,,,,,
195,single,crl,106.4,True,490645.55,0.3055,0.9092,,,,,,,,
195,single,planner_weekly_h14,106.0,True,519124.29753677774,0.30446660760593663,0.9092810961849045,0,0,110,0,0,10,0,0
195,single,planner_daily_h14,106.0,True,502075.23473181826,0.2815288565656995,0.9170263127426275,0,0,56,0,0,64,0,0
195,single,planner_daily_no_expedite,106.0,True,502075.23473181826,0.2815288565656995,0.9170263127426275,0,0,56,0,0,64,0,0
195,single,planner_daily_expedite_7d,106.0,True,502075.23473181826,0.2815288565656995,0.9170263127426275,0,0,56,0,0,64,0,0
195,single,planner_daily_h28,103.0,True,533473.6681056204,0.29769563304595875,0.9163570881609303,4,0,116,0,4,0,0,0
195,single,planner_daily_h56,0.0,True,1154685.4459983918,0.0,1.0,22,0,98,0,22,0,0,0
195,single,planner_daily_h14_k48,106.0,True,502075.23473181826,0.2815288565656995,0.9170263127426275,0,0,57,0,0,63,0,0
196,dual,rl_only,22.0,True,365678.188,0.0117,0.9984,,,,,,,,
196,dual,crl,0.0,True,371579.424,0.0,1.0,,,,,,,,
196,dual,planner_weekly_h14,110.0,False,422203.5728626884,0.17626358281821716,0.9672907346924418,0,0,107,2,0,11,0,0
196,dual,planner_daily_h14,0.0,True,467118.9175751673,0.0,0.9987692741539451,1,0,20,9,1,90,0,0
196,dual,planner_daily_no_expedite,110.0,False,402349.8388066011,0.06266497145495131,0.9940335959616667,0,0,21,10,0,89,0,0
196,dual,planner_daily_expedite_7d,0.0,True,467118.9175751673,0.0,0.9987692741539451,1,0,20,9,1,90,0,0
196,dual,planner_daily_h28,0.0,True,537947.3891689766,0.0,1.0,4,0,106,10,4,0,0,0
196,dual,planner_daily_h56,0.0,True,355980.7617895184,0.0,1.0,0,0,110,10,0,0,0,0
196,dual,planner_daily_h14_k48,110.0,False,491376.0256871142,0.01988207137797729,0.9980992626255856,2,0,23,8,2,87,0,0
197,compound,rl_only,62.4,True,311176.156,0.1253,0.9908,,,,,,,,
197,compound,crl,43.8,True,306770.922,0.1675,0.988,,,,,,,,
197,compound,planner_weekly_h14,35.0,True,394646.4382044404,0.073857831508589,0.996020156413934,4,0,116,0,4,0,0,0
197,compound,planner_daily_h14,0.0,True,1236233.5654755046,0.0,1.0,20,0,25,0,20,75,0,0
197,compound,planner_daily_no_expedite,34.0,True,331921.6271063138,0.16136917215194738,0.990296213781136,0,0,52,0,0,67,0,1
197,compound,planner_daily_expedite_7d,75.0,True,422205.068670611,0.1448481995115594,0.9804351031302458,3,0,55,0,3,61,0,1
197,compound,planner_daily_h28,0.0,True,1282325.67592822,0.0,1.0,31,7,14,0,31,75,0,0
197,compound,planner_daily_h56,0.0,True,1102878.6647570932,0.0,1.0,39,15,81,0,39,0,0,0
197,compound,planner_daily_h14_k48,0.0,True,1236233.5654755046,0.0,1.0,20,0,25,0,20,75,0,0
198,single,rl_only,0.0,True,364852.348,0.0,1.0,,,,,,,,
198,single,crl,0.0,True,356230.11,0.0,1.0,,,,,,,,
198,single,planner_weekly_h14,0.0,True,330999.16107774543,0.0,1.0,0,0,120,0,0,0,0,0
198,single,planner_daily_h14,0.0,True,330999.16107774543,0.0,1.0,0,0,120,0,0,0,0,0
198,single,planner_daily_no_expedite,0.0,True,330999.16107774543,0.0,1.0,0,0,120,0,0,0,0,0
198,single,planner_daily_expedite_7d,0.0,True,330999.16107774543,0.0,1.0,0,0,120,0,0,0,0,0
198,single,planner_daily_h28,0.0,True,330999.16107774543,0.0,1.0,0,0,120,0,0,0,0,0
198,single,planner_daily_h56,0.0,True,330999.16107774543,0.0,1.0,0,0,120,0,0,0,0,0
198,single,planner_daily_h14_k48,0.0,True,330999.16107774543,0.0,1.0,0,0,120,0,0,0,0,0
199,dual,rl_only,37.4,True,465596.764,0.2648,0.9412,,,,,,,,
199,dual,crl,0.0,True,409289.164,0.0,1.0,,,,,,,,
199,dual,planner_weekly_h14,110.0,False,573086.8530369101,0.42593506932255837,0.8350126831839442,2,0,116,2,2,0,0,0
199,dual,planner_daily_h14,110.0,False,1236829.5872280165,0.502791430758081,0.7912550904170448,13,0,43,9,13,55,0,0
199,dual,planner_daily_no_expedite,106.0,True,522092.2416567566,0.2787943394572177,0.9216269324587,0,0,58,10,0,52,0,0
199,dual,planner_daily_expedite_7d,107.0,True,707224.3071979744,0.36147319291985835,0.8811542983424672,3,0,63,9,3,45,0,0
199,dual,planner_daily_h28,0.0,True,603691.6030853387,0.0,1.0,5,0,105,10,5,0,0,0
199,dual,planner_daily_h56,0.0,True,688384.3691400803,0.0,1.0,6,0,104,10,6,0,0,0
199,dual,planner_daily_h14_k48,27.0,True,1447512.9563634251,0.39411194315996173,0.9655053221642222,17,0,15,1,17,87,0,0
