analysis,regime,configuration,episode_id,scenario_type,lpi,total_severity,total_cost,service_cov,air_expedites,recovery_0.90,recovery_0.95,recovery_0.98
threshold,baseline,planner_weekly,0,single,2.585645,2,332563.0591712982,0.0,0,0.0,0.0,0.0
threshold,baseline,planner_weekly,1,dual,2.526313,7,474447.5228640451,0.21940736169496122,3,83.0,83.0,83.0
threshold,baseline,planner_weekly,2,compound,2.5805249999999997,9,400070.2588827663,0.0,4,0.0,0.0,0.0
threshold,baseline,planner_weekly,3,single,2.585645,3,345729.9334943593,0.0,0,0.0,0.0,0.0
threshold,baseline,planner_weekly,4,dual,2.814935,8,553656.6951286502,0.25295889824866763,2,110.0,110.0,110.0
threshold,baseline,planner_weekly,5,compound,2.585645,12,616830.8425124128,0.4751267724691424,5,68.0,68.0,68.0
threshold,baseline,planner_weekly,6,single,2.526313,5,390295.1960526101,0.0,0,0.0,0.0,0.0
threshold,baseline,planner_weekly,7,dual,2.5805249999999997,7,530573.9258128217,0.3201788629940428,4,61.0,61.0,61.0
threshold,baseline,planner_weekly,8,compound,2.814935,12,542955.9735522862,0.4373132972630658,2,80.0,80.0,80.0
threshold,baseline,planner_weekly,9,single,2.5805249999999997,5,365717.0476484513,0.20694040611744308,0,44.0,44.0,44.0
threshold,baseline,planner_weekly,10,dual,2.6,8,601989.5398063121,0.362763283579028,1,109.0,109.0,109.0
threshold,baseline,planner_weekly,11,compound,2.5805249999999997,10,471152.55786044366,0.0,3,0.0,0.0,0.0
threshold,baseline,planner_weekly,12,single,2.526313,5,385168.25190326007,0.0,0,0.0,0.0,0.0
threshold,baseline,planner_weekly,13,dual,2.6,8,579617.7829739692,0.2498197191401216,3,97.0,97.0,97.0
threshold,baseline,planner_weekly,14,compound,2.5805249999999997,11,457276.8348276886,0.1430726126482992,4,110.0,110.0,110.0
threshold,baseline,planner_weekly,15,single,2.5805249999999997,3,331926.0948761814,0.0,0,0.0,0.0,0.0
threshold,baseline,planner_weekly,16,dual,2.526313,6,387219.444204829,0.0,0,0.0,0.0,0.0
threshold,baseline,planner_weekly,17,compound,2.5805249999999997,12,584853.0750696218,0.44247184214026025,4,74.0,74.0,74.0
threshold,baseline,planner_weekly,18,single,2.5805249999999997,4,353253.97989165876,0.0,0,0.0,0.0,0.0
threshold,baseline,planner_weekly,19,dual,2.814935,7,412000.7454933121,0.0,3,0.0,0.0,0.0
threshold,baseline,planner_weekly,20,compound,2.585645,11,657783.59388209,0.5364210591349557,4,59.0,59.0,59.0
threshold,baseline,planner_weekly,21,single,2.526313,5,531925.9723634962,0.33141398375351844,0,76.0,76.0,76.0
threshold,baseline,planner_weekly,22,dual,2.814935,7,372216.81532826065,0.0,0,0.0,0.0,0.0
threshold,baseline,planner_weekly,23,compound,2.5805249999999997,12,478505.85745888227,0.22347485073029777,5,82.0,108.0,108.0
threshold,baseline,planner_weekly,24,single,2.585645,3,335530.25950484816,0.0,0,0.0,0.0,0.0
threshold,baseline,planner_weekly,25,dual,2.6,6,371505.1133555024,0.0,0,0.0,0.0,0.0
threshold,baseline,planner_weekly,26,compound,2.814935,11,391733.2602998958,0.0,0,0.0,0.0,0.0
threshold,baseline,planner_weekly,27,single,2.575405,3,352769.9531272985,0.0,0,0.0,0.0,0.0
threshold,baseline,planner_weekly,28,dual,2.5,8,362660.38585539814,0.0,0,0.0,0.0,0.0
threshold,baseline,planner_weekly,29,compound,2.575405,12,526452.9816169617,0.2791117925215569,3,105.0,105.0,105.0
threshold,baseline,planner_weekly,30,single,2.6,4,415301.99613157427,0.0,0,0.0,0.0,0.0
threshold,baseline,planner_weekly,31,dual,2.526313,5,378132.50847841526,0.0,1,0.0,0.0,0.0
threshold,baseline,planner_weekly,32,compound,2.5805249999999997,10,385797.4499460547,0.0,3,0.0,0.0,0.0
threshold,baseline,planner_weekly,33,single,2.5805249999999997,2,319467.05495977995,0.0,0,0.0,0.0,0.0
threshold,baseline,planner_weekly,34,dual,2.526313,6,354798.0892838199,0.0,0,0.0,0.0,0.0
threshold,baseline,planner_weekly,35,compound,2.526313,12,567738.6076068429,0.3016187314303375,5,110.0,110.0,110.0
threshold,baseline,planner_weekly,36,single,2.526313,4,400796.3834607285,0.0,0,0.0,0.0,0.0
threshold,baseline,planner_weekly,37,dual,2.6,5,340435.07603795204,0.0,0,0.0,0.0,0.0
threshold,baseline,planner_weekly,38,compound,2.575405,11,560686.2030259336,0.28289192874379226,4,109.0,109.0,109.0
threshold,baseline,planner_weekly,39,single,2.526313,5,414517.44967760745,0.13656336620815504,0,81.0,81.0,81.0
threshold,baseline,planner_weekly,40,dual,2.526313,7,379597.17207487795,0.0,0,0.0,0.0,0.0
threshold,baseline,planner_weekly,41,compound,2.5,11,514455.6702696979,0.4343563811970135,4,35.0,35.0,35.0
threshold,baseline,planner_weekly,42,single,2.575405,2,342818.814151824,0.0,0,0.0,0.0,0.0
threshold,baseline,planner_weekly,43,dual,2.814935,8,570230.0042944767,0.3692756590006714,2,86.0,86.0,86.0
threshold,baseline,planner_weekly,44,compound,2.5805249999999997,12,651700.5657830327,0.4314138860332686,4,69.0,69.0,69.0
threshold,baseline,planner_weekly,45,single,2.5,2,327254.19400583865,0.0,0,0.0,0.0,0.0
threshold,baseline,planner_weekly,46,dual,2.814935,8,618358.6281356665,0.39833571299556586,3,55.0,55.0,55.0
threshold,baseline,planner_weekly,47,compound,2.585645,11,531740.1431235648,0.270386578216846,3,74.0,81.0,81.0
threshold,baseline,planner_weekly,48,single,2.5805249999999997,3,349510.02102817455,0.0,0,0.0,0.0,0.0
threshold,baseline,planner_weekly,49,dual,2.526313,7,434219.65870216355,0.2666129853913882,0,69.0,69.0,69.0
threshold,baseline,planner_weekly,50,compound,2.6,11,705769.365510317,0.3770078596723776,4,110.0,110.0,110.0
threshold,baseline,planner_weekly,51,single,2.5,4,369704.06612904853,0.0,0,0.0,0.0,0.0
threshold,baseline,planner_weekly,52,dual,2.5805249999999997,6,333620.0697868684,0.0,0,0.0,0.0,0.0
threshold,baseline,planner_weekly,53,compound,2.5805249999999997,11,441801.98070128623,0.15130228513142352,4,77.0,77.0,77.0
threshold,baseline,planner_weekly,54,single,2.585645,2,372758.61364649725,0.0,0,0.0,0.0,0.0
threshold,baseline,planner_weekly,55,dual,2.5,8,364119.8967588111,0.0,0,0.0,0.0,0.0
threshold,baseline,planner_weekly,56,compound,2.6,11,710463.5268989097,0.3493772508987176,5,108.0,108.0,108.0
threshold,baseline,planner_weekly,57,single,2.585645,3,416512.570814248,0.0,0,0.0,0.0,0.0
threshold,baseline,planner_weekly,58,dual,2.575405,7,365434.90877426986,0.0,0,0.0,0.0,0.0
threshold,baseline,planner_weekly,59,compound,2.814935,11,404571.16079341935,0.0,0,0.0,0.0,0.0
threshold,baseline,planner_weekly,60,single,2.6,5,576636.8245248605,0.35894964222908465,0,109.0,109.0,109.0
threshold,baseline,planner_weekly,61,dual,2.585645,8,399121.0101084924,0.0,0,0.0,0.0,0.0
threshold,baseline,planner_weekly,62,compound,2.5805249999999997,13,501861.58408936585,0.267881637884368,2,104.0,109.0,109.0
threshold,baseline,planner_weekly,63,single,2.5805249999999997,4,381485.9463978978,0.0,0,0.0,0.0,0.0
threshold,baseline,planner_weekly,64,dual,2.575405,9,631077.3144949258,0.5011857113717968,3,69.0,69.0,90.0
threshold,baseline,planner_weekly,65,compound,2.6,9,451880.23858958663,0.0,2,0.0,0.0,0.0
threshold,baseline,planner_weekly,66,single,2.6,4,361446.42872260057,0.0,0,0.0,0.0,0.0
threshold,baseline,planner_weekly,67,dual,2.6,8,590095.7247730928,0.4128164719888455,2,70.0,70.0,70.0
threshold,baseline,planner_weekly,68,compound,2.575405,10,669172.5087371554,0.4425802137736799,4,82.0,82.0,82.0
threshold,baseline,planner_weekly,69,single,2.575405,3,383029.0738676682,0.0,0,0.0,0.0,0.0
threshold,baseline,planner_weekly,70,dual,2.575405,6,307214.15777025616,0.0,0,0.0,0.0,0.0
threshold,baseline,planner_weekly,71,compound,2.585645,11,530303.9131346318,0.2276815527018861,3,96.0,96.0,96.0
threshold,baseline,planner_weekly,72,single,2.5805249999999997,2,389423.29619734146,0.0,0,0.0,0.0,0.0
threshold,baseline,planner_weekly,73,dual,2.526313,6,378205.8439368196,0.0,0,0.0,0.0,0.0
threshold,baseline,planner_weekly,74,compound,2.575405,11,452786.1233218016,0.03671848716705314,3,110.0,110.0,110.0
threshold,baseline,planner_weekly,75,single,2.585645,2,354033.02876500797,0.0,0,0.0,0.0,0.0
threshold,baseline,planner_weekly,76,dual,2.5805249999999997,8,618044.5374977038,0.4189769231044828,1,83.0,83.0,109.0
threshold,baseline,planner_weekly,77,compound,2.814935,10,412450.57926012896,0.0,3,0.0,0.0,0.0
threshold,baseline,planner_weekly,78,single,2.575405,3,366959.20389469207,0.0,0,0.0,0.0,0.0
threshold,baseline,planner_weekly,79,dual,2.585645,8,354444.72098945954,0.05386779116904262,0,108.0,108.0,108.0
threshold,baseline,planner_weekly,80,compound,2.814935,12,518942.84023342724,0.26408625879681574,3,109.0,109.0,109.0
threshold,baseline,planner_weekly,81,single,2.575405,4,414465.0979097785,0.0,0,0.0,0.0,0.0
threshold,baseline,planner_weekly,82,dual,2.5805249999999997,7,455131.6403526477,0.0,3,0.0,0.0,0.0
threshold,baseline,planner_weekly,83,compound,2.585645,13,596559.5811862502,0.40447558325886923,5,100.0,100.0,100.0
threshold,baseline,planner_weekly,84,single,2.585645,5,512524.601405574,0.2226574427462142,0,103.0,103.0,103.0
threshold,baseline,planner_weekly,85,dual,2.526313,9,620489.5264106716,0.4360251027910527,1,97.0,97.0,97.0
threshold,baseline,planner_weekly,86,compound,2.5,11,510523.9124295582,0.37684097493127194,4,53.0,53.0,53.0
threshold,baseline,planner_weekly,87,single,2.526313,2,341397.7589490199,0.0,0,0.0,0.0,0.0
threshold,baseline,planner_weekly,88,dual,2.6,6,372109.46802635945,0.0,0,0.0,0.0,0.0
threshold,baseline,planner_weekly,89,compound,2.5805249999999997,10,458191.6437663628,0.2377745139492648,4,81.0,81.0,81.0
threshold,baseline,planner_weekly,90,single,2.6,5,348144.51299611013,0.0,0,0.0,0.0,0.0
threshold,baseline,planner_weekly,91,dual,2.5805249999999997,9,699406.1093538014,0.3342372778569489,2,110.0,110.0,110.0
threshold,baseline,planner_weekly,92,compound,2.814935,10,557018.5063904487,0.5378514861919306,3,35.0,35.0,35.0
threshold,baseline,planner_weekly,93,single,2.6,3,428256.2593271037,0.0,0,0.0,0.0,0.0
threshold,baseline,planner_weekly,94,dual,2.5805249999999997,7,373862.91247661016,0.0,0,0.0,0.0,0.0
threshold,baseline,planner_weekly,95,compound,2.814935,10,462300.02153499366,0.0,3,0.0,0.0,0.0
threshold,baseline,planner_weekly,96,single,2.5,5,373502.60068051296,0.0,0,0.0,0.0,0.0
threshold,baseline,planner_weekly,97,dual,2.585645,7,426701.9993365437,0.0,0,0.0,0.0,0.0
threshold,baseline,planner_weekly,98,compound,2.814935,12,446421.41991218575,0.06131550871072698,4,34.0,34.0,39.0
threshold,baseline,planner_weekly,99,single,2.5805249999999997,5,375097.1473063478,0.0,0,0.0,0.0,0.0
threshold,baseline,planner_weekly,100,dual,2.5805249999999997,8,403818.54611687944,0.12177801149950243,0,104.0,104.0,104.0
threshold,baseline,planner_weekly,101,compound,2.575405,11,677639.058649406,0.42867355569071613,4,107.0,107.0,107.0
threshold,baseline,planner_weekly,102,single,2.5,2,326763.64960782655,0.0,0,0.0,0.0,0.0
threshold,baseline,planner_weekly,103,dual,2.814935,6,320684.8244401521,0.0,0,0.0,0.0,0.0
threshold,baseline,planner_weekly,104,compound,2.575405,9,408839.9457806084,0.1017232477639488,0,99.0,99.0,99.0
threshold,baseline,planner_weekly,105,single,2.5,4,372041.9091710677,0.0,0,0.0,0.0,0.0
threshold,baseline,planner_weekly,106,dual,2.5,9,477604.7656053481,0.20550576931668385,3,89.0,89.0,89.0
threshold,baseline,planner_weekly,107,compound,2.5,9,394909.91676653345,0.0,3,0.0,0.0,0.0
threshold,baseline,planner_weekly,108,single,2.5,3,293546.48233901395,0.0,0,0.0,0.0,0.0
threshold,baseline,planner_weekly,109,dual,2.575405,8,452042.54255787504,0.0,0,0.0,0.0,0.0
threshold,baseline,planner_weekly,110,compound,2.6,13,575164.1127899974,0.27683674568051153,4,102.0,102.0,102.0
threshold,baseline,planner_weekly,111,single,2.575405,3,382011.2393014327,0.0,0,0.0,0.0,0.0
threshold,baseline,planner_weekly,112,dual,2.5805249999999997,5,370197.2754732619,0.0,0,0.0,0.0,0.0
threshold,baseline,planner_weekly,113,compound,2.5805249999999997,10,355284.23844948644,0.0,0,0.0,0.0,0.0
threshold,baseline,planner_weekly,114,single,2.814935,5,398666.77294632123,0.12965732619701545,0,76.0,76.0,76.0
threshold,baseline,planner_weekly,115,dual,2.5805249999999997,8,502876.40905502887,0.2405025126069817,3,77.0,77.0,77.0
threshold,baseline,planner_weekly,116,compound,2.814935,12,446972.4737424948,0.3572117408076002,3,36.0,36.0,36.0
threshold,baseline,planner_weekly,117,single,2.585645,2,367350.6092773071,0.0,0,0.0,0.0,0.0
threshold,baseline,planner_weekly,118,dual,2.5,9,624301.4796500844,0.35143912746989553,3,110.0,110.0,110.0
threshold,baseline,planner_weekly,119,compound,2.5,11,584997.3937702093,0.3303582740957368,4,100.0,100.0,100.0
threshold,baseline,planner_weekly,120,single,2.5805249999999997,3,378568.016478957,0.0,0,0.0,0.0,0.0
threshold,baseline,planner_weekly,121,dual,2.5805249999999997,8,413114.7614529866,0.0,2,0.0,0.0,0.0
threshold,baseline,planner_weekly,122,compound,2.575405,12,564199.8752592407,0.296117565891594,3,108.0,108.0,108.0
threshold,baseline,planner_weekly,123,single,2.526313,3,406915.85437698715,0.0,0,0.0,0.0,0.0
threshold,baseline,planner_weekly,124,dual,2.575405,8,586474.9464369656,0.43974522845435227,1,83.0,83.0,83.0
threshold,baseline,planner_weekly,125,compound,2.575405,10,513137.0943336384,0.08725966976159409,3,90.0,90.0,90.0
threshold,baseline,planner_weekly,126,single,2.6,2,350580.4776965405,0.0,0,0.0,0.0,0.0
threshold,baseline,planner_weekly,127,dual,2.814935,5,383638.9547223692,0.0,0,0.0,0.0,0.0
threshold,baseline,planner_weekly,128,compound,2.814935,9,399625.5819310235,0.0,3,0.0,0.0,0.0
threshold,baseline,planner_weekly,129,single,2.6,5,394406.01587125316,0.12047525543968449,0,75.0,75.0,75.0
threshold,baseline,planner_weekly,130,dual,2.5,8,477432.3469569876,0.2516664573484375,2,68.0,68.0,68.0
threshold,baseline,planner_weekly,131,compound,2.6,10,423711.73148925696,0.0,3,0.0,0.0,0.0
threshold,baseline,planner_weekly,132,single,2.5805249999999997,4,379137.3233779715,0.0,0,0.0,0.0,0.0
threshold,baseline,planner_weekly,133,dual,2.5805249999999997,9,468059.05586912343,0.2671043523646633,2,97.0,97.0,110.0
threshold,baseline,planner_weekly,134,compound,2.5805249999999997,12,470722.14146101405,0.1739426279109184,4,36.0,36.0,36.0
threshold,baseline,planner_weekly,135,single,2.5805249999999997,5,404293.6440335546,0.0,0,0.0,0.0,0.0
threshold,baseline,planner_weekly,136,dual,2.5805249999999997,8,566934.9728641957,0.3517891684085089,3,35.0,35.0,35.0
threshold,baseline,planner_weekly,137,compound,2.585645,9,428920.9013864172,0.0,3,0.0,0.0,0.0
threshold,baseline,planner_weekly,138,single,2.814935,2,333015.80819978885,0.0,0,0.0,0.0,0.0
threshold,baseline,planner_weekly,139,dual,2.585645,9,399939.13576988014,0.1816481676656033,2,106.0,106.0,106.0
threshold,baseline,planner_weekly,140,compound,2.526313,11,432500.8280122303,0.1303118529456035,5,101.0,101.0,101.0
threshold,baseline,planner_weekly,141,single,2.5,3,387369.4540731728,0.0,0,0.0,0.0,0.0
threshold,baseline,planner_weekly,142,dual,2.575405,6,376769.19609873916,0.0,0,0.0,0.0,0.0
threshold,baseline,planner_weekly,143,compound,2.6,12,607113.9319686833,0.37942930924217527,4,94.0,94.0,94.0
threshold,baseline,planner_weekly,144,single,2.585645,5,408068.4749073086,0.03520880626793895,0,110.0,110.0,110.0
threshold,baseline,planner_weekly,145,dual,2.575405,9,543943.3284785779,0.4501633819137738,1,75.0,75.0,75.0
threshold,baseline,planner_weekly,146,compound,2.6,12,551245.2426848597,0.1943203217264159,4,42.0,108.0,108.0
threshold,baseline,planner_weekly,147,single,2.5805249999999997,5,388253.8154406747,0.12989226868167597,0,96.0,96.0,96.0
threshold,baseline,planner_weekly,148,dual,2.5,9,594926.0339910968,0.3269610674677837,2,108.0,108.0,108.0
threshold,baseline,planner_weekly,149,compound,2.6,10,370630.5827792666,0.0,2,0.0,0.0,0.0
threshold,baseline,planner_daily,0,single,2.585645,2,332563.0591712982,0.0,0,0.0,0.0,0.0
threshold,baseline,planner_daily,1,dual,2.526313,7,548275.2439722517,0.3677477551129851,0,84.0,84.0,84.0
threshold,baseline,planner_daily,2,compound,2.5805249999999997,9,1241743.378155067,0.0,25,0.0,0.0,0.0
threshold,baseline,planner_daily,3,single,2.585645,3,345729.9334943593,0.0,0,0.0,0.0,0.0
threshold,baseline,planner_daily,4,dual,2.814935,8,1072695.2081228958,0.34954660324136033,13,110.0,110.0,110.0
threshold,baseline,planner_daily,5,compound,2.585645,12,1485522.8852250902,0.5829393137744607,27,30.0,30.0,30.0
threshold,baseline,planner_daily,6,single,2.526313,5,390295.1960526101,0.0,0,0.0,0.0,0.0
threshold,baseline,planner_daily,7,dual,2.5805249999999997,7,1494852.4892515924,0.0,21,0.0,0.0,0.0
threshold,baseline,planner_daily,8,compound,2.814935,12,1193025.2613776452,0.29317505833148844,17,27.0,27.0,27.0
threshold,baseline,planner_daily,9,single,2.5805249999999997,5,400045.97739886073,0.20694040611744308,0,44.0,44.0,44.0
threshold,baseline,planner_daily,10,dual,2.6,8,972695.8109669585,0.36235961089813495,9,88.0,88.0,88.0
threshold,baseline,planner_daily,11,compound,2.5805249999999997,10,970917.83366467,0.0,12,0.0,0.0,0.0
threshold,baseline,planner_daily,12,single,2.526313,5,386806.7763738877,0.0,0,0.0,0.0,0.0
threshold,baseline,planner_daily,13,dual,2.6,8,1534821.5875173474,0.0,20,0.0,0.0,0.0
threshold,baseline,planner_daily,14,compound,2.5805249999999997,11,1538933.288055496,0.0,25,0.0,0.0,0.0
threshold,baseline,planner_daily,15,single,2.5805249999999997,3,331926.0948761814,0.0,0,0.0,0.0,0.0
threshold,baseline,planner_daily,16,dual,2.526313,6,388472.9067080088,0.0,0,0.0,0.0,0.0
threshold,baseline,planner_daily,17,compound,2.5805249999999997,12,1570439.679324365,0.5791937000350404,28,32.0,32.0,32.0
threshold,baseline,planner_daily,18,single,2.5805249999999997,4,353253.97989165876,0.0,0,0.0,0.0,0.0
threshold,baseline,planner_daily,19,dual,2.814935,7,455732.01062958146,0.20326886934991664,0,54.0,54.0,54.0
threshold,baseline,planner_daily,20,compound,2.585645,11,1650502.0807981414,0.5254225496652389,30,30.0,30.0,30.0
threshold,baseline,planner_daily,21,single,2.526313,5,530088.0905281035,0.334241651234174,0,76.0,76.0,76.0
threshold,baseline,planner_daily,22,dual,2.814935,7,372216.81532826065,0.0,0,0.0,0.0,0.0
threshold,baseline,planner_daily,23,compound,2.5805249999999997,12,1477314.102095732,0.2741136645613234,25,30.0,30.0,30.0
threshold,baseline,planner_daily,24,single,2.585645,3,335530.25950484816,0.0,0,0.0,0.0,0.0
threshold,baseline,planner_daily,25,dual,2.6,6,371337.09964005975,0.0,0,0.0,0.0,0.0
threshold,baseline,planner_daily,26,compound,2.814935,11,1092476.811309934,0.0,15,0.0,0.0,0.0
threshold,baseline,planner_daily,27,single,2.575405,3,352769.9531272985,0.0,0,0.0,0.0,0.0
threshold,baseline,planner_daily,28,dual,2.5,8,362660.38585539814,0.0,0,0.0,0.0,0.0
threshold,baseline,planner_daily,29,compound,2.575405,12,1383528.8499758297,0.04424325707414012,24,0.0,41.0,41.0
threshold,baseline,planner_daily,30,single,2.6,4,416251.0655866762,0.0,0,0.0,0.0,0.0
threshold,baseline,planner_daily,31,dual,2.526313,5,352071.15179774235,0.0,0,0.0,0.0,0.0
threshold,baseline,planner_daily,32,compound,2.5805249999999997,10,1211682.617991896,0.0,18,0.0,0.0,0.0
threshold,baseline,planner_daily,33,single,2.5805249999999997,2,319467.05495977995,0.0,0,0.0,0.0,0.0
threshold,baseline,planner_daily,34,dual,2.526313,6,354798.0892838199,0.0,0,0.0,0.0,0.0
threshold,baseline,planner_daily,35,compound,2.526313,12,1252498.4966139428,0.4552260870040158,29,30.0,30.0,30.0
threshold,baseline,planner_daily,36,single,2.526313,4,400796.3834607285,0.0,0,0.0,0.0,0.0
threshold,baseline,planner_daily,37,dual,2.6,5,340435.07603795204,0.0,0,0.0,0.0,0.0
threshold,baseline,planner_daily,38,compound,2.575405,11,1414206.6835395047,0.44639179265863477,29,29.0,29.0,29.0
threshold,baseline,planner_daily,39,single,2.526313,5,383274.6392632002,0.0,0,0.0,0.0,0.0
threshold,baseline,planner_daily,40,dual,2.526313,7,379597.17207487795,0.0,0,0.0,0.0,0.0
threshold,baseline,planner_daily,41,compound,2.5,11,1482509.6080458318,0.3933237793887669,21,34.0,34.0,34.0
threshold,baseline,planner_daily,42,single,2.575405,2,342818.814151824,0.0,0,0.0,0.0,0.0
threshold,baseline,planner_daily,43,dual,2.814935,8,1049383.0398839018,0.3507364581894239,13,110.0,110.0,110.0
threshold,baseline,planner_daily,44,compound,2.5805249999999997,12,1627700.2265196189,0.46196675755315747,29,33.0,33.0,33.0
threshold,baseline,planner_daily,45,single,2.5,2,327254.19400583865,0.0,0,0.0,0.0,0.0
threshold,baseline,planner_daily,46,dual,2.814935,8,1106635.053260402,0.3967982132410339,13,109.0,109.0,109.0
threshold,baseline,planner_daily,47,compound,2.585645,11,1703849.6317358909,0.4105786858253973,23,35.0,35.0,35.0
threshold,baseline,planner_daily,48,single,2.5805249999999997,3,349787.8382147088,0.0,0,0.0,0.0,0.0
threshold,baseline,planner_daily,49,dual,2.526313,7,530224.1766423156,0.313562335923262,2,95.0,95.0,95.0
threshold,baseline,planner_daily,50,compound,2.6,11,1685239.0146393077,0.4819524302553049,27,32.0,32.0,32.0
threshold,baseline,planner_daily,51,single,2.5,4,372110.89186583954,0.0,0,0.0,0.0,0.0
threshold,baseline,planner_daily,52,dual,2.5805249999999997,6,334289.60772994236,0.0,0,0.0,0.0,0.0
threshold,baseline,planner_daily,53,compound,2.5805249999999997,11,1359006.082556299,0.0627928624402641,23,31.0,31.0,31.0
threshold,baseline,planner_daily,54,single,2.585645,2,372758.61364649725,0.0,0,0.0,0.0,0.0
threshold,baseline,planner_daily,55,dual,2.5,8,365110.53048399807,0.0,0,0.0,0.0,0.0
threshold,baseline,planner_daily,56,compound,2.6,11,1734369.6438711456,0.4391071727910407,26,33.0,33.0,33.0
threshold,baseline,planner_daily,57,single,2.585645,3,416874.4598865072,0.0,0,0.0,0.0,0.0
threshold,baseline,planner_daily,58,dual,2.575405,7,363453.5206654419,0.0,0,0.0,0.0,0.0
threshold,baseline,planner_daily,59,compound,2.814935,11,1318790.219336604,0.0,18,0.0,0.0,0.0
threshold,baseline,planner_daily,60,single,2.6,5,587527.5515867035,0.36933043427315193,0,109.0,109.0,109.0
threshold,baseline,planner_daily,61,dual,2.585645,8,399121.0101084924,0.0,0,0.0,0.0,0.0
threshold,baseline,planner_daily,62,compound,2.5805249999999997,13,1061318.2992100837,0.29968484794860456,16,110.0,110.0,110.0
threshold,baseline,planner_daily,63,single,2.5805249999999997,4,381999.41341169557,0.0,0,0.0,0.0,0.0
threshold,baseline,planner_daily,64,dual,2.575405,9,1412231.124337221,0.30987705754563866,22,23.0,23.0,30.0
threshold,baseline,planner_daily,65,compound,2.6,9,420250.1485068755,0.0,0,0.0,0.0,0.0
threshold,baseline,planner_daily,66,single,2.6,4,360807.7614433371,0.0,0,0.0,0.0,0.0
threshold,baseline,planner_daily,67,dual,2.6,8,1082422.9670940312,0.2060764873165797,15,110.0,110.0,110.0
threshold,baseline,planner_daily,68,compound,2.575405,10,1580969.5969895648,0.34846939609002026,26,28.0,28.0,28.0
threshold,baseline,planner_daily,69,single,2.575405,3,383029.0738676682,0.0,0,0.0,0.0,0.0
threshold,baseline,planner_daily,70,dual,2.575405,6,307214.15777025616,0.0,0,0.0,0.0,0.0
threshold,baseline,planner_daily,71,compound,2.585645,11,1106095.6818306888,0.31837244806716014,9,98.0,98.0,98.0
threshold,baseline,planner_daily,72,single,2.5805249999999997,2,389423.29619734146,0.0,0,0.0,0.0,0.0
threshold,baseline,planner_daily,73,dual,2.526313,6,377521.0552680405,0.0,0,0.0,0.0,0.0
threshold,baseline,planner_daily,74,compound,2.575405,11,1342385.5865028282,0.0,19,0.0,0.0,0.0
threshold,baseline,planner_daily,75,single,2.585645,2,354033.02876500797,0.0,0,0.0,0.0,0.0
threshold,baseline,planner_daily,76,dual,2.5805249999999997,8,1070156.0106782438,0.37755932449595536,10,110.0,110.0,110.0
threshold,baseline,planner_daily,77,compound,2.814935,10,884744.1551431451,0.19903873019505985,11,110.0,110.0,110.0
threshold,baseline,planner_daily,78,single,2.575405,3,366959.20389469207,0.0,0,0.0,0.0,0.0
threshold,baseline,planner_daily,79,dual,2.585645,8,354444.72098945954,0.05386779116904262,0,108.0,108.0,108.0
threshold,baseline,planner_daily,80,compound,2.814935,12,1540468.084802182,0.17537062168087356,23,34.0,34.0,34.0
threshold,baseline,planner_daily,81,single,2.575405,4,415331.51511821034,0.0,0,0.0,0.0,0.0
threshold,baseline,planner_daily,82,dual,2.5805249999999997,7,551033.5472750225,0.29199961356434057,0,101.0,101.0,101.0
threshold,baseline,planner_daily,83,compound,2.585645,13,1459056.1561089815,0.4788809809648546,26,31.0,31.0,31.0
threshold,baseline,planner_daily,84,single,2.585645,5,512524.601405574,0.2226574427462142,0,103.0,103.0,103.0
threshold,baseline,planner_daily,85,dual,2.526313,9,1046010.8745184632,0.20845974694029518,11,25.0,25.0,25.0
threshold,baseline,planner_daily,86,compound,2.5,11,1545287.411648125,0.41041904152430003,22,31.0,31.0,31.0
threshold,baseline,planner_daily,87,single,2.526313,2,341397.7589490199,0.0,0,0.0,0.0,0.0
threshold,baseline,planner_daily,88,dual,2.6,6,347939.8545265737,0.0,0,0.0,0.0,0.0
threshold,baseline,planner_daily,89,compound,2.5805249999999997,10,1021313.764648791,0.0,16,0.0,0.0,0.0
threshold,baseline,planner_daily,90,single,2.6,5,348905.1219217885,0.0,0,0.0,0.0,0.0
threshold,baseline,planner_daily,91,dual,2.5805249999999997,9,1409740.9462527959,0.38892910212846155,14,110.0,110.0,110.0
threshold,baseline,planner_daily,92,compound,2.814935,10,1577125.7119990615,0.3634156589322499,25,34.0,34.0,34.0
threshold,baseline,planner_daily,93,single,2.6,3,428256.2593271037,0.0,0,0.0,0.0,0.0
threshold,baseline,planner_daily,94,dual,2.5805249999999997,7,373862.91247661016,0.0,0,0.0,0.0,0.0
threshold,baseline,planner_daily,95,compound,2.814935,10,1189117.7494455797,0.0,17,0.0,0.0,0.0
threshold,baseline,planner_daily,96,single,2.5,5,374697.0088336398,0.0,0,0.0,0.0,0.0
threshold,baseline,planner_daily,97,dual,2.585645,7,396631.7465663399,0.0,0,0.0,0.0,0.0
threshold,baseline,planner_daily,98,compound,2.814935,12,1522554.7252246812,0.0,22,0.0,0.0,0.0
threshold,baseline,planner_daily,99,single,2.5805249999999997,5,375528.7140390187,0.0,0,0.0,0.0,0.0
threshold,baseline,planner_daily,100,dual,2.5805249999999997,8,587453.8948279727,0.0,3,0.0,0.0,0.0
threshold,baseline,planner_daily,101,compound,2.575405,11,1611295.5163440201,0.3868874323320345,28,29.0,31.0,37.0
threshold,baseline,planner_daily,102,single,2.5,2,326763.64960782655,0.0,0,0.0,0.0,0.0
threshold,baseline,planner_daily,103,dual,2.814935,6,320684.8244401521,0.0,0,0.0,0.0,0.0
threshold,baseline,planner_daily,104,compound,2.575405,9,417632.7448374914,0.0,0,0.0,0.0,0.0
threshold,baseline,planner_daily,105,single,2.5,4,372041.9091710677,0.0,0,0.0,0.0,0.0
threshold,baseline,planner_daily,106,dual,2.5,9,922943.4959470758,0.09610759331869669,14,110.0,110.0,110.0
threshold,baseline,planner_daily,107,compound,2.5,9,386718.43469133705,0.0,1,0.0,0.0,0.0
threshold,baseline,planner_daily,108,single,2.5,3,293546.48233901395,0.0,0,0.0,0.0,0.0
threshold,baseline,planner_daily,109,dual,2.575405,8,531673.570089964,0.0,1,0.0,0.0,0.0
threshold,baseline,planner_daily,110,compound,2.6,13,1703372.5976767798,0.39929179871319626,21,36.0,36.0,36.0
threshold,baseline,planner_daily,111,single,2.575405,3,382011.2393014327,0.0,0,0.0,0.0,0.0
threshold,baseline,planner_daily,112,dual,2.5805249999999997,5,373485.0520779483,0.0,0,0.0,0.0,0.0
threshold,baseline,planner_daily,113,compound,2.5805249999999997,10,695048.8351142149,0.1199192511597558,8,110.0,110.0,110.0
threshold,baseline,planner_daily,114,single,2.814935,5,464449.0236121936,0.17535988686364873,0,38.0,38.0,38.0
threshold,baseline,planner_daily,115,dual,2.5805249999999997,8,1412163.3297284842,0.0,20,0.0,0.0,0.0
threshold,baseline,planner_daily,116,compound,2.814935,12,1334430.6021944839,0.31028696270002604,22,35.0,35.0,35.0
threshold,baseline,planner_daily,117,single,2.585645,2,367350.6092773071,0.0,0,0.0,0.0,0.0
threshold,baseline,planner_daily,118,dual,2.5,9,1442615.579685414,0.30524973505707415,21,29.0,29.0,29.0
threshold,baseline,planner_daily,119,compound,2.5,11,1572900.3505139872,0.46878857246088734,26,29.0,29.0,29.0
threshold,baseline,planner_daily,120,single,2.5805249999999997,3,378568.016478957,0.0,0,0.0,0.0,0.0
threshold,baseline,planner_daily,121,dual,2.5805249999999997,8,480382.4606022891,0.20111245988160392,2,83.0,83.0,83.0
threshold,baseline,planner_daily,122,compound,2.575405,12,1529963.9108603594,0.10518193000251154,21,35.0,35.0,35.0
threshold,baseline,planner_daily,123,single,2.526313,3,406915.85437698715,0.0,0,0.0,0.0,0.0
threshold,baseline,planner_daily,124,dual,2.575405,8,1032013.8860482199,0.4933679509724598,9,95.0,95.0,95.0
threshold,baseline,planner_daily,125,compound,2.575405,10,1005009.3467159166,0.14992286812792904,13,110.0,110.0,110.0
threshold,baseline,planner_daily,126,single,2.6,2,350580.4776965405,0.0,0,0.0,0.0,0.0
threshold,baseline,planner_daily,127,dual,2.814935,5,396950.5295161365,0.0,0,0.0,0.0,0.0
threshold,baseline,planner_daily,128,compound,2.814935,9,824799.6536261823,0.0,11,0.0,0.0,0.0
threshold,baseline,planner_daily,129,single,2.6,5,504077.6530426073,0.2403428322791696,0,108.0,108.0,108.0
threshold,baseline,planner_daily,130,dual,2.5,8,941168.4482773186,0.3391254553239706,11,100.0,100.0,100.0
threshold,baseline,planner_daily,131,compound,2.6,10,641212.8452710039,0.0,4,0.0,0.0,0.0
threshold,baseline,planner_daily,132,single,2.5805249999999997,4,381291.1923697371,0.0,0,0.0,0.0,0.0
threshold,baseline,planner_daily,133,dual,2.5805249999999997,9,1180775.249952724,0.0,19,0.0,0.0,0.0
threshold,baseline,planner_daily,134,compound,2.5805249999999997,12,1497067.6867260076,0.0,24,0.0,0.0,0.0
threshold,baseline,planner_daily,135,single,2.5805249999999997,5,406868.0165224978,0.0,0,0.0,0.0,0.0
threshold,baseline,planner_daily,136,dual,2.5805249999999997,8,1511315.2428377785,0.24401027070392858,18,33.0,33.0,33.0
threshold,baseline,planner_daily,137,compound,2.585645,9,420221.8050543553,0.0,1,0.0,0.0,0.0
threshold,baseline,planner_daily,138,single,2.814935,2,333015.80819978885,0.0,0,0.0,0.0,0.0
threshold,baseline,planner_daily,139,dual,2.585645,9,882763.3080963615,0.0,9,0.0,0.0,0.0
threshold,baseline,planner_daily,140,compound,2.526313,11,1372922.679338187,0.0,25,0.0,0.0,0.0
threshold,baseline,planner_daily,141,single,2.5,3,387369.4540731728,0.0,0,0.0,0.0,0.0
threshold,baseline,planner_daily,142,dual,2.575405,6,378500.7191909562,0.0,0,0.0,0.0,0.0
threshold,baseline,planner_daily,143,compound,2.6,12,1686870.5773826053,0.45480169258938363,26,31.0,31.0,31.0
threshold,baseline,planner_daily,144,single,2.585645,5,402888.83872634644,0.0,0,0.0,0.0,0.0
threshold,baseline,planner_daily,145,dual,2.575405,9,629282.7769191371,0.17371804520473771,3,105.0,105.0,105.0
threshold,baseline,planner_daily,146,compound,2.6,12,1609820.1534795023,0.18842517765987704,22,33.0,33.0,33.0
threshold,baseline,planner_daily,147,single,2.5805249999999997,5,477959.4058895493,0.2880817953102463,0,95.0,95.0,110.0
threshold,baseline,planner_daily,148,dual,2.5,9,1040230.5090496216,0.4686548021650521,10,103.0,103.0,103.0
threshold,baseline,planner_daily,149,compound,2.6,10,361621.63181076664,0.0,0,0.0,0.0,0.0
tail_severity,random_3_of_4,planner_weekly,0,compound,2.585645,13,614804.1263363385,0.4127680026725546,3,,102.0,
tail_severity,random_3_of_4,planner_weekly,1,compound,2.5805249999999997,14,670519.248600439,0.4578553794869138,2,,97.0,
tail_severity,random_3_of_4,planner_weekly,2,compound,2.5805249999999997,13,539822.1040538828,0.2730585805361281,5,,108.0,
tail_severity,random_3_of_4,planner_weekly,3,compound,2.6,13,604072.4926725376,0.38008409329249754,5,,66.0,
tail_severity,random_3_of_4,planner_weekly,4,compound,2.5805249999999997,14,409113.98926037236,0.0,4,,0.0,
tail_severity,random_3_of_4,planner_weekly,5,compound,2.5805249999999997,15,567006.183456963,0.38410593582185704,2,,110.0,
tail_severity,random_3_of_4,planner_weekly,6,compound,2.585645,12,561235.4492525501,0.4166681839735104,2,,69.0,
tail_severity,random_3_of_4,planner_weekly,7,compound,2.585645,13,675845.9904960544,0.6773515831576766,5,,41.0,
tail_severity,random_3_of_4,planner_weekly,8,compound,2.585645,13,573924.4912964349,0.3691627259287368,2,,96.0,
tail_severity,random_3_of_4,planner_weekly,9,compound,2.575405,13,671620.49589251,0.7040026780626418,5,,42.0,
tail_severity,random_3_of_4,planner_weekly,10,compound,2.814935,12,505646.4517047462,0.15740217040368945,5,,108.0,
tail_severity,random_3_of_4,planner_weekly,11,compound,2.5805249999999997,14,498233.58757571416,0.2317833909345896,3,,103.0,
tail_severity,random_3_of_4,planner_weekly,12,compound,2.5,14,501799.6004269027,0.43317648882110654,4,,33.0,
tail_severity,random_3_of_4,planner_weekly,13,compound,2.814935,13,614878.8800856726,0.4255220154037127,3,,99.0,
tail_severity,random_3_of_4,planner_weekly,14,compound,2.575405,14,604930.3031610791,0.4457917716406673,3,,110.0,
tail_severity,random_3_of_4,planner_weekly,15,compound,2.5,13,528659.3112987045,0.5836483264857595,4,,38.0,
tail_severity,random_3_of_4,planner_weekly,16,compound,2.526313,12,585409.200044923,0.3332428615155767,5,,109.0,
tail_severity,random_3_of_4,planner_weekly,17,compound,2.526313,14,639915.0852455647,0.3998637178409151,4,,81.0,
tail_severity,random_3_of_4,planner_weekly,18,compound,2.585645,15,654184.6819168773,0.46745139034822986,3,,102.0,
tail_severity,random_3_of_4,planner_weekly,19,compound,2.575405,13,529272.824131487,0.30085819117160323,2,,105.0,
tail_severity,random_3_of_4,planner_weekly,20,compound,2.6,13,563813.4630722178,0.24608215404196007,5,,102.0,
tail_severity,random_3_of_4,planner_weekly,21,compound,2.5,13,564009.8519733371,0.27869656154997524,5,,107.0,
tail_severity,random_3_of_4,planner_weekly,22,compound,2.5805249999999997,14,458939.90714186,0.17843521580852748,4,,41.0,
tail_severity,random_3_of_4,planner_weekly,23,compound,2.5,15,449655.5550735815,0.46288017957475697,3,,53.0,
tail_severity,random_3_of_4,planner_weekly,24,compound,2.5,13,580367.2686512307,0.6701643088636458,5,,36.0,
tail_severity,random_3_of_4,planner_weekly,25,compound,2.526313,14,464385.9049319802,0.3376937949438077,4,,35.0,
tail_severity,random_3_of_4,planner_weekly,26,compound,2.575405,14,622949.26816839,0.49356222317577564,4,,40.0,
tail_severity,random_3_of_4,planner_weekly,27,compound,2.6,14,468047.122750861,0.0,4,,0.0,
tail_severity,random_3_of_4,planner_weekly,28,compound,2.526313,15,578899.1116276607,0.49005262260196236,5,,42.0,
tail_severity,random_3_of_4,planner_weekly,29,compound,2.5805249999999997,14,582917.0472278802,0.5981955936676936,5,,45.0,
tail_severity,random_3_of_4,planner_weekly,30,compound,2.5,13,608610.057978024,0.43324315019389015,4,,82.0,
tail_severity,random_3_of_4,planner_weekly,31,compound,2.5805249999999997,12,531553.5346214086,0.3347908442159625,2,,104.0,
tail_severity,random_3_of_4,planner_weekly,32,compound,2.814935,12,528137.8215933918,0.3888624450964496,3,,87.0,
tail_severity,random_3_of_4,planner_weekly,33,compound,2.6,13,464362.442066162,0.15616381045833375,3,,110.0,
tail_severity,random_3_of_4,planner_weekly,34,compound,2.6,13,570106.2296945876,0.39775298982880125,3,,100.0,
tail_severity,random_3_of_4,planner_weekly,35,compound,2.575405,13,613234.3131596557,0.3865936004184582,5,,75.0,
tail_severity,random_3_of_4,planner_weekly,36,compound,2.526313,14,538298.4612452575,0.442933822278949,3,,72.0,
tail_severity,random_3_of_4,planner_weekly,37,compound,2.6,14,584093.4068567831,0.5396190250870397,5,,36.0,
tail_severity,random_3_of_4,planner_weekly,38,compound,2.814935,14,639845.4069697785,0.6925974562389777,5,,40.0,
tail_severity,random_3_of_4,planner_weekly,39,compound,2.585645,14,512380.02958206116,0.3424275948577315,5,,43.0,
tail_severity,random_3_of_4,planner_weekly,40,compound,2.814935,13,585896.9440131102,0.3758406926032117,5,,67.0,
tail_severity,random_3_of_4,planner_weekly,41,compound,2.526313,13,565444.7812946017,0.27587721215062,5,,103.0,
tail_severity,random_3_of_4,planner_weekly,42,compound,2.526313,12,679532.9936787701,0.4339773735890272,5,,83.0,
tail_severity,random_3_of_4,planner_weekly,43,compound,2.5805249999999997,14,499476.189660295,0.0,4,,0.0,
tail_severity,random_3_of_4,planner_weekly,44,compound,2.6,12,482843.47351512907,0.0,4,,0.0,
tail_severity,random_3_of_4,planner_weekly,45,compound,2.5805249999999997,13,589538.7707135943,0.41878079111788713,4,,106.0,
tail_severity,random_3_of_4,planner_weekly,46,compound,2.5805249999999997,13,780007.6065825179,0.542457097431262,3,,101.0,
tail_severity,random_3_of_4,planner_weekly,47,compound,2.5,14,580518.3362828344,0.4213231468686634,4,,91.0,
tail_severity,random_3_of_4,planner_weekly,48,compound,2.575405,12,471591.11350052187,0.303283561308171,2,,93.0,
tail_severity,random_3_of_4,planner_weekly,49,compound,2.526313,13,458160.6333278881,0.0,4,,0.0,
tail_severity,random_3_of_4,planner_weekly,50,compound,2.5,14,455742.24933855905,0.3238554642560532,3,,86.0,
tail_severity,random_3_of_4,planner_weekly,51,compound,2.6,14,525451.6079308782,0.23931055094435053,4,,96.0,
tail_severity,random_3_of_4,planner_weekly,52,compound,2.575405,13,591148.6458649054,0.44026337744858113,3,,89.0,
tail_severity,random_3_of_4,planner_weekly,53,compound,2.814935,14,480895.7986561467,0.2574354810798453,4,,34.0,
tail_severity,random_3_of_4,planner_weekly,54,compound,2.575405,13,584058.0132769676,0.3028076344557825,5,,100.0,
tail_severity,random_3_of_4,planner_weekly,55,compound,2.585645,12,654259.4403674828,0.4727638067175883,2,,95.0,
tail_severity,random_3_of_4,planner_weekly,56,compound,2.5805249999999997,14,530997.2843930604,0.2896238948762633,4,,109.0,
tail_severity,random_3_of_4,planner_weekly,57,compound,2.5805249999999997,13,541877.7943230072,0.44063463269242464,3,,36.0,
tail_severity,random_3_of_4,planner_weekly,58,compound,2.6,13,484799.39818393183,0.19097703661416926,4,,36.0,
tail_severity,random_3_of_4,planner_weekly,59,compound,2.5,13,588966.8067875578,0.4836813212603123,2,,96.0,
tail_severity,random_3_of_4,planner_weekly,60,compound,2.526313,12,572238.0663352751,0.5960340451574219,4,,53.0,
tail_severity,random_3_of_4,planner_weekly,61,compound,2.5805249999999997,15,547196.8557683774,0.5230854445925446,4,,37.0,
tail_severity,random_3_of_4,planner_weekly,62,compound,2.6,12,616288.2272636387,0.3002186323708124,4,,109.0,
tail_severity,random_3_of_4,planner_weekly,63,compound,2.6,14,567369.0017090588,0.3810934741975906,4,,36.0,
tail_severity,random_3_of_4,planner_weekly,64,compound,2.5805249999999997,13,662108.2682618387,0.33053327497123486,5,,110.0,
tail_severity,random_3_of_4,planner_weekly,65,compound,2.5805249999999997,12,460903.62376002833,0.3019687583697856,4,,35.0,
tail_severity,random_3_of_4,planner_weekly,66,compound,2.585645,14,525821.8562954108,0.33591902939766494,4,,35.0,
tail_severity,random_3_of_4,planner_weekly,67,compound,2.5805249999999997,14,587619.04236274,0.3245649616644186,4,,93.0,
tail_severity,random_3_of_4,planner_weekly,68,compound,2.5,13,539310.5053277587,0.482997710351517,5,,42.0,
tail_severity,random_3_of_4,planner_weekly,69,compound,2.5805249999999997,12,596070.0460661208,0.4304569571192207,5,,41.0,
tail_severity,random_3_of_4,planner_weekly,70,compound,2.585645,14,688478.588938176,0.4282760740481655,5,,88.0,
tail_severity,random_3_of_4,planner_weekly,71,compound,2.575405,13,614079.1818196635,0.661738155789921,5,,39.0,
tail_severity,random_3_of_4,planner_weekly,72,compound,2.575405,13,654008.8417078034,0.4492643508528655,2,,103.0,
tail_severity,random_3_of_4,planner_weekly,73,compound,2.814935,14,677076.5713029457,0.48052474008531715,5,,74.0,
tail_severity,random_3_of_4,planner_weekly,74,compound,2.6,15,425443.00135916227,0.28959628465803305,4,,37.0,
tail_severity,random_3_of_4,planner_weekly,75,compound,2.5805249999999997,15,578123.7999450179,0.4114644342524365,4,,109.0,
tail_severity,random_3_of_4,planner_weekly,76,compound,2.526313,13,509750.8840109455,0.27707714319440685,4,,103.0,
tail_severity,random_3_of_4,planner_weekly,77,compound,2.6,14,577557.3844804652,0.37700653686277796,3,,101.0,
tail_severity,random_3_of_4,planner_weekly,78,compound,2.585645,13,510274.77304830373,0.2014778200599847,3,,110.0,
tail_severity,random_3_of_4,planner_weekly,79,compound,2.575405,15,599232.6682788664,0.32065312366534404,4,,101.0,
tail_severity,random_3_of_4,planner_weekly,80,compound,2.5805249999999997,12,557069.5204853368,0.2566300236752382,4,,95.0,
tail_severity,random_3_of_4,planner_weekly,81,compound,2.6,12,618245.9524001004,0.4442143830250391,3,,86.0,
tail_severity,random_3_of_4,planner_weekly,82,compound,2.5805249999999997,13,664006.2745524248,0.6849285532144541,5,,41.0,
tail_severity,random_3_of_4,planner_weekly,83,compound,2.585645,15,725004.0294849635,0.541001685704724,3,,89.0,
tail_severity,random_3_of_4,planner_weekly,84,compound,2.5805249999999997,13,673298.0766221953,0.599743678955546,5,,42.0,
tail_severity,random_3_of_4,planner_weekly,85,compound,2.5805249999999997,15,508036.56493983103,0.5166150409585799,4,,38.0,
tail_severity,random_3_of_4,planner_weekly,86,compound,2.5805249999999997,13,640480.8575995121,0.3543888228418922,5,,100.0,
tail_severity,random_3_of_4,planner_weekly,87,compound,2.5805249999999997,13,633335.9781461613,0.5635657934098534,4,,60.0,
tail_severity,random_3_of_4,planner_weekly,88,compound,2.814935,13,598559.2019199819,0.4111724328212092,2,,110.0,
tail_severity,random_3_of_4,planner_weekly,89,compound,2.585645,13,469692.95270977146,0.18192515231603343,4,,33.0,
tail_severity,random_3_of_4,planner_weekly,90,compound,2.575405,14,659279.6029294534,0.4528130392771206,3,,104.0,
tail_severity,random_3_of_4,planner_weekly,91,compound,2.814935,15,508557.07239679596,0.41961005572917864,5,,42.0,
tail_severity,random_3_of_4,planner_weekly,92,compound,2.526313,15,617785.5388587315,0.7273282044928812,5,,41.0,
tail_severity,random_3_of_4,planner_weekly,93,compound,2.5805249999999997,13,632223.3765072621,0.28584517507541457,3,,110.0,
tail_severity,random_3_of_4,planner_weekly,94,compound,2.585645,14,560669.1381724385,0.2609569617822521,4,,94.0,
tail_severity,random_3_of_4,planner_weekly,95,compound,2.814935,13,702122.8114488234,0.39932492439349715,5,,83.0,
tail_severity,random_3_of_4,planner_weekly,96,compound,2.814935,13,540124.9558964823,0.2704524632000151,4,,101.0,
tail_severity,random_3_of_4,planner_weekly,97,compound,2.585645,15,492246.6830950601,0.41611073354942857,3,,81.0,
tail_severity,random_3_of_4,planner_weekly,98,compound,2.5805249999999997,13,456448.5714801924,0.16512674450379194,4,,35.0,
tail_severity,random_3_of_4,planner_weekly,99,compound,2.5805249999999997,14,507088.57262330793,0.378169777688958,3,,86.0,
tail_severity,random_3_of_4,planner_weekly,100,compound,2.585645,15,593347.7896280556,0.7048693570429484,5,,37.0,
tail_severity,random_3_of_4,planner_weekly,101,compound,2.585645,13,587535.7517611482,0.37271961952913396,2,,104.0,
tail_severity,random_3_of_4,planner_weekly,102,compound,2.585645,14,668589.3205935077,0.47775674991934863,3,,96.0,
tail_severity,random_3_of_4,planner_weekly,103,compound,2.6,14,660315.6861529382,0.4371892742250912,3,,109.0,
tail_severity,random_3_of_4,planner_weekly,104,compound,2.5805249999999997,14,421060.92213440296,0.0,4,,0.0,
tail_severity,random_3_of_4,planner_weekly,105,compound,2.585645,13,631534.6161603809,0.3945618022295033,4,,75.0,
tail_severity,random_3_of_4,planner_weekly,106,compound,2.575405,14,523628.4656465425,0.3246272040030024,5,,32.0,
tail_severity,random_3_of_4,planner_weekly,107,compound,2.5805249999999997,13,601968.7245138835,0.40791875137441846,5,,87.0,
tail_severity,random_3_of_4,planner_weekly,108,compound,2.526313,13,447975.7145680087,0.0,4,,0.0,
tail_severity,random_3_of_4,planner_weekly,109,compound,2.575405,13,535844.6181498527,0.3810944645160004,4,,41.0,
tail_severity,random_3_of_4,planner_weekly,110,compound,2.5805249999999997,14,596317.5379731229,0.35404750976412336,4,,82.0,
tail_severity,random_3_of_4,planner_weekly,111,compound,2.575405,15,609114.9158735558,0.4763824659649556,3,,101.0,
tail_severity,random_3_of_4,planner_weekly,112,compound,2.5,14,474147.6549083293,0.4028978309619961,5,,30.0,
tail_severity,random_3_of_4,planner_weekly,113,compound,2.814935,14,500035.13924267195,0.4780602472484723,2,,42.0,
tail_severity,random_3_of_4,planner_weekly,114,compound,2.526313,15,494730.1403666478,0.4333390517356379,5,,38.0,
tail_severity,random_3_of_4,planner_weekly,115,compound,2.5805249999999997,13,573267.2846235082,0.3879427800537065,3,,73.0,
tail_severity,random_3_of_4,planner_weekly,116,compound,2.5805249999999997,13,581477.82304852,0.429511833843644,4,,44.0,
tail_severity,random_3_of_4,planner_weekly,117,compound,2.585645,14,507928.9661435959,0.1854547275245238,4,,109.0,
tail_severity,random_3_of_4,planner_weekly,118,compound,2.5,14,568524.0953689225,0.33549984585886705,4,,88.0,
tail_severity,random_3_of_4,planner_weekly,119,compound,2.526313,13,649708.4366245142,0.3657276835601174,5,,108.0,
tail_severity,random_3_of_4,planner_weekly,120,compound,2.575405,12,451510.32661646884,0.0,4,,0.0,
tail_severity,random_3_of_4,planner_weekly,121,compound,2.585645,13,630666.9398730933,0.41122261488769535,5,,68.0,
tail_severity,random_3_of_4,planner_weekly,122,compound,2.6,14,441625.6841938907,0.3324563213543812,5,,33.0,
tail_severity,random_3_of_4,planner_weekly,123,compound,2.526313,13,627243.3501988109,0.3622117483717522,5,,101.0,
tail_severity,random_3_of_4,planner_weekly,124,compound,2.575405,13,611854.0133990928,0.6355429444239139,5,,36.0,
tail_severity,random_3_of_4,planner_weekly,125,compound,2.526313,13,670164.0368061118,0.42295111618159437,5,,89.0,
tail_severity,random_3_of_4,planner_weekly,126,compound,2.5,15,428369.1432035258,0.09844111904544889,3,,37.0,
tail_severity,random_3_of_4,planner_weekly,127,compound,2.585645,13,551697.1534328666,0.4275104509006081,2,,110.0,
tail_severity,random_3_of_4,planner_weekly,128,compound,2.5805249999999997,13,494366.9466700661,0.4251041266854136,3,,73.0,
tail_severity,random_3_of_4,planner_weekly,129,compound,2.814935,13,477316.16742215556,0.3495063630761786,4,,30.0,
tail_severity,random_3_of_4,planner_weekly,130,compound,2.5,15,537237.9698822834,0.6034601800687759,4,,38.0,
tail_severity,random_3_of_4,planner_weekly,131,compound,2.6,14,508414.44590708136,0.34692661343100767,4,,75.0,
tail_severity,random_3_of_4,planner_weekly,132,compound,2.814935,13,517287.10969724425,0.23895534064810917,4,,102.0,
tail_severity,random_3_of_4,planner_weekly,133,compound,2.5,14,421475.8390754853,0.17370838176429962,4,,82.0,
tail_severity,random_3_of_4,planner_weekly,134,compound,2.5805249999999997,13,607599.3558891993,0.5867324116879375,5,,37.0,
tail_severity,random_3_of_4,planner_weekly,135,compound,2.6,13,575029.3506415503,0.5412347862237066,4,,37.0,
tail_severity,random_3_of_4,planner_weekly,136,compound,2.575405,14,584936.4856048063,0.32152773721367023,4,,95.0,
tail_severity,random_3_of_4,planner_weekly,137,compound,2.814935,12,562473.1253248985,0.3788793376061903,5,,60.0,
tail_severity,random_3_of_4,planner_weekly,138,compound,2.5805249999999997,14,451507.50787158177,0.0,4,,0.0,
tail_severity,random_3_of_4,planner_weekly,139,compound,2.526313,14,596934.1357657403,0.4352444382035064,5,,60.0,
tail_severity,random_3_of_4,planner_weekly,140,compound,2.575405,12,704139.321725955,0.4839439832873345,2,,107.0,
tail_severity,random_3_of_4,planner_weekly,141,compound,2.575405,12,605703.2967070412,0.44559489144730136,4,,101.0,
tail_severity,random_3_of_4,planner_weekly,142,compound,2.575405,13,648932.4604610477,0.4015879256097084,5,,92.0,
tail_severity,random_3_of_4,planner_weekly,143,compound,2.585645,14,458133.0189691033,0.0,4,,0.0,
tail_severity,random_3_of_4,planner_weekly,144,compound,2.5805249999999997,14,536576.9195888387,0.37273445308384945,5,,81.0,
tail_severity,random_3_of_4,planner_weekly,145,compound,2.526313,15,598593.4833636885,0.3869002601692801,4,,101.0,
tail_severity,random_3_of_4,planner_weekly,146,compound,2.5805249999999997,13,578320.1389842011,0.2836351642970305,4,,107.0,
tail_severity,random_3_of_4,planner_weekly,147,compound,2.814935,15,551374.5163534262,0.53296751573763,4,,36.0,
tail_severity,random_3_of_4,planner_weekly,148,compound,2.6,13,604961.0257461725,0.3173533259094195,4,,108.0,
tail_severity,random_3_of_4,planner_weekly,149,compound,2.5,14,456246.7056771748,0.1737757619473851,4,,83.0,
tail_severity,random_3_of_4,planner_weekly,150,compound,2.814935,12,460005.04014632024,0.1616265672205741,4,,36.0,
tail_severity,random_3_of_4,planner_weekly,151,compound,2.6,13,456802.0236424177,0.1693007123486848,3,,37.0,
tail_severity,random_3_of_4,planner_weekly,152,compound,2.6,12,516229.94456023286,0.3970343552160683,4,,61.0,
tail_severity,random_3_of_4,planner_weekly,153,compound,2.585645,13,604556.5485667471,0.6033039261691814,5,,33.0,
tail_severity,random_3_of_4,planner_weekly,154,compound,2.5805249999999997,14,515283.2704194179,0.25915451641473986,4,,99.0,
tail_severity,random_3_of_4,planner_weekly,155,compound,2.5,13,512962.9108355525,0.3128653237213822,5,,38.0,
tail_severity,random_3_of_4,planner_weekly,156,compound,2.6,13,547792.5741725469,0.2678145930590397,4,,95.0,
tail_severity,random_3_of_4,planner_weekly,157,compound,2.814935,13,466160.8845250453,0.1524796517063183,3,,90.0,
tail_severity,random_3_of_4,planner_weekly,158,compound,2.585645,13,700163.1505860616,0.49760701166524524,3,,99.0,
tail_severity,random_3_of_4,planner_weekly,159,compound,2.5,14,456906.82421229227,0.16305758438351298,4,,42.0,
tail_severity,random_3_of_4,planner_weekly,160,compound,2.585645,15,550105.9656475656,0.38099114068458717,4,,45.0,
tail_severity,random_3_of_4,planner_weekly,161,compound,2.5805249999999997,15,644310.4266983225,0.4221785376704758,2,,105.0,
tail_severity,random_3_of_4,planner_weekly,162,compound,2.585645,13,608877.2307241504,0.3567398072490708,3,,90.0,
tail_severity,random_3_of_4,planner_weekly,163,compound,2.5805249999999997,14,455069.9940307846,0.2870525421405462,4,,68.0,
tail_severity,random_3_of_4,planner_weekly,164,compound,2.5805249999999997,12,530204.5337682326,0.24212545780269318,3,,104.0,
tail_severity,random_3_of_4,planner_weekly,165,compound,2.526313,14,574531.3620460028,0.4278913949554487,3,,107.0,
tail_severity,random_3_of_4,planner_weekly,166,compound,2.814935,13,498093.0445849284,0.38094330310985774,5,,36.0,
tail_severity,random_3_of_4,planner_weekly,167,compound,2.814935,13,603945.4366904697,0.40390023305845557,5,,81.0,
tail_severity,random_3_of_4,planner_weekly,168,compound,2.6,14,660812.0954423356,0.38301140133996214,5,,109.0,
tail_severity,random_3_of_4,planner_weekly,169,compound,2.585645,15,530462.0641890756,0.2812657447716885,4,,101.0,
tail_severity,random_3_of_4,planner_weekly,170,compound,2.5805249999999997,13,621541.5102954438,0.41949276000329144,4,,96.0,
tail_severity,random_3_of_4,planner_weekly,171,compound,2.585645,13,580259.1550545559,0.3169739870844028,4,,80.0,
tail_severity,random_3_of_4,planner_weekly,172,compound,2.5805249999999997,13,546595.001640971,0.5054072599260738,3,,76.0,
tail_severity,random_3_of_4,planner_weekly,173,compound,2.5805249999999997,14,563551.2043839054,0.5291272086523616,5,,42.0,
tail_severity,random_3_of_4,planner_weekly,174,compound,2.6,14,588274.9111917029,0.41426721996558186,4,,43.0,
tail_severity,random_3_of_4,planner_weekly,175,compound,2.585645,14,621545.5124616391,0.5555766746230749,4,,66.0,
tail_severity,random_3_of_4,planner_weekly,176,compound,2.5805249999999997,14,628921.3304549379,0.6691247070741859,5,,41.0,
tail_severity,random_3_of_4,planner_weekly,177,compound,2.526313,13,627368.5441530873,0.4400619363255654,2,,107.0,
tail_severity,random_3_of_4,planner_weekly,178,compound,2.5,13,532741.0426938182,0.35437472785823787,2,,110.0,
tail_severity,random_3_of_4,planner_weekly,179,compound,2.5,13,517352.38750658656,0.29717006336558444,2,,109.0,
tail_severity,random_3_of_4,planner_weekly,180,compound,2.6,13,533702.7988997914,0.1920189239591373,4,,108.0,
tail_severity,random_3_of_4,planner_weekly,181,compound,2.575405,13,595472.4563104076,0.5136138201499721,4,,58.0,
tail_severity,random_3_of_4,planner_weekly,182,compound,2.585645,13,593164.0172835849,0.3106146267556554,4,,109.0,
tail_severity,random_3_of_4,planner_weekly,183,compound,2.526313,14,547723.9153626349,0.5216258785843141,5,,36.0,
tail_severity,random_3_of_4,planner_weekly,184,compound,2.814935,12,479946.653782418,0.15063899301264264,4,,69.0,
tail_severity,random_3_of_4,planner_weekly,185,compound,2.6,15,591713.8751285927,0.7711226085626389,5,,37.0,
tail_severity,random_3_of_4,planner_weekly,186,compound,2.5,12,540527.2918919729,0.44813945987627263,5,,41.0,
tail_severity,random_3_of_4,planner_weekly,187,compound,2.526313,12,511452.1365708827,0.18876037898328857,4,,88.0,
tail_severity,random_3_of_4,planner_weekly,188,compound,2.5805249999999997,13,588394.5322130366,0.35561011778076346,5,,109.0,
tail_severity,random_3_of_4,planner_weekly,189,compound,2.6,14,677899.7860107445,0.42114471066330617,5,,101.0,
tail_severity,random_3_of_4,planner_weekly,190,compound,2.585645,15,468808.8796923456,0.21952663577900539,4,,36.0,
tail_severity,random_3_of_4,planner_weekly,191,compound,2.6,13,622938.9068168591,0.6626939020614068,5,,42.0,
tail_severity,random_3_of_4,planner_weekly,192,compound,2.6,14,611673.2297251854,0.3315014751227811,4,,110.0,
tail_severity,random_3_of_4,planner_weekly,193,compound,2.6,12,573368.9959861272,0.4534495723869201,5,,42.0,
tail_severity,random_3_of_4,planner_weekly,194,compound,2.814935,14,609517.9917104661,0.5543832877972943,5,,42.0,
tail_severity,random_3_of_4,planner_weekly,195,compound,2.585645,13,611386.6473535912,0.30963726954955273,5,,108.0,
tail_severity,random_3_of_4,planner_weekly,196,compound,2.5805249999999997,15,613075.5079149457,0.3643036360508192,5,,96.0,
tail_severity,random_3_of_4,planner_weekly,197,compound,2.814935,13,603914.7537571003,0.34849128194340373,5,,88.0,
tail_severity,random_3_of_4,planner_weekly,198,compound,2.575405,14,599401.326677422,0.33531786187186735,5,,107.0,
tail_severity,random_3_of_4,planner_weekly,199,compound,2.585645,13,473194.33124982833,0.03041301346123583,4,,35.0,
tail_severity,random_3_of_4,planner_weekly,200,compound,2.585645,13,612408.3011752861,0.5352676346438627,3,,38.0,
tail_severity,random_3_of_4,planner_weekly,201,compound,2.5,13,551407.199850529,0.4437100920901275,2,,87.0,
tail_severity,random_3_of_4,planner_weekly,202,compound,2.575405,13,728222.5131051965,0.5473232046580933,5,,75.0,
tail_severity,random_3_of_4,planner_weekly,203,compound,2.526313,15,619651.465723451,0.6541394270940042,5,,36.0,
tail_severity,random_3_of_4,planner_weekly,204,compound,2.5805249999999997,13,491478.7572916105,0.33815244165929476,5,,38.0,
tail_severity,random_3_of_4,planner_weekly,205,compound,2.5,12,501244.40137848776,0.2308892395656975,4,,84.0,
tail_severity,random_3_of_4,planner_weekly,206,compound,2.526313,14,542215.5612486945,0.4368080902823275,4,,37.0,
tail_severity,random_3_of_4,planner_weekly,207,compound,2.5805249999999997,13,464629.2773380512,0.29018072782074433,5,,76.0,
tail_severity,random_3_of_4,planner_weekly,208,compound,2.814935,13,539419.3414809557,0.2278663981247287,4,,108.0,
tail_severity,random_3_of_4,planner_weekly,209,compound,2.5805249999999997,14,615798.4041973363,0.5475571402319461,4,,79.0,
tail_severity,random_3_of_4,planner_weekly,210,compound,2.814935,13,657267.2677091573,0.3552464683587602,5,,109.0,
tail_severity,random_3_of_4,planner_weekly,211,compound,2.5805249999999997,14,506379.45440504106,0.4917374673744738,2,,53.0,
tail_severity,random_3_of_4,planner_weekly,212,compound,2.5805249999999997,12,640551.0006133664,0.4808203788228962,3,,110.0,
tail_severity,random_3_of_4,planner_weekly,213,compound,2.526313,13,543711.0773785537,0.38966371060876004,3,,80.0,
tail_severity,random_3_of_4,planner_weekly,214,compound,2.585645,13,568530.1358314184,0.41326166831809413,4,,33.0,
tail_severity,random_3_of_4,planner_weekly,215,compound,2.6,13,605791.5710117382,0.41984242241381614,3,,102.0,
tail_severity,random_3_of_4,planner_weekly,216,compound,2.5805249999999997,14,524234.69950020796,0.2343225678959714,4,,109.0,
tail_severity,random_3_of_4,planner_weekly,217,compound,2.6,12,553860.5212079849,0.27304028557210824,3,,107.0,
tail_severity,random_3_of_4,planner_weekly,218,compound,2.5805249999999997,14,610921.6852015405,0.5858673784902247,3,,59.0,
tail_severity,random_3_of_4,planner_weekly,219,compound,2.5805249999999997,14,391242.6945012943,0.2323143033071278,4,,38.0,
tail_severity,random_3_of_4,planner_weekly,220,compound,2.585645,14,580336.3077636685,0.27954880212181826,3,,110.0,
tail_severity,random_3_of_4,planner_weekly,221,compound,2.5805249999999997,15,579463.0291896691,0.35573399018925606,4,,37.0,
tail_severity,random_3_of_4,planner_weekly,222,compound,2.575405,13,500285.2592068782,0.3546325364883625,2,,102.0,
tail_severity,random_3_of_4,planner_weekly,223,compound,2.585645,12,553496.9144700416,0.48690320528561604,5,,42.0,
tail_severity,random_3_of_4,planner_weekly,224,compound,2.6,12,697443.3250443545,0.3631073892464081,5,,96.0,
tail_severity,random_3_of_4,planner_weekly,225,compound,2.814935,14,462750.0228759827,0.2568702691273811,4,,33.0,
tail_severity,random_3_of_4,planner_weekly,226,compound,2.5805249999999997,12,618430.1049274704,0.4373296119653279,5,,68.0,
tail_severity,random_3_of_4,planner_weekly,227,compound,2.5805249999999997,14,496690.7674824318,0.36512925600926166,4,,32.0,
tail_severity,random_3_of_4,planner_weekly,228,compound,2.5805249999999997,14,593389.6972175455,0.4392974057891842,4,,75.0,
tail_severity,random_3_of_4,planner_weekly,229,compound,2.814935,14,620752.6531397245,0.4524642228726736,5,,61.0,
tail_severity,random_3_of_4,planner_weekly,230,compound,2.5805249999999997,14,494567.7974838662,0.49530315874648495,5,,42.0,
tail_severity,random_3_of_4,planner_weekly,231,compound,2.5805249999999997,14,455046.3823710639,0.1280881267512814,4,,100.0,
tail_severity,random_3_of_4,planner_weekly,232,compound,2.6,13,528455.9545095946,0.3973566320341174,4,,42.0,
tail_severity,random_3_of_4,planner_weekly,233,compound,2.526313,13,631367.2322301763,0.5307733913111163,3,,68.0,
tail_severity,random_3_of_4,planner_weekly,234,compound,2.5805249999999997,13,442389.9356853835,0.0,4,,0.0,
tail_severity,random_3_of_4,planner_weekly,235,compound,2.526313,14,589157.7290560643,0.2939310015410151,4,,95.0,
tail_severity,random_3_of_4,planner_weekly,236,compound,2.526313,14,616272.4230723915,0.3672739033266519,5,,108.0,
tail_severity,random_3_of_4,planner_weekly,237,compound,2.585645,14,545247.9904359331,0.39149689373532953,4,,41.0,
tail_severity,random_3_of_4,planner_weekly,238,compound,2.575405,14,409482.37316582183,0.0,4,,0.0,
tail_severity,random_3_of_4,planner_weekly,239,compound,2.6,13,505303.2212389081,0.27348871037559225,5,,31.0,
tail_severity,random_3_of_4,planner_weekly,240,compound,2.575405,14,600295.7880725769,0.3619387700813875,2,,87.0,
tail_severity,random_3_of_4,planner_weekly,241,compound,2.575405,12,603160.562515168,0.4947356158174585,2,,66.0,
tail_severity,random_3_of_4,planner_weekly,242,compound,2.5805249999999997,14,424944.419815353,0.16993813343832803,4,,36.0,
tail_severity,random_3_of_4,planner_weekly,243,compound,2.6,15,624066.2547761564,0.609250374342451,5,,37.0,
tail_severity,random_3_of_4,planner_weekly,244,compound,2.6,14,646210.16146554,0.37962487934967964,5,,106.0,
tail_severity,random_3_of_4,planner_weekly,245,compound,2.5805249999999997,14,586049.533030405,0.3403955309143968,5,,102.0,
tail_severity,random_3_of_4,planner_weekly,246,compound,2.585645,14,654955.2972684149,0.31023710434250623,5,,108.0,
tail_severity,random_3_of_4,planner_weekly,247,compound,2.5805249999999997,13,509304.8275999873,0.2034513222257291,4,,103.0,
tail_severity,random_3_of_4,planner_weekly,248,compound,2.526313,14,623101.0113916604,0.4556264924293835,2,,107.0,
tail_severity,random_3_of_4,planner_weekly,249,compound,2.5805249999999997,14,503263.0057590659,0.4059090157512841,4,,43.0,
tail_severity,random_3_of_4,planner_weekly,250,compound,2.6,13,526377.7026959354,0.4064597507790363,4,,44.0,
tail_severity,random_3_of_4,planner_weekly,251,compound,2.5805249999999997,14,628167.7504015771,0.4363370326629921,3,,100.0,
tail_severity,random_3_of_4,planner_weekly,252,compound,2.5805249999999997,12,649686.365274367,0.5098465058244653,2,,60.0,
tail_severity,random_3_of_4,planner_weekly,253,compound,2.5805249999999997,14,571453.8312997638,0.45772153734412396,3,,110.0,
tail_severity,random_3_of_4,planner_weekly,254,compound,2.6,15,674891.3711635526,0.3647587195948405,4,,97.0,
tail_severity,random_3_of_4,planner_weekly,255,compound,2.5805249999999997,13,530734.7808279715,0.0,4,,0.0,
tail_severity,random_3_of_4,planner_weekly,256,compound,2.526313,14,604666.6966471231,0.3992380329799739,2,,107.0,
tail_severity,random_3_of_4,planner_weekly,257,compound,2.575405,12,517807.40272373403,0.34853575614878873,2,,107.0,
tail_severity,random_3_of_4,planner_weekly,258,compound,2.575405,13,614402.043959739,0.3232720581740922,5,,109.0,
tail_severity,random_3_of_4,planner_weekly,259,compound,2.814935,14,457476.4054200458,0.29108757124835266,4,,36.0,
tail_severity,random_3_of_4,planner_weekly,260,compound,2.5,13,523289.21905475075,0.26035004714664056,4,,109.0,
tail_severity,random_3_of_4,planner_weekly,261,compound,2.5805249999999997,12,496179.97259129165,0.5144860642669273,3,,59.0,
tail_severity,random_3_of_4,planner_weekly,262,compound,2.526313,12,617697.9721022041,0.5092537139683887,2,,82.0,
tail_severity,random_3_of_4,planner_weekly,263,compound,2.5,13,512809.4390792124,0.41338647481672597,4,,36.0,
tail_severity,random_3_of_4,planner_weekly,264,compound,2.575405,12,466977.06447334297,0.0,4,,0.0,
tail_severity,random_3_of_4,planner_weekly,265,compound,2.526313,13,626427.2496950047,0.39851664834646,4,,75.0,
tail_severity,random_3_of_4,planner_weekly,266,compound,2.5805249999999997,13,476442.1129867724,0.24066283446980008,4,,68.0,
tail_severity,random_3_of_4,planner_weekly,267,compound,2.526313,13,466373.0051068966,0.18329731549347664,4,,34.0,
tail_severity,random_3_of_4,planner_weekly,268,compound,2.814935,13,574190.1340394381,0.32305629308397876,4,,100.0,
tail_severity,random_3_of_4,planner_weekly,269,compound,2.5,13,481301.45340754447,0.3738056254235146,4,,33.0,
tail_severity,random_3_of_4,planner_weekly,270,compound,2.814935,13,590557.388453365,0.28064591729535565,4,,96.0,
tail_severity,random_3_of_4,planner_weekly,271,compound,2.526313,14,533186.1711570218,0.4673631569088887,5,,41.0,
tail_severity,random_3_of_4,planner_weekly,272,compound,2.585645,13,438435.36862523446,0.12329435098194393,3,,110.0,
tail_severity,random_3_of_4,planner_weekly,273,compound,2.6,13,518779.3802404921,0.3881544775782292,3,,86.0,
tail_severity,random_3_of_4,planner_weekly,274,compound,2.814935,14,674420.2217708316,0.5387817215138195,3,,110.0,
tail_severity,random_3_of_4,planner_weekly,275,compound,2.585645,14,493375.77626311075,0.2576123664242293,4,,82.0,
tail_severity,random_3_of_4,planner_weekly,276,compound,2.5,14,472553.8684863224,0.3414424663649557,3,,87.0,
tail_severity,random_3_of_4,planner_weekly,277,compound,2.575405,13,603420.8196308243,0.489402199803124,4,,88.0,
tail_severity,random_3_of_4,planner_weekly,278,compound,2.6,12,486048.8017008014,0.3786138741371098,5,,32.0,
tail_severity,random_3_of_4,planner_weekly,279,compound,2.5805249999999997,14,458320.5551970001,0.3038209318012132,5,,36.0,
tail_severity,random_3_of_4,planner_weekly,280,compound,2.5805249999999997,14,549743.9803529144,0.394767627989187,4,,89.0,
tail_severity,random_3_of_4,planner_weekly,281,compound,2.5805249999999997,14,666597.8182431923,0.5031287139353374,4,,42.0,
tail_severity,random_3_of_4,planner_weekly,282,compound,2.814935,14,689058.6870423678,0.6278923252644023,5,,43.0,
tail_severity,random_3_of_4,planner_weekly,283,compound,2.5,13,527303.210329009,0.40304191222320945,4,,43.0,
tail_severity,random_3_of_4,planner_weekly,284,compound,2.526313,14,609789.5394500622,0.5349433182334582,4,,43.0,
tail_severity,random_3_of_4,planner_weekly,285,compound,2.526313,14,558451.222639634,0.3687454309184135,4,,76.0,
tail_severity,random_3_of_4,planner_weekly,286,compound,2.5805249999999997,13,553397.2450856725,0.4796775870041514,4,,80.0,
tail_severity,random_3_of_4,planner_weekly,287,compound,2.5805249999999997,14,625685.6751276279,0.32697922019801745,5,,92.0,
tail_severity,random_3_of_4,planner_weekly,288,compound,2.526313,15,505581.9602424396,0.49112210888833097,5,,33.0,
tail_severity,random_3_of_4,planner_weekly,289,compound,2.575405,15,599014.2987153477,0.6385483740157005,4,,38.0,
tail_severity,random_3_of_4,planner_weekly,290,compound,2.5805249999999997,14,589813.7633713331,0.4096971512371576,2,,110.0,
tail_severity,random_3_of_4,planner_weekly,291,compound,2.526313,14,603443.6395060418,0.5198669317744534,5,,41.0,
tail_severity,random_3_of_4,planner_weekly,292,compound,2.5805249999999997,13,518692.0213200474,0.06940618302611008,4,,37.0,
tail_severity,random_3_of_4,planner_weekly,293,compound,2.5,13,494441.3528087604,0.30870080443111625,4,,88.0,
tail_severity,random_3_of_4,planner_weekly,294,compound,2.814935,13,649977.7980865466,0.5787353685379123,3,,80.0,
tail_severity,random_3_of_4,planner_weekly,295,compound,2.585645,15,638768.5393304188,0.35314864578205357,4,,104.0,
tail_severity,random_3_of_4,planner_weekly,296,compound,2.5805249999999997,14,576515.6135321584,0.4341552140822501,5,,29.0,
tail_severity,random_3_of_4,planner_weekly,297,compound,2.6,13,673378.4611473811,0.4839863075441575,3,,102.0,
tail_severity,random_3_of_4,planner_weekly,298,compound,2.575405,14,664443.7151116598,0.4840891660327752,5,,74.0,
tail_severity,random_3_of_4,planner_weekly,299,compound,2.814935,13,560375.8721839604,0.3797460191547596,3,,110.0,
tail_severity,random_3_of_4,planner_daily,0,compound,2.585645,13,1357476.0054294155,0.4517327486437903,22,,34.0,
tail_severity,random_3_of_4,planner_daily,1,compound,2.5805249999999997,14,1308426.4416995372,0.4493052708333187,18,,30.0,
tail_severity,random_3_of_4,planner_daily,2,compound,2.5805249999999997,13,1422226.6407512082,0.33822698441642934,28,,29.0,
tail_severity,random_3_of_4,planner_daily,3,compound,2.6,13,1648650.3304893156,0.4248345103898474,26,,33.0,
tail_severity,random_3_of_4,planner_daily,4,compound,2.5805249999999997,14,1420266.566647628,0.0,21,,0.0,
tail_severity,random_3_of_4,planner_daily,5,compound,2.5805249999999997,15,1381016.178235448,0.32288843061940065,20,,37.0,
tail_severity,random_3_of_4,planner_daily,6,compound,2.585645,12,1201977.1529132128,0.26566519989666904,15,,110.0,
tail_severity,random_3_of_4,planner_daily,7,compound,2.585645,13,1642997.9553499827,0.6053738455278617,32,,33.0,
tail_severity,random_3_of_4,planner_daily,8,compound,2.585645,13,1143934.705347683,0.3253427690653179,19,,28.0,
tail_severity,random_3_of_4,planner_daily,9,compound,2.575405,13,1618810.3532266626,0.6629310212289997,31,,29.0,
tail_severity,random_3_of_4,planner_daily,10,compound,2.814935,12,1500340.8906719233,0.27149767557095233,28,,30.0,
tail_severity,random_3_of_4,planner_daily,11,compound,2.5805249999999997,14,1433401.5541462551,0.2981297714708899,20,,36.0,
tail_severity,random_3_of_4,planner_daily,12,compound,2.5,14,1536950.2541166071,0.43317648882110654,24,,33.0,
tail_severity,random_3_of_4,planner_daily,13,compound,2.814935,13,1593976.154255052,0.5521779909954098,22,,30.0,
tail_severity,random_3_of_4,planner_daily,14,compound,2.575405,14,1282630.5530933118,0.3749351331645191,19,,32.0,
tail_severity,random_3_of_4,planner_daily,15,compound,2.5,13,1425900.0222780656,0.4052710976136746,25,,33.0,
tail_severity,random_3_of_4,planner_daily,16,compound,2.526313,12,1406109.4597568188,0.44247051138634,33,,32.0,
tail_severity,random_3_of_4,planner_daily,17,compound,2.526313,14,1598196.060087789,0.521818889515286,27,,33.0,
tail_severity,random_3_of_4,planner_daily,18,compound,2.585645,15,1369796.3194308248,0.40220430742066365,25,,36.0,
tail_severity,random_3_of_4,planner_daily,19,compound,2.575405,13,1285079.1033190817,0.3433321944890612,16,,30.0,
tail_severity,random_3_of_4,planner_daily,20,compound,2.6,13,1586094.4619333888,0.4075464097291522,29,,30.0,
tail_severity,random_3_of_4,planner_daily,21,compound,2.5,13,1384296.5605757951,0.5079411048612958,28,,32.0,
tail_severity,random_3_of_4,planner_daily,22,compound,2.5805249999999997,14,1475205.3306927104,0.0,21,,0.0,
tail_severity,random_3_of_4,planner_daily,23,compound,2.5,15,1096808.068057603,0.21988804291028605,26,,37.0,
tail_severity,random_3_of_4,planner_daily,24,compound,2.5,13,1496792.9991172333,0.5191692496190329,32,,29.0,
tail_severity,random_3_of_4,planner_daily,25,compound,2.526313,14,1234547.061049444,0.3376937949438077,25,,35.0,
tail_severity,random_3_of_4,planner_daily,26,compound,2.575405,14,1656282.41984565,0.4032143472337115,27,,31.0,
tail_severity,random_3_of_4,planner_daily,27,compound,2.6,14,1610793.441111642,0.0,21,,0.0,
tail_severity,random_3_of_4,planner_daily,28,compound,2.526313,15,1535337.5861682133,0.4290422369885457,28,,33.0,
tail_severity,random_3_of_4,planner_daily,29,compound,2.5805249999999997,14,1423942.5083416863,0.688090151635287,31,,29.0,
tail_severity,random_3_of_4,planner_daily,30,compound,2.5,13,1361575.2589699125,0.45147475926839564,27,,33.0,
tail_severity,random_3_of_4,planner_daily,31,compound,2.5805249999999997,12,1126480.2830345253,0.3278099284510929,14,,110.0,
tail_severity,random_3_of_4,planner_daily,32,compound,2.814935,12,1268316.781154795,0.29508385019228794,17,,29.0,
tail_severity,random_3_of_4,planner_daily,33,compound,2.6,13,1462336.6016919476,0.0,20,,0.0,
tail_severity,random_3_of_4,planner_daily,34,compound,2.6,13,1489250.6009313422,0.4282825100581199,25,,30.0,
tail_severity,random_3_of_4,planner_daily,35,compound,2.575405,13,1547519.4345819252,0.507552059687052,31,,31.0,
tail_severity,random_3_of_4,planner_daily,36,compound,2.526313,14,1226136.9600252407,0.2702991500821756,23,,35.0,
tail_severity,random_3_of_4,planner_daily,37,compound,2.6,14,1650554.280482573,0.48841257362903995,29,,34.0,
tail_severity,random_3_of_4,planner_daily,38,compound,2.814935,14,1547407.6221790833,0.5615521536161212,31,,33.0,
tail_severity,random_3_of_4,planner_daily,39,compound,2.585645,14,1552591.4764675018,0.3604659625800447,28,,29.0,
tail_severity,random_3_of_4,planner_daily,40,compound,2.814935,13,1514837.8564011708,0.33142497005383287,28,,32.0,
tail_severity,random_3_of_4,planner_daily,41,compound,2.526313,13,1550665.6889245585,0.2826174315816594,28,,31.0,
tail_severity,random_3_of_4,planner_daily,42,compound,2.526313,12,1476180.288799343,0.44850195598354614,27,,31.0,
tail_severity,random_3_of_4,planner_daily,43,compound,2.5805249999999997,14,1804229.01889658,0.0,22,,0.0,
tail_severity,random_3_of_4,planner_daily,44,compound,2.6,12,1366183.0432416424,0.0,18,,0.0,
tail_severity,random_3_of_4,planner_daily,45,compound,2.5805249999999997,13,1201445.6952754594,0.30919457806099715,26,,29.0,
tail_severity,random_3_of_4,planner_daily,46,compound,2.5805249999999997,13,1888421.5978670598,0.45891061458177784,22,,31.0,
tail_severity,random_3_of_4,planner_daily,47,compound,2.5,14,1214475.4125906301,0.4472441539616186,29,,28.0,
tail_severity,random_3_of_4,planner_daily,48,compound,2.575405,12,1113023.323556375,0.2715520241979767,14,,30.0,
tail_severity,random_3_of_4,planner_daily,49,compound,2.526313,13,1460097.170548925,0.0,20,,0.0,
tail_severity,random_3_of_4,planner_daily,50,compound,2.5,14,1119359.8445075492,0.3562476167592479,24,,31.0,
tail_severity,random_3_of_4,planner_daily,51,compound,2.6,14,1529885.8702052697,0.36883417460812545,24,,35.0,
tail_severity,random_3_of_4,planner_daily,52,compound,2.575405,13,1400778.2941289195,0.3051243237005733,20,,34.0,
tail_severity,random_3_of_4,planner_daily,53,compound,2.814935,14,1598262.0580779638,0.2574354810798453,24,,34.0,
tail_severity,random_3_of_4,planner_daily,54,compound,2.575405,13,1636587.45685296,0.5880176241585278,27,,31.0,
tail_severity,random_3_of_4,planner_daily,55,compound,2.585645,12,1279091.244913348,0.26306095324523754,17,,110.0,
tail_severity,random_3_of_4,planner_daily,56,compound,2.5805249999999997,14,1423452.2335588858,0.3830855801487171,24,,34.0,
tail_severity,random_3_of_4,planner_daily,57,compound,2.5805249999999997,13,1553215.338084986,0.44082632534561667,22,,33.0,
tail_severity,random_3_of_4,planner_daily,58,compound,2.6,13,1676981.356052796,0.19488139348835418,23,,36.0,
tail_severity,random_3_of_4,planner_daily,59,compound,2.5,13,1098020.5829181757,0.291340374442479,18,,27.0,
tail_severity,random_3_of_4,planner_daily,60,compound,2.526313,12,1438117.5872748198,0.27822642967107497,28,,34.0,
tail_severity,random_3_of_4,planner_daily,61,compound,2.5805249999999997,15,1546174.9078887547,0.4469277935481176,26,,35.0,
tail_severity,random_3_of_4,planner_daily,62,compound,2.6,12,1699879.5230912084,0.43113544292933853,25,,32.0,
tail_severity,random_3_of_4,planner_daily,63,compound,2.6,14,1699472.6261558498,0.3367791999490516,24,,35.0,
tail_severity,random_3_of_4,planner_daily,64,compound,2.5805249999999997,13,1634848.6405867555,0.5001396832125672,28,,30.0,
tail_severity,random_3_of_4,planner_daily,65,compound,2.5805249999999997,12,1350644.977786905,0.30466518388757324,21,,32.0,
tail_severity,random_3_of_4,planner_daily,66,compound,2.585645,14,1671944.1265643863,0.33591902939766494,22,,35.0,
tail_severity,random_3_of_4,planner_daily,67,compound,2.5805249999999997,14,1560058.308307329,0.4458566401916084,26,,34.0,
tail_severity,random_3_of_4,planner_daily,68,compound,2.5,13,1475802.8413186,0.37445614901485746,27,,32.0,
tail_severity,random_3_of_4,planner_daily,69,compound,2.5805249999999997,12,1358676.2765012062,0.3923641907823875,31,,30.0,
tail_severity,random_3_of_4,planner_daily,70,compound,2.585645,14,1710618.6018848324,0.5966023816871885,26,,34.0,
tail_severity,random_3_of_4,planner_daily,71,compound,2.575405,13,1519880.1520095395,0.6033822143029159,30,,30.0,
tail_severity,random_3_of_4,planner_daily,72,compound,2.575405,13,1199316.9863417882,0.25101906384471306,16,,110.0,
tail_severity,random_3_of_4,planner_daily,73,compound,2.814935,14,1564778.9314918893,0.5145473550899783,25,,34.0,
tail_severity,random_3_of_4,planner_daily,74,compound,2.6,15,1380426.052593782,0.16330756050242246,24,,32.0,
tail_severity,random_3_of_4,planner_daily,75,compound,2.5805249999999997,15,1194607.7795011709,0.4197540922114227,30,,31.0,
tail_severity,random_3_of_4,planner_daily,76,compound,2.526313,13,1427103.9181596087,0.3892262132333103,25,,32.0,
tail_severity,random_3_of_4,planner_daily,77,compound,2.6,14,1302350.8043594165,0.2768817997948279,23,,29.0,
tail_severity,random_3_of_4,planner_daily,78,compound,2.585645,13,1588888.6016346929,0.03411780156911254,23,,33.0,
tail_severity,random_3_of_4,planner_daily,79,compound,2.575405,15,1496029.0182018667,0.4515495724430371,28,,34.0,
tail_severity,random_3_of_4,planner_daily,80,compound,2.5805249999999997,12,1636168.667596148,0.2596967127885722,26,,38.0,
tail_severity,random_3_of_4,planner_daily,81,compound,2.6,12,1440482.5005093256,0.4385536683508785,20,,32.0,
tail_severity,random_3_of_4,planner_daily,82,compound,2.5805249999999997,13,1358282.1002769955,0.6906766006862478,35,,29.0,
tail_severity,random_3_of_4,planner_daily,83,compound,2.585645,15,1410780.3611389992,0.42568184432425465,21,,32.0,
tail_severity,random_3_of_4,planner_daily,84,compound,2.5805249999999997,13,1661609.913860745,0.5903371183882995,30,,29.0,
tail_severity,random_3_of_4,planner_daily,85,compound,2.5805249999999997,15,1400020.6981960703,0.44745125049395246,23,,36.0,
tail_severity,random_3_of_4,planner_daily,86,compound,2.5805249999999997,13,1402242.9926984878,0.4957294405144463,30,,30.0,
tail_severity,random_3_of_4,planner_daily,87,compound,2.5805249999999997,13,1274487.3790186788,0.38267863957497555,26,,29.0,
tail_severity,random_3_of_4,planner_daily,88,compound,2.814935,13,1114898.1712109018,0.3718131950232494,15,,110.0,
tail_severity,random_3_of_4,planner_daily,89,compound,2.585645,13,1613825.3704585335,0.18192515231603343,22,,33.0,
tail_severity,random_3_of_4,planner_daily,90,compound,2.575405,14,1536100.847222065,0.38016931291232714,23,,32.0,
tail_severity,random_3_of_4,planner_daily,91,compound,2.814935,15,1466031.9890995906,0.38911862582106893,31,,30.0,
tail_severity,random_3_of_4,planner_daily,92,compound,2.526313,15,1428633.8270847881,0.6532856705431623,33,,31.0,
tail_severity,random_3_of_4,planner_daily,93,compound,2.5805249999999997,13,1420111.4183667025,0.2514468198299738,18,,32.0,
tail_severity,random_3_of_4,planner_daily,94,compound,2.585645,14,1648697.2950391674,0.33791236843702127,23,,35.0,
tail_severity,random_3_of_4,planner_daily,95,compound,2.814935,13,1641130.862669193,0.47904018649198987,29,,30.0,
tail_severity,random_3_of_4,planner_daily,96,compound,2.814935,13,1544828.3664654763,0.2971746406198391,28,,30.0,
tail_severity,random_3_of_4,planner_daily,97,compound,2.585645,15,1103714.4495541882,0.04906337902091689,25,,32.0,
tail_severity,random_3_of_4,planner_daily,98,compound,2.5805249999999997,13,1478235.0633851842,0.0,24,,0.0,
tail_severity,random_3_of_4,planner_daily,99,compound,2.5805249999999997,14,1167076.3072622714,0.22900194165689006,24,,34.0,
tail_severity,random_3_of_4,planner_daily,100,compound,2.585645,15,1511103.8304420095,0.5686168740244628,29,,36.0,
tail_severity,random_3_of_4,planner_daily,101,compound,2.585645,13,1064591.0393557465,0.19860254272882563,17,,110.0,
tail_severity,random_3_of_4,planner_daily,102,compound,2.585645,14,1602747.2504596764,0.6037096617127518,24,,30.0,
tail_severity,random_3_of_4,planner_daily,103,compound,2.6,14,1606833.2574853292,0.5141072714945812,24,,27.0,
tail_severity,random_3_of_4,planner_daily,104,compound,2.5805249999999997,14,1509661.8790340144,0.0,23,,0.0,
tail_severity,random_3_of_4,planner_daily,105,compound,2.585645,13,1658534.5542237058,0.4118020551077596,26,,36.0,
tail_severity,random_3_of_4,planner_daily,106,compound,2.575405,14,1357045.3264144817,0.2661571122560305,30,,31.0,
tail_severity,random_3_of_4,planner_daily,107,compound,2.5805249999999997,13,1479081.9700785703,0.5654305789045985,30,,28.0,
tail_severity,random_3_of_4,planner_daily,108,compound,2.526313,13,1485983.4438151298,0.0,22,,0.0,
tail_severity,random_3_of_4,planner_daily,109,compound,2.575405,13,1610484.291457301,0.3676040466987669,25,,33.0,
tail_severity,random_3_of_4,planner_daily,110,compound,2.5805249999999997,14,1586564.3872661185,0.43880902101003527,26,,32.0,
tail_severity,random_3_of_4,planner_daily,111,compound,2.575405,15,1477723.3642356556,0.4835157923132581,26,,28.0,
tail_severity,random_3_of_4,planner_daily,112,compound,2.5,14,1255665.5966847907,0.4028978309619961,30,,30.0,
tail_severity,random_3_of_4,planner_daily,113,compound,2.814935,14,1033300.728530546,0.27654011084257213,18,,33.0,
tail_severity,random_3_of_4,planner_daily,114,compound,2.526313,15,1419160.0391998005,0.4328795296680204,27,,34.0,
tail_severity,random_3_of_4,planner_daily,115,compound,2.5805249999999997,13,1536289.5132391043,0.32197438020796226,22,,33.0,
tail_severity,random_3_of_4,planner_daily,116,compound,2.5805249999999997,13,1597492.0727848327,0.35445554745872004,21,,35.0,
tail_severity,random_3_of_4,planner_daily,117,compound,2.585645,14,1634616.5475875812,0.22967079614887342,25,,35.0,
tail_severity,random_3_of_4,planner_daily,118,compound,2.5,14,1312239.3130655286,0.39804941142437905,28,,35.0,
tail_severity,random_3_of_4,planner_daily,119,compound,2.526313,13,1581375.4564847243,0.5252734369303623,29,,37.0,
tail_severity,random_3_of_4,planner_daily,120,compound,2.575405,12,1474544.7857143737,0.0,20,,0.0,
tail_severity,random_3_of_4,planner_daily,121,compound,2.585645,13,1615929.828048029,0.39400217104737123,27,,35.0,
tail_severity,random_3_of_4,planner_daily,122,compound,2.6,14,1253650.4693891527,0.2905633132080613,28,,29.0,
tail_severity,random_3_of_4,planner_daily,123,compound,2.526313,13,1599257.234220044,0.5319300612158427,31,,34.0,
tail_severity,random_3_of_4,planner_daily,124,compound,2.575405,13,1585309.2686489576,0.6117163897376812,28,,28.0,
tail_severity,random_3_of_4,planner_daily,125,compound,2.526313,13,1606583.6153221205,0.5297057115673928,31,,34.0,
tail_severity,random_3_of_4,planner_daily,126,compound,2.5,15,1454792.590439667,0.0,21,,0.0,
tail_severity,random_3_of_4,planner_daily,127,compound,2.585645,13,1057512.314270107,0.18260332048910027,16,,110.0,
tail_severity,random_3_of_4,planner_daily,128,compound,2.5805249999999997,13,1412036.8001907147,0.27237486033095243,23,,30.0,
tail_severity,random_3_of_4,planner_daily,129,compound,2.814935,13,1565931.281682778,0.3495063630761786,25,,30.0,
tail_severity,random_3_of_4,planner_daily,130,compound,2.5,15,1427070.9057980524,0.5100646813773752,27,,32.0,
tail_severity,random_3_of_4,planner_daily,131,compound,2.6,14,1418912.3185335128,0.37280311856557685,28,,33.0,
tail_severity,random_3_of_4,planner_daily,132,compound,2.814935,13,1455310.0964239163,0.2489563362273303,28,,30.0,
tail_severity,random_3_of_4,planner_daily,133,compound,2.5,14,1170472.253120015,0.15958177401884002,24,,30.0,
tail_severity,random_3_of_4,planner_daily,134,compound,2.5805249999999997,13,1493472.548440056,0.5127039162332052,29,,32.0,
tail_severity,random_3_of_4,planner_daily,135,compound,2.6,13,1560428.831258957,0.4470366894758476,26,,31.0,
tail_severity,random_3_of_4,planner_daily,136,compound,2.575405,14,1655364.0250624113,0.5215073111479827,25,,33.0,
tail_severity,random_3_of_4,planner_daily,137,compound,2.814935,12,1318461.0820023532,0.4132985890601112,32,,29.0,
tail_severity,random_3_of_4,planner_daily,138,compound,2.5805249999999997,14,1493845.9780786668,0.0,20,,0.0,
tail_severity,random_3_of_4,planner_daily,139,compound,2.526313,14,1338657.3252706062,0.5097118590531392,28,,34.0,
tail_severity,random_3_of_4,planner_daily,140,compound,2.575405,12,1056718.4115644388,0.2888575481693958,18,,35.0,
tail_severity,random_3_of_4,planner_daily,141,compound,2.575405,12,1483400.0073725604,0.49502606593753334,22,,30.0,
tail_severity,random_3_of_4,planner_daily,142,compound,2.575405,13,1586159.849755206,0.41586646012276474,28,,31.0,
tail_severity,random_3_of_4,planner_daily,143,compound,2.585645,14,1340076.087902806,0.0,22,,0.0,
tail_severity,random_3_of_4,planner_daily,144,compound,2.5805249999999997,14,1424390.1682923597,0.5458604058830788,27,,31.0,
tail_severity,random_3_of_4,planner_daily,145,compound,2.526313,15,1256621.5725750148,0.3857977030624149,25,,30.0,
tail_severity,random_3_of_4,planner_daily,146,compound,2.5805249999999997,13,1553240.7757580571,0.39256448507094316,27,,30.0,
tail_severity,random_3_of_4,planner_daily,147,compound,2.814935,15,1565702.7377927874,0.47796529985559155,28,,32.0,
tail_severity,random_3_of_4,planner_daily,148,compound,2.6,13,1567160.4057526942,0.5028747607781944,25,,31.0,
tail_severity,random_3_of_4,planner_daily,149,compound,2.5,14,1537892.9653445457,0.08239307746520098,24,,34.0,
tail_severity,random_3_of_4,planner_daily,150,compound,2.814935,12,1412346.598664943,0.0,21,,0.0,
tail_severity,random_3_of_4,planner_daily,151,compound,2.6,13,1640293.1777034693,0.0,22,,0.0,
tail_severity,random_3_of_4,planner_daily,152,compound,2.6,12,1444854.5567369694,0.4001259028334181,28,,33.0,
tail_severity,random_3_of_4,planner_daily,153,compound,2.585645,13,1598043.4126894155,0.4898753341701513,31,,30.0,
tail_severity,random_3_of_4,planner_daily,154,compound,2.5805249999999997,14,1479517.8129082357,0.2838147353036131,24,,37.0,
tail_severity,random_3_of_4,planner_daily,155,compound,2.5,13,1491642.401599069,0.3502049456353641,27,,28.0,
tail_severity,random_3_of_4,planner_daily,156,compound,2.6,13,1342536.4256930344,0.225020125148475,30,,34.0,
tail_severity,random_3_of_4,planner_daily,157,compound,2.814935,13,1456435.065534026,0.0,21,,0.0,
tail_severity,random_3_of_4,planner_daily,158,compound,2.585645,13,1320345.9960728877,0.5124695094746491,23,,28.0,
tail_severity,random_3_of_4,planner_daily,159,compound,2.5,14,1247790.023674633,0.17550905344638887,25,,34.0,
tail_severity,random_3_of_4,planner_daily,160,compound,2.585645,15,1640713.2349967784,0.39505591923421973,28,,34.0,
tail_severity,random_3_of_4,planner_daily,161,compound,2.5805249999999997,15,1332317.7454034057,0.3701108777967786,21,,32.0,
tail_severity,random_3_of_4,planner_daily,162,compound,2.585645,13,1625267.6820684639,0.35371318382183015,27,,37.0,
tail_severity,random_3_of_4,planner_daily,163,compound,2.5805249999999997,14,1206766.9897417459,0.30311223436304185,24,,33.0,
tail_severity,random_3_of_4,planner_daily,164,compound,2.5805249999999997,12,1457589.0373472257,0.3224280571843785,20,,35.0,
tail_severity,random_3_of_4,planner_daily,165,compound,2.526313,14,1162674.6467600074,0.44370227033439286,23,,31.0,
tail_severity,random_3_of_4,planner_daily,166,compound,2.814935,13,1491252.4371540172,0.23433694466800467,28,,30.0,
tail_severity,random_3_of_4,planner_daily,167,compound,2.814935,13,1564511.5768637427,0.5377945424856603,31,,32.0,
tail_severity,random_3_of_4,planner_daily,168,compound,2.6,14,1562984.2345575234,0.5279248769320184,26,,32.0,
tail_severity,random_3_of_4,planner_daily,169,compound,2.585645,15,1440302.3223751385,0.44132620706836645,26,,32.0,
tail_severity,random_3_of_4,planner_daily,170,compound,2.5805249999999997,13,1280948.671373991,0.3322353894941609,24,,31.0,
tail_severity,random_3_of_4,planner_daily,171,compound,2.585645,13,1619045.457365261,0.38395980126888346,25,,31.0,
tail_severity,random_3_of_4,planner_daily,172,compound,2.5805249999999997,13,1230606.507568659,0.19584222716484645,24,,30.0,
tail_severity,random_3_of_4,planner_daily,173,compound,2.5805249999999997,14,1468045.226224775,0.4231664397010706,28,,34.0,
tail_severity,random_3_of_4,planner_daily,174,compound,2.6,14,1739342.333614519,0.42098738118030854,26,,38.0,
tail_severity,random_3_of_4,planner_daily,175,compound,2.585645,14,1548532.6220021453,0.47607647387417107,26,,29.0,
tail_severity,random_3_of_4,planner_daily,176,compound,2.5805249999999997,14,1526762.0711923481,0.7104866566483854,32,,30.0,
tail_severity,random_3_of_4,planner_daily,177,compound,2.526313,13,1230443.0190757692,0.29175288282890843,17,,34.0,
tail_severity,random_3_of_4,planner_daily,178,compound,2.5,13,1127648.2034665414,0.2722501629755398,17,,30.0,
tail_severity,random_3_of_4,planner_daily,179,compound,2.5,13,1210137.895592196,0.3412802682078123,19,,29.0,
tail_severity,random_3_of_4,planner_daily,180,compound,2.6,13,1630574.156358569,0.1858847846368761,25,,36.0,
tail_severity,random_3_of_4,planner_daily,181,compound,2.575405,13,1451704.95554511,0.3321437144274679,26,,35.0,
tail_severity,random_3_of_4,planner_daily,182,compound,2.585645,13,1633560.288609756,0.3576688808703782,25,,31.0,
tail_severity,random_3_of_4,planner_daily,183,compound,2.526313,14,1583526.6922323105,0.511029975935924,28,,32.0,
tail_severity,random_3_of_4,planner_daily,184,compound,2.814935,12,1451209.508348633,0.0,21,,0.0,
tail_severity,random_3_of_4,planner_daily,185,compound,2.6,15,1482713.7659178365,0.7135720211199913,29,,32.0,
tail_severity,random_3_of_4,planner_daily,186,compound,2.5,12,1528121.7802288404,0.4763940845888596,28,,30.0,
tail_severity,random_3_of_4,planner_daily,187,compound,2.526313,12,1587078.8700774882,0.29120125726225665,23,,33.0,
tail_severity,random_3_of_4,planner_daily,188,compound,2.5805249999999997,13,1510317.5295089828,0.603691002221809,28,,30.0,
tail_severity,random_3_of_4,planner_daily,189,compound,2.6,14,1596751.3810105873,0.5851643012220262,28,,32.0,
tail_severity,random_3_of_4,planner_daily,190,compound,2.585645,15,1612789.1791454584,0.21952663577900539,22,,36.0,
tail_severity,random_3_of_4,planner_daily,191,compound,2.6,13,1451317.3159588291,0.5485836102574657,34,,33.0,
tail_severity,random_3_of_4,planner_daily,192,compound,2.6,14,1540997.6406006601,0.41121951621168856,27,,35.0,
tail_severity,random_3_of_4,planner_daily,193,compound,2.6,12,1612757.727114948,0.4655068661055616,29,,31.0,
tail_severity,random_3_of_4,planner_daily,194,compound,2.814935,14,1397010.3769197348,0.5201647304576361,31,,37.0,
tail_severity,random_3_of_4,planner_daily,195,compound,2.585645,13,1584207.189062849,0.3971756278885185,27,,35.0,
tail_severity,random_3_of_4,planner_daily,196,compound,2.5805249999999997,15,1474673.3717726588,0.5483784512998655,33,,30.0,
tail_severity,random_3_of_4,planner_daily,197,compound,2.814935,13,1584981.4344904202,0.5194211854294803,29,,30.0,
tail_severity,random_3_of_4,planner_daily,198,compound,2.575405,14,1519292.4323099009,0.517498255703937,31,,35.0,
tail_severity,random_3_of_4,planner_daily,199,compound,2.585645,13,1311264.6767102005,0.0,24,,0.0,
tail_severity,random_3_of_4,planner_daily,200,compound,2.585645,13,1629615.702810401,0.40034742989490957,26,,31.0,
tail_severity,random_3_of_4,planner_daily,201,compound,2.5,13,1103588.1976879616,0.4562932268097817,14,,110.0,
tail_severity,random_3_of_4,planner_daily,202,compound,2.575405,13,1619338.9570883843,0.6206682954416761,29,,33.0,
tail_severity,random_3_of_4,planner_daily,203,compound,2.526313,15,1596096.6837236912,0.5962635841582117,31,,31.0,
tail_severity,random_3_of_4,planner_daily,204,compound,2.5805249999999997,13,1534712.1428970883,0.30870899530702306,29,,31.0,
tail_severity,random_3_of_4,planner_daily,205,compound,2.5,12,1479665.7878688073,0.20507127517578894,28,,29.0,
tail_severity,random_3_of_4,planner_daily,206,compound,2.526313,14,1539692.815929699,0.38095250892553484,25,,33.0,
tail_severity,random_3_of_4,planner_daily,207,compound,2.5805249999999997,13,1367396.051398093,0.3586889793296435,29,,28.0,
tail_severity,random_3_of_4,planner_daily,208,compound,2.814935,13,1401368.431373064,0.21016895488967385,22,,34.0,
tail_severity,random_3_of_4,planner_daily,209,compound,2.5805249999999997,14,1165184.3011814363,0.4356531750874596,30,,29.0,
tail_severity,random_3_of_4,planner_daily,210,compound,2.814935,13,1602073.2738100386,0.42250305556081075,28,,35.0,
tail_severity,random_3_of_4,planner_daily,211,compound,2.5805249999999997,14,1294717.0841263712,0.19463718167667793,19,,37.0,
tail_severity,random_3_of_4,planner_daily,212,compound,2.5805249999999997,12,1120566.2472269733,0.20244452493027787,17,,27.0,
tail_severity,random_3_of_4,planner_daily,213,compound,2.526313,13,1086707.7388600032,0.46620421161952696,18,,29.0,
tail_severity,random_3_of_4,planner_daily,214,compound,2.585645,13,1457023.3553301126,0.41326166831809413,23,,33.0,
tail_severity,random_3_of_4,planner_daily,215,compound,2.6,13,1240781.7405758596,0.2793631198044539,23,,34.0,
tail_severity,random_3_of_4,planner_daily,216,compound,2.5805249999999997,14,1528183.6477998686,0.45095879037378517,25,,32.0,
tail_severity,random_3_of_4,planner_daily,217,compound,2.6,12,1563096.682816245,0.34144916881045745,21,,35.0,
tail_severity,random_3_of_4,planner_daily,218,compound,2.5805249999999997,14,1253941.4187167182,0.5119617216355112,21,,29.0,
tail_severity,random_3_of_4,planner_daily,219,compound,2.5805249999999997,14,1256653.309696311,0.0,21,,0.0,
tail_severity,random_3_of_4,planner_daily,220,compound,2.585645,14,1566060.9669169688,0.0,26,,0.0,
tail_severity,random_3_of_4,planner_daily,221,compound,2.5805249999999997,15,1549510.379718264,0.3099991361773017,24,,36.0,
tail_severity,random_3_of_4,planner_daily,222,compound,2.575405,13,1034145.9179965092,0.1972687812662709,14,,110.0,
tail_severity,random_3_of_4,planner_daily,223,compound,2.585645,12,1478430.9108111428,0.44830552157615083,30,,31.0,
tail_severity,random_3_of_4,planner_daily,224,compound,2.6,12,1636750.4404739982,0.4479778353234962,26,,29.0,
tail_severity,random_3_of_4,planner_daily,225,compound,2.814935,14,1549899.699361504,0.2568702691273811,23,,33.0,
tail_severity,random_3_of_4,planner_daily,226,compound,2.5805249999999997,12,1612333.336490708,0.5438429270456969,27,,32.0,
tail_severity,random_3_of_4,planner_daily,227,compound,2.5805249999999997,14,1627525.4415749107,0.36512925600926166,24,,32.0,
tail_severity,random_3_of_4,planner_daily,228,compound,2.5805249999999997,14,1589123.1862413674,0.451137680428925,25,,31.0,
tail_severity,random_3_of_4,planner_daily,229,compound,2.814935,14,1596671.9069081044,0.45847332686261194,28,,33.0,
tail_severity,random_3_of_4,planner_daily,230,compound,2.5805249999999997,14,1355246.2193697088,0.471958785687834,29,,29.0,
tail_severity,random_3_of_4,planner_daily,231,compound,2.5805249999999997,14,1454179.4557597272,0.20642502098250395,21,,33.0,
tail_severity,random_3_of_4,planner_daily,232,compound,2.6,13,1573536.006762456,0.4233167367227687,23,,33.0,
tail_severity,random_3_of_4,planner_daily,233,compound,2.526313,13,1216604.3470782747,0.42809849340286626,19,,29.0,
tail_severity,random_3_of_4,planner_daily,234,compound,2.5805249999999997,13,1289088.5398002665,0.0,21,,0.0,
tail_severity,random_3_of_4,planner_daily,235,compound,2.526313,14,1590204.062364539,0.46092416434158595,28,,29.0,
tail_severity,random_3_of_4,planner_daily,236,compound,2.526313,14,1547273.1951148512,0.6031420040335341,33,,30.0,
tail_severity,random_3_of_4,planner_daily,237,compound,2.585645,14,1382778.2690986292,0.3944641068132662,25,,33.0,
tail_severity,random_3_of_4,planner_daily,238,compound,2.575405,14,1203747.2656876566,0.0,23,,0.0,
tail_severity,random_3_of_4,planner_daily,239,compound,2.6,13,1389001.0727084845,0.27348871037559225,27,,31.0,
tail_severity,random_3_of_4,planner_daily,240,compound,2.575405,14,1185523.7477152897,0.3041359090749575,19,,32.0,
tail_severity,random_3_of_4,planner_daily,241,compound,2.575405,12,1300267.893111354,0.3589526993429464,17,,36.0,
tail_severity,random_3_of_4,planner_daily,242,compound,2.5805249999999997,14,1478717.4370562045,0.0,22,,0.0,
tail_severity,random_3_of_4,planner_daily,243,compound,2.6,15,1642659.8729630173,0.6160533566755334,32,,31.0,
tail_severity,random_3_of_4,planner_daily,244,compound,2.6,14,1575708.8079321675,0.6057718263232975,30,,31.0,
tail_severity,random_3_of_4,planner_daily,245,compound,2.5805249999999997,14,1518657.5402412636,0.47146597694844733,27,,33.0,
tail_severity,random_3_of_4,planner_daily,246,compound,2.585645,14,1633511.8176501787,0.44365161538115916,29,,31.0,
tail_severity,random_3_of_4,planner_daily,247,compound,2.5805249999999997,13,1608239.6304700577,0.20547071355427576,23,,31.0,
tail_severity,random_3_of_4,planner_daily,248,compound,2.526313,14,1292721.4593169824,0.28581022019334706,18,,33.0,
tail_severity,random_3_of_4,planner_daily,249,compound,2.5805249999999997,14,1426217.8112023692,0.36770502931939664,25,,34.0,
tail_severity,random_3_of_4,planner_daily,250,compound,2.6,13,1532171.7965393087,0.2759571179536942,22,,34.0,
tail_severity,random_3_of_4,planner_daily,251,compound,2.5805249999999997,14,1335925.2717849277,0.6038215039866626,24,,29.0,
tail_severity,random_3_of_4,planner_daily,252,compound,2.5805249999999997,12,1187980.0369791295,0.31812639368277335,16,,110.0,
tail_severity,random_3_of_4,planner_daily,253,compound,2.5805249999999997,14,1448437.1713541315,0.4347152591291433,23,,36.0,
tail_severity,random_3_of_4,planner_daily,254,compound,2.6,15,1484552.321460178,0.4312975799295658,25,,35.0,
tail_severity,random_3_of_4,planner_daily,255,compound,2.5805249999999997,13,1774022.3259078928,0.0,22,,0.0,
tail_severity,random_3_of_4,planner_daily,256,compound,2.526313,14,1046002.0795923276,0.3864432739361155,18,,34.0,
tail_severity,random_3_of_4,planner_daily,257,compound,2.575405,12,1023244.2073349723,0.28685495396827954,17,,30.0,
tail_severity,random_3_of_4,planner_daily,258,compound,2.575405,13,1359598.0130547502,0.49172144048017374,32,,31.0,
tail_severity,random_3_of_4,planner_daily,259,compound,2.814935,14,1440642.5901430808,0.29108757124835266,21,,36.0,
tail_severity,random_3_of_4,planner_daily,260,compound,2.5,13,1450436.6449038337,0.28330273936040107,27,,31.0,
tail_severity,random_3_of_4,planner_daily,261,compound,2.5805249999999997,12,1190785.0432381378,0.311565163407966,23,,31.0,
tail_severity,random_3_of_4,planner_daily,262,compound,2.526313,12,1159163.4993028282,0.40867715267556004,13,,110.0,
tail_severity,random_3_of_4,planner_daily,263,compound,2.5,13,1428439.556925782,0.3253290999164275,24,,34.0,
tail_severity,random_3_of_4,planner_daily,264,compound,2.575405,12,1588480.8716122217,0.0,22,,0.0,
tail_severity,random_3_of_4,planner_daily,265,compound,2.526313,13,1559850.5733021274,0.4439620369059785,26,,31.0,
tail_severity,random_3_of_4,planner_daily,266,compound,2.5805249999999997,13,1508511.4960464025,0.18899877365048004,22,,34.0,
tail_severity,random_3_of_4,planner_daily,267,compound,2.526313,13,1505104.934677958,0.18329731549347664,22,,34.0,
tail_severity,random_3_of_4,planner_daily,268,compound,2.814935,13,1327314.6579074105,0.39274270953037665,27,,31.0,
tail_severity,random_3_of_4,planner_daily,269,compound,2.5,13,1480686.2328797278,0.3738056254235146,22,,33.0,
tail_severity,random_3_of_4,planner_daily,270,compound,2.814935,13,1620477.5860138168,0.3180543710797022,24,,34.0,
tail_severity,random_3_of_4,planner_daily,271,compound,2.526313,14,1548239.9123318542,0.4030956686193176,29,,31.0,
tail_severity,random_3_of_4,planner_daily,272,compound,2.585645,13,1354961.9864199038,0.0,21,,0.0,
tail_severity,random_3_of_4,planner_daily,273,compound,2.6,13,1192431.1831754888,0.13075593884298464,23,,30.0,
tail_severity,random_3_of_4,planner_daily,274,compound,2.814935,14,1548802.975990014,0.5607456632451628,23,,30.0,
tail_severity,random_3_of_4,planner_daily,275,compound,2.585645,14,1484106.8306290093,0.37250546521099553,23,,35.0,
tail_severity,random_3_of_4,planner_daily,276,compound,2.5,14,1425094.7911395936,0.24134630818727798,23,,33.0,
tail_severity,random_3_of_4,planner_daily,277,compound,2.575405,13,1206344.05451026,0.46213048375724763,30,,32.0,
tail_severity,random_3_of_4,planner_daily,278,compound,2.6,12,1477676.7355655273,0.2681215891783833,29,,30.0,
tail_severity,random_3_of_4,planner_daily,279,compound,2.5805249999999997,14,1464215.306085348,0.1825981008170639,27,,31.0,
tail_severity,random_3_of_4,planner_daily,280,compound,2.5805249999999997,14,1400964.0562690885,0.3957381913919283,23,,29.0,
tail_severity,random_3_of_4,planner_daily,281,compound,2.5805249999999997,14,1841525.3440684788,0.4529068754803957,25,,34.0,
tail_severity,random_3_of_4,planner_daily,282,compound,2.814935,14,1660885.398870509,0.6345336486649583,30,,31.0,
tail_severity,random_3_of_4,planner_daily,283,compound,2.5,13,1265357.3060540468,0.23252835880931555,24,,36.0,
tail_severity,random_3_of_4,planner_daily,284,compound,2.526313,14,1618939.4696062556,0.5293252665529617,25,,32.0,
tail_severity,random_3_of_4,planner_daily,285,compound,2.526313,14,1552455.1287502358,0.2149381068850229,24,,35.0,
tail_severity,random_3_of_4,planner_daily,286,compound,2.5805249999999997,13,1173826.2577530332,0.4502274629354562,29,,28.0,
tail_severity,random_3_of_4,planner_daily,287,compound,2.5805249999999997,14,1607065.3418596566,0.4441353856648966,28,,31.0,
tail_severity,random_3_of_4,planner_daily,288,compound,2.526313,15,1515076.0863265528,0.40740229172554904,29,,31.0,
tail_severity,random_3_of_4,planner_daily,289,compound,2.575405,15,1350520.0656780924,0.5094707491881114,28,,34.0,
tail_severity,random_3_of_4,planner_daily,290,compound,2.5805249999999997,14,1117447.9845259562,0.20703926968857775,17,,30.0,
tail_severity,random_3_of_4,planner_daily,291,compound,2.526313,14,1594949.1552979574,0.5255963861388397,29,,31.0,
tail_severity,random_3_of_4,planner_daily,292,compound,2.5805249999999997,13,1700726.8024986514,0.0,21,,0.0,
tail_severity,random_3_of_4,planner_daily,293,compound,2.5,13,1361258.060463961,0.2563722517715894,24,,30.0,
tail_severity,random_3_of_4,planner_daily,294,compound,2.814935,13,1123870.6591931412,0.42642080348420264,21,,28.0,
tail_severity,random_3_of_4,planner_daily,295,compound,2.585645,15,1682530.384286154,0.4739025706746597,26,,38.0,
tail_severity,random_3_of_4,planner_daily,296,compound,2.5805249999999997,14,1759987.860062333,0.4341552140822501,28,,29.0,
tail_severity,random_3_of_4,planner_daily,297,compound,2.6,13,1055577.1273785206,0.40217465098374233,18,,30.0,
tail_severity,random_3_of_4,planner_daily,298,compound,2.575405,14,1546025.933050542,0.6084901223829403,31,,32.0,
tail_severity,random_3_of_4,planner_daily,299,compound,2.814935,13,1462707.424024805,0.30641948479975745,24,,31.0,
lpi_mapping,mild,planner_weekly,0,single,2.585645,2,332058.29207973497,0.0,0,,0.0,
lpi_mapping,mild,planner_weekly,1,dual,2.526313,7,442155.2975350243,0.204722934380074,3,,39.0,
lpi_mapping,mild,planner_weekly,2,compound,2.5805249999999997,9,419629.5834656131,0.0,4,,0.0,
lpi_mapping,mild,planner_weekly,3,single,2.585645,3,344838.07364836714,0.0,0,,0.0,
lpi_mapping,mild,planner_weekly,4,dual,2.814935,8,548990.9488758828,0.2914074861309809,2,,110.0,
lpi_mapping,mild,planner_weekly,5,compound,2.585645,12,608447.5600493415,0.344499403988212,5,,110.0,
lpi_mapping,mild,planner_weekly,6,single,2.526313,5,390594.5876350012,0.0,0,,0.0,
lpi_mapping,mild,planner_weekly,7,dual,2.5805249999999997,7,506625.82325771387,0.228468674060337,4,,99.0,
lpi_mapping,mild,planner_weekly,8,compound,2.814935,12,633677.34115822,0.47464051853079475,2,,110.0,
lpi_mapping,mild,planner_weekly,9,single,2.5805249999999997,5,351576.872604077,0.1382887511377296,0,,43.0,
lpi_mapping,mild,planner_weekly,10,dual,2.6,8,622858.8393573358,0.4309115403764897,1,,88.0,
lpi_mapping,mild,planner_weekly,11,compound,2.5805249999999997,10,497055.0450221157,0.0,3,,0.0,
lpi_mapping,mild,planner_weekly,12,single,2.526313,5,385238.0383562197,0.0,0,,0.0,
lpi_mapping,mild,planner_weekly,13,dual,2.6,8,562151.5320739202,0.2523094429405141,3,,97.0,
lpi_mapping,mild,planner_weekly,14,compound,2.5805249999999997,11,422203.9495933854,0.0,3,,0.0,
lpi_mapping,mild,planner_weekly,15,single,2.5805249999999997,3,337310.3143769073,0.0,0,,0.0,
lpi_mapping,mild,planner_weekly,16,dual,2.526313,6,387259.0047463681,0.0,0,,0.0,
lpi_mapping,mild,planner_weekly,17,compound,2.5805249999999997,12,467141.0388334933,0.21191779952222972,3,,100.0,
lpi_mapping,mild,planner_weekly,18,single,2.5805249999999997,4,352874.42351576616,0.0,0,,0.0,
lpi_mapping,mild,planner_weekly,19,dual,2.814935,7,452948.3309758704,0.15465034140920703,0,,48.0,
lpi_mapping,mild,planner_weekly,20,compound,2.585645,11,693375.3321524438,0.4409546445121547,4,,101.0,
lpi_mapping,mild,planner_weekly,21,single,2.526313,5,509312.8213569317,0.27194560912195553,0,,77.0,
lpi_mapping,mild,planner_weekly,22,dual,2.814935,7,372270.85829905595,0.0,0,,0.0,
lpi_mapping,mild,planner_weekly,23,compound,2.5805249999999997,12,476181.128416486,0.25793088892729316,5,,82.0,
lpi_mapping,mild,planner_weekly,24,single,2.585645,3,336430.31767449225,0.0,0,,0.0,
lpi_mapping,mild,planner_weekly,25,dual,2.6,6,397325.9040253011,0.0,0,,0.0,
lpi_mapping,mild,planner_weekly,26,compound,2.814935,11,453009.4936794458,0.259382863624003,0,,99.0,
lpi_mapping,mild,planner_weekly,27,single,2.575405,3,352095.59795332106,0.0,0,,0.0,
lpi_mapping,mild,planner_weekly,28,dual,2.5,8,389611.47170533595,0.0,2,,0.0,
lpi_mapping,mild,planner_weekly,29,compound,2.575405,12,566587.3639388634,0.30977061824362645,4,,110.0,
lpi_mapping,mild,planner_weekly,30,single,2.6,4,413568.99958530196,0.0,0,,0.0,
lpi_mapping,mild,planner_weekly,31,dual,2.526313,5,378363.92952559504,0.0,1,,0.0,
lpi_mapping,mild,planner_weekly,32,compound,2.5805249999999997,10,385486.35312678065,0.0,3,,0.0,
lpi_mapping,mild,planner_weekly,33,single,2.5805249999999997,2,338965.89881630737,0.0,0,,0.0,
lpi_mapping,mild,planner_weekly,34,dual,2.526313,6,353092.9370605429,0.0,0,,0.0,
lpi_mapping,mild,planner_weekly,35,compound,2.526313,12,467175.02161644347,0.37986740170026034,4,,41.0,
lpi_mapping,mild,planner_weekly,36,single,2.526313,4,400143.10705939896,0.0,0,,0.0,
lpi_mapping,mild,planner_weekly,37,dual,2.6,5,339824.8550580322,0.0,0,,0.0,
lpi_mapping,mild,planner_weekly,38,compound,2.575405,11,619544.3805627297,0.3749512410574645,4,,109.0,
lpi_mapping,mild,planner_weekly,39,single,2.526313,5,432807.2915378682,0.1448246745878935,0,,109.0,
lpi_mapping,mild,planner_weekly,40,dual,2.526313,7,379038.97443892807,0.0,0,,0.0,
lpi_mapping,mild,planner_weekly,41,compound,2.5,11,549798.4418766616,0.5442430297821482,4,,36.0,
lpi_mapping,mild,planner_weekly,42,single,2.575405,2,342836.07201281545,0.0,0,,0.0,
lpi_mapping,mild,planner_weekly,43,dual,2.814935,8,560934.1493926373,0.3340248379648885,2,,85.0,
lpi_mapping,mild,planner_weekly,44,compound,2.5805249999999997,12,593419.3923945496,0.30097081153089744,5,,108.0,
lpi_mapping,mild,planner_weekly,45,single,2.5,2,326843.7014342781,0.0,0,,0.0,
lpi_mapping,mild,planner_weekly,46,dual,2.814935,8,497206.4915043762,0.05549019202611509,3,,61.0,
lpi_mapping,mild,planner_weekly,47,compound,2.585645,11,530432.3084219962,0.2942082466994131,3,,74.0,
lpi_mapping,mild,planner_weekly,48,single,2.5805249999999997,3,345829.93435394956,0.0,0,,0.0,
lpi_mapping,mild,planner_weekly,49,dual,2.526313,7,447755.3093881091,0.23237951755376307,0,,88.0,
lpi_mapping,mild,planner_weekly,50,compound,2.6,11,552938.0137227427,0.27869970361501956,4,,94.0,
lpi_mapping,mild,planner_weekly,51,single,2.5,4,377653.59436656977,0.0,0,,0.0,
lpi_mapping,mild,planner_weekly,52,dual,2.5805249999999997,6,332569.7106902756,0.0,0,,0.0,
lpi_mapping,mild,planner_weekly,53,compound,2.5805249999999997,11,429086.9913938027,0.11888312440391718,4,,77.0,
lpi_mapping,mild,planner_weekly,54,single,2.585645,2,371974.20294109534,0.0,0,,0.0,
lpi_mapping,mild,planner_weekly,55,dual,2.5,8,360296.11525274516,0.0,0,,0.0,
lpi_mapping,mild,planner_weekly,56,compound,2.6,11,648375.1842918473,0.38689298559733043,5,,67.0,
lpi_mapping,mild,planner_weekly,57,single,2.585645,3,415999.4833749657,0.0,0,,0.0,
lpi_mapping,mild,planner_weekly,58,dual,2.575405,7,363948.8581548295,0.0,0,,0.0,
lpi_mapping,mild,planner_weekly,59,compound,2.814935,11,376992.5040977826,0.0,2,,0.0,
lpi_mapping,mild,planner_weekly,60,single,2.6,5,427877.62089234346,0.14654921618910446,0,,97.0,
lpi_mapping,mild,planner_weekly,61,dual,2.585645,8,421021.26886021433,0.0,0,,0.0,
lpi_mapping,mild,planner_weekly,62,compound,2.5805249999999997,13,587321.2995530108,0.5463044225111785,2,,79.0,
lpi_mapping,mild,planner_weekly,63,single,2.5805249999999997,4,381090.15972195746,0.0,0,,0.0,
lpi_mapping,mild,planner_weekly,64,dual,2.575405,9,516469.4176518597,0.36777495678393124,2,,68.0,
lpi_mapping,mild,planner_weekly,65,compound,2.6,9,386672.16559690965,0.0,0,,0.0,
lpi_mapping,mild,planner_weekly,66,single,2.6,4,359209.9027802113,0.0,0,,0.0,
lpi_mapping,mild,planner_weekly,67,dual,2.6,8,484664.0854000225,0.23713085939808987,0,,95.0,
lpi_mapping,mild,planner_weekly,68,compound,2.575405,10,610231.6341375489,0.3262036990323947,4,,101.0,
lpi_mapping,mild,planner_weekly,69,single,2.575405,3,406095.22969031456,0.0,0,,0.0,
lpi_mapping,mild,planner_weekly,70,dual,2.575405,6,367214.3094777619,0.0,0,,0.0,
lpi_mapping,mild,planner_weekly,71,compound,2.585645,11,556277.7876911154,0.3077370565349617,3,,96.0,
lpi_mapping,mild,planner_weekly,72,single,2.5805249999999997,2,412605.29413228744,0.0,0,,0.0,
lpi_mapping,mild,planner_weekly,73,dual,2.526313,6,316711.8323493831,0.0,0,,0.0,
lpi_mapping,mild,planner_weekly,74,compound,2.575405,11,497266.06994219066,0.26049626627794303,3,,110.0,
lpi_mapping,mild,planner_weekly,75,single,2.585645,2,357565.7561835643,0.0,0,,0.0,
lpi_mapping,mild,planner_weekly,76,dual,2.5805249999999997,8,590000.869102021,0.4110657436477503,1,,88.0,
lpi_mapping,mild,planner_weekly,77,compound,2.814935,10,406080.87668456725,0.0,3,,0.0,
lpi_mapping,mild,planner_weekly,78,single,2.575405,3,345381.9555875119,0.0,0,,0.0,
lpi_mapping,mild,planner_weekly,79,dual,2.585645,8,348836.822269409,0.0,0,,0.0,
lpi_mapping,mild,planner_weekly,80,compound,2.814935,12,590918.8285952657,0.3703649822559764,3,,109.0,
lpi_mapping,mild,planner_weekly,81,single,2.575405,4,413333.94634674664,0.0,0,,0.0,
lpi_mapping,mild,planner_weekly,82,dual,2.5805249999999997,7,500395.38742610643,0.14057730151161343,3,,99.0,
lpi_mapping,mild,planner_weekly,83,compound,2.585645,13,608072.9380026778,0.5079822581326054,5,,68.0,
lpi_mapping,mild,planner_weekly,84,single,2.585645,5,539716.8092138595,0.2796895080567728,0,,107.0,
lpi_mapping,mild,planner_weekly,85,dual,2.526313,9,609328.9719294261,0.3766558148207617,1,,97.0,
lpi_mapping,mild,planner_weekly,86,compound,2.5,11,557670.7701541967,0.32575787429631603,4,,87.0,
lpi_mapping,mild,planner_weekly,87,single,2.526313,2,341443.76129975944,0.0,0,,0.0,
lpi_mapping,mild,planner_weekly,88,dual,2.6,6,349122.52942818776,0.0,0,,0.0,
lpi_mapping,mild,planner_weekly,89,compound,2.5805249999999997,10,348525.2380462642,0.0,0,,0.0,
lpi_mapping,mild,planner_weekly,90,single,2.6,5,370494.6046520436,0.0,0,,0.0,
lpi_mapping,mild,planner_weekly,91,dual,2.5805249999999997,9,582070.988943988,0.3202218752304062,0,,110.0,
lpi_mapping,mild,planner_weekly,92,compound,2.814935,10,514097.2039943829,0.45550704042605744,3,,36.0,
lpi_mapping,mild,planner_weekly,93,single,2.6,3,427386.00899190747,0.0,0,,0.0,
lpi_mapping,mild,planner_weekly,94,dual,2.5805249999999997,7,386410.5175094128,0.0,0,,0.0,
lpi_mapping,mild,planner_weekly,95,compound,2.814935,10,400334.89058208046,0.0,0,,0.0,
lpi_mapping,mild,planner_weekly,96,single,2.5,5,373532.4788119825,0.0,0,,0.0,
lpi_mapping,mild,planner_weekly,97,dual,2.585645,7,396182.85182197613,0.0,0,,0.0,
lpi_mapping,mild,planner_weekly,98,compound,2.814935,12,400344.16001017846,0.0,3,,0.0,
lpi_mapping,mild,planner_weekly,99,single,2.5805249999999997,5,373740.67971208936,0.0,0,,0.0,
lpi_mapping,mild,planner_daily,0,single,2.585645,2,332058.29207973497,0.0,0,,0.0,
lpi_mapping,mild,planner_daily,1,dual,2.526313,7,512866.55525799055,0.26171839276929737,0,,84.0,
lpi_mapping,mild,planner_daily,2,compound,2.5805249999999997,9,1242834.7833177848,0.0,25,,0.0,
lpi_mapping,mild,planner_daily,3,single,2.585645,3,344838.07364836714,0.0,0,,0.0,
lpi_mapping,mild,planner_daily,4,dual,2.814935,8,1061155.9212130737,0.35041586450296286,13,,110.0,
lpi_mapping,mild,planner_daily,5,compound,2.585645,12,1482010.873899538,0.5829393137744607,27,,30.0,
lpi_mapping,mild,planner_daily,6,single,2.526313,5,389832.9563579079,0.0,0,,0.0,
lpi_mapping,mild,planner_daily,7,dual,2.5805249999999997,7,1575316.1727489466,0.0,23,,0.0,
lpi_mapping,mild,planner_daily,8,compound,2.814935,12,1151217.9326978605,0.23152344345954465,17,,28.0,
lpi_mapping,mild,planner_daily,9,single,2.5805249999999997,5,386171.03564536816,0.1382887511377296,0,,43.0,
lpi_mapping,mild,planner_daily,10,dual,2.6,8,1025924.1282617243,0.20464698582084503,10,,109.0,
lpi_mapping,mild,planner_daily,11,compound,2.5805249999999997,10,970917.83366467,0.0,12,,0.0,
lpi_mapping,mild,planner_daily,12,single,2.526313,5,385649.4651262214,0.0,0,,0.0,
lpi_mapping,mild,planner_daily,13,dual,2.6,8,1579255.24529722,0.14256866393929227,19,,32.0,
lpi_mapping,mild,planner_daily,14,compound,2.5805249999999997,11,1238463.9340003172,0.0,17,,0.0,
lpi_mapping,mild,planner_daily,15,single,2.5805249999999997,3,337310.3143769073,0.0,0,,0.0,
lpi_mapping,mild,planner_daily,16,dual,2.526313,6,386794.0213233547,0.0,0,,0.0,
lpi_mapping,mild,planner_daily,17,compound,2.5805249999999997,12,1409970.7184210906,0.31329954292927814,20,,35.0,
lpi_mapping,mild,planner_daily,18,single,2.5805249999999997,4,353597.21338172484,0.0,0,,0.0,
lpi_mapping,mild,planner_daily,19,dual,2.814935,7,451782.0156813755,0.08115405759596847,0,,96.0,
lpi_mapping,mild,planner_daily,20,compound,2.585645,11,1650185.6028704525,0.5412455160180963,30,,28.0,
lpi_mapping,mild,planner_daily,21,single,2.526313,5,570936.5150478968,0.40992296407685047,0,,76.0,
lpi_mapping,mild,planner_daily,22,dual,2.814935,7,372270.85829905595,0.0,0,,0.0,
lpi_mapping,mild,planner_daily,23,compound,2.5805249999999997,12,1450397.0270912221,0.2741136645613234,27,,30.0,
lpi_mapping,mild,planner_daily,24,single,2.585645,3,336430.31767449225,0.0,0,,0.0,
lpi_mapping,mild,planner_daily,25,dual,2.6,6,396912.682915999,0.0,0,,0.0,
lpi_mapping,mild,planner_daily,26,compound,2.814935,11,1088149.2461675475,0.0,15,,0.0,
lpi_mapping,mild,planner_daily,27,single,2.575405,3,352095.59795332106,0.0,0,,0.0,
lpi_mapping,mild,planner_daily,28,dual,2.5,8,1042812.5749910121,0.0,15,,0.0,
lpi_mapping,mild,planner_daily,29,compound,2.575405,12,1512413.0667453336,0.4281404461130824,27,,32.0,
lpi_mapping,mild,planner_daily,30,single,2.6,4,414469.5535871315,0.0,0,,0.0,
lpi_mapping,mild,planner_daily,31,dual,2.526313,5,362080.4148250212,0.08416819208960524,0,,90.0,
lpi_mapping,mild,planner_daily,32,compound,2.5805249999999997,10,1129086.8335279692,0.0,17,,0.0,
lpi_mapping,mild,planner_daily,33,single,2.5805249999999997,2,338965.89881630737,0.0,0,,0.0,
lpi_mapping,mild,planner_daily,34,dual,2.526313,6,353092.9370605429,0.0,0,,0.0,
lpi_mapping,mild,planner_daily,35,compound,2.526313,12,1419315.4876541127,0.3616734431133856,26,,30.0,
lpi_mapping,mild,planner_daily,36,single,2.526313,4,400143.10705939896,0.0,0,,0.0,
lpi_mapping,mild,planner_daily,37,dual,2.6,5,339824.8550580322,0.0,0,,0.0,
lpi_mapping,mild,planner_daily,38,compound,2.575405,11,1399557.642580469,0.44325596797776,28,,29.0,
lpi_mapping,mild,planner_daily,39,single,2.526313,5,423530.0700961585,0.19628051415757466,0,,81.0,
lpi_mapping,mild,planner_daily,40,dual,2.526313,7,379038.97443892807,0.0,0,,0.0,
lpi_mapping,mild,planner_daily,41,compound,2.5,11,1562434.9788109693,0.43380153201387067,25,,33.0,
lpi_mapping,mild,planner_daily,42,single,2.575405,2,342836.07201281545,0.0,0,,0.0,
lpi_mapping,mild,planner_daily,43,dual,2.814935,8,1056409.3291928666,0.3980337758886957,13,,110.0,
lpi_mapping,mild,planner_daily,44,compound,2.5805249999999997,12,1598867.7858604135,0.42050833976232393,28,,37.0,
lpi_mapping,mild,planner_daily,45,single,2.5,2,326843.7014342781,0.0,0,,0.0,
lpi_mapping,mild,planner_daily,46,dual,2.814935,8,900605.7574745003,0.3507639556466674,9,,95.0,
lpi_mapping,mild,planner_daily,47,compound,2.585645,11,1590787.9457588457,0.3676778538200351,21,,34.0,
lpi_mapping,mild,planner_daily,48,single,2.5805249999999997,3,345979.6433754605,0.0,0,,0.0,
lpi_mapping,mild,planner_daily,49,dual,2.526313,7,414912.9546117018,0.16161020826676792,0,,88.0,
lpi_mapping,mild,planner_daily,50,compound,2.6,11,1379140.871122898,0.33529231322369907,27,,32.0,
lpi_mapping,mild,planner_daily,51,single,2.5,4,377125.0216973646,0.0,0,,0.0,
lpi_mapping,mild,planner_daily,52,dual,2.5805249999999997,6,334307.81567812694,0.0,0,,0.0,
lpi_mapping,mild,planner_daily,53,compound,2.5805249999999997,11,1128297.954237726,0.0,25,,0.0,
lpi_mapping,mild,planner_daily,54,single,2.585645,2,371974.20294109534,0.0,0,,0.0,
lpi_mapping,mild,planner_daily,55,dual,2.5,8,403966.7286644772,0.0,0,,0.0,
lpi_mapping,mild,planner_daily,56,compound,2.6,11,1429170.9708385458,0.3479750994888903,26,,32.0,
lpi_mapping,mild,planner_daily,57,single,2.585645,3,442880.04095297627,0.0,0,,0.0,
lpi_mapping,mild,planner_daily,58,dual,2.575405,7,363450.6557850866,0.0,0,,0.0,
lpi_mapping,mild,planner_daily,59,compound,2.814935,11,465246.7159358478,0.0,1,,0.0,
lpi_mapping,mild,planner_daily,60,single,2.6,5,427877.62089234346,0.14654921618910446,0,,97.0,
lpi_mapping,mild,planner_daily,61,dual,2.585645,8,421021.26886021433,0.0,0,,0.0,
lpi_mapping,mild,planner_daily,62,compound,2.5805249999999997,13,1066947.288459114,0.17057518377258205,16,,110.0,
lpi_mapping,mild,planner_daily,63,single,2.5805249999999997,4,381700.05165680876,0.0,0,,0.0,
lpi_mapping,mild,planner_daily,64,dual,2.575405,9,966877.8623287855,0.0,14,,0.0,
lpi_mapping,mild,planner_daily,65,compound,2.6,9,417889.9950445729,0.0,0,,0.0,
lpi_mapping,mild,planner_daily,66,single,2.6,4,360616.4235659282,0.0,0,,0.0,
lpi_mapping,mild,planner_daily,67,dual,2.6,8,484664.0854000225,0.23713085939808987,0,,95.0,
lpi_mapping,mild,planner_daily,68,compound,2.575405,10,1572187.811886202,0.34846939609002026,25,,28.0,
lpi_mapping,mild,planner_daily,69,single,2.575405,3,406095.22969031456,0.0,0,,0.0,
lpi_mapping,mild,planner_daily,70,dual,2.575405,6,307173.76724394504,0.0,0,,0.0,
lpi_mapping,mild,planner_daily,71,compound,2.585645,11,1090386.2551542954,0.4206711273740283,9,,98.0,
lpi_mapping,mild,planner_daily,72,single,2.5805249999999997,2,412605.29413228744,0.0,0,,0.0,
lpi_mapping,mild,planner_daily,73,dual,2.526313,6,377007.98584832775,0.0,0,,0.0,
lpi_mapping,mild,planner_daily,74,compound,2.575405,11,1266801.4106727152,0.0,18,,0.0,
lpi_mapping,mild,planner_daily,75,single,2.585645,2,357565.7561835643,0.0,0,,0.0,
lpi_mapping,mild,planner_daily,76,dual,2.5805249999999997,8,1136118.2101681477,0.3707703282963972,11,,110.0,
lpi_mapping,mild,planner_daily,77,compound,2.814935,10,899222.2773687084,0.288185670631234,11,,110.0,
lpi_mapping,mild,planner_daily,78,single,2.575405,3,345381.9555875119,0.0,0,,0.0,
lpi_mapping,mild,planner_daily,79,dual,2.585645,8,366306.4485965399,0.10308248860099443,0,,108.0,
lpi_mapping,mild,planner_daily,80,compound,2.814935,12,1572948.2854698661,0.351325166736126,24,,33.0,
lpi_mapping,mild,planner_daily,81,single,2.575405,4,413835.99321146583,0.0,0,,0.0,
lpi_mapping,mild,planner_daily,82,dual,2.5805249999999997,7,534788.9350191919,0.3029162341440282,0,,102.0,
lpi_mapping,mild,planner_daily,83,compound,2.585645,13,1485986.7275404015,0.5071446066925321,28,,31.0,
lpi_mapping,mild,planner_daily,84,single,2.585645,5,551810.0405298622,0.2768634320299811,0,,102.0,
lpi_mapping,mild,planner_daily,85,dual,2.526313,9,1165791.0860935224,0.1952892204960639,13,,110.0,
lpi_mapping,mild,planner_daily,86,compound,2.5,11,1527433.7587260453,0.42677355433282144,25,,31.0,
lpi_mapping,mild,planner_daily,87,single,2.526313,2,341443.76129975944,0.0,0,,0.0,
lpi_mapping,mild,planner_daily,88,dual,2.6,6,347755.8424102741,0.0,0,,0.0,
lpi_mapping,mild,planner_daily,89,compound,2.5805249999999997,10,481572.1595369362,0.0,4,,0.0,
lpi_mapping,mild,planner_daily,90,single,2.6,5,347199.5774241511,0.0,0,,0.0,
lpi_mapping,mild,planner_daily,91,dual,2.5805249999999997,9,822157.6004706046,0.3043808447318868,4,,110.0,
lpi_mapping,mild,planner_daily,92,compound,2.814935,10,1529450.0487504702,0.2707793917609042,24,,32.0,
lpi_mapping,mild,planner_daily,93,single,2.6,3,427386.00899190747,0.0,0,,0.0,
lpi_mapping,mild,planner_daily,94,dual,2.5805249999999997,7,416760.9955346791,0.0,0,,0.0,
lpi_mapping,mild,planner_daily,95,compound,2.814935,10,1152649.1714174983,0.0,16,,0.0,
lpi_mapping,mild,planner_daily,96,single,2.5,5,373742.5770470572,0.0,0,,0.0,
lpi_mapping,mild,planner_daily,97,dual,2.585645,7,396680.1847786144,0.0,0,,0.0,
lpi_mapping,mild,planner_daily,98,compound,2.814935,12,1343203.609825393,0.0,21,,0.0,
lpi_mapping,mild,planner_daily,99,single,2.5805249999999997,5,375494.73682436725,0.0,0,,0.0,
lpi_mapping,harsh,planner_weekly,0,single,2.585645,2,332851.51924296696,0.0,0,,0.0,
lpi_mapping,harsh,planner_weekly,1,dual,2.526313,7,449580.0368447405,0.1843890955941168,3,,39.0,
lpi_mapping,harsh,planner_weekly,2,compound,2.5805249999999997,9,401277.90814152814,0.0,4,,0.0,
lpi_mapping,harsh,planner_weekly,3,single,2.585645,3,346853.9423294643,0.0,0,,0.0,
lpi_mapping,harsh,planner_weekly,4,dual,2.814935,8,553450.4029059621,0.28414613929193056,2,,110.0,
lpi_mapping,harsh,planner_weekly,5,compound,2.585645,12,689181.3024363939,0.43457173508268704,5,,110.0,
lpi_mapping,harsh,planner_weekly,6,single,2.526313,5,391725.8808241862,0.0,0,,0.0,
lpi_mapping,harsh,planner_weekly,7,dual,2.5805249999999997,7,543935.2176654548,0.3923716983176389,4,,55.0,
lpi_mapping,harsh,planner_weekly,8,compound,2.814935,12,574472.1587453822,0.4186525147796611,3,,106.0,
lpi_mapping,harsh,planner_weekly,9,single,2.5805249999999997,5,418499.07551643427,0.2024358438981334,0,,110.0,
lpi_mapping,harsh,planner_weekly,10,dual,2.6,8,661232.0193689831,0.45419443370954815,2,,89.0,
lpi_mapping,harsh,planner_weekly,11,compound,2.5805249999999997,10,468907.46335089096,0.0,3,,0.0,
lpi_mapping,harsh,planner_weekly,12,single,2.526313,5,386573.60389106424,0.0,0,,0.0,
lpi_mapping,harsh,planner_weekly,13,dual,2.6,8,604074.442193773,0.31004669682774955,3,,98.0,
lpi_mapping,harsh,planner_weekly,14,compound,2.5805249999999997,11,460905.87338583084,0.33284229726769193,4,,31.0,
lpi_mapping,harsh,planner_weekly,15,single,2.5805249999999997,3,318236.7011283535,0.0,0,,0.0,
lpi_mapping,harsh,planner_weekly,16,dual,2.526313,6,386845.49477333896,0.0,0,,0.0,
lpi_mapping,harsh,planner_weekly,17,compound,2.5805249999999997,12,546683.208236722,0.42568272494389964,4,,60.0,
lpi_mapping,harsh,planner_weekly,18,single,2.5805249999999997,4,353532.9182850139,0.0,0,,0.0,
lpi_mapping,harsh,planner_weekly,19,dual,2.814935,7,437830.47898232,0.1592874050863195,3,,81.0,
lpi_mapping,harsh,planner_weekly,20,compound,2.585645,11,664498.1951551541,0.5776609336874575,4,,52.0,
lpi_mapping,harsh,planner_weekly,21,single,2.526313,5,391586.85106535826,0.0,0,,0.0,
lpi_mapping,harsh,planner_weekly,22,dual,2.814935,7,376770.08435983886,0.0,0,,0.0,
lpi_mapping,harsh,planner_weekly,23,compound,2.5805249999999997,12,466009.9998018411,0.17261135156129173,5,,110.0,
lpi_mapping,harsh,planner_weekly,24,single,2.585645,3,336385.98400838464,0.0,0,,0.0,
lpi_mapping,harsh,planner_weekly,25,dual,2.6,6,397480.9083335994,0.0,0,,0.0,
lpi_mapping,harsh,planner_weekly,26,compound,2.814935,11,497466.86820696446,0.22556293962581375,5,,35.0,
lpi_mapping,harsh,planner_weekly,27,single,2.575405,3,352312.5227323308,0.0,0,,0.0,
lpi_mapping,harsh,planner_weekly,28,dual,2.5,8,364794.21874324174,0.0,0,,0.0,
lpi_mapping,harsh,planner_weekly,29,compound,2.575405,12,504388.33415389643,0.2214339768881749,3,,110.0,
lpi_mapping,harsh,planner_weekly,30,single,2.6,4,416264.82816817437,0.0,0,,0.0,
lpi_mapping,harsh,planner_weekly,31,dual,2.526313,5,398306.8876958098,0.15099004053951728,1,,90.0,
lpi_mapping,harsh,planner_weekly,32,compound,2.5805249999999997,10,416566.8692903367,0.1866981145751737,4,,30.0,
lpi_mapping,harsh,planner_weekly,33,single,2.5805249999999997,2,320321.6854107501,0.0,0,,0.0,
lpi_mapping,harsh,planner_weekly,34,dual,2.526313,6,353949.03116887755,0.0,0,,0.0,
lpi_mapping,harsh,planner_weekly,35,compound,2.526313,12,568713.1098189716,0.3258453572935093,5,,92.0,
lpi_mapping,harsh,planner_weekly,36,single,2.526313,4,400741.4781252071,0.0,0,,0.0,
lpi_mapping,harsh,planner_weekly,37,dual,2.6,5,339954.5289113088,0.0,0,,0.0,
lpi_mapping,harsh,planner_weekly,38,compound,2.575405,11,576224.0120805486,0.30263828490363043,4,,110.0,
lpi_mapping,harsh,planner_weekly,39,single,2.526313,5,436544.72296320344,0.16122798384903214,0,,102.0,
lpi_mapping,harsh,planner_weekly,40,dual,2.526313,7,379664.405716954,0.0,0,,0.0,
lpi_mapping,harsh,planner_weekly,41,compound,2.5,11,525160.1876173795,0.24741767962574343,4,,106.0,
lpi_mapping,harsh,planner_weekly,42,single,2.575405,2,343078.4109424655,0.0,0,,0.0,
lpi_mapping,harsh,planner_weekly,43,dual,2.814935,8,538900.549958568,0.31961076202682265,2,,85.0,
lpi_mapping,harsh,planner_weekly,44,compound,2.5805249999999997,12,590627.7657808643,0.4794790034791248,5,,41.0,
lpi_mapping,harsh,planner_weekly,45,single,2.5,2,327520.04681454954,0.0,0,,0.0,
lpi_mapping,harsh,planner_weekly,46,dual,2.814935,8,632844.2774852503,0.34101588995303367,3,,91.0,
lpi_mapping,harsh,planner_weekly,47,compound,2.585645,11,554629.2164500251,0.3384185950621399,3,,81.0,
lpi_mapping,harsh,planner_weekly,48,single,2.5805249999999997,3,349441.33467542334,0.0,0,,0.0,
lpi_mapping,harsh,planner_weekly,49,dual,2.526313,7,434046.0790421854,0.2178477852434438,3,,68.0,
lpi_mapping,harsh,planner_weekly,50,compound,2.6,11,694468.3925962074,0.35424643259875344,4,,110.0,
lpi_mapping,harsh,planner_weekly,51,single,2.5,4,370674.4825324451,0.0,0,,0.0,
lpi_mapping,harsh,planner_weekly,52,dual,2.5805249999999997,6,276305.6806456762,0.0,0,,0.0,
lpi_mapping,harsh,planner_weekly,53,compound,2.5805249999999997,11,440113.85827955353,0.22796292308928348,5,,76.0,
lpi_mapping,harsh,planner_weekly,54,single,2.585645,2,372443.3129815001,0.0,0,,0.0,
lpi_mapping,harsh,planner_weekly,55,dual,2.5,8,363115.71438458643,0.0,0,,0.0,
lpi_mapping,harsh,planner_weekly,56,compound,2.6,11,663896.3382658513,0.30024748634414006,5,,109.0,
lpi_mapping,harsh,planner_weekly,57,single,2.585645,3,443440.0219071196,0.0,0,,0.0,
lpi_mapping,harsh,planner_weekly,58,dual,2.575405,7,364112.7276538046,0.0,0,,0.0,
lpi_mapping,harsh,planner_weekly,59,compound,2.814935,11,393881.9695089875,0.0,0,,0.0,
lpi_mapping,harsh,planner_weekly,60,single,2.6,5,578320.6299107547,0.370772007325817,0,,110.0,
lpi_mapping,harsh,planner_weekly,61,dual,2.585645,8,417112.5025950125,0.22286076701703775,0,,110.0,
lpi_mapping,harsh,planner_weekly,62,compound,2.5805249999999997,13,627696.2174012907,0.4499792370641472,4,,81.0,
lpi_mapping,harsh,planner_weekly,63,single,2.5805249999999997,4,381820.36337911966,0.0,0,,0.0,
lpi_mapping,harsh,planner_weekly,64,dual,2.575405,9,631068.5584476152,0.5011857113717968,3,,69.0,
lpi_mapping,harsh,planner_weekly,65,compound,2.6,9,451853.9516191809,0.0,2,,0.0,
lpi_mapping,harsh,planner_weekly,66,single,2.6,4,360275.8917957786,0.0,0,,0.0,
lpi_mapping,harsh,planner_weekly,67,dual,2.6,8,581747.0130664109,0.5283227906718759,2,,43.0,
lpi_mapping,harsh,planner_weekly,68,compound,2.575405,10,591758.990861779,0.33822230878955895,4,,81.0,
lpi_mapping,harsh,planner_weekly,69,single,2.575405,3,406845.5733103421,0.0,0,,0.0,
lpi_mapping,harsh,planner_weekly,70,dual,2.575405,6,308086.63197993976,0.0,0,,0.0,
lpi_mapping,harsh,planner_weekly,71,compound,2.585645,11,574414.3840493498,0.3006123479028803,3,,95.0,
lpi_mapping,harsh,planner_weekly,72,single,2.5805249999999997,2,412325.53639385256,0.0,0,,0.0,
lpi_mapping,harsh,planner_weekly,73,dual,2.526313,6,397350.68731969304,0.0,1,,0.0,
lpi_mapping,harsh,planner_weekly,74,compound,2.575405,11,436891.3950902963,0.024853186333958825,3,,110.0,
lpi_mapping,harsh,planner_weekly,75,single,2.585645,2,354017.4052724932,0.0,0,,0.0,
lpi_mapping,harsh,planner_weekly,76,dual,2.5805249999999997,8,629771.1586814929,0.37227253644032887,2,,109.0,
lpi_mapping,harsh,planner_weekly,77,compound,2.814935,10,413787.26282062975,0.0,4,,0.0,
lpi_mapping,harsh,planner_weekly,78,single,2.575405,3,346401.6604308157,0.0,0,,0.0,
lpi_mapping,harsh,planner_weekly,79,dual,2.585645,8,351839.0398208206,0.0,0,,0.0,
lpi_mapping,harsh,planner_weekly,80,compound,2.814935,12,454789.70775819727,0.1174390028767153,3,,110.0,
lpi_mapping,harsh,planner_weekly,81,single,2.575405,4,416087.18814148975,0.0,0,,0.0,
lpi_mapping,harsh,planner_weekly,82,dual,2.5805249999999997,7,516764.42339807376,0.19162557227510524,3,,95.0,
lpi_mapping,harsh,planner_weekly,83,compound,2.585645,13,569575.2950650428,0.38040977209382004,5,,100.0,
lpi_mapping,harsh,planner_weekly,84,single,2.585645,5,453676.50140379905,0.1536780094288062,0,,103.0,
lpi_mapping,harsh,planner_weekly,85,dual,2.526313,9,616955.0679232237,0.3861298692448255,2,,97.0,
lpi_mapping,harsh,planner_weekly,86,compound,2.5,11,534275.0361026597,0.3689429362457217,4,,73.0,
lpi_mapping,harsh,planner_weekly,87,single,2.526313,2,341382.698403878,0.0,0,,0.0,
lpi_mapping,harsh,planner_weekly,88,dual,2.6,6,348823.3423984819,0.0,0,,0.0,
lpi_mapping,harsh,planner_weekly,89,compound,2.5805249999999997,10,463934.55917729856,0.2518225728437114,4,,81.0,
lpi_mapping,harsh,planner_weekly,90,single,2.6,5,348349.7053711327,0.0,0,,0.0,
lpi_mapping,harsh,planner_weekly,91,dual,2.5805249999999997,9,685877.590277636,0.42860625221977144,3,,75.0,
lpi_mapping,harsh,planner_weekly,92,compound,2.814935,10,618934.11148449,0.37269840842039,3,,99.0,
lpi_mapping,harsh,planner_weekly,93,single,2.6,3,428577.01656385785,0.0,0,,0.0,
lpi_mapping,harsh,planner_weekly,94,dual,2.5805249999999997,7,442056.93958718766,0.0,0,,0.0,
lpi_mapping,harsh,planner_weekly,95,compound,2.814935,10,462272.7877070794,0.0,3,,0.0,
lpi_mapping,harsh,planner_weekly,96,single,2.5,5,373626.28157573525,0.0,0,,0.0,
lpi_mapping,harsh,planner_weekly,97,dual,2.585645,7,396903.3073402446,0.0,0,,0.0,
lpi_mapping,harsh,planner_weekly,98,compound,2.814935,12,440463.8098513645,0.0,4,,0.0,
lpi_mapping,harsh,planner_weekly,99,single,2.5805249999999997,5,368610.28907738597,0.0,0,,0.0,
lpi_mapping,harsh,planner_daily,0,single,2.585645,2,332851.51924296696,0.0,0,,0.0,
lpi_mapping,harsh,planner_daily,1,dual,2.526313,7,508630.4071207848,0.31723357775345445,0,,95.0,
lpi_mapping,harsh,planner_daily,2,compound,2.5805249999999997,9,1254036.0953182625,0.0,26,,0.0,
lpi_mapping,harsh,planner_daily,3,single,2.585645,3,346853.9423294643,0.0,0,,0.0,
lpi_mapping,harsh,planner_daily,4,dual,2.814935,8,1029811.2058126462,0.2991716633427878,13,,110.0,
lpi_mapping,harsh,planner_daily,5,compound,2.585645,12,1506234.5565063006,0.5511401827814109,27,,32.0,
lpi_mapping,harsh,planner_daily,6,single,2.526313,5,391774.6748636321,0.0,0,,0.0,
lpi_mapping,harsh,planner_daily,7,dual,2.5805249999999997,7,1574729.8755657338,0.0,22,,0.0,
lpi_mapping,harsh,planner_daily,8,compound,2.814935,12,1107530.5128332297,0.29323342213495546,19,,27.0,
lpi_mapping,harsh,planner_daily,9,single,2.5805249999999997,5,427171.9786608395,0.2506631982823545,0,,110.0,
lpi_mapping,harsh,planner_daily,10,dual,2.6,8,1100811.577922208,0.44954241126481426,11,,110.0,
lpi_mapping,harsh,planner_daily,11,compound,2.5805249999999997,10,1452357.7872273475,0.0,21,,0.0,
lpi_mapping,harsh,planner_daily,12,single,2.526313,5,386006.9228600862,0.0,0,,0.0,
lpi_mapping,harsh,planner_daily,13,dual,2.6,8,1559678.999035482,0.1889204162267051,20,,33.0,
lpi_mapping,harsh,planner_daily,14,compound,2.5805249999999997,11,1301468.0828899043,0.19778905761365279,28,,29.0,
lpi_mapping,harsh,planner_daily,15,single,2.5805249999999997,3,318236.7011283535,0.0,0,,0.0,
lpi_mapping,harsh,planner_daily,16,dual,2.526313,6,390269.85076564655,0.0,0,,0.0,
lpi_mapping,harsh,planner_daily,17,compound,2.5805249999999997,12,1569160.2085211754,0.5170257346055397,25,,34.0,
lpi_mapping,harsh,planner_daily,18,single,2.5805249999999997,4,353532.9182850139,0.0,0,,0.0,
lpi_mapping,harsh,planner_daily,19,dual,2.814935,7,529429.1479318015,0.34357473153441664,0,,82.0,
lpi_mapping,harsh,planner_daily,20,compound,2.585645,11,1671659.2972181998,0.6061327810415974,26,,29.0,
lpi_mapping,harsh,planner_daily,21,single,2.526313,5,550901.9171417088,0.3572678787796651,0,,82.0,
lpi_mapping,harsh,planner_daily,22,dual,2.814935,7,403167.6875515823,0.0,0,,0.0,
lpi_mapping,harsh,planner_daily,23,compound,2.5805249999999997,12,1470446.057682704,0.18267102400742644,28,,31.0,
lpi_mapping,harsh,planner_daily,24,single,2.585645,3,336385.98400838464,0.0,0,,0.0,
lpi_mapping,harsh,planner_daily,25,dual,2.6,6,397480.9083335994,0.0,0,,0.0,
lpi_mapping,harsh,planner_daily,26,compound,2.814935,11,1569905.1738658724,0.2323208960724827,24,,31.0,
lpi_mapping,harsh,planner_daily,27,single,2.575405,3,352312.5227323308,0.0,0,,0.0,
lpi_mapping,harsh,planner_daily,28,dual,2.5,8,413706.9812767385,0.0,1,,0.0,
lpi_mapping,harsh,planner_daily,29,compound,2.575405,12,1291576.190480908,0.2280071357074297,24,,37.0,
lpi_mapping,harsh,planner_daily,30,single,2.6,4,416143.08812250907,0.0,0,,0.0,
lpi_mapping,harsh,planner_daily,31,dual,2.526313,5,373114.3231903422,0.15132511818207972,0,,90.0,
lpi_mapping,harsh,planner_daily,32,compound,2.5805249999999997,10,1473916.6404005806,0.1866981145751737,24,,30.0,
lpi_mapping,harsh,planner_daily,33,single,2.5805249999999997,2,320321.6854107501,0.0,0,,0.0,
lpi_mapping,harsh,planner_daily,34,dual,2.526313,6,356394.5798574694,0.0,0,,0.0,
lpi_mapping,harsh,planner_daily,35,compound,2.526313,12,1265998.6666984293,0.4928734330811546,28,,30.0,
lpi_mapping,harsh,planner_daily,36,single,2.526313,4,400741.4781252071,0.0,0,,0.0,
lpi_mapping,harsh,planner_daily,37,dual,2.6,5,339954.5289113088,0.0,0,,0.0,
lpi_mapping,harsh,planner_daily,38,compound,2.575405,11,1680950.611663507,0.40976218424372146,27,,32.0,
lpi_mapping,harsh,planner_daily,39,single,2.526313,5,390559.5226041162,0.11827291069874932,0,,42.0,
lpi_mapping,harsh,planner_daily,40,dual,2.526313,7,379664.405716954,0.0,0,,0.0,
lpi_mapping,harsh,planner_daily,41,compound,2.5,11,1484717.2348392282,0.3933237793887669,21,,34.0,
lpi_mapping,harsh,planner_daily,42,single,2.575405,2,343078.4109424655,0.0,0,,0.0,
lpi_mapping,harsh,planner_daily,43,dual,2.814935,8,1031096.3511322667,0.3500952331424255,13,,110.0,
lpi_mapping,harsh,planner_daily,44,compound,2.5805249999999997,12,1627397.4788562253,0.46196675755315747,29,,33.0,
lpi_mapping,harsh,planner_daily,45,single,2.5,2,327520.04681454954,0.0,0,,0.0,
lpi_mapping,harsh,planner_daily,46,dual,2.814935,8,1135725.3908000828,0.2718373546209697,15,,110.0,
lpi_mapping,harsh,planner_daily,47,compound,2.585645,11,1710219.9799482306,0.43402747405632136,24,,35.0,
lpi_mapping,harsh,planner_daily,48,single,2.5805249999999997,3,350092.35877485434,0.0,0,,0.0,
lpi_mapping,harsh,planner_daily,49,dual,2.526313,7,558656.4500110038,0.29908220097668986,3,,70.0,
lpi_mapping,harsh,planner_daily,50,compound,2.6,11,1826739.2256973034,0.5203718257757144,27,,33.0,
lpi_mapping,harsh,planner_daily,51,single,2.5,4,371035.90716838266,0.0,0,,0.0,
lpi_mapping,harsh,planner_daily,52,dual,2.5805249999999997,6,334198.78257726657,0.0,0,,0.0,
lpi_mapping,harsh,planner_daily,53,compound,2.5805249999999997,11,1352873.060587171,0.1656048216501817,22,,28.0,
lpi_mapping,harsh,planner_daily,54,single,2.585645,2,372443.3129815001,0.0,0,,0.0,
lpi_mapping,harsh,planner_daily,55,dual,2.5,8,385382.5806745068,0.029224217451575066,0,,102.0,
lpi_mapping,harsh,planner_daily,56,compound,2.6,11,1699333.483284242,0.3877566393826525,26,,32.0,
lpi_mapping,harsh,planner_daily,57,single,2.585645,3,443451.9910350236,0.0,0,,0.0,
lpi_mapping,harsh,planner_daily,58,dual,2.575405,7,364168.9433769022,0.0,0,,0.0,
lpi_mapping,harsh,planner_daily,59,compound,2.814935,11,1320104.4115276232,0.0,18,,0.0,
lpi_mapping,harsh,planner_daily,60,single,2.6,5,565242.2247028933,0.3104597142592608,0,,97.0,
lpi_mapping,harsh,planner_daily,61,dual,2.585645,8,461933.84676460916,0.12013047278966264,1,,96.0,
lpi_mapping,harsh,planner_daily,62,compound,2.5805249999999997,13,1498160.0479433276,0.37335161593664107,27,,35.0,
lpi_mapping,harsh,planner_daily,63,single,2.5805249999999997,4,382470.39568358957,0.0,0,,0.0,
lpi_mapping,harsh,planner_daily,64,dual,2.575405,9,1445740.5785693638,0.3790474892259505,22,,24.0,
lpi_mapping,harsh,planner_daily,65,compound,2.6,9,501749.56902949244,0.0,1,,0.0,
lpi_mapping,harsh,planner_daily,66,single,2.6,4,361806.7333571967,0.0,0,,0.0,
lpi_mapping,harsh,planner_daily,67,dual,2.6,8,1103803.3678373215,0.2289279391706386,15,,110.0,
lpi_mapping,harsh,planner_daily,68,compound,2.575405,10,1612118.0466169738,0.3959925294465412,24,,32.0,
lpi_mapping,harsh,planner_daily,69,single,2.575405,3,406845.5733103421,0.0,0,,0.0,
lpi_mapping,harsh,planner_daily,70,dual,2.575405,6,367782.0097993691,0.0,0,,0.0,
lpi_mapping,harsh,planner_daily,71,compound,2.585645,11,1137742.2660927484,0.11164552051843121,11,,106.0,
lpi_mapping,harsh,planner_daily,72,single,2.5805249999999997,2,412325.53639385256,0.0,0,,0.0,
lpi_mapping,harsh,planner_daily,73,dual,2.526313,6,406843.2975208591,0.0,0,,0.0,
lpi_mapping,harsh,planner_daily,74,compound,2.575405,11,1324545.327038913,0.0,21,,0.0,
lpi_mapping,harsh,planner_daily,75,single,2.585645,2,354017.4052724932,0.0,0,,0.0,
lpi_mapping,harsh,planner_daily,76,dual,2.5805249999999997,8,1220919.7813612733,0.35143498428850656,13,,110.0,
lpi_mapping,harsh,planner_daily,77,compound,2.814935,10,1557061.0693041729,0.0,24,,0.0,
lpi_mapping,harsh,planner_daily,78,single,2.575405,3,346401.6604308157,0.0,0,,0.0,
lpi_mapping,harsh,planner_daily,79,dual,2.585645,8,351839.0398208206,0.0,0,,0.0,
lpi_mapping,harsh,planner_daily,80,compound,2.814935,12,1554688.035481991,0.10776439103583056,22,,34.0,
lpi_mapping,harsh,planner_daily,81,single,2.575405,4,415490.477049584,0.0,0,,0.0,
lpi_mapping,harsh,planner_daily,82,dual,2.5805249999999997,7,611203.6489423364,0.37079890811414473,0,,103.0,
lpi_mapping,harsh,planner_daily,83,compound,2.585645,13,1466414.9499034022,0.4788809809648546,27,,31.0,
lpi_mapping,harsh,planner_daily,84,single,2.585645,5,453676.50140379905,0.1536780094288062,0,,103.0,
lpi_mapping,harsh,planner_daily,85,dual,2.526313,9,1181998.858577583,0.2173385118014854,14,,110.0,
lpi_mapping,harsh,planner_daily,86,compound,2.5,11,1316293.8506293357,0.4929503382838852,31,,29.0,
lpi_mapping,harsh,planner_daily,87,single,2.526313,2,341382.698403878,0.0,0,,0.0,
lpi_mapping,harsh,planner_daily,88,dual,2.6,6,348679.9650705614,0.0,0,,0.0,
lpi_mapping,harsh,planner_daily,89,compound,2.5805249999999997,10,1251496.7244574053,0.0,19,,0.0,
lpi_mapping,harsh,planner_daily,90,single,2.6,5,349013.8944716763,0.0,0,,0.0,
lpi_mapping,harsh,planner_daily,91,dual,2.5805249999999997,9,1820674.6641430466,0.30609220165645984,23,,24.0,
lpi_mapping,harsh,planner_daily,92,compound,2.814935,10,1592505.0113705436,0.40665359374883503,24,,35.0,
lpi_mapping,harsh,planner_daily,93,single,2.6,3,428577.01656385785,0.0,0,,0.0,
lpi_mapping,harsh,planner_daily,94,dual,2.5805249999999997,7,405292.0914996327,0.0,0,,0.0,
lpi_mapping,harsh,planner_daily,95,compound,2.814935,10,1252782.0570930422,0.0,18,,0.0,
lpi_mapping,harsh,planner_daily,96,single,2.5,5,350832.22534741944,0.0,0,,0.0,
lpi_mapping,harsh,planner_daily,97,dual,2.585645,7,396662.1766292123,0.0,0,,0.0,
lpi_mapping,harsh,planner_daily,98,compound,2.814935,12,1540456.279817938,0.0,23,,0.0,
lpi_mapping,harsh,planner_daily,99,single,2.5805249999999997,5,367669.32153282186,0.0,0,,0.0,
