Country,Commodity_Type,Order_Volume_Units,Lead_Time_Days,On_Time_Delivery_%,Delivery_Delay_Days,Disruption_Type,Supplier_Reliability_Score,Resupply_Time_Days,Stockout_Frequency_per_Year,Transport_Mode,Freight_Cost_USD,CO2_Emissions_tons,Warehouse_Type,Data_Year,Disruption_Severity,Outcome_Metric
Uganda,Contraceptive,4858163,60,76.11387577,5.359807671,Flood,0.705161419,34.46519206,0.016473489,Air,86151.07891,9182.598937,RDC,2022,3,0.615
Kenya,LLIN,1648099,67,80.09080715,2.020637529,Port_Closure,0.827637821,28.14093999,0.171397638,Ocean,134821.0264,13707.09126,3PL,2023,2,0.619
Ghana,Maternal_Health,4244463,63,90.35456024,4.528543262,None,0.773358543,64.4247632,0.11848789,Air,89972.57836,6260.424191,Public_Depot,2024,1,0.676
Uganda,HIV_ARV,3863233,51,94.06901358,5.219294232,Port_Closure,0.898174631,56.35912288,0.016725533,Ocean,111290.0069,10917.19498,RDC,2023,2,0.764
Ethiopia,Maternal_Health,1261569,35,86.10212759,3.20207318,None,0.910029828,60.575219,0.16090592,Air,143650.2318,7939.232887,RDC,2023,1,0.645
Malawi,HIV_ARV,4611307,63,81.08974329,7.181501645,Conflict,0.95966708,38.81146848,0.088823074,Ocean,66139.95281,14709.28075,RDC,2024,4,0.562
Ghana,Malaria_RDT,1245885,52,78.89625155,1.90672215,None,0.920597929,34.13696814,0.15302027,Air,69360.22964,13863.33111,COE,2024,1,0.626
Ghana,HIV_ARV,1206083,55,93.07307309,11.27302567,Port_Closure,0.713990796,59.21996149,0.002523972,Ocean,108982.507,7788.091827,3PL,2021,3,0.58
Uganda,Contraceptive,2024324,53,88.24733889,7.861070902,Port_Closure,0.807770673,41.02247634,0.005747939,Ocean,80182.44163,13353.14259,Public_Depot,2022,2,0.647
Nigeria,LLIN,3948190,41,84.3493019,6.046223357,Port_Closure,0.779176772,27.27412373,0.034156592,Ocean,56772.0475,13495.05103,3PL,2024,3,0.65
Ethiopia,Malaria_RDT,3438445,58,83.15864107,13.53594282,Conflict,0.81197841,28.10762975,0.042183311,Ocean,74524.74094,13699.69098,3PL,2023,4,0.437
Uganda,HIV_ARV,2792974,57,89.35914819,4.072103522,Flood,0.746421941,36.1068675,0.152791106,Ocean,42557.07955,16415.72071,RDC,2024,3,0.654
Ethiopia,Maternal_Health,3542099,50,89.22159247,6.834127603,Flood,0.72833419,39.7357539,0.141338833,Ocean,85738.54582,19260.17686,Public_Depot,2022,3,0.592
Ethiopia,Malaria_RDT,1329180,59,81.51707793,5.668041391,Port_Closure,0.851085517,40.97753234,0.123217624,Land,89892.75947,10544.61972,3PL,2020,3,0.58
Malawi,Malaria_RDT,3383178,41,80.28813755,7.39240308,None,0.90891058,37.79698376,0.176971779,Ocean,117548.1413,11774.57872,Public_Depot,2023,1,0.498
Ghana,HIV_ARV,4581211,52,80.54048652,9.488349101,Port_Closure,0.903554162,68.07524983,0.049429757,Air,120414.9569,12306.95025,COE,2020,3,0.523
Kenya,Malaria_RDT,2634182,55,83.6588771,6.64684813,COVID_Lockdown,0.830773853,23.76254802,0.180880981,Ocean,75482.93049,7791.576444,RDC,2020,5,0.533
Malawi,Maternal_Health,1858286,37,82.55107273,8.125381686,COVID_Lockdown,0.851460906,48.07253512,0.181894214,Ocean,148227.7941,8968.825161,COE,2022,5,0.492
Malawi,Malaria_RDT,4649757,54,94.09046009,3.348836029,Flood,0.84973533,34.27056727,0.086851952,Air,52784.10466,15252.96776,Public_Depot,2024,4,0.763
Ethiopia,Maternal_Health,4915313,62,83.48109689,4.381549555,None,0.90055541,39.53457413,0.01887724,Land,42998.14087,20699.82318,RDC,2020,1,0.699
Mozambique,HIV_ARV,4413089,51,79.75166776,9.914862681,None,0.713898301,51.28594514,0.145311982,Ocean,47735.44093,8841.445056,COE,2021,1,0.456
Ghana,LLIN,2847921,54,80.0325128,6.790568491,Port_Closure,0.905869872,18.60701459,0.067385735,Land,49861.56938,22172.82305,RDC,2024,2,0.577
Nigeria,Malaria_RDT,4424142,60,85.08014199,5.744970935,Conflict,0.868838261,28.64955708,0.158985903,Ocean,107742.302,10734.58594,COE,2023,5,0.579
Malawi,LLIN,319160,51,76.88937939,2.740267373,Flood,0.757451527,38.39608738,0.032738057,Air,135464.8224,17847.6031,3PL,2024,4,0.676
Kenya,Maternal_Health,2619931,52,85.69939643,7.899788243,Conflict,0.714227068,57.7150213,0.107903023,Ocean,136697.2155,14717.48154,RDC,2022,5,0.563
Mozambique,Malaria_RDT,491904,43,79.3189525,2.655603737,Flood,0.731473059,57.65175651,0.101614746,Ocean,28462.05048,13779.10025,Public_Depot,2022,4,0.65
Mozambique,Contraceptive,628526,54,91.79305183,1.771502433,None,0.852160489,55.32761726,0.020062898,Ocean,110704.6555,11291.96751,RDC,2023,1,0.846
Nigeria,LLIN,887393,51,86.58281175,5.344777253,None,0.919938474,13.6793463,0.072666565,Ocean,130812.0007,13063.37867,Public_Depot,2023,1,0.66
Malawi,Malaria_RDT,3395503,59,96.60511801,0,None,0.797050613,27.40276997,0.016951063,Ocean,114938.0783,10156.32766,COE,2023,1,0.95
Kenya,LLIN,864422,60,84.8589971,6.833230149,Port_Closure,0.809945934,27.89637844,0.092948062,Ocean,65998.91827,16782.69939,COE,2022,2,0.594
Ghana,Malaria_RDT,784983,62,70.34128083,6.13083259,None,0.97090246,39.33717706,0.168580912,Air,90052.02758,17471.45525,Public_Depot,2024,1,0.465
Zambia,HIV_ARV,2313429,49,93.288406,3.941589324,Flood,0.761773794,17.76368161,0.054040953,Ocean,56454.58744,10398.00187,COE,2020,3,0.767
Kenya,LLIN,3185812,33,88.50961579,4.213645524,Flood,0.730087333,53.17475844,0.152972397,Ocean,107422.7896,6438.126649,RDC,2020,4,0.644
Nigeria,Contraceptive,4325115,62,89.28453939,4.642037286,None,0.799588933,16.0673491,0.036685483,Ocean,41092.29219,11688.60421,COE,2021,1,0.727
Mozambique,Contraceptive,2926280,59,80.98708205,2.632617867,None,0.916317415,52.39031132,0.134746985,Air,105561.4432,20953.82591,Public_Depot,2022,1,0.639
Ghana,Maternal_Health,2988687,48,85.78575972,5.553717882,None,0.881562414,50.45006562,0.18310748,Air,63697.76503,13927.82309,Public_Depot,2023,1,0.571
Kenya,Malaria_RDT,1466842,60,86.93230438,4.251815209,Flood,0.820580677,26.86737998,0.064785616,Ocean,95896.14204,17613.82482,3PL,2024,3,0.698
Zambia,LLIN,2381256,40,84.81089691,5.33735646,Port_Closure,0.979778235,55.14345494,0.180082328,Ocean,77395.33134,9288.773749,Public_Depot,2022,2,0.572
Zambia,Maternal_Health,3739024,65,77.32818587,4.532814244,None,0.913148967,36.00147214,0.101084185,Ocean,74189.84391,11055.17835,COE,2021,1,0.59
Ethiopia,LLIN,4446650,51,98,3.942413983,Conflict,0.717939813,32.88761211,0.063361027,Land,113403.1902,11757.10123,Public_Depot,2020,4,0.797
Ethiopia,Malaria_RDT,3752418,46,90.17914619,5.83547787,Port_Closure,0.915943119,34.94262988,0.179301647,Air,130794.4388,8315.608725,COE,2024,3,0.596
Uganda,Contraceptive,2331608,48,88.10292024,7.343299529,Port_Closure,0.706971181,35.97180962,0.006407453,Ocean,59051.08649,13667.42682,COE,2020,2,0.661
Nigeria,HIV_ARV,3980010,52,92.56942811,3.425692564,Flood,0.888593764,37.07591242,0.00560377,Land,90599.20061,9726.314554,3PL,2024,4,0.815
Malawi,Contraceptive,3691771,54,89.22096106,6.186419875,Conflict,0.761040023,37.34832014,0.119965921,Ocean,52406.43703,16795.76821,COE,2023,5,0.623
Kenya,Maternal_Health,4129441,55,82.6139856,6.558291232,Flood,0.901968241,29.31620905,0.159350143,Ocean,71184.93644,13356.83693,Public_Depot,2024,4,0.543
Kenya,HIV_ARV,1010652,50,92.24891379,1.148408354,Port_Closure,0.789836074,32.10164731,0.150309261,Land,63194.99866,18923.53437,Public_Depot,2023,3,0.754
Malawi,Maternal_Health,2238370,57,90.26108003,7.929633425,None,0.953171829,33.14077028,0.015893901,Land,47225.30674,6290.42958,Public_Depot,2022,1,0.653
Uganda,Malaria_RDT,1598485,55,82.80357091,11.16935399,Conflict,0.797705013,60.0727638,0.190050239,Air,116777.4747,10875.67279,COE,2020,5,0.421
Mozambique,HIV_ARV,1617343,48,89.95007334,4.735712928,Port_Closure,0.879711798,33.14616983,0.140612708,Ocean,88103.55813,11370.33558,Public_Depot,2024,2,0.651
Mozambique,Maternal_Health,3375495,47,84.79714984,4.486413774,Flood,0.782918992,32.37562621,0.189822411,Ocean,68600.26964,14852.8572,RDC,2024,3,0.584
Uganda,Malaria_RDT,3435744,61,87.042391,4.360981515,Conflict,0.965994248,58.19594566,0.065819552,Land,83254.10462,11311.90242,RDC,2021,5,0.695
Mozambique,Contraceptive,805612,60,88.99825233,6.861817264,COVID_Lockdown,0.926488834,36.13589372,0.138787826,Air,120889.6998,19889.65569,Public_Depot,2020,5,0.591
Ethiopia,Malaria_RDT,4044528,55,92.84248851,6.53233558,None,0.770557834,29.31721927,0.171987749,Ocean,115829.5938,12263.61825,COE,2022,1,0.601
Kenya,LLIN,2126475,64,82.77002007,0.228016393,None,0.975151047,26.71651281,0.076092845,Ocean,101749.2549,9378.331781,Public_Depot,2023,1,0.759
Uganda,Malaria_RDT,2191912,35,87.8248109,2.401636849,None,0.803575701,22.95807478,0.192971984,Land,64918.83725,12356.26023,RDC,2022,1,0.652
Kenya,Malaria_RDT,3194311,49,96.07863113,6.52193855,Conflict,0.889040835,46.49421969,0.052998558,Land,88580.09137,11697.46707,COE,2021,5,0.712
Malawi,LLIN,335622,43,85.11976252,4.56493469,None,0.915427437,18.34779075,0.063122725,Air,52270.46514,16712.99124,Public_Depot,2022,1,0.676
Zambia,Maternal_Health,2012889,77,86.98278389,1.501646278,None,0.706641627,56.15605248,0.184065715,Air,82381.67685,11352.76925,COE,2023,1,0.674
Ethiopia,Maternal_Health,1956862,62,96.07115237,9.500780541,None,0.97810053,38.90402393,0.193931949,Ocean,114338.5535,6918.384608,Public_Depot,2020,1,0.529
Ghana,Malaria_RDT,4076390,54,89.18738736,2.600860201,None,0.799887979,34.75510741,0.05703915,Air,119896.3707,13710.08026,3PL,2021,1,0.768
Ethiopia,LLIN,1446436,62,78.6300986,5.107331366,None,0.755035879,37.25973354,0.027278008,Air,65716.04558,10396.59879,COE,2024,1,0.635
Uganda,LLIN,717540,66,82.02261174,4.485442666,None,0.94670526,45.55667986,0.151811082,Ocean,109978.6057,8380.940601,RDC,2024,1,0.592
Ghana,Contraceptive,2245690,66,89.44789607,1.763933597,Flood,0.903840792,34.36193159,0.185933053,Land,103816.1903,13090.3273,RDC,2020,3,0.685
Zambia,Maternal_Health,1638236,64,88.11502454,5.554864407,None,0.725155549,37.69873946,0.120142729,Land,77781.8675,12471.53178,RDC,2022,1,0.632
Uganda,HIV_ARV,4755815,52,86.81289933,6.17632065,None,0.733942929,52.63695776,0.126903791,Ocean,107383.5164,12118.6559,RDC,2024,1,0.602
Nigeria,Maternal_Health,3032410,49,96.80612092,3.596971905,Conflict,0.907405642,44.16286767,0.152588667,Land,121788.3718,14041.68984,Public_Depot,2021,5,0.722
Kenya,Maternal_Health,1454355,45,82.91256422,3.991423207,Conflict,0.721687144,25.00045769,0.030616964,Air,110519.7558,10684.45234,Public_Depot,2023,5,0.697
Zambia,Contraceptive,2725480,60,85.62793088,6.801461128,None,0.965980876,31.50701999,0.194693779,Ocean,53389.47174,13463.75322,COE,2022,1,0.533
Kenya,HIV_ARV,3474083,53,76.18444895,0,None,0.91504664,18.6230002,0.072865877,Land,76655.50218,10641.65209,3PL,2023,1,0.706
Mozambique,Contraceptive,2514722,50,91.80329944,2.464988449,Flood,0.79729274,47.38295883,0.125648085,Ocean,96988.55972,16288.9937,3PL,2022,4,0.737
Nigeria,HIV_ARV,2951092,50,82.00573849,5.64030469,None,0.805252246,48.6639981,0.093723204,Air,60895.13099,12904.95925,COE,2021,1,0.603
Nigeria,Malaria_RDT,2300229,69,91.28568384,3.419783819,None,0.846883868,28.787614,0.093636196,Ocean,131738.5527,19999.04388,RDC,2023,1,0.733
Zambia,HIV_ARV,1572534,64,90.76015066,3.376912809,None,0.80468113,67.65822808,0.140548874,Air,94403.4929,11020.46306,3PL,2021,1,0.692
Nigeria,Contraceptive,1772907,73,97.74549629,7.705077639,None,0.92720588,69.25463268,0.19893246,Ocean,71392.96774,14428.63,3PL,2023,1,0.582
Ghana,Maternal_Health,2565967,60,89.24637788,3.100027154,Port_Closure,0.982673714,40.2737144,0.13181197,Ocean,69518.06445,17518.83576,COE,2022,2,0.695
Nigeria,HIV_ARV,4725112,55,84.21956688,10.93753475,Conflict,0.869511239,30.43158939,0.158811826,Ocean,64144.92488,15144.88317,RDC,2021,5,0.45
Kenya,HIV_ARV,2920574,54,88.2681148,0,Conflict,0.829350825,43.28561427,0.005523211,Ocean,106175.2816,13561.76611,Public_Depot,2022,5,0.878
Kenya,LLIN,2938939,44,82.20373576,0,Port_Closure,0.764604501,30.14761672,0.162085474,Ocean,109744.1807,14344.22756,Public_Depot,2022,2,0.689
Uganda,Maternal_Health,4036280,42,87.59580089,7.636808484,Port_Closure,0.889495692,51.40038755,0.059995176,Ocean,65083.856,15030.12103,3PL,2023,3,0.614
Kenya,Malaria_RDT,2094940,60,84.99548747,2.048146222,Flood,0.89881729,41.99631107,0.025340369,Air,129078.0195,14191.46902,Public_Depot,2023,3,0.772
Uganda,Contraceptive,2149409,45,85.64830775,2.098779235,Port_Closure,0.898705276,42.859284,0.022666817,Land,73391.39363,12941.19793,COE,2021,2,0.779
Kenya,Malaria_RDT,3222382,57,81.50816756,7.954199821,None,0.70782566,61.10998967,0.135974963,Land,61092.65429,15948.58724,3PL,2024,1,0.518
Ghana,Maternal_Health,3931857,66,87.5022303,3.508194242,Flood,0.960745409,32.57172009,0.199523367,Land,99317.18869,12661.00114,3PL,2020,4,0.619
Malawi,HIV_ARV,4587871,48,90.12115013,7.731085448,Conflict,0.798050903,33.0521093,0.13323902,Land,49011.66774,9061.017459,RDC,2023,5,0.58
Uganda,HIV_ARV,341464,75,77.73951603,3.168764172,None,0.915808071,50.30044551,0.05246963,Ocean,44046.79676,21233.77519,Public_Depot,2022,1,0.659
Ethiopia,Maternal_Health,4789400,45,82.55703673,6.087594566,Conflict,0.920344003,34.93603148,0.040661194,Air,56402.69435,16509.82845,RDC,2020,4,0.631
Mozambique,HIV_ARV,2723829,64,86.84023585,3.46573256,Port_Closure,0.888660944,59.24597706,0.10519142,Air,61442.27693,9353.91574,3PL,2021,2,0.687
Zambia,HIV_ARV,168581,59,74.26341679,2.240563172,Port_Closure,0.814511292,52.00595964,0.01300786,Ocean,107485.003,12022.45905,Public_Depot,2020,2,0.678
Kenya,HIV_ARV,3902256,66,94.70132217,10.19180407,None,0.876431423,35.54366672,0.079866167,Air,46113.01891,10721.1534,RDC,2020,1,0.575
Nigeria,Contraceptive,388540,43,82.44444593,8.349386529,Flood,0.71165762,18.26119802,0.133246981,Ocean,96063.58879,11007.52469,Public_Depot,2024,3,0.516
Malawi,Contraceptive,551590,78,81.30956241,2.820077951,Conflict,0.92094978,22.57307745,0.193532455,Land,110246.1966,16468.44161,3PL,2024,5,0.594
Kenya,LLIN,1468412,53,84.96328862,4.46481189,Flood,0.728880708,34.21880727,0.08513069,Air,128340.6615,11673.50422,3PL,2020,4,0.662
Nigeria,Malaria_RDT,3410492,61,86.68686419,9.428680395,None,0.815057768,44.85651842,0.040044788,Land,70244.08627,20664.3857,3PL,2024,1,0.571
Mozambique,Maternal_Health,1680369,69,82.21763551,2.035338755,None,0.730049448,53.2273253,0.163472481,Ocean,72620.35238,5933.236171,COE,2024,1,0.641
Mozambique,Maternal_Health,922328,48,90.90206833,2.19767589,Port_Closure,0.942751589,37.39254881,0.148839905,Ocean,146093.4575,12881.2783,RDC,2020,2,0.717
Mozambique,Maternal_Health,4859479,63,87.9985327,6.410181417,Port_Closure,0.859587694,29.3333408,0.171940778,Land,125594.4652,7674.028294,RDC,2023,2,0.573
Nigeria,LLIN,3160691,47,81.81379053,11.81148368,Port_Closure,0.900376985,38.31109839,0.042943746,Ocean,76761.58066,14309.89141,3PL,2024,2,0.475
Kenya,Contraceptive,1408097,68,83.38797442,5.161494656,COVID_Lockdown,0.897948829,40.24443221,0.080966439,Ocean,119400.0719,14789.68003,RDC,2020,5,0.635
Mozambique,LLIN,3350354,47,78.41615152,8.149433718,Flood,0.944065807,55.65934381,0.196310888,Air,92424.16817,16596.10091,3PL,2023,4,0.459
Ghana,Maternal_Health,1344315,55,79.73329552,1.947680731,Port_Closure,0.738445127,54.9930903,0.031608464,Land,85489.37018,8091.990144,RDC,2024,2,0.722
Uganda,Malaria_RDT,2625508,58,87.93799164,6.083157026,None,0.891321161,27.97717388,0.134290164,Ocean,159497.5886,14725.55348,Public_Depot,2020,1,0.607
Nigeria,HIV_ARV,2426219,62,81.86567722,3.921155864,None,0.866788876,45.44910158,0.047436892,Ocean,117243.9258,9506.127241,RDC,2024,1,0.678
Nigeria,Contraceptive,1408311,74,95.02142227,10.59987524,Flood,0.708960166,29.75384709,0.100031801,Ocean,141604.292,13383.19042,3PL,2023,4,0.553
Kenya,Contraceptive,4560784,50,86.354616,9.796072533,Conflict,0.758412644,30.09277764,0.160101929,Ocean,53134.09511,11232.24904,RDC,2020,4,0.488
Nigeria,LLIN,1339467,66,79.23588287,11.83825021,Flood,0.777595747,52.46410616,0.097717211,Ocean,138928.4114,7941.827095,Public_Depot,2023,4,0.433
Nigeria,Contraceptive,214074,74,80.28326357,2.913532133,Port_Closure,0.721041349,37.60831033,0.161096339,Land,80309.38932,15889.16291,Public_Depot,2022,2,0.608
Mozambique,Maternal_Health,2620466,56,91.26484847,5.106494622,None,0.802868744,47.67834081,0.085266981,Air,79922.23683,11965.71613,Public_Depot,2021,1,0.693
Kenya,Maternal_Health,3705180,49,85.61743199,6.125500773,COVID_Lockdown,0.707888728,46.41681587,0.199870586,Land,96694.9398,16430.39814,3PL,2022,5,0.545
Mozambique,LLIN,4533120,37,90.95997413,3.030597091,COVID_Lockdown,0.860423213,39.04617548,0.087165647,Ocean,100371.0827,16716.0589,COE,2024,5,0.746
Uganda,Maternal_Health,840645,73,84.1675601,5.393165599,Port_Closure,0.761335279,43.99585279,0.029875896,Air,116653.1508,18245.31857,3PL,2023,2,0.67
Malawi,Malaria_RDT,3337093,52,83.19883954,7.726934109,None,0.783230901,42.4462409,0.080373903,Land,111504.6744,10972.7894,Public_Depot,2020,1,0.568
Uganda,LLIN,1067481,44,91.59723686,3.348903417,Port_Closure,0.964036772,26.19460256,0.148518637,Air,65403.17198,9284.353054,RDC,2023,2,0.693
Malawi,Malaria_RDT,3644804,41,81.70711311,2.889930621,Conflict,0.845816886,45.84790705,0.169587552,Ocean,55105.58505,17802.66176,Public_Depot,2024,5,0.613
Mozambique,HIV_ARV,112507,44,88.44527067,2.691032671,Flood,0.77801404,31.52802994,0.09202066,Land,79261.59233,13411.27696,COE,2020,3,0.731
Uganda,Malaria_RDT,1155710,64,84.94108195,0.968892846,Flood,0.87355391,27.17086331,0.118895368,Ocean,84597.40038,18395.45012,COE,2022,3,0.724
Kenya,HIV_ARV,2388377,65,90.39361707,7.561978601,None,0.758484716,50.25572107,0.168978014,Land,87671.68043,8268.847323,Public_Depot,2023,1,0.562
Zambia,HIV_ARV,4437373,61,95.09241994,2.882994993,None,0.721574749,32.90416832,0.162709236,Ocean,126007.1708,15754.70642,3PL,2021,1,0.72
Mozambique,Malaria_RDT,856564,56,84.03911158,2.566678009,None,0.706062843,53.32825756,0.131544781,Air,90533.00049,13172.4213,COE,2024,1,0.667
Malawi,LLIN,3968949,42,83.26428931,6.587209506,COVID_Lockdown,0.975943423,53.18031698,0.163005421,Land,164113.4005,12834.1786,Public_Depot,2024,5,0.544
Ghana,Maternal_Health,1659473,47,89.32904195,4.968151937,Port_Closure,0.910137139,34.27898749,0.115182152,Ocean,128374.5007,11713.52341,3PL,2023,3,0.66
Malawi,Maternal_Health,1761952,43,80.58998202,3.42340892,Conflict,0.931984963,52.8200913,0.000929634,Ocean,75957.6045,8557.762466,RDC,2022,4,0.713
Ghana,HIV_ARV,787954,60,94.08232729,7.431886432,None,0.984466141,35.32809784,0.008253357,Ocean,31734.93863,15655.18253,3PL,2022,1,0.702
Nigeria,HIV_ARV,2958056,44,93.23011275,3.303661604,COVID_Lockdown,0.970172324,39.17932286,0.19596168,Ocean,156642.3512,11431.76472,COE,2021,5,0.667
Uganda,LLIN,757173,47,81.0044018,0,Conflict,0.913704828,45.92543201,0.028998408,Ocean,76526.54495,13845.85409,3PL,2021,4,0.787
Ghana,Contraceptive,4560579,53,78.0843759,8.999728966,None,0.90125625,64.47275696,0.080903282,Air,112864.5106,20729.67125,3PL,2023,1,0.502
Malawi,Malaria_RDT,729447,38,80.19711424,2.515413573,Conflict,0.797686499,51.29076575,0.186762255,Ocean,64983.6222,10852.54822,RDC,2020,5,0.598
Nigeria,HIV_ARV,1111404,55,80.2731518,2.843137463,None,0.730165003,39.30652536,0.039007897,Ocean,132959.2943,11809.16342,Public_Depot,2022,1,0.698
Zambia,Maternal_Health,3030248,53,90.00880282,2.856388817,None,0.866379539,41.23962827,0.168758269,Ocean,110433.1523,12348.22994,3PL,2020,1,0.677
Kenya,LLIN,2663987,66,93.74585158,5.178802967,None,0.867113456,21.00253081,0.163653514,Ocean,52386.85038,11422.81644,RDC,2020,1,0.649
Kenya,Malaria_RDT,2803913,46,89.95063106,4.177272628,COVID_Lockdown,0.976148813,52.05761801,0.197265931,Air,26353.25966,11546.89022,COE,2023,5,0.622
Kenya,LLIN,2585232,42,84.81903892,7.964213339,COVID_Lockdown,0.828345534,50.76804095,0.056336367,Air,90660.99287,15790.83246,Public_Depot,2021,5,0.588
Ghana,Malaria_RDT,2428907,51,87.71249233,9.935341978,None,0.900334211,43.40190768,0.063065071,Land,99913.82972,18293.45624,COE,2020,1,0.55
Zambia,Malaria_RDT,4582688,44,81.65110984,2.962401565,Flood,0.866741482,48.61307368,0.1805756,Ocean,107881.6598,13519.51817,Public_Depot,2023,3,0.603
Ghana,HIV_ARV,2879915,55,91.48604023,2.185977728,Flood,0.751260466,15.69774879,0.046815812,Ocean,61666.56366,15959.45063,3PL,2021,4,0.808
Uganda,LLIN,2413162,36,88.1601447,3.434295876,Conflict,0.871698649,27.0188126,0.109580191,Ocean,65686.93402,12308.87284,3PL,2020,4,0.695
Ghana,LLIN,4931909,48,89.86598891,6.317174874,None,0.856633846,61.61768338,0.141468992,Ocean,28303.96714,12208.06252,Public_Depot,2020,1,0.609
Zambia,Maternal_Health,965113,45,82.36232149,4.650917094,Port_Closure,0.843232738,36.90727201,0.054376849,Ocean,68436.39845,11400.50691,COE,2021,2,0.658
Zambia,Maternal_Health,2742794,60,85.15701407,3.498765469,Flood,0.848892651,49.08919561,0.187682589,Land,36064.83609,9941.285312,COE,2021,3,0.611
Uganda,HIV_ARV,2261549,46,89.6253657,1.10896851,None,0.747556512,31.04032526,0.13313951,Ocean,63622.54512,17945.54975,COE,2024,1,0.748
Zambia,HIV_ARV,2395704,37,93.2175645,0,None,0.834408542,34.69398802,0.009427862,Ocean,94844.51172,10992.33161,3PL,2024,1,0.923
Malawi,Contraceptive,4631025,52,82.9595012,1.985847334,Flood,0.875639449,62.25619337,0.027147506,Air,94412.38516,15444.18749,Public_Depot,2023,4,0.754
Zambia,Maternal_Health,473332,58,89.90225954,8.793247586,None,0.841940268,38.11057817,0.038156314,Air,64779.37532,9651.508372,Public_Depot,2023,1,0.611
Kenya,Malaria_RDT,342575,52,82.43964102,6.307978319,COVID_Lockdown,0.841718997,46.28272089,0.048991473,Ocean,93162.50751,13183.50592,COE,2022,5,0.619
Malawi,LLIN,1509700,48,96.58596886,4.425394032,None,0.722480136,41.5654695,0.146135474,Air,129340.9827,12996.77857,3PL,2024,1,0.703
Malawi,HIV_ARV,79336,48,83.92587646,7.18936039,COVID_Lockdown,0.755324504,42.95700608,0.017787049,Land,76654.40858,9683.678149,Public_Depot,2021,5,0.627
Uganda,LLIN,3251078,56,89.21752587,1.136350535,None,0.793082081,42.54672635,0.070118934,Ocean,46629.50474,11613.04304,Public_Depot,2024,1,0.798
Ethiopia,LLIN,1692425,46,86.82804808,5.170250155,None,0.821610628,16.26876076,0.182276665,Ocean,108568.1872,8725.703228,COE,2023,1,0.588
Ethiopia,Contraceptive,2657622,51,98,0,None,0.872241859,45.7247904,0.111333537,Ocean,117760.6065,13067.06511,COE,2023,1,0.871
Zambia,Maternal_Health,1936963,62,87.14950804,6.038057078,Conflict,0.95037008,33.54844725,0.053099313,Air,64106.47998,5957.726472,Public_Depot,2023,5,0.659
Malawi,HIV_ARV,2822605,41,83.42471989,5.778545528,Conflict,0.746157774,61.35480607,0.191411259,Ocean,64328.73627,12768.94116,3PL,2021,5,0.545
Ethiopia,LLIN,1497947,54,89.19753256,5.84992467,None,0.704375529,30.72831708,0.048863178,Land,25502.0323,15603.74001,RDC,2020,1,0.683
Ethiopia,HIV_ARV,4226426,37,89.08620433,8.50285424,None,0.830278768,34.34078376,0.181019924,Air,71174.71963,12948.15646,Public_Depot,2023,1,0.523
Zambia,Malaria_RDT,3906756,57,85.21265068,7.32798439,Flood,0.82530984,69.35336795,0.145153935,Ocean,57318.27076,10199.17926,Public_Depot,2024,3,0.551
Ethiopia,Contraceptive,1548339,45,80.52617068,1.373259154,Port_Closure,0.860051353,48.6808585,0.148104207,Ocean,39312.78468,10402.80439,3PL,2020,3,0.655
Ghana,Malaria_RDT,726296,65,83.36000569,8.548157984,Conflict,0.941634314,28.19897191,0.152987864,Ocean,74056.66423,17832.61431,Public_Depot,2024,5,0.505
Nigeria,HIV_ARV,429039,40,90.40749474,4.371644155,None,0.93268456,42.11693391,0.101313862,Ocean,84851.98226,13632.79889,RDC,2023,1,0.694
Uganda,HIV_ARV,578714,59,77.26275527,0,Flood,0.729012552,25.35527042,0.162915745,Land,79365.31265,16378.32933,3PL,2021,3,0.647
Nigeria,Maternal_Health,2961190,67,84.7597705,4.673733125,Flood,0.970858656,43.09104033,0.16723862,Ocean,75283.43309,16770.76413,RDC,2020,4,0.596
Zambia,LLIN,4685352,44,90.97431961,6.94138727,COVID_Lockdown,0.732020174,30.34745869,0.072097344,Ocean,130730.6253,11217.07596,RDC,2020,5,0.649
Kenya,LLIN,602439,46,85.5325189,1.958444309,Flood,0.884025447,62.37818158,0.080068904,Ocean,94222.59582,8993.553904,Public_Depot,2023,3,0.735
Uganda,Malaria_RDT,4192535,45,96.8685507,8.998574731,None,0.894997825,45.05061369,0.177751344,Ocean,104521.8498,15584.31191,RDC,2023,1,0.558
Zambia,Contraceptive,323452,50,77.2767488,2.230050323,None,0.897164471,46.3306262,0.104945852,Ocean,139319.1187,9571.140589,Public_Depot,2023,1,0.64
Malawi,LLIN,828883,60,81.19316066,3.556724127,Flood,0.77695184,51.39701592,0.173388699,Ocean,114607.02,10638.27162,Public_Depot,2022,3,0.592
Kenya,Maternal_Health,4421047,49,74.42683099,3.005787393,Port_Closure,0.795800077,52.73947777,0.125353892,Air,76792.08392,13414.55805,3PL,2021,2,0.586
Nigeria,Malaria_RDT,4993772,43,95.96845283,0,Conflict,0.859116294,31.73116079,0.118713551,Ocean,29409.85533,11995.26766,3PL,2021,5,0.846
Zambia,Malaria_RDT,2239921,34,81.27506425,2.020599132,Flood,0.757880374,41.13962484,0.006196191,Ocean,73860.36666,3743.995515,3PL,2023,3,0.753
Malawi,Maternal_Health,3248156,71,76.06539344,2.864422086,Port_Closure,0.705890036,34.65425076,0.05557888,Air,128664.0757,8061.59687,Public_Depot,2022,2,0.65
Uganda,Contraceptive,4872139,71,82.94040343,4.609683398,Port_Closure,0.863021892,65.12887715,0.100411529,Ocean,114395.4056,17034.95474,RDC,2023,3,0.631
Uganda,Maternal_Health,812371,60,79.03595446,0,Port_Closure,0.834930786,12.57681974,0.117463434,Ocean,73978.72805,12674.89965,RDC,2023,2,0.698
Mozambique,Contraceptive,3307945,46,82.97607555,7.14965907,None,0.89045205,33.0986798,0.126086906,Ocean,82628.54486,15930.83588,3PL,2021,1,0.552
Malawi,Maternal_Health,3818950,62,86.20614625,7.120021104,None,0.742543167,39.04046302,0.143244565,Ocean,88834.55611,9753.557919,3PL,2022,1,0.563
Ghana,Maternal_Health,192980,64,90.02460552,8.544383737,Port_Closure,0.943868219,41.64323086,0.131246686,Land,66520.88641,8552.783657,Public_Depot,2021,2,0.559
Ethiopia,HIV_ARV,4746671,52,85.1266553,0.525033566,None,0.742404232,41.39822561,0.169715341,Ocean,68316.31608,15888.22956,COE,2023,1,0.694
Kenya,Malaria_RDT,2484003,55,86.1264535,4.121505741,None,0.958489645,39.44617765,0.059094069,Air,65533.36613,18185.87899,COE,2024,1,0.699
Malawi,Maternal_Health,307354,67,83.09202388,7.82430686,None,0.83036114,38.05098418,0.128313997,Ocean,99770.12857,9509.215871,Public_Depot,2020,1,0.535
Mozambique,Maternal_Health,3256943,38,78.44150886,8.082487453,None,0.859443525,42.89556362,0.010231903,Ocean,53323.74094,17071.0711,COE,2023,1,0.567
Ethiopia,LLIN,1967160,64,76.76729879,9.436792815,None,0.960008587,45.53803599,0.096038015,Air,128256.195,9094.365834,COE,2022,1,0.476
Ethiopia,Malaria_RDT,3365258,51,84.1775711,5.308144924,Flood,0.786974784,61.48850653,0.053606593,Ocean,84813.3657,6452.167247,COE,2024,4,0.656
Zambia,LLIN,4421545,43,86.42319889,4.832078426,Port_Closure,0.752729829,61.38232364,0.07617743,Air,51826.14306,15343.38652,3PL,2022,3,0.67
Ethiopia,Malaria_RDT,2285883,44,83.80692739,0.326152411,Port_Closure,0.82926797,43.61196232,0.07093255,Ocean,115780.1875,9180.226081,RDC,2023,2,0.77
Ghana,LLIN,2600982,46,76.95336504,8.194628583,Flood,0.770866496,34.05585296,0.012086135,Ocean,130008.747,8159.178391,RDC,2023,4,0.553
Uganda,Maternal_Health,814265,42,87.00700047,3.619057275,COVID_Lockdown,0.853074734,34.89535287,0.09332916,Air,179233.2786,8245.910399,3PL,2020,5,0.694
Mozambique,Maternal_Health,358617,72,94.14652441,5.101822932,None,0.779824781,24.23090001,0.198925858,Ocean,126123.2117,11608.67016,3PL,2022,1,0.626
Ethiopia,HIV_ARV,3030346,59,85.42676743,4.901511718,Port_Closure,0.950701965,51.43881322,0.059787211,Air,58744.5478,6197.488528,3PL,2024,2,0.672
Zambia,LLIN,794748,65,83.10234711,0,None,0.876124132,39.46318385,0.147229194,Ocean,91301.98224,15376.78032,COE,2020,1,0.709
Ghana,Contraceptive,3686562,60,85.6975298,2.565632828,Port_Closure,0.700069794,45.24713911,0.109557667,Air,160861.6697,14926.13416,Public_Depot,2022,2,0.698
Nigeria,HIV_ARV,2104410,55,80.47810078,6.36164411,COVID_Lockdown,0.933587383,44.00496781,0.06504506,Ocean,61655.23852,14922.64106,Public_Depot,2023,5,0.593
Uganda,LLIN,2527748,55,80.15550435,4.854242592,Flood,0.795761578,31.62855507,0.017921412,Air,46900.4866,17830.77865,COE,2020,3,0.66
Uganda,LLIN,784275,51,88.25707044,6.385468928,Flood,0.792860315,30.14701424,0.04317158,Land,73300.84875,16883.27843,COE,2023,3,0.665
Mozambique,HIV_ARV,1347819,51,90.95160765,7.351540821,Port_Closure,0.811088216,34.56505008,0.156370708,Ocean,54558.65786,9369.418281,3PL,2021,2,0.579
Uganda,Maternal_Health,1084186,40,85.26450824,2.530278258,Flood,0.882776133,45.82871592,0.055804035,Ocean,66773.03768,15696.52492,3PL,2021,4,0.737
Ethiopia,LLIN,648506,65,76.13117476,3.454549158,None,0.828197606,39.03097995,0.028860496,Land,65164.23233,17444.91566,RDC,2020,1,0.654
Zambia,Maternal_Health,606718,36,87.76674463,4.576438623,Port_Closure,0.882304309,18.81627611,0.066259668,Ocean,106481.3841,16256.68106,3PL,2020,3,0.694
Uganda,HIV_ARV,1646853,44,96.33691085,7.320496864,Port_Closure,0.742566409,27.71024763,0.11680859,Air,46102.05468,16556.29756,COE,2022,3,0.643
Uganda,Maternal_Health,402414,75,84.78050918,4.297705885,None,0.981347695,36.79153787,0.140692633,Land,88926.02575,12397.64442,RDC,2024,1,0.624
Nigeria,Malaria_RDT,3013944,56,85.11077112,0,None,0.911585823,39.63507558,0.077472967,Air,62051.64774,10407.34853,3PL,2024,1,0.785
Nigeria,Contraceptive,2397693,56,81.63683235,4.405451386,Conflict,0.772560061,46.18575239,0.099629431,Ocean,101499.5713,12061.74785,RDC,2021,5,0.627
Kenya,LLIN,2813545,61,88.40676999,7.199811353,None,0.910009273,40.47113163,0.090983338,Ocean,104765.9139,10205.91747,RDC,2021,1,0.611
Ghana,Contraceptive,3566144,39,82.64508268,9.071058268,None,0.866757382,35.6474523,0.00180067,Ocean,111778.3738,17013.45984,3PL,2021,1,0.576
Ethiopia,Maternal_Health,3998401,41,91.10750949,5.841727773,Port_Closure,0.731664809,35.23496408,0.079120095,Ocean,111772.9549,13746.6659,Public_Depot,2023,2,0.676
Uganda,LLIN,174932,50,82.71209727,0.542009971,None,0.751676964,42.41755053,0.117463962,Ocean,66366.85166,16294.91352,COE,2024,1,0.717
Malawi,Maternal_Health,318083,45,87.70895734,3.780887763,Flood,0.711979361,45.01658762,0.113988943,Air,84869.33008,7204.890712,COE,2020,3,0.679
Uganda,Malaria_RDT,1801498,54,85.76827877,6.425171443,Flood,0.934679041,36.04236786,0.149953512,Ocean,129089.4977,11214.12554,RDC,2021,4,0.573
Zambia,HIV_ARV,3927809,59,93.7755581,7.598644274,Conflict,0.859994378,27.06767093,0.134075182,Land,98257.02966,8899.031889,Public_Depot,2022,5,0.606
Kenya,LLIN,4926709,68,88.04739693,6.521214762,None,0.791857108,38.8167351,0.055361359,Land,111622.0093,6497.12959,Public_Depot,2020,1,0.651
Ghana,Malaria_RDT,1608426,63,92.9350366,4.245177386,Flood,0.736640022,32.20166105,0.051128734,Land,48489.20759,14199.61784,3PL,2020,4,0.757
Malawi,Malaria_RDT,3280431,45,86.5431175,7.575546289,Conflict,0.840373304,43.45096359,0.09282836,Ocean,113608.2075,8741.950534,3PL,2020,4,0.587
Kenya,LLIN,2642316,51,85.1462985,3.078304722,None,0.852325791,57.76897224,0.146593934,Ocean,28417.24756,11507.97796,COE,2024,1,0.652
Mozambique,Maternal_Health,339220,48,85.80904615,5.553947219,None,0.903565065,23.78122892,0.018765461,Ocean,39129.81782,9114.000626,3PL,2021,1,0.686
Ghana,Malaria_RDT,4026765,44,82.14295399,7.249362236,Conflict,0.981281791,53.80836036,0.189665317,Ocean,58017.58225,11370.1205,3PL,2022,4,0.505
Uganda,Contraceptive,1445285,42,88.65834392,6.729907421,None,0.826134204,45.62847512,0.108630625,Air,97767.90429,15355.35799,RDC,2023,1,0.613
Uganda,Malaria_RDT,4726029,71,82.5482083,6.797284911,None,0.81774992,53.23408853,0.061281679,Land,102902.2736,9173.176764,Public_Depot,2022,1,0.599
Ghana,Maternal_Health,2972705,55,86.56231521,6.721744981,None,0.807279701,34.77106716,0.138678246,Ocean,60577.99938,11185.14724,Public_Depot,2022,1,0.579
Uganda,Maternal_Health,2714749,52,90.27600983,1.853918368,None,0.939807934,22.64766743,0.008945163,Ocean,27258.89346,15113.59606,3PL,2022,1,0.839
Ethiopia,Contraceptive,4049453,59,93.91774455,5.05267265,None,0.745331994,42.15634922,0.096879383,Ocean,113604.8031,15726.5233,3PL,2023,1,0.705
Ghana,Malaria_RDT,1456978,60,86.81430042,2.272263625,Port_Closure,0.799705742,56.79622308,0.097193929,Air,102627.8128,11424.11473,3PL,2022,2,0.724
Kenya,Maternal_Health,2971989,66,90.30603528,4.131577831,Flood,0.910241533,27.2737406,0.032395057,Land,97833.99728,14181.2014,COE,2022,3,0.753
Ghana,LLIN,1034156,47,89.70943875,1.49348021,None,0.704551531,29.07625378,0.167477563,Ocean,142799.7533,16269.60749,COE,2021,1,0.71
Malawi,HIV_ARV,3763543,59,84.08811455,6.034900119,Conflict,0.78392041,47.04638428,0.159362424,Ocean,89500.56119,8772.910129,RDC,2021,4,0.565
Uganda,HIV_ARV,913659,45,96.53901727,0,Port_Closure,0.886019677,33.85351733,0.030546479,Land,55242.8763,10145.22615,COE,2021,2,0.936
Ethiopia,HIV_ARV,4993082,53,83.11878899,6.851843578,COVID_Lockdown,0.753926108,59.99302052,0.072765459,Ocean,124863.0012,11504.60882,Public_Depot,2020,5,0.595
Ethiopia,Malaria_RDT,2287035,55,86.45497313,5.046043363,COVID_Lockdown,0.787786065,47.82490844,0.020085911,Air,72775.8288,14787.30916,COE,2022,5,0.705
Mozambique,Contraceptive,1253920,56,93.27059877,10.70647893,Conflict,0.840953072,31.36932021,0.169721751,Ocean,81844.6175,13747.44516,Public_Depot,2024,5,0.498
Kenya,Maternal_Health,3158591,56,93.14729121,4.386199544,COVID_Lockdown,0.822386834,33.22424381,0.064664021,Ocean,68906.58883,13258.44431,COE,2024,5,0.744
Nigeria,LLIN,3660954,63,86.07160199,4.385309908,Flood,0.730747885,33.69872543,0.087863262,Ocean,60028.80789,8887.909886,COE,2024,3,0.67
Nigeria,LLIN,797852,49,90.95208374,7.047596848,Conflict,0.972088243,39.48495572,0.06477439,Air,72353.17784,16483.58766,RDC,2023,4,0.651
Ghana,Malaria_RDT,1206618,56,84.88013832,4.560521856,None,0.712844889,43.65341619,0.062005203,Ocean,130618.9024,11004.2898,3PL,2021,1,0.675
Mozambique,HIV_ARV,3961147,47,83.55660555,5.824498422,None,0.917425399,42.7771702,0.149460451,Ocean,53004.54669,11933.80098,3PL,2021,1,0.573
Zambia,Malaria_RDT,1157810,84,79.93605463,7.983200126,Conflict,0.720712604,26.50354949,0.149513247,Ocean,117085.3852,13781.22696,3PL,2021,5,0.499
Ghana,Contraceptive,862283,45,89.61940683,4.197455487,Port_Closure,0.835515783,50.8225075,0.103557634,Ocean,29528.08013,20891.96474,RDC,2023,2,0.691
Mozambique,Contraceptive,2964863,47,90.14610466,8.585780507,Conflict,0.750869275,36.51902719,0.13152339,Land,133028.8946,10435.533,Public_Depot,2022,5,0.559
Kenya,Maternal_Health,1871367,63,83.16055352,0,Conflict,0.740918361,28.8695727,0.102332639,Land,136171.9699,10235.93089,COE,2020,5,0.747
Kenya,Maternal_Health,3422863,50,87.34050017,9.810439629,None,0.736510413,34.44345807,0.005717842,Ocean,54287.21283,11501.74626,RDC,2021,1,0.584
Kenya,Contraceptive,2949033,63,98,0,Conflict,0.831308125,52.17169363,0.013201287,Land,87368.09036,17643.80841,Public_Depot,2022,5,0.967
Kenya,Contraceptive,4582669,56,91.7334115,9.056561935,None,0.849490624,42.28387993,0.076748114,Ocean,104315.5576,13596.99024,RDC,2024,1,0.591
Kenya,Contraceptive,1628315,50,81.49258029,0,None,0.738681503,43.33073839,0.149949272,Ocean,66876.78298,14503.56468,RDC,2020,1,0.693
Mozambique,Malaria_RDT,1399590,47,91.0078114,10.94175236,Port_Closure,0.984024762,25.96014271,0.182645246,Air,141482.2451,16227.43399,Public_Depot,2024,2,0.473
Mozambique,Contraceptive,3554438,47,81.51569109,5.482628641,None,0.774752107,41.58679793,0.005941661,Ocean,85648.34294,17509.8857,3PL,2022,1,0.662
Ethiopia,LLIN,4630197,51,71.52390844,2.165347302,Port_Closure,0.833063988,51.97038124,0.073606011,Ocean,69396.29445,10320.9009,COE,2022,3,0.615
Malawi,HIV_ARV,3095529,53,85.89793928,10.5953593,Port_Closure,0.762718172,18.36424143,0.044756487,Ocean,87364.66,15091.17253,3PL,2024,2,0.531
Nigeria,Contraceptive,2275541,46,93.8160073,1.733389783,None,0.843237567,35.33260429,0.163041056,Air,62913.15033,17610.69273,RDC,2020,1,0.74
Uganda,HIV_ARV,2861139,53,92.9872398,4.317938362,Conflict,0.919244809,47.47817216,0.169193629,Ocean,85627.87607,13823.46173,Public_Depot,2024,4,0.661
Kenya,Malaria_RDT,1519793,44,87.88617585,12.81413687,Flood,0.851119584,41.89893063,0.041281774,Ocean,71506.77309,9724.335097,RDC,2024,3,0.483
Zambia,HIV_ARV,4540512,62,83.29135293,6.186614464,None,0.782838173,27.77434018,0.142165451,Land,61629.08421,8941.027231,3PL,2024,1,0.567
Uganda,Malaria_RDT,4994490,64,88.43224842,0,None,0.772035017,44.77915436,0.146351207,Air,108924.0022,14807.11636,3PL,2020,1,0.755
Mozambique,LLIN,2947706,47,84.65419915,4.180123348,Conflict,0.920090978,25.99106736,0.035411539,Air,34227.19258,8388.166691,3PL,2023,5,0.703
Zambia,Malaria_RDT,3251473,47,83.43172154,3.914721612,Conflict,0.734289071,29.58943559,0.086739183,Ocean,137883.6997,9747.690648,COE,2020,5,0.663
Zambia,Malaria_RDT,1148657,56,91.31001101,5.56555063,None,0.807290283,30.84930588,0.124067561,Ocean,91911.67511,11040.61598,3PL,2024,1,0.651
Zambia,Maternal_Health,976215,67,83.3698211,4.866671084,None,0.743929988,58.5206578,0.005213321,Ocean,140414.2899,14121.72844,COE,2021,1,0.695
Ethiopia,Contraceptive,3083449,69,91.63618278,6.637551494,Conflict,0.77481299,19.96347961,0.080918367,Air,113860.2307,15334.08293,COE,2021,5,0.656
Mozambique,Contraceptive,1499991,40,83.03907019,0.415837248,Flood,0.744278137,20.8492549,0.030991647,Air,44696.66176,10159.93187,3PL,2022,3,0.794
Zambia,LLIN,2561910,65,96.29245977,3.356290879,None,0.957164027,43.39986064,0.1083793,Land,87121.6673,7813.165719,Public_Depot,2023,1,0.763
Kenya,LLIN,474528,54,77.7968278,5.935530896,Port_Closure,0.912252218,41.25763464,0.168583517,Ocean,31144.20916,16265.05121,RDC,2022,2,0.519
Ghana,Contraceptive,2585610,54,81.21615334,2.713574578,Port_Closure,0.862668901,34.36079658,0.104950788,Ocean,57892.52091,15702.47497,RDC,2022,3,0.661
Zambia,Maternal_Health,2765223,60,85.22316133,8.28783075,Conflict,0.765083315,40.1659023,0.007196719,Ocean,80895.77316,14877.55933,COE,2021,5,0.612
Ethiopia,Contraceptive,662181,50,76.07978048,2.773589472,None,0.84796578,27.22551876,0.005931449,Ocean,63847.1183,14501.10235,COE,2020,1,0.686
Uganda,Maternal_Health,3695525,65,73.14506929,5.429987268,Port_Closure,0.85104163,41.10551935,0.121100629,Ocean,70706.13296,11410.87719,COE,2022,2,0.527
Mozambique,LLIN,1700824,69,76.12296192,4.685129105,None,0.87121708,42.51507415,0.065596312,Land,64987.4224,12289.55952,RDC,2022,1,0.6
Malawi,HIV_ARV,189227,69,84.53955395,1.955957379,COVID_Lockdown,0.717424696,54.57640142,0.114533301,Ocean,151871.9882,13303.3816,COE,2023,5,0.7
Ethiopia,LLIN,1823055,36,84.66644995,5.181472986,Conflict,0.982141572,62.88736206,0.032727422,Ocean,88565.65031,9628.325938,Public_Depot,2021,5,0.678
Zambia,LLIN,742137,52,87.66499741,1.064203535,Flood,0.834977301,36.78860962,0.155372471,Air,103703.9178,14533.81272,Public_Depot,2020,3,0.714
Mozambique,Malaria_RDT,331854,35,85.01499259,3.66916632,Flood,0.968694214,24.7202476,0.172143941,Ocean,83446.30731,13476.85056,COE,2023,3,0.618
Ghana,Malaria_RDT,4924196,47,87.49758232,5.090822463,Port_Closure,0.702844353,44.61969251,0.17784512,Land,95121.50444,12458.45844,RDC,2020,3,0.597
Zambia,Malaria_RDT,710327,31,83.74891793,0.717985433,COVID_Lockdown,0.771791935,38.39431869,0.060814918,Air,23338.85098,16650.03183,3PL,2020,5,0.768
Ethiopia,Malaria_RDT,1707153,59,89.57407879,6.870504923,None,0.730158715,37.86296527,0.132147074,Ocean,135121.2251,12595.81312,RDC,2022,1,0.599
Nigeria,Maternal_Health,4395398,57,88.97155002,5.781124006,Conflict,0.923188691,20.66711855,0.055808477,Air,63345.94863,15638.50627,3PL,2023,4,0.678
Kenya,Contraceptive,1535255,50,84.3665369,6.596002329,None,0.792836264,41.18338651,0.152551364,Ocean,119374.063,8245.264193,3PL,2022,1,0.558
Malawi,HIV_ARV,4206004,47,88.66505717,5.007407228,None,0.943742827,45.0743079,0.024105,Ocean,120540.792,16360.83912,COE,2024,1,0.721
Uganda,LLIN,1856684,58,85.04677032,1.547949256,Port_Closure,0.941391756,51.92085735,0.152552962,Ocean,31050.25341,15416.70993,Public_Depot,2020,3,0.684
Ethiopia,Maternal_Health,1859858,44,78.38837042,4.999781444,Conflict,0.89366049,33.93416637,0.087945728,Ocean,86682.47189,21647.27176,COE,2023,4,0.596
Mozambique,HIV_ARV,529083,44,90.52248321,6.869291251,Conflict,0.893076723,30.09540715,0.171109898,Ocean,97159.99072,19403.61477,3PL,2021,4,0.579
Malawi,Maternal_Health,1444316,42,81.46591977,1.429073632,Port_Closure,0.903046311,33.83838562,0.147786172,Ocean,88294.01615,16745.41661,COE,2022,2,0.661
Malawi,Maternal_Health,1951740,52,90.46911978,1.66752195,Port_Closure,0.895391512,51.20415126,0.075303928,Ocean,84971.79456,10844.90694,3PL,2024,2,0.79
Malawi,LLIN,4312627,49,87.62013386,4.261746842,COVID_Lockdown,0.812203424,56.63329883,0.180707837,Ocean,71925.77942,9458.97085,COE,2024,5,0.616
Zambia,Contraceptive,4634946,51,85.57738845,3.886011395,None,0.898020017,53.45188384,0.056667428,Air,63584.73888,10099.9821,Public_Depot,2024,1,0.703
Kenya,Malaria_RDT,2345936,60,76.61503302,4.951508496,Conflict,0.960248021,47.77226438,0.193397726,Land,116741.207,15037.93318,Public_Depot,2022,4,0.516
Zambia,Contraceptive,4351400,64,93.69872779,4.124906163,Flood,0.796446313,39.61383222,0.153440677,Air,96932.77433,18176.94959,RDC,2021,3,0.684
Mozambique,LLIN,4691094,69,84.18443069,5.479998637,None,0.974017818,41.48481951,0.19813497,Ocean,90559.64977,8156.371397,3PL,2023,1,0.552
Zambia,LLIN,2757184,55,89.17281794,8.665454058,None,0.70393866,43.23449774,0.010780923,Land,36966.47837,9626.338802,3PL,2020,1,0.627
Nigeria,LLIN,2962066,58,85.43012938,6.615165166,Port_Closure,0.801233936,36.97458987,0.054807209,Air,77299.4218,13133.63128,COE,2021,3,0.629
Kenya,HIV_ARV,3820771,56,84.64282332,5.168454963,None,0.738308537,50.67017153,0.148252851,Ocean,83325.35162,8457.839307,RDC,2022,1,0.597
Kenya,Contraceptive,1590724,38,86.96403919,1.679865359,None,0.73671975,20.16676624,0.18444994,Ocean,110223.4142,11308.75146,Public_Depot,2023,1,0.67
Mozambique,Contraceptive,2015730,51,86.13286142,2.834040237,None,0.936474553,22.38731438,0.005754163,Air,32693.40387,17979.05009,COE,2020,1,0.775
Uganda,Maternal_Health,4612530,51,84.66503605,7.525202537,None,0.966326811,20.14564776,1.86E-06,Air,52125.86042,15885.83185,RDC,2023,1,0.634
Nigeria,Maternal_Health,4370614,49,85.72342721,3.594543818,Flood,0.925549894,30.37370384,0.051248526,Land,138961.9381,16318.12759,Public_Depot,2020,4,0.716
Ethiopia,Maternal_Health,4133290,54,88.13532328,2.096743615,Conflict,0.983218559,56.15429668,0.170555735,Air,61078.51103,9062.009944,COE,2020,5,0.68
Zambia,LLIN,725673,52,88.48909588,11.29409936,None,0.762735401,25.73252393,0.15343062,Land,29453.31125,6016.333772,Public_Depot,2024,1,0.467
Ghana,Contraceptive,4112224,45,86.21678606,9.573378122,Port_Closure,0.740831975,26.17432083,0.068055492,Ocean,64054.86015,11283.89779,3PL,2022,3,0.547
Zambia,LLIN,1938529,53,89.10468495,4.626639743,None,0.851004097,30.09559163,0.000402253,Ocean,61185.53668,3689.573572,RDC,2021,1,0.753
Malawi,HIV_ARV,1144316,48,83.87965098,1.752006495,Port_Closure,0.940420908,53.29016372,0.110941148,Land,104533.8118,14810.3845,Public_Depot,2024,2,0.702
Zambia,Maternal_Health,4350915,28,97.1244319,7.170076542,Conflict,0.711553336,57.22345439,0.047591094,Ocean,104165.2451,15989.48429,RDC,2024,5,0.704
Ethiopia,LLIN,1686675,41,93.42794304,3.529796005,Port_Closure,0.988714042,52.18067135,0.149121786,Ocean,55919.1457,9857.355228,COE,2023,2,0.701
Zambia,LLIN,756673,55,89.81221497,7.665598288,Conflict,0.874651319,52.92451053,0.089269933,Ocean,73632.31319,15328.39362,RDC,2020,5,0.609
Nigeria,HIV_ARV,851849,65,76.29209753,3.532839768,Port_Closure,0.983893126,59.8228255,0.135720385,Air,101108.1128,15306.77687,COE,2020,3,0.582
Nigeria,Malaria_RDT,1778665,30,89.03009569,9.936186704,Flood,0.805873674,18.44201787,0.170461766,Ocean,102113.4332,8515.320737,RDC,2023,3,0.494
Kenya,Contraceptive,1211068,46,84.31681459,3.443775106,Port_Closure,0.832826908,25.30134504,0.10715196,Air,53962.24561,11400.61342,COE,2022,3,0.666
Mozambique,Malaria_RDT,1085891,59,81.10659634,12.09420045,Conflict,0.918184818,31.59117808,0.067191108,Ocean,57277.50792,11128.5609,COE,2020,5,0.452
Uganda,Maternal_Health,803494,63,84.18951975,5.585173355,COVID_Lockdown,0.929883131,41.24473919,0.153908709,Ocean,148489.9703,16731.24895,COE,2024,5,0.58
Ghana,LLIN,473177,50,81.66082633,9.152916902,Flood,0.767579585,41.20585656,0.053037448,Land,77208.49438,15929.46123,Public_Depot,2024,3,0.537
Malawi,HIV_ARV,692762,48,88.53401547,3.379698923,Conflict,0.969642315,41.39306402,0.178303763,Ocean,129803.4536,15289.1819,3PL,2020,4,0.646
Zambia,HIV_ARV,817876,67,94.07997031,1.065949244,None,0.951552705,50.01063082,0.014285529,Ocean,91858.32978,10755.11269,RDC,2020,1,0.894
Zambia,Contraceptive,3754697,62,90.13014396,0,COVID_Lockdown,0.705279538,16.98584166,0.167093728,Ocean,117850.7481,18462.84104,3PL,2022,5,0.751
Ethiopia,Malaria_RDT,1256184,63,98,8.829811514,None,0.737284751,38.31601625,0.018311145,Ocean,103758.5811,13724.82869,3PL,2020,1,0.679
Mozambique,Contraceptive,1810511,50,78.23193785,5.20404173,None,0.843868161,43.18731043,0.011227396,Ocean,90129.86542,14982.28209,3PL,2022,1,0.639
Nigeria,LLIN,4634074,66,83.46982648,1.257273648,None,0.833677099,36.09392959,0.072651387,Ocean,89774.85704,19922.50816,3PL,2024,1,0.742
Ghana,Contraceptive,3591815,35,81.28487404,8.954609153,COVID_Lockdown,0.905433348,42.26963704,0.191309871,Land,47778.85307,15649.47021,RDC,2022,5,0.461
Kenya,HIV_ARV,96002,66,92.14684157,8.46798205,Conflict,0.726016299,52.26653371,0.196697211,Ocean,79999.74856,12520.90873,RDC,2020,4,0.531
Nigeria,HIV_ARV,4660146,54,84.89724822,9.147157521,COVID_Lockdown,0.887008039,40.7466622,0.0404141,Ocean,69338.69323,11007.78912,3PL,2021,5,0.566
Malawi,Maternal_Health,765339,56,86.94758098,0.980641915,Conflict,0.87874728,65.65341929,0.029727511,Ocean,75164.9743,6064.46493,RDC,2020,5,0.816
Mozambique,Maternal_Health,4189289,45,89.16842766,8.739233903,Port_Closure,0.767749684,51.41064681,0.070590666,Ocean,73913.00764,6734.409255,RDC,2021,3,0.587
Malawi,LLIN,1834006,36,78.72605575,6.152125927,COVID_Lockdown,0.85729425,43.19351847,0.067417368,Ocean,89871.97605,16423.17645,COE,2024,5,0.584
Uganda,Malaria_RDT,4963478,56,82.89325518,9.282869112,COVID_Lockdown,0.76444009,46.04476107,0.151918577,Air,104138.6075,5096.4856,RDC,2023,5,0.485
Kenya,Contraceptive,678889,60,90.98632977,6.628193494,Port_Closure,0.742607678,48.91982008,0.088799804,Land,80874.25329,17045.16842,Public_Depot,2024,2,0.646
Uganda,LLIN,2417108,62,83.2595605,5.519046689,None,0.866209131,60.2250632,0.155976717,Ocean,113646.4308,16213.57424,3PL,2024,1,0.573
Ethiopia,Maternal_Health,4639699,60,77.43178515,8.779955703,Flood,0.983467541,54.09146892,0.149742619,Air,72536.53479,9540.07524,RDC,2024,3,0.466
Malawi,Contraceptive,3894886,58,81.48868556,7.555698315,COVID_Lockdown,0.768710671,46.17046906,0.115662086,Ocean,87600.89801,13726.31236,3PL,2022,5,0.539
Ethiopia,Maternal_Health,975779,45,84.56865973,8.245296796,Conflict,0.803047483,31.25615552,0.16670242,Air,160701.1185,15304.77999,RDC,2024,4,0.511
Zambia,Contraceptive,2579832,62,86.8338026,3.535857798,Conflict,0.774406236,44.97913103,0.039129549,Ocean,48958.24184,13367.84577,3PL,2023,5,0.736
Uganda,Malaria_RDT,3369151,44,85.64593345,4.482771878,COVID_Lockdown,0.777273348,46.9472192,0.032362099,Ocean,72358.2574,17924.89409,Public_Depot,2020,5,0.705
Mozambique,LLIN,275391,66,82.92891079,0,Conflict,0.817215719,49.3342353,0.150130052,Ocean,30568.28541,7431.616473,RDC,2021,4,0.705
Malawi,Contraceptive,241387,54,90.69656719,3.319627793,Conflict,0.903538098,31.1932076,0.048959412,Ocean,91853.41819,15016.66364,RDC,2024,5,0.767
Ghana,HIV_ARV,3682632,54,85.35469532,7.371180616,Flood,0.711253312,48.85685761,0.000558877,Air,85496.1208,10564.33977,Public_Depot,2021,4,0.643
Kenya,HIV_ARV,4658474,63,87.04700681,6.692563453,None,0.977566017,49.60614448,0.182392034,Ocean,88771.5863,6047.509615,RDC,2024,1,0.553
Nigeria,Contraceptive,2834067,65,83.19522011,2.06140367,Flood,0.713421165,25.48160795,0.124587412,Ocean,57653.33659,8359.093901,3PL,2022,4,0.678
Mozambique,Contraceptive,1424073,62,93.54470132,8.847036261,Port_Closure,0.955563423,25.58282373,0.08898754,Land,62148.90258,10902.05826,Public_Depot,2021,2,0.601
Mozambique,Contraceptive,2585394,46,84.04184447,13.91922586,Conflict,0.959369649,53.41618443,0.145147302,Ocean,86621.72473,13093.0184,COE,2024,5,0.385
Ethiopia,HIV_ARV,4607220,62,86.37346433,2.291826636,Port_Closure,0.852101864,29.73798986,0.066666347,Air,42915.795,9395.654686,3PL,2024,2,0.745
Uganda,HIV_ARV,4422352,46,91.17499721,4.382354594,None,0.73972908,58.45282338,0.190733211,Ocean,111445.2576,10975.61609,RDC,2023,1,0.63
Malawi,Contraceptive,1474663,62,87.40021131,3.135213723,None,0.863892331,36.65274597,0.013724058,Ocean,43273.45587,11416.12419,3PL,2023,1,0.772
Malawi,Maternal_Health,2519146,40,87.27544848,4.715342731,Flood,0.882303326,44.61843817,0.128189638,Ocean,80471.33551,9481.799215,Public_Depot,2023,4,0.641
Zambia,Maternal_Health,3341070,54,76.13172245,5.821718001,Port_Closure,0.948750098,44.03555474,0.155457897,Ocean,71926.24282,10733.77324,RDC,2022,3,0.518
Zambia,Malaria_RDT,736268,46,89.40317501,2.908001184,None,0.859759659,31.42636486,0.093825182,Ocean,69998.55747,15291.81981,RDC,2021,1,0.732
Kenya,LLIN,851955,63,86.2779347,4.169240618,None,0.819105725,56.68547596,0.150993671,Air,36828.20438,19595.84375,Public_Depot,2022,1,0.631
Ethiopia,Maternal_Health,1161009,66,88.70782552,5.261729596,Port_Closure,0.943104446,36.66429041,0.18538208,Air,83674.12795,13833.33378,COE,2020,2,0.596
Mozambique,HIV_ARV,2063148,56,86.91606524,6.414805898,None,0.984476021,40.70546585,0.14879878,Air,48758.3612,13526.52698,RDC,2024,1,0.582
Malawi,Maternal_Health,4517223,56,83.20421221,9.399478715,None,0.887079929,16.21401275,0.061873373,Land,89205.76503,12678.4903,RDC,2024,1,0.536
Ghana,Malaria_RDT,1569593,62,90.47153583,4.956563424,None,0.953572241,23.96331411,0.112369275,Land,62215.44577,11436.39525,RDC,2024,1,0.67
Ethiopia,Malaria_RDT,2494291,66,86.99063306,3.314493094,Port_Closure,0.873633183,53.52554541,0.182320704,Ocean,83491.88691,15303.08554,COE,2023,2,0.633
Kenya,LLIN,197745,55,79.55306754,7.089017443,Port_Closure,0.900038518,39.93361199,0.089819545,Air,30659.57543,16932.67237,3PL,2024,3,0.553
Kenya,Maternal_Health,3842824,50,92.54258578,6.200518637,None,0.899568464,32.9732031,0.136339699,Ocean,112368.3459,8353.456164,COE,2023,1,0.634
Ethiopia,HIV_ARV,1780992,61,78.84760218,4.421517213,Conflict,0.904388226,33.1660773,0.093102945,Land,117890.2304,17153.13398,3PL,2020,5,0.61
Kenya,HIV_ARV,187686,36,90.50464617,6.455050174,None,0.793093899,46.58304371,0.024268831,Land,68437.49958,19501.81537,RDC,2022,1,0.693
Ethiopia,Contraceptive,2117636,64,93.43465886,3.850554264,None,0.866941805,55.12445306,0.011719527,Ocean,169042.3113,8969.534014,3PL,2022,1,0.805
Nigeria,HIV_ARV,4201923,47,80.46852282,3.408847943,None,0.872299319,33.25922365,0.190454792,Ocean,107821.469,16682.74389,3PL,2022,1,0.577
Ethiopia,LLIN,2033044,52,85.38619107,0,None,0.791370772,53.15034157,0.122508355,Land,77253.4284,19541.51733,3PL,2023,1,0.749
Uganda,LLIN,3974221,64,84.92025877,4.016230678,None,0.801457187,38.07909205,0.020762983,Ocean,70271.47854,15863.45441,3PL,2021,1,0.72
Ethiopia,HIV_ARV,3364344,50,85.14514422,0,None,0.921051562,46.00779468,0.171487712,Ocean,61559.92064,12296.14915,RDC,2021,1,0.705
Kenya,HIV_ARV,99976,61,95.15119178,3.081788453,Flood,0.868989914,18.6995337,0.104538627,Ocean,67277.84339,16115.30358,Public_Depot,2020,4,0.765
Malawi,Contraceptive,2572620,66,80.52640564,6.73844221,Flood,0.743271233,20.75587502,0.154386422,Ocean,81703.91788,9749.923928,COE,2021,3,0.528
Uganda,HIV_ARV,2413128,56,84.46716478,0.484490978,Port_Closure,0.942914727,49.84102898,0.025351239,Ocean,83687.22608,11749.82338,3PL,2020,2,0.81
Kenya,Contraceptive,3417611,58,93.51661249,4.430465168,Conflict,0.956103143,43.29931528,0.181382086,Ocean,42879.05645,10069.41643,RDC,2024,5,0.652
Zambia,Contraceptive,4455813,53,84.38525586,5.196421003,None,0.835180933,44.84412638,0.118107088,Ocean,125642.327,7611.198021,RDC,2022,1,0.615
Zambia,HIV_ARV,3692693,56,81.32110142,4.284217387,COVID_Lockdown,0.760583155,27.05477141,0.147652136,Land,108603.1432,13166.04461,RDC,2023,5,0.594
Malawi,Malaria_RDT,2077320,43,87.31507341,3.555995518,None,0.974805884,34.9331809,0.006275938,Ocean,140417.183,14216.18314,RDC,2020,1,0.765
Malawi,Malaria_RDT,1862105,52,90.02820271,5.976166441,Flood,0.955858174,19.93302413,0.06306098,Ocean,96036.71505,15649.39801,3PL,2023,3,0.675
Uganda,Contraceptive,1997238,42,84.03579515,6.392297602,None,0.770870706,29.83062178,0.053489083,Ocean,116401.7006,1000,COE,2023,1,0.626
Nigeria,HIV_ARV,1445796,46,88.77184195,5.004578386,Conflict,0.727722184,39.72565677,0.189918999,Ocean,47493.10323,13730.78528,RDC,2022,4,0.599
Malawi,Malaria_RDT,4859045,34,79.11692453,3.722717247,Port_Closure,0.827789546,43.93392409,0.037067714,Land,103067.3409,13315.41883,COE,2024,2,0.667
Zambia,HIV_ARV,3611262,57,79.39486458,7.594207799,None,0.896155126,31.44484223,0.141410345,Land,31250.17139,8637.062827,COE,2024,1,0.509
Ethiopia,HIV_ARV,258859,71,83.7995686,1.067779819,Flood,0.75086269,46.62584241,0.008550708,Ocean,55851.60927,11222.29392,COE,2021,4,0.801
Kenya,HIV_ARV,4077902,50,88.9500871,7.062135675,None,0.848831671,39.54063681,0.039536817,Ocean,160196.4967,16017.15868,Public_Depot,2024,1,0.653
Zambia,Maternal_Health,95475,64,89.8074899,6.259083174,Conflict,0.823370493,37.28884224,0.067719471,Air,74503.31728,13389.59578,RDC,2022,5,0.663
Zambia,HIV_ARV,3353364,66,80.08991976,5.597080531,Flood,0.958259833,41.00357443,0.15890117,Ocean,84425.90555,12928.98673,RDC,2023,3,0.548
Nigeria,Maternal_Health,3289254,43,89.62210352,4.970313513,None,0.824574324,65.19543071,0.157995316,Ocean,106058.2293,16571.69191,RDC,2020,1,0.63
Uganda,Contraceptive,1149577,45,86.8325352,0,None,0.854795154,38.06791787,0.190520372,Ocean,83836.36951,22259.35577,COE,2020,1,0.703
Uganda,Malaria_RDT,894081,64,81.60397653,9.162057086,None,0.977032997,51.42692311,0.183353501,Land,54357.04124,12029.7074,RDC,2024,1,0.463
Mozambique,Malaria_RDT,4673037,54,79.32905824,7.516013147,Flood,0.786910612,46.55542333,0.016302919,Ocean,55097.76844,13987.08629,RDC,2021,3,0.585
Nigeria,Malaria_RDT,3745727,42,87.14911577,2.115829472,None,0.78380737,37.02208746,0.165973544,Ocean,109044.1973,9433.645866,COE,2020,1,0.676
Ethiopia,Malaria_RDT,1652970,48,92.44781612,7.276429055,Port_Closure,0.931882573,21.3965662,0.090234716,Ocean,93948.10697,21579.11854,RDC,2021,3,0.637
Uganda,Malaria_RDT,1581064,59,86.17761215,5.566519099,COVID_Lockdown,0.780486306,32.47327309,0.173177218,Ocean,110091.4163,10840.74316,3PL,2020,5,0.58
Kenya,Malaria_RDT,4461887,47,81.32539575,3.250993912,None,0.941241102,40.91660192,0.01785725,Ocean,102621.4557,5768.43435,Public_Depot,2021,1,0.712
Malawi,Malaria_RDT,277189,27,76.65988856,8.575381152,COVID_Lockdown,0.727705327,38.74267868,0.16455382,Ocean,86813.83034,15487.13012,3PL,2021,5,0.457
Nigeria,Contraceptive,2126198,51,93.64745423,3.707482223,Flood,0.732265762,55.55959808,0.031928504,Land,85395.91596,6559.313164,3PL,2023,4,0.795
Malawi,HIV_ARV,1518919,52,91.20925305,9.068379799,None,0.961383779,31.1979795,0.066768326,Ocean,87902.84791,18180.11593,3PL,2022,1,0.594
Zambia,LLIN,3331941,55,87.51038424,6.602841095,Port_Closure,0.856835562,38.23826358,0.00576968,Ocean,74089.91948,15357.17448,COE,2020,2,0.679
Kenya,Maternal_Health,2700324,67,93.38996984,7.869676179,Flood,0.908456137,46.43637348,0.024745618,Ocean,74438.04056,8888.343129,RDC,2024,3,0.672
Kenya,LLIN,3460580,55,87.1195955,6.737256119,Port_Closure,0.765333779,36.66236248,0.089145177,Air,100059.8029,15682.31454,3PL,2022,2,0.615
Zambia,LLIN,3735104,57,83.34481525,6.598192363,None,0.748219567,51.68408208,0.163667667,Ocean,128221.0808,11664.76884,3PL,2023,1,0.544
Nigeria,HIV_ARV,1470858,65,88.77566123,5.645691295,None,0.942136736,26.94918794,0.154733954,Ocean,34725.49569,14707.13034,RDC,2023,1,0.609
Zambia,HIV_ARV,1798982,55,81.85137162,2.819543159,Conflict,0.804000788,21.76279386,0.047059552,Air,156624.8897,7874.595751,COE,2023,5,0.707
Malawi,HIV_ARV,1495065,76,81.02176091,5.187577167,Flood,0.83195946,36.56295286,0.03033809,Ocean,105778.8253,7628.63163,3PL,2024,4,0.65
Mozambique,Malaria_RDT,4946799,42,89.85803555,7.749172532,Port_Closure,0.70811185,39.14755791,0.077852693,Land,98065.15422,14271.47858,RDC,2020,3,0.615
Kenya,Contraceptive,128077,45,90.27879384,7.157779135,None,0.811905413,42.61721057,0.176653669,Ocean,54750.6815,20535.5313,RDC,2020,1,0.566
Ghana,Malaria_RDT,4559322,61,79.6313086,6.503760395,Conflict,0.923426964,41.6614562,0.018285015,Ocean,63642.91216,10419.46122,Public_Depot,2021,5,0.612
Ghana,Contraceptive,1691232,67,79.81601159,0,COVID_Lockdown,0.938169801,35.09924405,0.108582802,Ocean,103338.6043,10116.86641,3PL,2021,5,0.711
Malawi,Contraceptive,4495818,52,83.77475153,4.360327643,None,0.902638889,21.90438665,0.017761496,Ocean,92525.85278,11645.12727,3PL,2021,1,0.703
Ethiopia,LLIN,4145077,44,82.44347583,4.045132336,None,0.900732123,38.57549473,0.094042424,Air,46241.75243,7706.488467,Public_Depot,2024,1,0.646
Uganda,LLIN,834192,72,88.38244382,1.690227296,Conflict,0.846809387,27.52906454,0.025358302,Ocean,59137.08869,15211.22321,RDC,2022,4,0.813
Zambia,Contraceptive,4680232,47,86.24024919,7.711272863,Conflict,0.856115505,40.84667423,0.016067387,Ocean,62808.93029,16608.11663,RDC,2020,4,0.63
Zambia,Contraceptive,970114,58,91.82453129,0,Flood,0.915363207,26.7040897,0.038169867,Land,60244.05604,14928.85525,3PL,2021,4,0.883
Ethiopia,Malaria_RDT,651891,68,87.58628863,7.509907244,COVID_Lockdown,0.771717522,44.55052133,0.051051204,Air,93143.83561,12320.95444,3PL,2024,5,0.623
Ethiopia,Malaria_RDT,3579921,50,82.77711585,8.987714748,Flood,0.76713995,60.01494305,0.055253076,Ocean,54279.83788,8900.70229,Public_Depot,2024,4,0.548
Malawi,LLIN,2232926,48,76.54435569,4.370474785,None,0.975478199,31.28833872,0.129053589,Ocean,108369.1987,21253.19272,3PL,2021,1,0.57
Malawi,HIV_ARV,2535670,49,86.89727992,4.776983168,Flood,0.708030067,24.8187429,0.010996375,Ocean,40440.01387,9570.234466,3PL,2023,4,0.723
Ethiopia,Contraceptive,3394250,64,77.44835945,7.902677707,Flood,0.740444984,53.73412156,0.016161812,Air,114285.6291,9475.388052,COE,2023,4,0.561
Kenya,Malaria_RDT,3416085,65,82.71522382,2.70903604,COVID_Lockdown,0.865396404,61.20401053,0.037741232,Land,176791.1881,5832.595598,Public_Depot,2023,5,0.724
Malawi,LLIN,4656976,55,82.39136611,6.98232943,None,0.913972103,25.05303187,0.174412614,Ocean,108362.5836,7312.940654,RDC,2021,1,0.522
Mozambique,Malaria_RDT,4073278,73,83.45786443,2.246556957,Port_Closure,0.855988414,38.9016092,0.125720985,Ocean,68682.00857,14398.46545,3PL,2024,3,0.675
Malawi,Contraceptive,587977,55,79.4198287,1.347674283,Conflict,0.802968559,45.8410785,0.146073932,Ocean,69993.01551,11292.88308,RDC,2024,5,0.648
Zambia,Contraceptive,2049014,67,82.37361696,5.88797218,None,0.983613075,36.87691975,0.074072431,Ocean,51294.55839,9544.459422,3PL,2020,1,0.613
Malawi,Maternal_Health,3753292,50,91.72952289,4.919939056,None,0.904117279,18.98066431,0.04264407,Air,117351.603,9808.794542,COE,2023,1,0.734
Kenya,HIV_ARV,1608141,78,91.71574244,0,Conflict,0.941103344,23.52505972,0.007592272,Ocean,89890.6274,10944.9722,Public_Depot,2021,4,0.91
Ethiopia,Maternal_Health,3718280,70,93.66249888,9.245932857,Port_Closure,0.711671594,24.78648154,0.097707124,Ocean,30717.3842,10342.45787,Public_Depot,2020,2,0.585
Zambia,LLIN,2773408,53,86.05073263,3.755848885,Flood,0.768416832,27.51875077,0.114856193,Ocean,41397.35915,18610.66838,RDC,2024,4,0.666
Malawi,Malaria_RDT,1898058,69,87.35609564,6.532039758,Conflict,0.808509617,41.04221494,0.179400559,Ocean,32285.98095,11512.16091,COE,2020,4,0.561
Kenya,LLIN,4834808,68,91.80305709,9.815549754,None,0.752954405,53.17275809,0.176418596,Ocean,107873.064,13583.15166,RDC,2023,1,0.509
Mozambique,Contraceptive,2209173,70,78.64669522,5.742813129,COVID_Lockdown,0.721140789,23.71046637,0.084937032,Land,54945.18947,13236.82736,COE,2022,5,0.582
Malawi,Maternal_Health,4704419,30,90.02814253,8.819876198,Flood,0.765276583,30.56907287,0.084715586,Air,110016.1597,13372.63752,3PL,2023,3,0.582
Kenya,Maternal_Health,92291,62,92.51172362,2.410837861,Port_Closure,0.854754333,26.68047237,0.032224579,Ocean,68253.9039,11517.52161,3PL,2023,3,0.823
Mozambique,Maternal_Health,4672580,60,81.55519837,9.262956061,Port_Closure,0.901766122,43.46096738,0.051489798,Air,108774.8841,11102.94996,COE,2021,3,0.535
Ethiopia,LLIN,4639058,59,92.91319573,2.522406512,COVID_Lockdown,0.924466068,30.13691006,0.185132715,Air,77279.14033,15572.44519,3PL,2022,5,0.693
Malawi,Contraceptive,4547968,57,96.2885804,3.286575537,None,0.712451485,27.871353,0.028207202,Ocean,113495.2082,13878.68898,Public_Depot,2022,1,0.833
Mozambique,Malaria_RDT,2172827,57,89.88923335,0.636003767,None,0.82411599,20.83526086,0.193739909,Ocean,61235.4513,9965.856474,COE,2022,1,0.709
Zambia,Malaria_RDT,4917951,67,88.97252184,5.805273665,None,0.735441359,56.31658971,0.10094771,Ocean,62961.71594,1560.593351,COE,2024,1,0.645
Ethiopia,LLIN,2118671,60,80.40111975,6.892782543,None,0.825048112,66.2747461,0.091321355,Ocean,71339.99533,10572.17213,RDC,2020,1,0.563
Zambia,Maternal_Health,758672,57,91.34601965,7.300425156,Port_Closure,0.825852996,41.0100804,0.034927676,Land,110012.7542,7558.675118,COE,2024,2,0.667
Ghana,HIV_ARV,387369,66,80.87204674,0.705241221,COVID_Lockdown,0.844481389,57.82714388,0.13230825,Ocean,52533.22753,9306.907535,RDC,2022,5,0.685
Nigeria,LLIN,4026974,59,87.84870401,6.124928739,Conflict,0.958920882,33.19706593,0.091969104,Land,67702.25103,7711.487056,COE,2021,5,0.635
Malawi,LLIN,3542963,60,88.35547554,6.235947104,None,0.933477696,39.98923444,0.074132614,Air,77501.78012,17638.2422,Public_Depot,2023,1,0.648
Mozambique,Contraceptive,4557167,73,69.51873494,6.844315129,Port_Closure,0.884649045,47.81527838,0.052903244,Ocean,96971.95562,17609.95647,Public_Depot,2023,2,0.508
Nigeria,Malaria_RDT,2277039,50,88.02901692,2.68181364,Flood,0.956768124,30.97879072,0.013297361,Land,73113.54528,16032.12715,Public_Depot,2024,3,0.791
Nigeria,LLIN,346063,39,98,0,None,0.896755899,38.0865837,0.103865623,Ocean,102328.9218,11664.5587,RDC,2024,1,0.878
Mozambique,LLIN,1433875,55,75.54071789,7.119436712,Conflict,0.937467939,36.60538601,0.062581667,Ocean,62565.44509,10336.39472,RDC,2021,5,0.54
Ethiopia,Maternal_Health,1926336,57,85.73054003,4.562511095,Conflict,0.863495707,45.25286286,0.141573041,Air,114670.2917,7022.130221,3PL,2023,5,0.624
Malawi,Maternal_Health,4006778,62,76.26442312,5.840723317,Conflict,0.852313293,40.74475438,0.144704471,Ocean,107695.3876,16657.58078,RDC,2024,4,0.525
Ghana,HIV_ARV,4803267,56,81.52929281,4.71617889,None,0.9099882,31.27113358,0.066421402,Ocean,67814.17081,16474.49019,RDC,2020,1,0.641
Zambia,Contraceptive,2937757,62,76.35111573,5.703506741,Port_Closure,0.7057099,36.38931207,0.133824137,Air,106617.8168,14971.10222,Public_Depot,2024,2,0.536
Kenya,HIV_ARV,2518665,80,86.79771163,7.211357883,None,0.900209496,53.37692305,0.051735048,Land,52252.28766,8565.653318,COE,2024,1,0.625
Zambia,Maternal_Health,2959984,63,89.96802402,0,None,0.971010283,46.586266,0.145434745,Ocean,89852.92361,11651.78645,RDC,2022,1,0.769
Kenya,Malaria_RDT,742924,64,88.04869316,8.423060829,Port_Closure,0.907043203,45.54215156,0.003215429,Ocean,61309.55091,12522.07944,3PL,2020,2,0.631
Zambia,Maternal_Health,2620115,53,81.34908765,4.453572513,COVID_Lockdown,0.71067018,67.07201512,0.030321753,Ocean,94399.42914,5932.312455,COE,2020,5,0.672
Mozambique,Contraceptive,1711655,41,82.95302622,9.881222805,Conflict,0.809586836,26.42860041,0.049001732,Air,79905.47399,18715.30641,RDC,2021,5,0.529
Ghana,Maternal_Health,4722412,32,87.36136343,3.621633754,COVID_Lockdown,0.934778578,48.51711204,0.154587097,Ocean,62227.03852,7593.127932,COE,2022,5,0.649
Malawi,Contraceptive,3150498,49,81.50538005,2.955206562,Conflict,0.97799648,40.65764474,0.013275251,Land,37855.18246,9881.535075,COE,2020,5,0.725
Kenya,Contraceptive,4839125,29,79.35602446,4.554981777,None,0.807347373,44.12579773,0.037611429,Air,78515.22929,5912.565838,COE,2022,1,0.648
Malawi,Contraceptive,4720432,60,84.8043647,6.499961123,Flood,0.943946276,42.18739055,0.071724821,Air,120791.1864,12185.75429,COE,2022,3,0.617
Malawi,Contraceptive,1073920,51,81.27645895,4.176942345,None,0.950504864,31.5819312,0.001834999,Land,93526.91981,12005.85811,COE,2023,1,0.698
Malawi,Contraceptive,3861666,41,88.05778959,6.717539863,None,0.735753056,27.57938361,0.152424195,Land,38085.08546,16920.61648,RDC,2020,1,0.579
Uganda,Malaria_RDT,3869712,56,92.493487,3.838622285,Port_Closure,0.945278655,39.99798659,0.11202103,Ocean,77992.65865,9209.734288,COE,2023,2,0.716
Ethiopia,HIV_ARV,1083668,47,98,5.104676654,Flood,0.79403247,30.61389868,0.180135877,Ocean,120653.2359,8658.715223,COE,2024,4,0.667
Zambia,LLIN,2523199,59,87.69033456,11.70965885,Flood,0.872038939,35.56473927,0.006206207,Air,75704.74146,13320.68004,3PL,2024,4,0.531
Malawi,HIV_ARV,347675,62,89.22986081,6.071800591,None,0.856299015,49.57792306,0.054278137,Land,55812.53694,4698.197312,3PL,2023,1,0.673
Zambia,Contraceptive,758175,47,83.00341328,6.312488681,None,0.89228562,25.27738488,0.146250331,Air,137419.0828,18325.94609,COE,2024,1,0.56
Malawi,Malaria_RDT,3725002,52,83.31311613,0.582290038,None,0.914734749,37.69945445,0.135029884,Ocean,52579.14483,7713.441716,RDC,2023,1,0.707
Kenya,Maternal_Health,1917306,57,92.42028123,9.06286257,None,0.827855518,52.65419252,0.048611488,Air,78212.30592,20267.98939,3PL,2021,1,0.614
Ethiopia,Malaria_RDT,313625,40,84.618361,8.199395256,None,0.957610138,33.91389958,0.119137547,Ocean,66548.27647,9831.819915,3PL,2022,1,0.542
Ethiopia,Contraceptive,892840,57,86.36473689,2.856652672,Flood,0.934754542,57.63346266,0.158751531,Land,104585.6002,7292.477327,COE,2021,4,0.657
Mozambique,Malaria_RDT,4444643,40,92.11487835,8.140177803,Conflict,0.927772117,21.39047002,0.006676141,Ocean,99443.10886,15332.32407,RDC,2020,4,0.667
Uganda,Malaria_RDT,175355,60,84.65686414,5.989403682,Port_Closure,0.832891584,61.83261449,0.143525679,Land,58139.99274,15102.03488,Public_Depot,2021,3,0.58
Mozambique,Contraceptive,4272102,50,93.50210219,5.139247696,Flood,0.710896137,40.21580083,0.050419413,Ocean,64009.98195,15199.00038,RDC,2021,3,0.736
Mozambique,Malaria_RDT,665937,40,88.86514668,8.872866939,None,0.842754358,24.05632422,0.189570258,Land,89166.82512,13402.35531,3PL,2024,1,0.507
Mozambique,LLIN,1425607,49,88.27699085,3.463104281,COVID_Lockdown,0.960549205,49.99813169,0.107644044,Ocean,91547.25386,21958.88772,3PL,2023,5,0.697
Mozambique,LLIN,69477,49,82.75905426,2.832934833,None,0.755230545,45.17002139,0.006677237,Air,78135.95346,7601.961299,3PL,2020,1,0.744
Mozambique,Malaria_RDT,3606210,65,88.54562998,5.622689961,Conflict,0.984951817,56.5857734,0.080686124,Land,75779.19563,18446.36556,3PL,2024,4,0.661
Ghana,Maternal_Health,2537111,56,83.85477026,6.584686444,COVID_Lockdown,0.93423028,21.56750883,0.193262372,Air,48141.3626,6564.380532,3PL,2020,5,0.528
Ethiopia,Contraceptive,2059606,45,88.34704428,7.89894766,Conflict,0.90585064,26.84660154,0.146074599,Air,140507.7586,19607.58184,COE,2022,4,0.556
Mozambique,LLIN,1609757,71,85.49087467,4.547141145,None,0.896376388,49.24062137,0.060095801,Ocean,104151.8745,14410.42554,COE,2023,1,0.682
Malawi,Maternal_Health,4649409,61,90.83404785,2.45068665,Flood,0.870237506,70.59443121,0.115053459,Ocean,85177.05317,19237.46173,COE,2024,4,0.738
Ethiopia,Malaria_RDT,3482207,51,85.84114414,12.58570315,None,0.908994394,46.90298419,0.119820271,Land,114286.0366,16568.51346,3PL,2021,1,0.439
Ethiopia,Maternal_Health,4517890,39,96.18928775,1.740216317,None,0.822352611,48.7610414,0.004669632,Ocean,78879.75547,4301.541569,COE,2022,1,0.902
Nigeria,HIV_ARV,1931297,50,84.62226511,5.16535437,None,0.945133551,30.86482567,0.035766672,Air,60567.20106,11648.00519,3PL,2021,1,0.675
Ghana,LLIN,873759,52,83.32712619,7.339116574,COVID_Lockdown,0.901940327,37.81780196,0.110355388,Air,95379.61249,7987.133707,RDC,2020,5,0.56
Mozambique,Malaria_RDT,3080855,58,87.73056893,8.453367845,COVID_Lockdown,0.923663403,32.56198603,0.080550512,Ocean,89170.18861,18975.06327,Public_Depot,2022,5,0.579
Zambia,Contraceptive,4579275,61,91.38935528,3.298519464,None,0.929821352,46.02811274,0.038007563,Ocean,135454.586,16202.38745,RDC,2024,1,0.782
Kenya,Malaria_RDT,181184,63,91.35049242,0,Port_Closure,0.726700313,51.15430778,0.154533747,Ocean,62887.9439,13605.66363,Public_Depot,2021,3,0.772
Uganda,Contraceptive,1185627,38,86.83390722,3.22920448,COVID_Lockdown,0.716135824,42.2286014,0.097798976,Ocean,56115.96356,11350.06561,COE,2021,5,0.699
Malawi,Malaria_RDT,2297805,57,87.6954458,7.583967531,Port_Closure,0.932285902,49.54527235,0.061994628,Land,148037.2333,14694.11138,Public_Depot,2020,3,0.615
Zambia,Maternal_Health,295300,53,87.70269029,6.912489444,None,0.775221366,39.6550587,0.032335469,Air,120535.7812,9167.422583,RDC,2020,1,0.653
Ghana,Maternal_Health,634010,81,80.61063593,7.010367077,Port_Closure,0.868771244,55.89586433,0.122232673,Ocean,104100.9441,14125.30752,RDC,2023,2,0.542
Kenya,Maternal_Health,142036,55,91.12036721,7.134992258,Conflict,0.828676148,29.66139061,0.133252261,Ocean,64493.02939,12506.93234,Public_Depot,2023,4,0.602
Ghana,HIV_ARV,903392,48,79.71071784,9.020252698,Port_Closure,0.706391369,56.99123578,0.133919443,Air,97531.67232,9732.901439,RDC,2020,2,0.483
Malawi,Contraceptive,331696,56,80.62000662,2.672334664,Conflict,0.711681565,31.40628537,0.044057472,Ocean,46283.1168,15781.84233,COE,2023,5,0.702
Ethiopia,Maternal_Health,3712340,54,86.27513542,1.406306013,Port_Closure,0.93986632,40.19664302,0.119067681,Ocean,69597.87593,20543.24357,RDC,2021,3,0.724
Kenya,HIV_ARV,1240456,35,84.40070133,6.111440736,None,0.876226493,25.6685075,0.181081293,Ocean,50096.10256,7286.63697,Public_Depot,2020,1,0.55
Ethiopia,Contraceptive,4479723,59,89.980787,1.854425931,None,0.851914493,46.07162105,0.07063752,Land,62408.77332,16778.79385,COE,2022,1,0.785
Malawi,Malaria_RDT,1040029,51,88.23676336,1.217253952,None,0.973862104,41.57782082,0.042153387,Ocean,49258.82889,9770.510624,Public_Depot,2020,1,0.811
Zambia,HIV_ARV,204692,54,86.69100694,8.67187973,Port_Closure,0.750203358,48.86375674,0.154429903,Ocean,105877.0966,15336.06803,3PL,2024,3,0.521
Malawi,LLIN,4507335,46,80.37233002,5.751079451,None,0.774811544,19.19455508,0.035376588,Land,138622.6316,10531.33186,3PL,2024,1,0.627
Zambia,HIV_ARV,2441098,44,86.13280052,5.085479447,Conflict,0.919454333,41.60626144,0.050749744,Ocean,114288.9911,11801.15298,COE,2020,4,0.679
Kenya,HIV_ARV,1707888,63,85.73744265,5.14782199,Port_Closure,0.924818216,44.84176888,0.020128879,Land,107474.4254,12196.77802,COE,2022,2,0.696
Kenya,Contraceptive,2635917,66,87.11093368,4.681582971,Conflict,0.817420187,28.13704891,0.053574863,Ocean,74914.37772,18445.37329,RDC,2020,4,0.696
Mozambique,Malaria_RDT,4887231,59,83.84980997,8.651721936,COVID_Lockdown,0.975783746,46.39619123,0.082067013,Ocean,90765.48475,12631.82341,Public_Depot,2022,5,0.548
Ghana,LLIN,1874964,36,88.61408769,0.456152284,Conflict,0.972093828,12.43383429,0.012831572,Ocean,52832.8658,11643.29077,3PL,2021,5,0.861
Mozambique,Maternal_Health,1438509,59,84.26719481,0.331929256,COVID_Lockdown,0.703598817,38.46729591,0.174341782,Ocean,46024.64779,12668.44323,RDC,2021,5,0.688
Ghana,Maternal_Health,3804542,37,88.14556733,2.190855444,Port_Closure,0.749975092,56.94995168,0.102734958,Ocean,41413.36027,20584.33297,3PL,2022,2,0.733
Mozambique,HIV_ARV,2548214,48,89.98023787,5.867484943,None,0.937863638,38.3635756,0.117620726,Ocean,48395.87356,15240.34741,RDC,2023,1,0.639
Ethiopia,Contraceptive,4728083,63,83.32702251,10.41603122,COVID_Lockdown,0.797212839,31.37122523,0.074257151,Ocean,105615.2922,10558.21519,RDC,2021,5,0.504
Kenya,Contraceptive,4814812,61,82.13920765,7.607251975,Conflict,0.727684177,39.22424772,0.133967046,Ocean,108902.9888,18992.60757,3PL,2024,4,0.531
Zambia,Maternal_Health,4623574,59,88.38183078,6.777328143,Conflict,0.927649761,41.18865853,0.086356347,Air,57954.15557,13722.2555,RDC,2020,4,0.625
Ghana,LLIN,4158502,68,79.3945016,4.760399206,Flood,0.831829217,50.75624251,0.152262755,Land,93807.70342,9548.475124,3PL,2023,3,0.566
Malawi,Malaria_RDT,1618146,60,91.55832377,1.002410258,Flood,0.842799128,41.55864391,0.164280429,Land,119258.6948,14574.82299,COE,2024,3,0.74
Ghana,LLIN,533455,34,86.05481309,6.544969472,None,0.754047123,49.14435781,0.134369822,Ocean,80442.69708,12399.32999,Public_Depot,2020,1,0.582
Zambia,Malaria_RDT,4086405,51,85.42620799,11.0779012,Flood,0.891659566,41.10462909,0.098267124,Land,62699.1999,1000,RDC,2024,4,0.486
Mozambique,Maternal_Health,597219,54,88.73007959,4.279827033,None,0.859859982,31.0081767,0.15645387,Ocean,72502.61048,14322.9893,3PL,2023,1,0.642
Ghana,Malaria_RDT,2236268,53,88.4197726,3.317979906,None,0.759935152,23.17772881,0.098857062,Ocean,127926.3536,8698.522874,3PL,2022,1,0.709
Uganda,Contraceptive,4495975,48,86.03259037,4.294270411,Port_Closure,0.798696137,44.46019857,0.022301981,Ocean,82913.79324,7909.353993,Public_Depot,2020,3,0.721
Ethiopia,HIV_ARV,4037793,44,90.39308205,6.799253415,Port_Closure,0.873094993,10.34518964,0.023268045,Air,149071.6827,5227.626575,Public_Depot,2024,2,0.683
Kenya,HIV_ARV,1674777,79,82.63805847,5.335190556,None,0.968212954,18.81757786,0.189716628,Land,64972.97498,13512.76199,Public_Depot,2024,1,0.551
Zambia,Maternal_Health,2921656,51,89.56178247,7.730042333,Conflict,0.966909142,23.22358538,0.042712602,Air,69815.85232,12409.87713,RDC,2023,4,0.636
Kenya,Contraceptive,4758569,78,80.60688264,4.899647377,Conflict,0.783492712,48.57546641,0.163184998,Ocean,42839.90443,16796.33049,3PL,2023,5,0.564
Uganda,LLIN,3905933,43,88.55324496,4.276965111,Flood,0.913330084,22.12248634,0.049341081,Air,117171.6638,9810.056513,RDC,2023,4,0.722
Ghana,Contraceptive,4872684,61,84.36063352,5.68701794,Port_Closure,0.924900533,45.64165212,0.086156019,Ocean,87827.05235,11074.78859,RDC,2022,2,0.625
Ghana,HIV_ARV,2376729,57,79.44456969,3.38104347,COVID_Lockdown,0.934558699,27.6162717,0.130989622,Ocean,57993.38428,20918.26921,COE,2021,5,0.613
Malawi,HIV_ARV,3957129,45,87.28321409,10.22229482,None,0.865521063,38.24220192,0.031773435,Ocean,74241.20005,5100.31049,Public_Depot,2024,1,0.557
Uganda,Contraceptive,145556,50,85.82786753,7.469343194,Flood,0.703047319,39.24875771,0.147449298,Ocean,99563.7442,17863.58904,COE,2022,4,0.55
Zambia,Contraceptive,1947883,54,78.28637245,1.700904238,None,0.920886123,38.06257078,0.137982595,Ocean,60195.44847,9880.838853,COE,2024,1,0.637
Malawi,HIV_ARV,3519992,46,75.43167229,2.762722485,None,0.73091326,32.24020377,0.108616578,Air,95268.0116,25000,RDC,2022,1,0.61
Ethiopia,LLIN,1605537,52,85.23868083,6.696011015,Port_Closure,0.733892702,21.20351988,0.113177951,Ocean,111984.1379,15888.61907,RDC,2020,3,0.587
Malawi,Maternal_Health,702755,31,94.0911298,5.549952638,Flood,0.875631193,40.32199285,0.021154359,Ocean,71993.56939,10488.08496,3PL,2021,3,0.751
Nigeria,Maternal_Health,3716344,62,87.60507504,5.907535128,None,0.985220951,46.6918497,0.08718983,Ocean,29153.71387,7424.976172,COE,2024,1,0.642
Zambia,Contraceptive,3576362,67,82.65848382,4.423617588,None,0.770336447,48.15049036,0.017314279,Land,76886.91059,14636.99781,Public_Depot,2023,1,0.693
Nigeria,Maternal_Health,793088,59,91.40934758,6.36551911,Port_Closure,0.887285155,40.98146561,0.061572658,Ocean,69884.57012,5360.765212,COE,2021,2,0.676
Uganda,HIV_ARV,4894747,77,90.53611809,4.494182394,Port_Closure,0.788059557,43.09123846,0.180062428,Ocean,47638.58522,15754.06574,3PL,2024,3,0.631
Mozambique,HIV_ARV,2645834,61,92.35789539,6.69013863,Flood,0.960630573,30.74670086,0.11490668,Ocean,102603.0572,7425.080709,COE,2020,4,0.635
Nigeria,Contraceptive,109778,66,89.41948882,7.319084694,None,0.872119899,45.39363634,0.148540688,Air,103769.8721,9120.568549,COE,2024,1,0.576
Ethiopia,Contraceptive,1144409,67,90.42951162,9.82022101,Port_Closure,0.760168425,44.95202383,0.114777173,Ocean,91546.17919,1789.556838,COE,2024,2,0.538
Malawi,Contraceptive,2703528,27,89.65554266,3.455902271,None,0.776018005,36.42636713,0.038847352,Ocean,71995.44152,13520.54767,3PL,2024,1,0.762
Mozambique,LLIN,4154399,59,83.61247526,4.966644105,None,0.825419412,40.57701338,0.118961663,Ocean,89053.64458,14117.56769,COE,2021,1,0.615
Malawi,Maternal_Health,1563083,41,77.8135963,1.343055767,Port_Closure,0.735392633,39.67845381,0.151077615,Ocean,65497.27894,13113.474,RDC,2024,2,0.631
Nigeria,Contraceptive,3392103,43,83.39432302,10.47878425,Flood,0.722832677,45.47850772,0.027681001,Ocean,105542.5802,6110.799601,COE,2023,3,0.528
Malawi,Malaria_RDT,2223513,44,91.52468489,0,None,0.897217805,21.47406765,0.163381342,Air,71872.41423,18738.57503,RDC,2022,1,0.766
Uganda,Malaria_RDT,1448949,51,84.09494582,10.04860817,None,0.818077868,21.23549634,0.111078436,Land,77437.0737,12351.80872,COE,2023,1,0.497
Mozambique,HIV_ARV,572154,61,85.27270474,5.280408747,Port_Closure,0.91060548,21.85830331,0.00085504,Land,79935.89633,10912.80526,RDC,2020,3,0.702
Uganda,Maternal_Health,3518582,59,80.17107533,6.255283791,None,0.731916878,34.66280521,0.103955697,Air,183016.6053,16212.90224,COE,2021,1,0.569
Nigeria,Contraceptive,1061930,54,83.24455214,4.502992719,None,0.876861009,45.4636897,0.079134298,Ocean,54410.08375,11238.72372,Public_Depot,2022,1,0.652
Uganda,Malaria_RDT,1129525,62,85.95455417,5.093301974,Port_Closure,0.82855897,13.04813113,0.059289302,Land,70886.87459,14764.86402,RDC,2021,2,0.671
Ethiopia,Maternal_Health,1835818,62,88.46281089,6.764253799,None,0.71681961,41.12807914,0.154251444,Land,36935.22226,9878.927656,Public_Depot,2021,1,0.579
Nigeria,HIV_ARV,3001720,59,83.70669516,0.090057615,None,0.857992574,54.3250037,0.179899977,Land,92625.65737,16264.63158,RDC,2024,1,0.684
Nigeria,LLIN,1210117,37,83.35731287,3.043621289,Conflict,0.72401324,43.27780705,0.152530618,Ocean,136934.5174,16161.93451,COE,2023,5,0.635
Nigeria,Maternal_Health,2132963,47,90.21087783,2.464828149,Flood,0.940038727,15.77329917,0.169354516,Ocean,78127.8807,11187.27165,3PL,2022,4,0.688
Zambia,Maternal_Health,4306146,55,87.62633263,6.342214351,Flood,0.883267665,46.25279596,0.181756189,Land,65732.99518,13609.03609,COE,2024,3,0.565
Malawi,LLIN,2635171,62,88.24336233,5.013098595,Port_Closure,0.861520585,42.90737528,0.182525862,Land,83176.20579,12900.77317,3PL,2022,3,0.601
Zambia,Maternal_Health,1331506,41,93.64160293,6.854287521,Flood,0.738706011,35.88835899,0.022927629,Ocean,116041.5023,12499.62086,Public_Depot,2023,3,0.706
Zambia,HIV_ARV,339134,54,83.47462806,5.494325013,COVID_Lockdown,0.783362563,42.18132664,0.091277098,Land,126443.6911,8248.134371,3PL,2024,5,0.62
Ethiopia,HIV_ARV,2818705,39,85.75490415,8.175766507,Flood,0.84293401,23.24961666,5.73E-05,Air,53587.20498,8810.672793,3PL,2022,3,0.624
Mozambique,LLIN,4374660,65,88.75579887,2.779177127,None,0.883652219,40.61186438,0.101292517,Ocean,104745.1711,11458.8912,3PL,2024,1,0.724
Malawi,Contraceptive,2916069,57,81.64246319,5.17446734,Port_Closure,0.753136908,45.74310845,0.184848787,Ocean,81951.27341,13275.30588,3PL,2021,2,0.551
Uganda,Malaria_RDT,787090,41,87.14524869,8.328090242,Port_Closure,0.702571221,31.68488599,0.039820458,Ocean,128275.3824,9465.691123,Public_Depot,2020,3,0.604
Ghana,Contraceptive,964565,41,86.11098249,7.727978144,Port_Closure,0.799980454,34.35009527,0.127957326,Ocean,153856.336,13057.78307,3PL,2022,3,0.557
Nigeria,Maternal_Health,3885598,58,98,0.561066331,Port_Closure,0.840032722,33.18850222,0.128875809,Land,139617.5172,3842.579514,COE,2023,2,0.838
Uganda,Malaria_RDT,1102425,68,86.49934751,1.936667633,Conflict,0.753485717,34.29660621,0.032070797,Ocean,55412.59838,13011.6025,RDC,2022,5,0.783
Nigeria,LLIN,827567,44,91.78469883,4.754627184,Flood,0.842727997,30.03826443,0.047705488,Land,59755.08391,13308.45441,RDC,2020,4,0.736
Ethiopia,LLIN,2766207,62,90.14971607,4.295489982,None,0.798160899,30.75239879,0.092404357,Land,135832.9278,16274.91534,COE,2022,1,0.701
Nigeria,Malaria_RDT,1799736,49,80.21719198,4.803719814,None,0.831976003,46.19308671,0.037641875,Ocean,81881.18921,18690.68333,Public_Depot,2022,1,0.648
Zambia,HIV_ARV,1620234,63,78.25588081,7.388570901,Port_Closure,0.800762748,19.08767609,0.116998796,Ocean,61917.1193,15737.57407,COE,2022,2,0.521
Malawi,Malaria_RDT,101707,61,87.23507303,5.868149015,None,0.882255676,42.19589182,0.096908346,Air,44119.54734,20189.67184,COE,2023,1,0.634
Ghana,Maternal_Health,330833,56,92.28667331,6.043072709,None,0.712440133,46.16974748,0.103839636,Ocean,89190.91989,12882.87098,3PL,2020,1,0.66
Kenya,HIV_ARV,3749100,36,87.4395741,7.011840706,None,0.749562534,23.76759321,0.026893511,Air,72639.93021,13185.18349,3PL,2020,1,0.652
Nigeria,LLIN,1138963,61,86.39425902,8.222522615,None,0.825497752,39.08126952,0.103450365,Ocean,96709.92112,16226.72362,Public_Depot,2023,1,0.562
Uganda,Malaria_RDT,1927145,60,84.57956674,0,COVID_Lockdown,0.803326048,29.00152189,0.009895638,Ocean,90705.50277,12572.54334,Public_Depot,2022,5,0.837
Zambia,Contraceptive,2333785,59,79.38019377,3.840120655,None,0.813573267,53.63593515,0.17630706,Ocean,48531.7793,11676.313,RDC,2022,1,0.57
Kenya,Contraceptive,4044420,56,81.19739641,2.351096638,None,0.933090602,37.53243575,0.068649938,Ocean,60474.901,18496.86524,Public_Depot,2020,1,0.697
Ghana,Maternal_Health,884874,46,77.88843156,6.425948408,None,0.957036181,57.67741759,0.171267465,Ocean,113338.9531,15894.80814,COE,2022,1,0.507
Kenya,Contraceptive,939493,65,80.484767,3.613688133,Port_Closure,0.772113947,55.86732875,0.140331274,Land,115981.7567,15638.96737,RDC,2021,2,0.609
Zambia,Malaria_RDT,828799,63,83.36995881,5.227584851,None,0.942553407,43.68795,0.153234518,Ocean,73856.98124,9542.913312,RDC,2022,1,0.583
Malawi,Malaria_RDT,3583716,44,89.88008011,7.556429229,Flood,0.833049061,65.71249158,0.062908899,Land,90281.49062,16774.87096,3PL,2022,3,0.63
Malawi,Contraceptive,3557447,68,83.7746637,3.191042184,None,0.77940798,21.10624871,0.045548788,Land,53777.73927,13329.16136,3PL,2024,1,0.715
Mozambique,Malaria_RDT,929459,56,87.27812893,6.088447018,Port_Closure,0.985782261,57.34500687,0.081348111,Land,83389.55009,9041.383141,RDC,2020,2,0.639
Malawi,Maternal_Health,2231533,56,86.67614606,9.661483469,Conflict,0.93919252,36.78310709,0.004845172,Ocean,118160.0407,15787.70986,3PL,2020,5,0.585
Mozambique,HIV_ARV,1872744,53,88.49524418,7.49484638,None,0.988333463,38.47974327,0.183751135,Air,135049.1699,8203.755269,3PL,2021,1,0.542
Kenya,Maternal_Health,2341136,54,80.82592534,0.24266793,Port_Closure,0.748775327,34.46524447,0.077402853,Ocean,81231.40118,3369.380627,3PL,2021,2,0.74
Ethiopia,Maternal_Health,3691644,68,91.29596858,4.124759896,Port_Closure,0.741714375,22.5993815,0.197711321,Ocean,75574.08166,5779.613399,RDC,2021,2,0.632
Uganda,Malaria_RDT,3893139,65,78.96411508,6.067449006,Conflict,0.845979606,46.83515817,0.152289884,Land,41906.56793,12006.13516,RDC,2020,4,0.534
Uganda,HIV_ARV,3143510,65,83.76093399,6.658351569,Port_Closure,0.88520669,25.11140327,0.016103002,Ocean,67045.86062,19164.38036,RDC,2024,2,0.641
Kenya,Malaria_RDT,4982400,56,85.89547296,4.242952885,Port_Closure,0.749607427,32.90801837,0.132037656,Land,82945.44154,14251.2188,COE,2024,2,0.64
Nigeria,LLIN,4235224,63,89.80072424,3.080633327,Conflict,0.949524894,33.43921108,0.054167833,Air,79768.52145,12590.06746,RDC,2023,4,0.762
Nigeria,Malaria_RDT,4497395,46,92.89654668,5.203288805,Port_Closure,0.854283909,51.94691861,0.048743729,Ocean,67975.23026,18276.54746,3PL,2020,2,0.73
Malawi,Malaria_RDT,902050,60,89.8401576,1.739345888,None,0.819173132,39.11588097,0.051312534,Ocean,120612.5464,15041.00781,RDC,2023,1,0.803
Uganda,Malaria_RDT,2411216,53,93.07958179,8.299202798,None,0.874595565,10.67510426,0.18321501,Air,97420.37139,17096.03302,COE,2022,1,0.55
Uganda,HIV_ARV,2617587,34,81.85412035,10.60604292,Flood,0.884136577,29.21155271,0.099996035,Ocean,80033.84798,16889.20606,3PL,2021,4,0.476
Mozambique,Malaria_RDT,4845464,39,91.9518524,6.184081905,Conflict,0.712407151,21.25422818,0.13389418,Air,105510.0335,11745.08329,Public_Depot,2023,4,0.632
Ethiopia,HIV_ARV,314237,48,91.09328365,4.302684339,COVID_Lockdown,0.989968873,46.02978499,0.056189565,Ocean,84219.84226,12073.39005,RDC,2023,5,0.736
Zambia,Contraceptive,4519353,59,74.01862471,7.822703,COVID_Lockdown,0.805536677,25.80529237,0.104590891,Ocean,131571.357,9666.165639,RDC,2020,5,0.49
Nigeria,LLIN,4890351,48,84.89767878,7.315787673,Conflict,0.717847368,32.72997356,0.070020028,Ocean,61152.87315,16323.00324,Public_Depot,2021,4,0.597
Uganda,HIV_ARV,2564719,49,89.01018712,4.173377762,Flood,0.947173721,61.00404051,0.064227808,Ocean,94846.49616,8089.517711,3PL,2021,3,0.717
Mozambique,Contraceptive,1958911,62,83.42293067,4.856469292,Conflict,0.987975417,47.64131247,0.04939377,Ocean,21232.573,9456.106805,RDC,2024,5,0.665
Ghana,HIV_ARV,4052981,49,80.57087414,3.171396983,Port_Closure,0.936743968,26.02495662,0.08180138,Ocean,73248.61753,12719.94224,COE,2023,3,0.662
Mozambique,HIV_ARV,1469920,68,96.57087609,5.494054475,Port_Closure,0.947045922,49.90058096,0.132006022,Ocean,89556.95522,13439.70512,3PL,2024,2,0.685
Nigeria,LLIN,2229441,66,86.55520075,5.89672742,None,0.881521183,31.38602134,0.044408755,Air,75367.65024,15346.65764,RDC,2023,1,0.665
Nigeria,Maternal_Health,2787946,55,86.69202717,2.659602037,None,0.967474418,49.87059969,0.193088797,Air,51843.35183,12833.4498,3PL,2020,1,0.638
Mozambique,Maternal_Health,3798529,62,79.45502943,1.775970975,Conflict,0.71036418,35.05201628,0.024922335,Ocean,64172.07406,11545.20404,RDC,2020,5,0.729
Zambia,HIV_ARV,3608818,61,82.93819502,1.021953764,Port_Closure,0.92234992,28.47967018,0.096041442,Air,54806.32336,15892.17509,Public_Depot,2022,2,0.724
Kenya,Malaria_RDT,1499466,52,81.51079685,6.249603988,None,0.894505966,27.35837752,0.017005643,Air,81418.57894,16657.22126,RDC,2023,1,0.634
Nigeria,Contraceptive,1411236,63,91.39487615,4.965552291,None,0.714379641,43.45153674,0.004533064,Ocean,108552.9709,6200.820269,3PL,2023,1,0.759
Mozambique,Malaria_RDT,2138062,65,88.5231681,4.749277559,Conflict,0.857752338,50.9562552,0.184535464,Ocean,74597.23038,17278.1745,RDC,2021,4,0.608
Uganda,Malaria_RDT,2406632,45,83.14718154,6.393577767,Flood,0.8493675,44.46880532,0.162076959,Ocean,139267.7751,11692.72663,RDC,2021,3,0.548
Mozambique,HIV_ARV,1884907,56,88.80250119,2.297114073,Port_Closure,0.900544925,34.80831196,0.138831075,Ocean,91859.68289,19392.29298,3PL,2024,2,0.706
Ethiopia,HIV_ARV,3911774,56,84.73239927,1.789241794,Port_Closure,0.722484109,18.43187478,0.173038163,Ocean,23542.94265,10399.27539,RDC,2022,2,0.659
Kenya,HIV_ARV,3683795,63,87.17245359,5.723245757,Port_Closure,0.933530848,32.32779043,0.160569685,Ocean,94994.94718,9021.966597,RDC,2020,3,0.592
Ghana,HIV_ARV,3527084,50,87.14881944,0,None,0.740426998,24.97559946,0.129447544,Ocean,83488.11479,15592.11084,3PL,2023,1,0.759
Zambia,Maternal_Health,4377802,49,88.10133605,4.223046407,Port_Closure,0.821412738,56.42283212,0.169468465,Land,126321.8198,21523.24957,Public_Depot,2024,2,0.629
Malawi,HIV_ARV,3449752,56,87.49825962,12.39933912,Conflict,0.955573522,35.21819371,0.078160111,Ocean,84490.82473,6508.989939,COE,2022,4,0.473
Ghana,Maternal_Health,3850986,66,88.10524826,0.954387611,None,0.862554166,43.60456132,0.110550367,Air,77405.28474,16353.57189,COE,2021,1,0.759
Kenya,Maternal_Health,773858,43,92.27904155,3.71077292,None,0.810081365,35.87612345,0.155262131,Land,147188.2449,15241.29554,COE,2022,1,0.683
Kenya,HIV_ARV,2868907,44,89.20281377,0,None,0.71397865,45.15622597,0.016959603,Ocean,21828.86011,12869.52646,COE,2024,1,0.877
Kenya,LLIN,94816,49,84.31549119,4.298815825,Port_Closure,0.89495932,48.61808828,0.171729093,Land,74671.93348,21293.3224,COE,2020,2,0.598
Ghana,Contraceptive,54138,51,85.51023627,10.89960928,None,0.986098562,67.94145668,0.031366091,Ocean,92971.15873,5346.883963,COE,2021,1,0.527
Uganda,Malaria_RDT,4213960,37,92.15085294,6.40075231,Port_Closure,0.964420956,34.52889416,0.172908251,Land,73018.44022,17449.78023,3PL,2021,3,0.6
Kenya,Maternal_Health,3286904,69,86.56211227,3.158662073,Port_Closure,0.908015862,52.51726762,0.062266574,Ocean,21975.85238,16891.45263,3PL,2020,2,0.726
Mozambique,Contraceptive,3914044,53,84.12990791,11.54423194,Conflict,0.730534929,43.33500454,0.065356569,Ocean,97122.61134,17789.69465,3PL,2021,4,0.484
Ghana,LLIN,271552,52,82.84430829,0,Port_Closure,0.769437627,33.06251604,0.014789738,Air,71260.2758,17282.88913,RDC,2024,2,0.816
Malawi,Malaria_RDT,93764,71,87.36519054,6.361829479,None,0.754186216,33.91907178,0.177179925,Land,80912.78817,13941.44518,Public_Depot,2021,1,0.566
Kenya,Malaria_RDT,2270182,62,81.72571599,5.194738361,Port_Closure,0.803083876,45.65082916,0.03490208,Ocean,122765.7133,11779.70123,Public_Depot,2023,2,0.652
Mozambique,Maternal_Health,1947951,49,92.42397712,4.258925957,Flood,0.768299996,36.4407732,0.12600998,Air,94133.87573,10558.50383,COE,2022,3,0.693
Uganda,HIV_ARV,366462,56,80.81090823,7.421274421,None,0.770887439,41.25922448,0.12879352,Air,66398.97199,15350.87225,COE,2024,1,0.53
Ethiopia,LLIN,939855,54,93.39033863,1.454061775,Flood,0.878851681,47.97574707,0.056230301,Ocean,96807.69676,12975.03783,3PL,2020,4,0.839
Uganda,Maternal_Health,1464718,69,84.57384842,5.937867902,COVID_Lockdown,0.79242377,69.94362843,0.197132191,Ocean,72266.13111,12156.98404,Public_Depot,2024,5,0.545
Malawi,LLIN,2207280,53,80.61631323,5.556974968,None,0.896377234,40.38981318,0.012833244,Ocean,75893.10772,10785.19434,RDC,2023,1,0.648
Kenya,HIV_ARV,858301,40,86.94587869,2.386962011,Flood,0.974888001,26.46191881,0.121574402,Ocean,107719.8005,11369.47618,RDC,2021,4,0.703
Malawi,HIV_ARV,4230266,36,81.23480421,10.84998674,Conflict,0.885158596,44.77587163,0.095908785,Air,65748.18952,16108.0999,3PL,2021,5,0.469
Ghana,Maternal_Health,4396657,69,86.17185881,4.45448821,Port_Closure,0.917980436,34.19164796,0.049096821,Land,101847.002,13074.46185,COE,2024,2,0.698
Nigeria,HIV_ARV,162935,47,83.11228234,4.584048883,Flood,0.91795832,62.72329641,0.032710342,Air,78096.90959,17836.86887,Public_Depot,2021,4,0.681
Kenya,Contraceptive,4101889,61,90.72536634,1.916968474,None,0.795903809,34.03464451,0.147416872,Land,69761.66416,7587.696221,RDC,2021,1,0.724
Nigeria,Malaria_RDT,1388306,55,86.68374805,4.509978647,None,0.704337818,40.22076481,0.183262975,Ocean,69865.93241,15482.16428,COE,2023,1,0.602
Mozambique,Maternal_Health,2200205,50,80.05749584,12.00426382,Flood,0.715963909,47.47496692,0.021509252,Ocean,66580.41434,8967.581169,Public_Depot,2020,3,0.47
Ethiopia,LLIN,4330650,52,83.0148173,4.24186442,Flood,0.781797473,45.89560891,0.038796042,Land,87677.9182,17836.80601,RDC,2022,3,0.685
Zambia,Contraceptive,4573535,70,89.52473625,6.556105829,COVID_Lockdown,0.899967523,56.68231012,0.197253949,Land,76757.80094,17943.56124,COE,2024,5,0.562
Malawi,Maternal_Health,4650145,40,92.43546052,7.851643196,None,0.96293811,48.00980331,0.003004535,Ocean,126085.3043,7358.992809,RDC,2020,1,0.68
Uganda,HIV_ARV,4802989,51,85.77362596,4.455793067,Port_Closure,0.978051496,68.11536091,0.101650394,Ocean,58386.15332,9937.697382,COE,2022,3,0.656
Ethiopia,HIV_ARV,1419391,64,80.77801719,3.771229093,None,0.707496113,45.39391,0.10322257,Land,101293.5129,10108.76145,COE,2020,1,0.633
Kenya,HIV_ARV,4360518,42,91.27018155,6.416791644,None,0.987125301,55.58924277,0.052632305,Ocean,119298.3521,18050.32076,COE,2024,1,0.68
Nigeria,HIV_ARV,2632153,68,89.50281837,4.276224893,Port_Closure,0.793524193,34.36898835,0.132605776,Ocean,136903.7799,10623.67657,Public_Depot,2023,2,0.666
Uganda,LLIN,903329,63,92.53269792,4.004464782,None,0.944457306,63.69788311,0.188988181,Air,60646.77498,15760.03503,3PL,2023,1,0.65
Nigeria,Contraceptive,1780085,57,87.45104559,7.819669683,None,0.752285684,35.82764737,0.090042786,Land,115731.5682,10355.24347,COE,2023,1,0.588
Ghana,Malaria_RDT,2076110,49,83.39701542,4.791730739,None,0.718240495,57.83240046,0.149883901,Air,91177.0212,17301.80153,COE,2020,1,0.596
Nigeria,LLIN,3134562,40,88.58444243,8.639719515,None,0.809723073,50.70302479,0.129214052,Air,116567.2423,17698.7695,RDC,2024,1,0.549
Ghana,LLIN,4645130,62,87.63164612,4.724219935,COVID_Lockdown,0.949088363,40.8000335,0.094588373,Ocean,65659.93051,19679.60219,RDC,2021,5,0.668
Mozambique,Malaria_RDT,486542,82,83.12563154,1.048413325,Conflict,0.764039226,57.94805412,0.00996246,Air,81512.20828,12314.2318,Public_Depot,2021,5,0.794
Uganda,Malaria_RDT,4616701,56,86.99319292,0,None,0.744647624,39.85613929,0.148349961,Ocean,74089.56184,13011.15478,3PL,2023,1,0.741
Uganda,HIV_ARV,4189394,36,85.02487056,0,Conflict,0.963843255,56.42062958,0.072650289,Land,71475.6913,12443.5221,RDC,2020,5,0.788
Zambia,LLIN,3030672,59,89.71768922,0.002118601,Flood,0.972117789,44.53659231,0.044898938,Ocean,86234.15616,13105.5246,Public_Depot,2021,4,0.857
Kenya,Maternal_Health,2112087,63,88.46003455,5.799613792,Conflict,0.703638978,35.47340244,0.18965373,Air,159846.9424,11297.56265,Public_Depot,2020,5,0.578
Ghana,Malaria_RDT,476674,45,80.74204303,2.08600192,None,0.910956364,43.84321606,0.154700554,Land,105066.4168,17228.22867,Public_Depot,2024,1,0.635
Zambia,Malaria_RDT,132409,48,80.2378871,0,Port_Closure,0.789670244,40.40924356,0.192453736,Ocean,74466.31776,9957.269254,COE,2023,3,0.648
Nigeria,Contraceptive,3678104,47,85.55094413,4.607282935,Conflict,0.808664267,34.68980061,0.051243386,Land,76241.2648,12421.68654,3PL,2022,4,0.687
Nigeria,Maternal_Health,4943180,49,86.16409643,1.754515799,None,0.836039863,42.79582984,0.167158666,Ocean,101876.5566,13770.37268,3PL,2023,1,0.676
Zambia,Maternal_Health,2045141,53,89.80488387,6.389297414,COVID_Lockdown,0.823769381,44.84424046,0.121544281,Ocean,79415.23887,14961.77505,3PL,2022,5,0.621
Uganda,Malaria_RDT,3875258,46,88.56651955,6.314805942,Conflict,0.849342398,10.54558112,0.196300738,Ocean,79521.2455,8236.733146,COE,2021,5,0.562
Nigeria,HIV_ARV,3549701,42,93.29342822,6.632258847,COVID_Lockdown,0.868884898,46.01636303,0.189263389,Land,51724.53807,12016.49447,COE,2022,5,0.589
Malawi,Contraceptive,1977716,56,83.66403268,0,None,0.835022696,48.89325756,0.194593609,Land,83588.16418,13088.33863,RDC,2020,1,0.674
Mozambique,Maternal_Health,1971672,53,83.37856965,5.136227379,None,0.903453427,57.41974891,0.190353524,Ocean,10000,16209.08989,RDC,2022,1,0.559
Mozambique,Malaria_RDT,1242503,50,81.20092997,4.6357928,None,0.908394482,25.16799253,0.001532173,Ocean,31947.73622,12145.6495,RDC,2021,1,0.685
Malawi,Maternal_Health,1183754,55,89.74703557,1.335067161,COVID_Lockdown,0.827704167,27.78995241,0.148217082,Land,74490.74781,12591.37409,Public_Depot,2021,5,0.73
Zambia,Contraceptive,2953609,39,86.10876092,0,None,0.741314313,42.51127797,0.054386912,Ocean,104808.233,13549.75886,3PL,2023,1,0.814
Malawi,Contraceptive,1496250,57,76.73198242,4.673945237,Port_Closure,0.885785287,31.44488862,0.141005419,Air,133340.7938,17196.82218,COE,2021,3,0.556
Ghana,LLIN,1693707,50,87.01082689,8.192348161,Port_Closure,0.924157447,25.72289506,0.19612224,Air,97041.02518,4793.726293,RDC,2020,3,0.508
Ghana,Malaria_RDT,4943091,57,87.32985084,0,None,0.885051761,35.03913238,0.007871878,Land,101026.9854,13424.1987,Public_Depot,2022,1,0.866
Zambia,Contraceptive,3850315,58,85.27826529,2.502437381,None,0.870535882,35.68215876,0.113397566,Ocean,88385.45228,17677.39491,COE,2024,1,0.693
Malawi,LLIN,3201396,66,87.48327426,5.394605339,Port_Closure,0.766529477,27.8122045,0.146990632,Ocean,110152.3932,9691.255236,Public_Depot,2021,2,0.612
Ghana,LLIN,3418270,56,79.8988215,8.374759983,Conflict,0.887089742,27.73215438,0.050671756,Land,91401.50663,9988.557035,Public_Depot,2022,5,0.547
Uganda,Maternal_Health,2302641,65,94.20515917,4.062885457,None,0.797108302,38.54417456,0.045024387,Ocean,96178.38043,17896.88965,Public_Depot,2023,1,0.778
Malawi,Maternal_Health,394126,51,87.90129713,10.79300884,Conflict,0.96667207,22.61646889,0.012069101,Ocean,38090.92015,11603.63921,3PL,2024,5,0.556
Uganda,LLIN,2455514,52,77.13150558,0,Flood,0.889578827,22.42338545,0.018783971,Ocean,92888.84199,11721.43327,COE,2023,3,0.757
Ghana,Maternal_Health,1892360,54,85.9705145,0,Flood,0.780672106,40.85810622,0.131349982,Land,85697.99191,14108.74399,COE,2020,3,0.747
Mozambique,Contraceptive,1187411,62,88.033601,8.053145149,Flood,0.837148804,58.06771808,0.101042124,Air,72515.77726,1064.269034,Public_Depot,2023,4,0.579
Ghana,HIV_ARV,1720357,61,80.43533963,0,None,0.94550857,48.79649602,0.006014445,Ocean,74724.39787,5726.326866,3PL,2022,1,0.8
Uganda,Contraceptive,2962511,56,88.6681514,6.384597009,Port_Closure,0.797284546,54.67142369,0.193932352,Air,44984.47245,15318.02393,Public_Depot,2024,2,0.563
Ethiopia,LLIN,3380922,42,94.40462812,4.116402685,Conflict,0.852377765,18.33927682,0.131209174,Ocean,101172.6024,12020.52646,RDC,2023,5,0.708
Kenya,LLIN,3749509,61,82.7781547,2.296998193,None,0.897104292,23.09679082,0.103093714,Land,92049.70601,12358.79993,COE,2023,1,0.686
Nigeria,Contraceptive,4205479,46,88.14219348,3.719998375,Port_Closure,0.918813508,40.1278022,0.054544847,Ocean,87076.24747,10370.65794,COE,2020,3,0.73
Malawi,Maternal_Health,4538155,45,87.04299299,1.132784319,None,0.750428731,50.03466443,0.131619777,Air,91900.03163,11900.01942,3PL,2022,1,0.727
Ethiopia,Maternal_Health,3352198,43,90.84145,4.044997834,Flood,0.863894168,47.65652647,0.072833573,Air,47613.56178,17768.13039,COE,2023,3,0.729
Ghana,LLIN,347986,54,85.45579048,5.052258003,Port_Closure,0.964537971,23.87001837,0.140498833,Ocean,137899.6861,13527.86223,COE,2022,2,0.611
Mozambique,Malaria_RDT,3816001,67,80.66641687,3.751334071,Port_Closure,0.980824337,53.6284843,0.136514384,Land,113292.692,17238.06796,COE,2021,3,0.609
Zambia,Maternal_Health,2515912,45,90.52091123,3.245191153,None,0.890282062,39.02381546,0.018548759,Ocean,103618.4505,12382.4522,3PL,2020,1,0.792
Ghana,Contraceptive,2072784,71,80.96369705,5.762410985,COVID_Lockdown,0.985261633,49.33273279,0.181852142,Air,129535.5251,13077.27751,Public_Depot,2020,5,0.535
Mozambique,Maternal_Health,903605,64,95.04430689,9.978715387,None,0.865513222,32.73906931,0.09739485,Air,91333.51713,14302.13682,COE,2020,1,0.573
Kenya,Contraceptive,2422948,40,88.80384675,4.201389794,Flood,0.828355459,21.47514775,0.078588988,Air,76525.41287,15106.23687,Public_Depot,2022,4,0.704
Ghana,LLIN,1365823,51,83.00553632,7.459971515,Port_Closure,0.859960363,50.15014186,0.191092429,Ocean,93214.68791,9610.37077,3PL,2023,3,0.504
Uganda,Maternal_Health,3483372,44,91.54325806,2.101469006,Conflict,0.733556594,45.63576263,0.087641856,Land,130808.0213,12896.76445,Public_Depot,2023,5,0.777
Zambia,Contraceptive,820692,61,85.95405483,0.997756098,None,0.816497617,25.0525078,0.144244183,Ocean,58165.47281,10298.59643,RDC,2022,1,0.711
Mozambique,LLIN,478745,45,84.8929722,6.359946162,Conflict,0.832937465,31.98192739,0.131027295,Air,130449.7672,19036.06151,COE,2022,4,0.581
Mozambique,Malaria_RDT,4882091,38,82.59565312,4.299396369,None,0.946102062,48.23304551,0.03302802,Air,44433.45948,6103.108572,3PL,2021,1,0.684
Mozambique,Contraceptive,723812,51,76.609105,8.388492025,Port_Closure,0.920008092,42.4724273,0.198228555,Land,100992.4222,15344.32196,3PL,2024,2,0.442
Kenya,Malaria_RDT,2982977,66,89.02196285,8.976270547,Flood,0.87441371,46.02030606,0.092720864,Air,115306.3563,9906.480188,Public_Depot,2024,4,0.566
Ghana,Malaria_RDT,3620118,53,77.85936619,7.517254527,Conflict,0.800710398,33.70775933,0.078956514,Ocean,104333.0351,8460.263597,COE,2020,4,0.537
Kenya,HIV_ARV,1408126,58,82.03352834,7.452074991,Flood,0.75424003,57.07752298,0.183922699,Land,116426.6134,11791.07985,3PL,2023,3,0.503
Malawi,Maternal_Health,3867042,59,88.16422277,0,Conflict,0.800851856,38.6661946,0.105847667,Ocean,81174.73546,18161.21574,RDC,2020,5,0.788
Nigeria,Contraceptive,4589170,39,83.49661799,6.333567499,None,0.897143181,11.59050744,0.141015392,Ocean,46806.06446,10430.85114,Public_Depot,2023,1,0.566
Nigeria,Malaria_RDT,586644,46,86.78575935,7.588639488,COVID_Lockdown,0.776280962,41.28326728,0.169249209,Land,116507.6406,5783.033409,RDC,2023,5,0.539
Malawi,HIV_ARV,702416,55,79.93152343,1.184652194,None,0.823797142,47.25931273,0.047098879,Ocean,140458.4559,9222.579435,RDC,2021,1,0.732
Ghana,LLIN,3197915,49,84.25770313,5.026317535,Flood,0.812163368,43.56492048,0.033893317,Ocean,80060.70152,13494.78278,Public_Depot,2022,4,0.678
Uganda,Contraceptive,2823737,72,86.81692852,1.871815357,Port_Closure,0.922021118,34.88036675,0.013701361,Ocean,105458.1764,6533.254374,RDC,2022,2,0.803
Kenya,Malaria_RDT,1757542,42,81.24263742,8.082531784,Port_Closure,0.956298248,16.55537594,0.17942666,Ocean,60208.28655,15884.91277,Public_Depot,2022,3,0.487
Zambia,Maternal_Health,4241896,45,94.43181739,2.132005805,None,0.902817577,32.20032638,0.040073419,Ocean,57945.36805,6675.219235,Public_Depot,2024,1,0.842
Mozambique,HIV_ARV,1524620,57,82.81288044,2.621413679,Port_Closure,0.799064656,33.33338634,0.061550809,Ocean,88220.48516,11071.22609,3PL,2022,3,0.709
Mozambique,Malaria_RDT,1224846,48,92.89208394,3.607849502,None,0.825621344,32.08970799,0.057161385,Air,63170.24334,16275.9491,3PL,2024,1,0.77
Ghana,Maternal_Health,2042569,26,85.16097228,11.74823067,None,0.741571545,47.34356385,0.060917598,Air,87886.60595,10991.1116,RDC,2020,1,0.487
Uganda,Malaria_RDT,1899395,74,78.15762217,8.01401681,None,0.74874826,35.99892348,0.133612225,Air,175909.5444,7627.295337,RDC,2024,1,0.496
Nigeria,Contraceptive,1039336,44,80.31549596,9.837811577,Port_Closure,0.747644845,56.58010127,0.190822712,Ocean,63823.53881,12636.69316,RDC,2023,3,0.437
Nigeria,Contraceptive,3188102,60,86.88039644,0,None,0.737870044,37.29328306,0.065890687,Air,95246.65943,11026.76386,RDC,2021,1,0.812
Mozambique,Contraceptive,2500979,42,91.16387876,1.192115761,None,0.752078556,54.59061026,0.081529431,Ocean,32247.22172,17847.14292,RDC,2021,1,0.804
Ghana,HIV_ARV,3955513,46,94.84888566,9.015738931,None,0.758779579,42.57357999,0.154229397,Ocean,100698.9871,16287.91899,3PL,2023,1,0.561
Kenya,Contraceptive,2082816,38,86.64109364,0,None,0.732435324,43.16574274,0.086467589,Land,63837.716,15025.31629,RDC,2020,1,0.791
Nigeria,Maternal_Health,111753,47,80.11378126,2.984947487,Conflict,0.885675609,31.80562129,0.185208554,Ocean,93779.16659,13086.21901,RDC,2021,5,0.588
Kenya,Malaria_RDT,1121984,48,87.3924254,11.16602402,COVID_Lockdown,0.987216445,23.7923949,0.10064361,Air,92976.76129,12124.69909,COE,2023,5,0.493
Uganda,LLIN,4368420,53,81.87392663,2.109605809,None,0.954964156,39.12007895,0.069546971,Land,89173.33962,12103.74039,Public_Depot,2021,1,0.708
Nigeria,Maternal_Health,705496,51,87.96095811,0,Flood,0.71322479,60.24216022,0.194314497,Ocean,56576.68009,6161.374006,Public_Depot,2024,3,0.709
Nigeria,Maternal_Health,2785090,40,81.29262724,5.142423513,Flood,0.822687055,34.49563502,0.085156375,Ocean,76484.78828,13011.78755,3PL,2021,4,0.616
Ethiopia,Contraceptive,3255228,49,75.55214881,0,Port_Closure,0.949200068,32.59155517,0.046234974,Ocean,92071.53436,9829.980517,Public_Depot,2024,2,0.721
Nigeria,HIV_ARV,2213349,69,92.5842783,8.711750219,Flood,0.739055697,37.93696205,0.035540163,Ocean,77720.87304,12657.52348,RDC,2024,4,0.634
Malawi,Malaria_RDT,543992,68,84.86791634,2.315423752,None,0.945817093,61.21825533,0.199036265,Air,127099.2275,13208.64669,Public_Depot,2021,1,0.627
Zambia,HIV_ARV,126240,59,86.24830167,1.714282913,Port_Closure,0.871883185,49.44324359,0.150597539,Air,86230.4891,11057.60988,3PL,2021,3,0.691
Malawi,Malaria_RDT,4479899,61,90.98350687,5.088147058,None,0.97007658,54.57115511,0.081731959,Ocean,55213.889,16732.39248,Public_Depot,2024,1,0.694
Ghana,Malaria_RDT,3941151,75,95.39423355,3.786686443,None,0.954051343,16.23592966,0.165272669,Ocean,97942.97259,8700.207705,Public_Depot,2021,1,0.696
Ghana,HIV_ARV,1377042,60,89.60040326,5.757047581,Flood,0.896339953,30.10443341,0.109361226,Land,11590.41051,11024.11116,COE,2020,3,0.645
Kenya,Maternal_Health,1998061,61,86.51500808,6.564513348,Port_Closure,0.890768571,30.52078987,0.063477915,Ocean,143846.4617,11686.45877,COE,2022,2,0.633
Malawi,Malaria_RDT,4435224,39,88.31436438,4.34813677,None,0.761817619,53.63305024,0.148677162,Ocean,33376.48727,17621.8513,RDC,2022,1,0.643
Malawi,HIV_ARV,948332,43,84.52608478,1.51565417,Port_Closure,0.73385836,47.91856033,0.149178948,Ocean,111893.8276,13124.24699,Public_Depot,2023,2,0.683
Malawi,Malaria_RDT,929854,54,86.18057189,7.191524855,Conflict,0.820464095,52.67069047,0.100033846,Air,107223.6398,12930.46341,RDC,2022,5,0.59
Uganda,LLIN,4075942,46,86.72431819,2.919770546,Conflict,0.754108211,17.49294401,0.009031668,Ocean,51083.8104,16482.05225,Public_Depot,2020,5,0.776
Nigeria,Maternal_Health,2584957,45,82.06687372,2.392733076,Flood,0.729700848,53.32405605,0.015404497,Ocean,101783.7601,10911.75959,RDC,2022,3,0.744
Zambia,Contraceptive,213187,46,86.10586793,5.427981845,Port_Closure,0.787674753,47.91191668,0.157749896,Air,64315.5482,16500.64147,RDC,2022,2,0.594
Kenya,Malaria_RDT,4699454,40,87.83550926,0,Port_Closure,0.949542083,28.91087384,0.164695275,Air,80037.14303,14591.19825,Public_Depot,2020,3,0.734
Malawi,LLIN,4753855,47,88.58508449,6.172628099,None,0.704972965,37.63689728,0.13565795,Ocean,99111.94827,17950.00281,COE,2024,1,0.608
Malawi,Contraceptive,1612518,58,88.18661891,5.587286012,None,0.784864928,29.27696587,0.167813715,Ocean,83550.0304,11483.77602,3PL,2022,1,0.597
Ethiopia,Contraceptive,1732678,72,79.30487391,8.365458921,None,0.822975134,38.84069542,0.143897494,Ocean,54998.42274,11822.20687,RDC,2023,1,0.49
Kenya,Malaria_RDT,217527,62,92.14629471,3.498823581,Port_Closure,0.848065227,45.3922659,0.179386924,Ocean,97311.23001,13568.61989,3PL,2022,2,0.668
Malawi,HIV_ARV,2794804,61,91.73140614,8.974494596,Port_Closure,0.752657477,56.85063482,0.030079655,Ocean,78756.63171,12756.78807,Public_Depot,2022,2,0.624
Kenya,Malaria_RDT,1637819,38,85.51925796,6.588928702,COVID_Lockdown,0.979623858,28.72696776,0.077548306,Ocean,81681.74678,16070.68548,RDC,2020,5,0.616
Nigeria,LLIN,1570373,56,88.27754348,4.919632477,Conflict,0.867873183,34.36940502,0.092822159,Ocean,83454.90039,12134.18468,Public_Depot,2020,5,0.67
Ethiopia,Contraceptive,644557,54,84.91723116,10.45008778,None,0.851412059,26.76484934,0.059532759,Ocean,44640.74794,8758.6407,RDC,2023,1,0.52
Kenya,Malaria_RDT,1040121,57,89.75978831,5.285638193,None,0.702558551,49.19876082,0.14507329,Land,51271.72759,18418.13146,COE,2021,1,0.632
Zambia,HIV_ARV,3499330,51,81.92864077,3.444898017,None,0.84085746,21.09302191,0.182487763,Ocean,67324.1211,20660.89802,RDC,2020,1,0.593
Zambia,Malaria_RDT,1775049,71,92.71230298,5.371519979,Flood,0.942924483,42.12416635,0.08249644,Ocean,97309.9026,6729.860285,RDC,2021,4,0.698
Ghana,Maternal_Health,3295705,55,89.51103806,3.383092499,Flood,0.763696917,25.29054413,0.188308393,Ocean,57125.91804,14920.72919,RDC,2023,4,0.645
Ethiopia,HIV_ARV,533442,56,89.62716896,6.120940042,COVID_Lockdown,0.801850195,40.54974322,0.103353781,Ocean,120677.8077,15988.55275,Public_Depot,2022,5,0.64
Ethiopia,LLIN,4159545,35,85.47473562,8.962061846,Port_Closure,0.705965725,53.87094071,0.104503125,Land,91049.97531,13973.42619,COE,2022,2,0.537
Ghana,Contraceptive,1470827,53,78.93690748,4.975987903,Conflict,0.983308979,33.86484683,0.120043908,Ocean,95931.35024,19295.52808,Public_Depot,2021,4,0.579
Kenya,Malaria_RDT,2006874,66,90.4196735,5.27041898,Port_Closure,0.719329021,42.65044049,0.053666213,Land,75049.94736,7632.418081,3PL,2023,2,0.705
Ethiopia,HIV_ARV,3981814,60,79.10219333,7.393493584,Conflict,0.960484126,29.28200547,0.076672104,Ocean,37118.45313,10745.17565,COE,2023,5,0.55
Zambia,Maternal_Health,4738118,33,90.4798633,8.561720072,Flood,0.790766437,38.65083015,0.110647491,Land,100957.5602,13427.2496,RDC,2020,4,0.575
Zambia,HIV_ARV,1801797,50,82.13936392,3.642094204,Flood,0.870391357,21.30520488,0.188396577,Ocean,63333.90157,16679.4867,RDC,2021,3,0.586
Malawi,Maternal_Health,147406,72,78.06475673,5.517008019,Port_Closure,0.897001507,48.49259088,0.128538516,Ocean,40243.22744,17829.25457,RDC,2020,2,0.555
Nigeria,LLIN,3502814,53,86.00499852,7.406786922,Flood,0.740840459,35.01443139,0.066623312,Ocean,59957.14362,8176.461053,3PL,2021,4,0.605
Ethiopia,Contraceptive,3822827,58,91.91400275,5.989856768,Port_Closure,0.82869022,37.49405142,0.002093715,Ocean,82608.28611,5894.638262,3PL,2020,2,0.734
Kenya,LLIN,4628887,71,81.17198126,0,None,0.794385169,40.83044804,0.19633313,Ocean,13652.21137,16118.25474,RDC,2020,1,0.652
Ghana,Malaria_RDT,1071436,53,93.99517312,7.94818088,None,0.716414715,16.39906906,0.098596912,Ocean,74916.38206,13466.25931,RDC,2023,1,0.623
Ghana,HIV_ARV,2941912,62,89.28370272,6.568643944,Port_Closure,0.94162616,31.6932104,0.187699032,Air,115249.7171,13657.49703,3PL,2023,2,0.566
Kenya,Maternal_Health,1659184,59,86.78379761,6.781846221,Port_Closure,0.713098649,41.6228889,0.109869047,Ocean,85959.2196,16215.32019,Public_Depot,2022,3,0.598
Uganda,Maternal_Health,4848793,61,83.82187872,1.423547817,None,0.889444808,38.08096324,0.121092972,Ocean,120981.2376,9760.236226,COE,2022,1,0.702
Mozambique,HIV_ARV,4234238,58,84.17051324,5.457169804,None,0.791082439,66.12814583,0.142382451,Ocean,72905.38413,12040.66285,COE,2023,1,0.591
Nigeria,HIV_ARV,2378476,49,88.15083614,7.5300357,None,0.755717505,55.10461145,0.064195147,Air,119594.5263,15094.76647,3PL,2023,1,0.618
Ghana,Malaria_RDT,534273,50,90.23020429,2.358258185,Port_Closure,0.893454955,41.6751403,0.139796792,Ocean,44750.7707,9196.732062,3PL,2020,3,0.715
Ethiopia,LLIN,2453233,46,83.03251891,3.13836635,None,0.866615937,27.73001042,0.105358382,Ocean,102996.2626,10830.56714,Public_Depot,2022,1,0.665
Nigeria,Maternal_Health,2872236,38,81.96743336,7.581437363,None,0.791424315,34.06078701,0.13449599,Ocean,81751.84844,13419.40536,RDC,2023,1,0.53
Ethiopia,Malaria_RDT,738332,67,84.93086591,2.998692126,None,0.848758617,47.89761871,0.167166652,Land,125646.0513,15094.16188,3PL,2021,1,0.637
Uganda,LLIN,776448,55,92.96814338,4.374473367,None,0.771408759,40.91945362,0.036845826,Air,72628.18634,7214.820802,Public_Depot,2021,1,0.765
Zambia,Malaria_RDT,120463,66,79.9155583,1.896144023,Conflict,0.950471973,55.31325018,0.122710182,Ocean,53422.39979,15668.24961,3PL,2022,5,0.657
Nigeria,Maternal_Health,1183183,70,91.71238822,10.4598157,None,0.791007446,40.82444083,0.010422266,Ocean,100200.4854,14747.24409,RDC,2021,1,0.591
Malawi,HIV_ARV,2916457,55,86.21139916,6.561868296,Flood,0.771094379,41.39000969,0.020423018,Ocean,134415.5857,9630.955049,3PL,2020,4,0.66
Ghana,HIV_ARV,2480992,41,77.73630428,4.23381507,Port_Closure,0.918031776,59.49054596,0.134918847,Ocean,92085.39916,21996.89789,RDC,2022,2,0.578
Nigeria,LLIN,4364380,53,83.69183799,3.672874428,COVID_Lockdown,0.705101822,26.84123122,0.01418753,Ocean,83736.97962,9197.824753,Public_Depot,2023,5,0.724
Nigeria,Contraceptive,4899433,48,89.04834036,1.314906131,None,0.777723402,60.80629052,0.119071556,Ocean,48551.23798,15938.06698,COE,2021,1,0.75
Nigeria,LLIN,4961408,35,95.00906973,4.669699726,None,0.808864614,49.23559376,0.04400252,Ocean,113407.1409,14110.17673,Public_Depot,2020,1,0.767
Mozambique,Contraceptive,1210294,49,79.36313638,6.995174244,None,0.955849009,78.82564244,0.060816966,Ocean,83451.79653,11345.59196,COE,2023,1,0.572
Nigeria,Malaria_RDT,4768784,54,71.90411762,2.570557708,None,0.975628123,31.58281155,0.0259273,Ocean,106024.3006,13360.96792,Public_Depot,2024,1,0.64
Ethiopia,Malaria_RDT,2394688,48,79.45223592,5.316623364,Flood,0.90777861,59.55284524,0.049733497,Ocean,90916.80193,15134.64322,COE,2020,3,0.621
Zambia,Maternal_Health,86413,47,91.65207754,3.897854676,None,0.842834216,41.60646251,0.164258357,Ocean,146200.2608,24418.73241,Public_Depot,2021,1,0.666
Uganda,Contraceptive,2998632,42,77.03129146,9.140347789,None,0.885780249,37.77298959,0.127775681,Ocean,68277.53047,7205.829146,RDC,2020,1,0.467
Kenya,Maternal_Health,614430,56,93.48626945,3.089903708,Conflict,0.820060305,43.65882684,0.189951959,Land,69375.07722,2155.563255,COE,2024,4,0.679
Nigeria,HIV_ARV,3718508,73,92.07404474,7.331467623,Port_Closure,0.786659491,41.50257695,0.009748971,Air,115402.6216,8959.430341,COE,2024,2,0.689
Ghana,Contraceptive,4910319,67,86.95518121,9.182067788,None,0.97569954,30.65300858,0.158482399,Ocean,116138.5669,12879.49606,RDC,2020,1,0.508
Nigeria,LLIN,3074015,61,82.86817345,3.868608189,None,0.733463166,38.42034559,0.139815437,Ocean,117088.2548,15661.95925,RDC,2023,1,0.621
Ghana,HIV_ARV,965480,61,86.27630313,3.234267657,None,0.800454135,43.68528022,0.052178461,Ocean,84619.84162,13385.8641,COE,2023,1,0.73
Ethiopia,HIV_ARV,3691141,53,89.05543676,7.768106956,COVID_Lockdown,0.960735798,34.89813261,0.145833341,Ocean,91229.71652,12391.23399,COE,2024,5,0.564
Ghana,LLIN,3431915,36,88.29238232,0,Conflict,0.909711015,46.48529785,0.14330971,Land,44579.36987,19146.67366,COE,2022,4,0.756
Malawi,HIV_ARV,92056,51,94.69829687,6.291783917,Conflict,0.708439421,36.44989102,0.091869041,Ocean,80173.93728,9836.469604,3PL,2022,5,0.68
Kenya,Contraceptive,2198983,45,84.69948775,0.274034621,COVID_Lockdown,0.706698905,45.50014358,0.137727924,Land,93303.89318,19650.07226,Public_Depot,2023,5,0.724
Zambia,Maternal_Health,2992775,56,79.49578513,8.667234995,Port_Closure,0.849788614,44.05259359,0.088916181,Ocean,93320.09551,15482.13636,RDC,2022,2,0.515
Ghana,HIV_ARV,823952,67,78.61359646,4.243710967,None,0.840433386,45.41598839,0.067109119,Land,62267.80253,18998.43675,RDC,2023,1,0.63
Ghana,Contraceptive,958380,74,77.61354366,4.727665728,Port_Closure,0.828467546,23.81543389,0.093298192,Air,52019.66762,9228.322471,Public_Depot,2021,2,0.593
Zambia,Malaria_RDT,4670792,55,86.98139461,2.827252372,Flood,0.787679691,53.1649937,0.179025896,Air,116325.7526,11591.21175,RDC,2023,4,0.647
Kenya,Contraceptive,4876709,38,84.8281565,0.25187821,Conflict,0.986125229,29.60753686,0.076916759,Ocean,111620.546,7154.999897,RDC,2021,5,0.776
Nigeria,Maternal_Health,1387768,55,86.16327301,8.797581313,Port_Closure,0.778876324,37.76975926,0.080737635,Land,78031.89794,14200.78096,COE,2024,2,0.56
Ghana,Contraceptive,3140930,55,83.3147023,4.486827475,Port_Closure,0.84211166,32.24991496,0.121680646,Ocean,115974.0485,14283.72994,RDC,2022,3,0.622
Zambia,LLIN,1910971,61,80.44916571,14.62630582,COVID_Lockdown,0.817418998,40.85618164,0.150599895,Land,113184.3496,21034.02294,3PL,2024,5,0.35
Malawi,Maternal_Health,1564101,54,89.07167942,2.569454591,None,0.749372334,38.66651952,0.146924172,Air,34648.30918,13323.25274,3PL,2020,1,0.695
Malawi,Malaria_RDT,2380344,55,73.6846805,3.05991762,Conflict,0.758759458,47.81431728,0.003959746,Ocean,81882.61198,6930.922411,COE,2020,5,0.659
Ethiopia,LLIN,1456150,48,81.99202216,2.308267656,None,0.966307795,40.52659644,0.137483067,Land,125159.5788,16776.77392,COE,2024,1,0.653
Zambia,Contraceptive,575005,51,89.9324508,4.471518322,Port_Closure,0.94890112,35.29977786,0.09011081,Land,37292.44287,9346.67299,RDC,2023,3,0.696
Ethiopia,Maternal_Health,3469548,60,81.49580787,9.725653723,None,0.757722849,18.4311016,0.104817994,Air,41478.71636,7921.99833,COE,2023,1,0.493
Malawi,Malaria_RDT,1279458,34,87.9583771,8.03041201,Flood,0.953942161,50.61188159,0.112332667,Ocean,103798.474,15807.92022,COE,2022,4,0.572
Kenya,LLIN,1217272,51,81.99870452,0.486338499,Port_Closure,0.760663978,46.21043413,0.146343923,Land,123770.3353,9928.520776,Public_Depot,2024,2,0.689
Nigeria,Malaria_RDT,4805997,61,83.72077563,8.612360227,None,0.881698433,51.10149022,0.166266597,Air,76602.68445,10604.39601,COE,2020,1,0.498
Zambia,Contraceptive,3500087,71,88.87460258,7.048373858,Conflict,0.723571352,37.77527744,0.129252189,Air,70918.05522,18609.95118,3PL,2024,5,0.592
Uganda,Malaria_RDT,1543551,51,79.61075841,6.44416348,Flood,0.955307192,44.28319507,0.112781444,Land,34026.66022,15054.24115,RDC,2024,4,0.555
Malawi,HIV_ARV,4023313,66,89.72639165,2.9472775,Flood,0.714935087,32.15929506,0.074753851,Ocean,76051.21605,15388.06272,COE,2022,4,0.749
Malawi,LLIN,2486831,71,86.22960246,3.170269104,None,0.860933438,31.06236042,0.027575644,Ocean,40841.12737,7494.262589,Public_Depot,2023,1,0.75
Uganda,Malaria_RDT,4215255,51,92.28219434,5.4112017,Conflict,0.926116342,36.59678067,0.191715536,Ocean,74360.63731,15822.17787,RDC,2020,5,0.611
Mozambique,Contraceptive,1756517,49,87.04074986,3.340512014,None,0.733882074,51.06168307,0.092368458,Ocean,124323.3014,11890.28517,RDC,2022,1,0.702
Malawi,Contraceptive,3247445,53,80.6525669,8.937895952,None,0.817299278,36.70271111,0.113242449,Air,46166.60712,11223.55202,RDC,2020,1,0.502
Ghana,Malaria_RDT,3198491,54,94.63997211,3.212132972,None,0.712165544,39.35096888,0.150214628,Ocean,77431.37965,14633.97932,Public_Depot,2020,1,0.718
Kenya,Contraceptive,405054,65,81.07028528,0,Port_Closure,0.897998247,42.90933786,0.013682097,Ocean,110829.7787,13033.26042,3PL,2023,2,0.8
Zambia,Maternal_Health,3251208,47,84.86421958,1.09562917,Conflict,0.789160383,40.30411238,0.171002202,Ocean,61712.98602,7146.877602,Public_Depot,2023,4,0.678
Uganda,Maternal_Health,3889847,70,90.78704463,1.286109882,None,0.862224621,52.17204684,0.159405149,Ocean,97236.81561,16808.00951,Public_Depot,2022,1,0.73
Ghana,Maternal_Health,1216670,46,76.60036113,4.209955779,None,0.970492358,31.02318097,0.154885716,Ocean,109305.8382,17190.18174,RDC,2021,1,0.557
Uganda,HIV_ARV,730667,42,93.1983449,5.648198101,Conflict,0.788698851,41.19691401,0.004396541,Ocean,87352.63273,10650.60952,Public_Depot,2022,4,0.753
Zambia,Malaria_RDT,2898883,60,80.24557854,5.16140131,Flood,0.714101967,45.69073328,0.10530377,Ocean,87968.58298,15435.64622,RDC,2022,4,0.594
Ethiopia,HIV_ARV,2064017,67,83.7250029,6.382726993,Conflict,0.895932053,20.29264719,0.010853674,Air,52061.45199,16654.00285,COE,2021,4,0.652
Zambia,Contraceptive,4689276,56,87.44428952,4.243159928,None,0.928183929,43.19259324,0.110174516,Land,73022.1273,5525.322977,COE,2020,1,0.668
Mozambique,HIV_ARV,4072261,59,85.79147072,4.349279016,Flood,0.977781882,56.10429105,0.143689665,Ocean,89865.74699,10939.06173,Public_Depot,2024,4,0.628
Zambia,Contraceptive,4687203,74,89.94588029,10.25557992,None,0.745762254,35.7941103,0.02437005,Ocean,27952.95654,4290.419489,3PL,2021,1,0.578
Zambia,Contraceptive,4725519,67,77.99596215,8.616072714,COVID_Lockdown,0.813720578,26.97950007,0.138976621,Ocean,17607.90071,15536.17493,RDC,2024,5,0.479
Mozambique,LLIN,4944940,55,89.63725677,6.224901446,Port_Closure,0.944800733,45.60439957,0.089906569,Ocean,80404.16556,14786.02439,Public_Depot,2020,2,0.647
Kenya,Maternal_Health,2049482,50,90.03621194,7.750011427,Flood,0.933992704,42.15384732,0.162310586,Land,96364.44443,10378.87386,Public_Depot,2021,4,0.559
Malawi,Contraceptive,3699244,65,91.14612915,0,None,0.881190755,58.2693607,0.106717788,Ocean,87643.30484,12399.05397,3PL,2023,1,0.814
Zambia,LLIN,4664466,63,78.05169614,2.532384143,None,0.778116878,45.25201544,0.067224307,Ocean,36364.88988,11527.49006,RDC,2022,1,0.667
Mozambique,Maternal_Health,3963397,59,78.65532383,3.703389458,None,0.782370234,28.67743484,0.066398313,Ocean,118106.352,4838.634263,Public_Depot,2021,1,0.644
Ghana,Contraceptive,3138589,51,84.28812175,2.567702114,None,0.735960868,28.13502156,0.179497304,Land,88106.24234,18201.30244,3PL,2021,1,0.632
Ethiopia,Contraceptive,4289399,54,79.19587109,0.362788074,None,0.967337565,50.31782908,0.090574317,Ocean,114120.8204,14020.69967,RDC,2020,1,0.712
Ethiopia,HIV_ARV,1571722,53,76.9801605,6.261631408,Flood,0.750150139,44.2829419,0.081150779,Ocean,65840.46055,12422.91837,COE,2023,3,0.56
Zambia,HIV_ARV,1912205,51,84.07267971,9.157243278,None,0.866137114,39.30136677,0.007974724,Ocean,92950.21816,12448.84875,3PL,2021,1,0.579
Kenya,Maternal_Health,1515915,48,87.17045681,4.961570831,Conflict,0.869461911,42.06865845,0.072864921,Ocean,100611.6401,15830.92267,Public_Depot,2023,4,0.675
Kenya,Contraceptive,400067,57,98,6.944546137,None,0.807185578,45.30323066,0.169925411,Land,115135.6652,6652.680168,COE,2024,1,0.625
Ghana,Malaria_RDT,1756826,48,88.74337577,4.872398138,None,0.802230354,44.47383911,0.152197531,Ocean,112599.2993,9498.516019,RDC,2021,1,0.63
Zambia,HIV_ARV,2109385,56,94.76135,3.675083571,Conflict,0.893890641,21.93427429,0.044182641,Air,60998.77959,13851.86936,3PL,2023,5,0.795
Ethiopia,Maternal_Health,1491246,34,85.77924457,7.757589677,Flood,0.812606356,54.60036418,0.082611325,Ocean,81526.61166,17462.29146,COE,2022,3,0.583
Kenya,Contraceptive,2417322,49,88.79782996,0.715427178,Port_Closure,0.773983464,55.4033288,0.039315935,Ocean,69303.68363,3359.913028,COE,2020,2,0.833
Zambia,Contraceptive,1425645,65,85.26931152,0,None,0.815748194,61.72154087,0.190843363,Ocean,89288.8495,16984.28936,Public_Depot,2023,1,0.69
Uganda,Malaria_RDT,3788858,45,98,0.673100534,Flood,0.934222003,59.11126667,0.119623576,Air,41873.0585,10167.93023,COE,2020,3,0.843
Kenya,Maternal_Health,2320463,60,82.57204568,7.560763935,Port_Closure,0.980278752,57.07054921,0.150870959,Ocean,37302.9099,11853.69877,Public_Depot,2021,2,0.524
Mozambique,Contraceptive,884440,46,83.2501285,5.261633321,None,0.884425567,36.5621663,0.14276173,Ocean,156569.3458,13135.24678,RDC,2021,1,0.588
Uganda,HIV_ARV,4900334,62,89.98270344,6.129613938,Flood,0.926809355,43.61643373,0.174737873,Ocean,143060.3609,8580.646017,Public_Depot,2024,3,0.591
Malawi,Malaria_RDT,749895,52,87.03736452,10.03076898,Port_Closure,0.85451921,54.0039855,0.189865556,Air,119977.3787,8038.962931,3PL,2020,2,0.469
Kenya,Maternal_Health,295144,51,83.87918998,1.509980976,None,0.881198711,18.39097318,0.006489235,Land,99526.63477,13830.1755,COE,2022,1,0.791
Ethiopia,Malaria_RDT,4074227,55,90.80188574,8.612511107,COVID_Lockdown,0.98654513,37.37585402,0.195060236,Land,108263.9686,20579.38018,RDC,2022,5,0.521
Nigeria,HIV_ARV,3872727,41,85.79426418,3.811026758,Conflict,0.827141471,19.53554863,0.174108493,Ocean,108345.5463,9215.228789,Public_Depot,2023,4,0.619
Uganda,Maternal_Health,1294360,64,85.75901636,3.354917374,None,0.719213862,43.36337961,0.076589482,Ocean,134640.638,9183.768518,Public_Depot,2022,1,0.703
Malawi,Malaria_RDT,3099316,68,87.15291154,5.243661132,Port_Closure,0.977532006,55.18969528,0.167413849,Ocean,70224.64328,8105.050538,Public_Depot,2020,2,0.599
Ghana,LLIN,2599565,51,77.32939655,5.713208767,None,0.929987899,40.22557977,0.147311596,Ocean,62271.25251,12097.77883,RDC,2021,1,0.534
Ghana,HIV_ARV,1199734,60,78.03373004,4.368373581,Conflict,0.815510007,33.16932148,0.158622875,Land,84544.20183,9069.427818,RDC,2020,5,0.561
Ethiopia,HIV_ARV,1896585,62,91.43447806,6.830942903,Flood,0.984894566,43.39798016,0.044138207,Air,102865.7082,9155.536888,3PL,2020,3,0.675
Kenya,HIV_ARV,3010883,54,82.61519165,5.25572923,None,0.800205368,44.94953398,0.12971274,Air,77354.73236,13840.69807,RDC,2021,1,0.593
Zambia,LLIN,4157618,43,85.33524326,4.40200515,None,0.807914857,45.79536195,0.005185179,Ocean,68420.83063,7221.826297,Public_Depot,2020,1,0.724
Kenya,LLIN,956450,70,94.06219318,3.751147593,None,0.876822092,25.42072596,0.169645827,Land,128117.078,19489.23613,RDC,2022,1,0.683
Ethiopia,Contraceptive,1532795,51,85.56066272,5.715039397,Port_Closure,0.779560742,42.92182473,0.190208594,Land,59887.49292,8296.940527,Public_Depot,2023,2,0.561
Ghana,Malaria_RDT,332140,48,84.94955593,0.930026518,Flood,0.902585731,42.21001728,0.132424688,Ocean,129059.6924,17525.75098,3PL,2023,3,0.714
Kenya,Contraceptive,1658795,71,90.48038795,1.77660851,None,0.744326588,51.37954001,0.102533931,Ocean,113895.1065,20891.92628,3PL,2020,1,0.764
Ghana,Malaria_RDT,608981,61,83.00867542,3.897649792,None,0.731327343,39.0926976,0.145146218,Ocean,142358.5571,17792.35185,Public_Depot,2021,1,0.617
Uganda,LLIN,2093321,57,92.01464615,6.634625179,None,0.855114622,63.69068926,0.065272258,Ocean,150493.1454,17295.1539,RDC,2024,1,0.67
Malawi,LLIN,158944,45,90.3777896,11.42855037,None,0.861093168,40.98802299,0.125277559,Land,96106.99505,16184.64169,RDC,2020,1,0.489
Zambia,Contraceptive,1847519,63,95.15166598,4.522023092,None,0.73092997,34.26304116,0.143794588,Ocean,147354.3219,13855.08619,COE,2020,1,0.692
Uganda,Maternal_Health,3927590,83,82.54828478,0,Port_Closure,0.979611116,27.96261773,0.028536156,Ocean,100157.0414,17715.21485,3PL,2024,3,0.802
Ghana,Contraceptive,3765929,63,92.83487323,2.629257471,Flood,0.866253131,33.83371839,0.028013601,Ocean,96884.95573,11957.66098,3PL,2023,3,0.823
Ghana,Malaria_RDT,2008691,59,88.77046054,6.976675549,COVID_Lockdown,0.743800148,30.41217089,0.143227636,Ocean,90814.03526,16460.88758,Public_Depot,2023,5,0.584
Nigeria,Contraceptive,4441401,62,79.37316808,2.089153673,COVID_Lockdown,0.790318332,38.12774845,0.086356499,Ocean,71967.08318,17431.12235,COE,2024,5,0.675
Nigeria,HIV_ARV,2978100,51,73.01911788,1.082764226,Port_Closure,0.932067922,60.24071784,0.1778403,Land,107790.1626,15034.04936,RDC,2021,3,0.579
Uganda,Malaria_RDT,2759236,51,82.00986559,6.961006705,Flood,0.851737143,22.48829313,0.062387776,Ocean,119518.3761,11922.81252,Public_Depot,2020,4,0.591
Mozambique,Malaria_RDT,2003341,51,87.46173904,6.394640183,COVID_Lockdown,0.754563021,23.33099493,0.008486147,Air,43049.05305,14952.51614,RDC,2022,5,0.682
Uganda,Maternal_Health,1023737,49,88.18673966,0.582377772,None,0.729826202,37.18437389,0.129975206,Air,161795.2845,11522.62902,RDC,2023,1,0.752
Nigeria,LLIN,1183387,51,85.70459467,2.315019964,None,0.82492458,23.6449294,0.136847845,Ocean,133735.2679,10824.71487,RDC,2023,1,0.683
Ghana,Malaria_RDT,3952908,51,85.74935317,8.73401053,None,0.797850266,28.21676193,0.110718322,Land,67534.27444,16150.68061,COE,2023,1,0.541
Ethiopia,LLIN,4698455,52,85.3700325,7.55853281,Port_Closure,0.890216032,44.06991863,0.136666529,Ocean,101870.294,13584.80904,3PL,2021,2,0.551
Uganda,Contraceptive,2688439,52,91.15608567,1.407885453,Conflict,0.968321626,39.36875449,0.104750869,Air,83704.57374,16103.09059,3PL,2024,5,0.778
Ghana,HIV_ARV,745532,57,78.81855151,0,None,0.771841783,45.26211539,0.138526563,Air,94985.21865,13610.35057,RDC,2021,1,0.679
Ethiopia,Maternal_Health,345866,55,87.34144929,5.805553748,Port_Closure,0.948017841,47.09269624,0.008787481,Ocean,80921.99123,15037.94971,COE,2023,2,0.698
Ethiopia,LLIN,847057,56,81.88624362,4.111796014,Port_Closure,0.966933974,56.11112713,0.073679474,Ocean,100694.7286,18593.30084,RDC,2020,2,0.655
Nigeria,Malaria_RDT,4442541,70,81.46729467,5.54522569,None,0.961580754,44.54840047,0.042163384,Air,52926.57325,12351.57656,RDC,2023,1,0.636
Uganda,LLIN,1855518,55,91.88115282,6.903985832,None,0.976102426,54.45977179,0.019865228,Ocean,150702.2326,11385.70325,Public_Depot,2020,1,0.693
Kenya,Malaria_RDT,3485088,77,81.08368462,2.131191748,None,0.9442115,41.28489404,0.046818527,Ocean,55200.31583,14719.10334,COE,2020,1,0.718
Zambia,LLIN,2986537,58,85.30240883,3.70356342,None,0.872110942,44.68516074,0.038262124,Air,101571.4985,2684.731925,COE,2023,1,0.719
Nigeria,Malaria_RDT,3673425,50,95.79249201,2.302824429,Conflict,0.818855369,44.53024696,0.194626278,Air,64640.81932,15835.46367,3PL,2023,4,0.712
Nigeria,Contraceptive,3649537,68,90.19038484,2.410294901,Conflict,0.842589458,43.41469601,0.057309184,Ocean,80312.71277,9551.537086,3PL,2020,4,0.782
Kenya,Malaria_RDT,2196674,54,83.72514844,6.69427758,Conflict,0.953057531,42.46810575,0.046191794,Ocean,98837.80595,19703.62057,RDC,2021,4,0.62
Zambia,Malaria_RDT,2032847,31,84.13813471,5.432205744,Flood,0.787405529,61.85180523,0.166974901,Ocean,87934.00058,16158.99281,Public_Depot,2021,4,0.574
Ghana,HIV_ARV,2259853,54,79.86398551,0.31117469,Conflict,0.746185891,48.37715455,0.083823243,Ocean,88881.27841,16664.35389,Public_Depot,2021,4,0.724
Mozambique,Malaria_RDT,4141685,52,92.50322621,7.175310926,Flood,0.740837573,34.63135092,0.08429309,Ocean,73959.0743,16758.74562,Public_Depot,2022,3,0.644
Uganda,HIV_ARV,257352,71,91.05675904,3.949789776,Flood,0.939828437,68.12109963,0.088718093,Land,64254.16014,11163.19586,RDC,2020,3,0.721
Mozambique,Maternal_Health,1725502,46,89.43301137,7.31349622,Flood,0.920830849,35.47536313,0.083306901,Ocean,104893.0146,11959.63484,3PL,2022,4,0.62
Ghana,HIV_ARV,234514,51,89.98416472,1.955785862,Port_Closure,0.844317149,39.93725633,0.065313091,Ocean,59371.48063,6232.386915,COE,2022,3,0.786
Malawi,Contraceptive,848658,67,82.12737695,2.222935944,None,0.779712714,30.03243108,0.057267889,Air,65511.38986,18978.07259,RDC,2020,1,0.717
Nigeria,HIV_ARV,1907596,58,78.26043779,5.755136894,Flood,0.896507821,48.60535038,0.176391935,Ocean,65863.39625,7847.271425,Public_Depot,2022,4,0.521
Zambia,Maternal_Health,1308624,53,88.80270213,1.710619735,None,0.711145598,60.28282643,0.032341469,Ocean,75057.29498,12940.68017,Public_Depot,2020,1,0.81
Nigeria,Contraceptive,1012452,47,90.44278937,4.175356488,Port_Closure,0.864786067,22.10601502,0.036212471,Air,42392.26885,17900.16257,RDC,2024,2,0.75
Ethiopia,LLIN,4833725,58,94.03523342,1.369779613,Port_Closure,0.815543299,36.67154897,0.11434382,Air,42853.44375,19136.98021,Public_Depot,2024,2,0.795
Nigeria,LLIN,1820394,54,84.99554897,3.825890801,None,0.983579294,53.39936403,0.068731716,Air,101291.8564,11996.6298,COE,2020,1,0.691
Nigeria,HIV_ARV,4186725,47,84.26624361,4.904437305,COVID_Lockdown,0.847192472,27.28819223,0.084305873,Air,101633.3908,6175.659054,RDC,2020,5,0.645
Ghana,HIV_ARV,2800025,47,84.80369898,5.045773805,None,0.860157648,46.89258707,0.161309322,Ocean,94320.50896,13924.29092,COE,2020,1,0.592
Ghana,Maternal_Health,2139934,46,89.35371913,3.905758186,None,0.906585172,24.38271189,0.180726212,Land,126255.6887,14332.54137,3PL,2021,1,0.637
Ghana,Maternal_Health,2976979,45,84.58955359,6.000050901,None,0.84051616,44.89516981,0.158110736,Ocean,58533.45243,14695.80297,Public_Depot,2020,1,0.57
Mozambique,Malaria_RDT,2564399,64,85.73880457,5.443397137,Conflict,0.7651249,40.93381065,0.046985653,Ocean,33241.56733,11777.76573,Public_Depot,2023,5,0.669
Ethiopia,Maternal_Health,4713062,62,90.15526446,4.731900009,Port_Closure,0.855810575,79.81099589,0.195994258,Ocean,108559.2141,12447.75418,3PL,2024,2,0.611
Malawi,Malaria_RDT,3845830,64,82.87081922,3.122448402,Flood,0.973837973,48.93361808,0.0726353,Ocean,32590.26493,10223.82223,3PL,2024,4,0.689
Malawi,Contraceptive,1005205,55,92.95576993,8.204731249,Conflict,0.818874187,13.93091633,0.033813412,Ocean,80893.38658,13634.86239,3PL,2020,5,0.652
Ghana,HIV_ARV,2173091,52,89.16544504,6.158861625,None,0.897095877,39.10304558,0.099899341,Ocean,93346.09789,16207.16654,Public_Depot,2024,1,0.638
Zambia,Contraceptive,1016649,52,76.71189685,1.891673408,None,0.983629915,49.89155293,0.145057154,Ocean,146823.732,14052.9995,3PL,2020,1,0.614
Mozambique,Maternal_Health,984048,65,83.42322902,6.946651627,None,0.940677471,35.04210871,0.016654176,Ocean,68599.89335,12824.15089,RDC,2020,1,0.63
Kenya,Contraceptive,3080555,36,75.87828251,7.626480911,Flood,0.891119899,34.52115304,0.126857383,Air,70808.0296,17495.22569,3PL,2024,3,0.494
Zambia,Contraceptive,1914071,49,85.01660301,4.755305722,Flood,0.913438982,35.10706465,0.171615585,Air,104832.0742,14026.08629,RDC,2024,4,0.593
Uganda,Contraceptive,4772340,46,83.50844448,4.954738022,None,0.971580142,46.56591224,0.052356297,Ocean,103059.9686,13124.00909,RDC,2023,1,0.661
Uganda,Maternal_Health,1477989,68,90.1742738,0,None,0.97832811,24.93676028,0.138624642,Ocean,74698.04863,13310.66489,COE,2022,1,0.777
Zambia,Contraceptive,2082709,50,81.59490826,2.46967677,None,0.981000758,33.26169208,0.079981726,Ocean,90554.58889,8158.500985,RDC,2023,1,0.689
Ghana,Malaria_RDT,1250532,38,87.93867501,7.531083249,Flood,0.881436072,52.39576177,0.082827029,Ocean,62889.55415,8639.722125,RDC,2023,4,0.604
Kenya,Maternal_Health,514462,57,88.84423805,2.652130405,None,0.811566378,34.15528576,0.056162806,Air,98399.99747,12503.06302,3PL,2024,1,0.764
Kenya,Contraceptive,3041620,51,87.28597426,4.520474233,None,0.738614407,33.4371285,0.124878759,Ocean,37189.80625,10050.33489,Public_Depot,2023,1,0.649
Mozambique,Maternal_Health,4918923,49,91.70061791,2.42413961,None,0.81180892,23.48372051,0.072199851,Ocean,172234.475,12819.02185,3PL,2024,1,0.782
Kenya,LLIN,3050109,48,96.34144425,5.692446754,Flood,0.973457082,47.75096706,0.166180601,Ocean,106631.965,16426.83326,COE,2021,4,0.651
Uganda,Malaria_RDT,3622401,48,86.55970971,6.181227665,Flood,0.958041153,45.10527289,0.192581085,Land,51951.86337,15822.92243,COE,2020,3,0.555
Ethiopia,Contraceptive,2494975,62,88.02589758,6.261423985,Port_Closure,0.851861302,51.66837305,0.187017536,Ocean,76962.54342,14570.20234,Public_Depot,2022,3,0.566
Ghana,LLIN,3321557,57,81.59861523,1.581917121,Flood,0.855732113,38.64480012,0.032625675,Air,53405.13601,16378.99199,RDC,2021,3,0.748
Kenya,LLIN,2322759,53,80.90238293,5.320106321,Port_Closure,0.789586901,43.78938524,0.00283806,Ocean,60440.47104,17121.31354,COE,2020,2,0.664
Mozambique,Maternal_Health,4653623,44,91.16914825,9.729709284,COVID_Lockdown,0.831807288,43.68843396,0.087693668,Air,91349.95814,16976.67839,Public_Depot,2020,5,0.562
Uganda,LLIN,2499308,53,90.50762753,7.245466215,None,0.907190063,22.90014266,0.145776742,Land,126747.7482,16878.01693,3PL,2022,1,0.586
Ethiopia,Malaria_RDT,3798294,57,80.85190063,5.279993708,Flood,0.81670491,68.24134263,0.195491054,Ocean,81964.86843,8204.7417,3PL,2023,3,0.536
Nigeria,Malaria_RDT,324535,57,79.45889729,0,Port_Closure,0.754515323,51.73670164,0.15668446,Land,28286.5463,5435.436152,3PL,2020,2,0.67
Nigeria,HIV_ARV,3298204,56,82.75631598,4.251930566,None,0.856849278,40.94799847,0.116109864,Air,66582.98612,9879.089669,RDC,2022,1,0.628
Ethiopia,Malaria_RDT,2530017,45,85.29311015,9.939096742,Flood,0.765347704,37.30941339,0.005270582,Air,68556.31691,11172.83647,RDC,2024,4,0.567
Uganda,LLIN,4866129,30,83.95436796,8.955820508,None,0.982543391,55.88745159,0.165108138,Air,87667.75992,16714.39408,Public_Depot,2020,1,0.492
Mozambique,Malaria_RDT,4181146,72,86.80257434,6.384254974,None,0.813198575,41.15108459,0.035429007,Ocean,80770.12706,12614.0571,COE,2020,1,0.659
Ethiopia,Maternal_Health,967472,41,90.58531256,2.842008764,None,0.963802842,50.9634687,0.011121303,Ocean,19012.76982,11080.72954,3PL,2023,1,0.811
Ghana,HIV_ARV,2328581,35,88.31052189,5.156836947,None,0.765410659,33.0637311,0.170071769,Land,57251.75235,13654.13482,RDC,2023,1,0.607
Ghana,LLIN,3699279,56,88.68060499,7.3204425,Port_Closure,0.754870612,29.49460842,0.113250174,Ocean,51775.32398,15143.32407,RDC,2024,2,0.594
Nigeria,HIV_ARV,2054517,37,73.74231803,7.821617581,Port_Closure,0.878901327,38.05916503,0.02571032,Land,111922.9032,16102.99137,COE,2020,3,0.531
Kenya,LLIN,2112362,46,77.9304849,5.937860917,Flood,0.926019933,40.12693037,0.077308533,Ocean,76449.59124,11347.89722,3PL,2023,3,0.577
Mozambique,Maternal_Health,3682403,60,82.01771596,7.565119048,Conflict,0.864361724,45.08225968,0.017108333,Ocean,25041.66785,9171.94268,3PL,2022,4,0.603
Nigeria,HIV_ARV,3271131,72,82.84303176,4.823922261,None,0.766640748,57.60278883,0.127602161,Air,58947.98277,9885.791093,COE,2020,1,0.607
Kenya,Contraceptive,2057338,58,90.19913917,4.691280011,Port_Closure,0.710989365,53.34438223,0.056485453,Land,120240.6791,13480.49672,Public_Depot,2022,2,0.718
Kenya,LLIN,638574,50,81.60549284,3.623254935,Conflict,0.879303758,55.81608116,0.173218826,Ocean,67026.20801,8790.932097,Public_Depot,2021,5,0.593
Malawi,Contraceptive,2484138,54,89.33463831,6.273610497,None,0.738000795,31.2086868,0.071559206,Ocean,64618.88402,16793.20524,COE,2024,1,0.656
Ghana,HIV_ARV,154927,36,82.07447131,8.001020817,Port_Closure,0.799521152,36.46084588,0.098926773,Air,79891.08153,8829.351575,COE,2023,3,0.542
Uganda,Contraceptive,1899916,50,79.99557856,7.125331612,Conflict,0.895977579,51.61594686,0.01270468,Land,91768.13383,6769.878707,Public_Depot,2021,5,0.602
Zambia,Contraceptive,2632985,50,80.2277517,1.345890556,Flood,0.728426798,54.57936963,0.055118523,Air,80718.36382,13621.41431,COE,2023,3,0.724
Uganda,HIV_ARV,4267690,56,97.29133247,1.506577054,None,0.736902929,48.90222432,0.135353454,Ocean,115694.5128,11895.97754,3PL,2021,1,0.799
Zambia,Maternal_Health,3699886,74,81.96317516,8.310919651,None,0.7178832,33.24741576,0.147252554,Ocean,80720.29144,14884.79321,Public_Depot,2023,1,0.505
Ethiopia,Contraceptive,4496460,35,89.45493604,5.529718441,Port_Closure,0.988862947,27.5005852,0.048564371,Land,105227.9454,11003.73293,Public_Depot,2024,3,0.694
Ghana,Contraceptive,1003122,50,78.20900785,5.646944454,COVID_Lockdown,0.812252263,42.79573174,0.10076402,Ocean,90900.62586,14612.51822,Public_Depot,2020,5,0.571
Kenya,Maternal_Health,4093763,36,93.09464502,5.579343901,None,0.962680599,29.2993024,0.163506221,Ocean,46209.9702,17028.81431,3PL,2022,1,0.634
Mozambique,Contraceptive,4713754,49,87.74520573,10.2549185,COVID_Lockdown,0.785139835,45.52769322,0.075982032,Ocean,138559.023,10506.61359,COE,2021,5,0.534
Zambia,Contraceptive,4567562,46,87.36989434,3.661145546,None,0.918428744,55.00822288,0.026754253,Ocean,119670.4857,15050.34965,RDC,2022,1,0.747
Uganda,Contraceptive,2348354,40,88.06913662,8.349902407,None,0.763529319,42.26906708,0.086374078,Ocean,67996.63379,20183.10311,RDC,2022,1,0.581
Kenya,Malaria_RDT,164589,64,88.61999862,5.700821073,Port_Closure,0.844514166,24.33004929,0.120125733,Ocean,81666.24241,16085.29218,3PL,2023,3,0.632
Zambia,Maternal_Health,1243982,57,90.04533629,0.198461062,Flood,0.939138564,33.88844993,0.001479706,Air,103455.7847,9827.11547,3PL,2020,3,0.893
Zambia,Contraceptive,669003,62,83.00451291,2.52544316,None,0.936736976,50.37619923,0.069713501,Ocean,90400.81467,14339.42908,COE,2023,1,0.707
Malawi,Maternal_Health,243839,49,82.71205853,3.178908249,None,0.930341408,45.68705709,0.121487164,Ocean,88211.7382,7793.520211,RDC,2022,1,0.65
Zambia,LLIN,556453,54,86.24611939,8.279324043,Conflict,0.93888298,46.6467088,0.19038239,Ocean,100168.0131,8369.181034,Public_Depot,2024,5,0.506
Mozambique,LLIN,3097589,70,89.4221388,8.68189342,COVID_Lockdown,0.761326962,61.2275543,0.081709746,Land,95603.94764,18967.01946,3PL,2020,5,0.584
Ghana,Contraceptive,2977053,54,85.66672262,6.061561552,None,0.839842719,44.18883038,0.032594453,Air,95740.49367,14631.63152,RDC,2020,1,0.661
Mozambique,Maternal_Health,2574055,63,89.86950898,3.431680161,None,0.840612728,43.81028515,0.10684382,Ocean,87740.63021,19153.52066,Public_Depot,2022,1,0.711
Nigeria,Maternal_Health,3040193,48,89.08918391,2.267056652,Conflict,0.958245721,50.28010478,0.057150472,Ocean,104166.9918,14704.60167,Public_Depot,2023,5,0.777
Kenya,Maternal_Health,4690176,62,84.91508369,8.412743056,Flood,0.786098631,25.92205715,0.04295588,Ocean,91290.58778,10818.35752,COE,2024,3,0.585
Ghana,Malaria_RDT,2557743,49,77.26410015,1.146342773,None,0.970133809,34.65867711,0.118080652,Land,92044.35345,13172.72459,3PL,2021,1,0.655
Malawi,LLIN,1605811,36,83.48236027,4.688329147,COVID_Lockdown,0.830730764,31.13816633,0.183176707,Ocean,126245.9558,14072.52631,Public_Depot,2023,5,0.575
Ghana,Maternal_Health,1706042,54,94.71398617,12.09341363,None,0.894238231,47.85896854,0.167044841,Ocean,98003.37904,21854.44481,3PL,2020,1,0.471
Ghana,Maternal_Health,3895474,50,87.70029825,3.440638436,Flood,0.777976103,28.97077205,0.036458508,Air,94916.54049,15812.09307,RDC,2023,4,0.748
Uganda,Malaria_RDT,3974482,38,82.80224934,1.184905311,Port_Closure,0.818986451,46.76137491,0.153175892,Air,58336.32881,10026.20617,RDC,2021,2,0.673
Ghana,Malaria_RDT,3282452,56,87.25325789,0,Port_Closure,0.90584227,37.39876383,0.045973727,Ocean,59847.48128,12226.56351,3PL,2024,2,0.832
Malawi,Maternal_Health,4997796,46,89.38322034,12.21201327,None,0.848696671,35.72612907,0.058140252,Ocean,119251.1254,14891.18,Public_Depot,2024,1,0.499
Mozambique,HIV_ARV,4340697,85,82.80467195,6.045881298,Flood,0.969905323,50.94192644,0.184010301,Ocean,102119.2871,8647.737732,Public_Depot,2021,3,0.54
Ghana,Maternal_Health,3796328,40,92.17691947,2.392773174,COVID_Lockdown,0.91376624,24.01402021,0.18221003,Ocean,112526.8364,12928.78224,RDC,2021,5,0.694
Ethiopia,Maternal_Health,4211603,42,88.47849011,4.432590143,Port_Closure,0.863676848,34.13579384,0.033726153,Ocean,90930.07671,12180.74865,Public_Depot,2022,2,0.729
Kenya,Malaria_RDT,1960332,63,80.50045613,3.011132547,Port_Closure,0.957134229,75.1542427,0.012838371,Land,96924.6044,14943.19176,Public_Depot,2020,3,0.715
Ghana,Malaria_RDT,3790030,53,90.28183143,0,None,0.893011353,62.20502217,0.058623621,Ocean,80627.47031,12604.75795,RDC,2022,1,0.85
Kenya,Maternal_Health,2548578,63,83.95193308,7.3643523,Conflict,0.887722937,18.22702056,0.116355012,Air,84198.19342,7407.671414,COE,2023,4,0.56
Ethiopia,Maternal_Health,3862010,58,85.10434787,5.101438467,COVID_Lockdown,0.771447687,33.90931927,0.175378336,Ocean,72496.5384,12818.10973,RDC,2021,5,0.582
Ethiopia,Maternal_Health,1528081,49,80.92015652,7.114951336,Conflict,0.81450852,40.75378408,0.023767478,Ocean,125011.7314,16072.94222,3PL,2022,4,0.603
Kenya,Malaria_RDT,1620889,41,89.15723206,5.01965146,Port_Closure,0.898158059,23.06551701,0.0829917,Land,63645.74099,18780.80691,COE,2020,3,0.681
Zambia,Maternal_Health,2449146,65,85.25567387,5.393735707,COVID_Lockdown,0.958619596,64.21637232,0.054349957,Air,94226.2735,16848.43646,3PL,2020,5,0.661
Nigeria,Maternal_Health,3121640,42,89.36878477,0,None,0.791508767,40.35497467,0.002985793,Land,80300.78875,6617.034546,COE,2021,1,0.891
Uganda,Contraceptive,1595491,60,83.24508805,7.723543256,Port_Closure,0.76249083,37.76894025,0.157689252,Ocean,113554.2636,7654.859473,COE,2022,3,0.521
Zambia,HIV_ARV,4882303,64,82.67298356,1.735070743,Port_Closure,0.872171834,44.57278288,0.162656843,Ocean,91829.1977,8771.02875,RDC,2024,2,0.652
Zambia,LLIN,4983842,53,82.26781464,2.503749269,Port_Closure,0.719487158,44.38156375,0.044245812,Ocean,98845.00702,19022.41485,RDC,2021,2,0.721
Mozambique,HIV_ARV,1972967,51,87.9801609,3.416383086,Conflict,0.907217093,29.74774592,0.03024805,Ocean,91227.36265,14979.95044,3PL,2023,5,0.756
Uganda,Contraceptive,1000922,45,82.59825088,0,Flood,0.903910178,55.78341694,0.028912171,Ocean,55234.94226,23557.285,RDC,2022,4,0.802
Uganda,LLIN,1734449,59,84.98443676,3.252330476,None,0.802940149,41.94443127,0.092789438,Land,101510.8732,18137.68877,COE,2022,1,0.687
Zambia,Maternal_Health,515590,24,83.40786506,3.043447665,None,0.958876519,55.70495871,0.049299117,Ocean,82024.12429,13381.56239,RDC,2021,1,0.713
Ghana,Contraceptive,1483284,62,88.20041962,3.866499593,None,0.845632531,33.09233958,0.102271128,Land,62158.2188,11178.07963,3PL,2022,1,0.69
Mozambique,Maternal_Health,1167374,56,77.32348777,0,Port_Closure,0.887271836,18.44884362,0.076970347,Ocean,42674.47326,14496.68278,COE,2022,3,0.714
Mozambique,Malaria_RDT,3049610,52,87.23516435,7.783126651,None,0.76077776,57.24749092,0.042178061,Air,60481.80359,16364.42256,3PL,2023,1,0.619
Ethiopia,Contraceptive,2348756,57,94.65671595,6.194169735,None,0.821028697,48.8847576,0.150238358,Ocean,107922.6717,17843.76972,Public_Depot,2023,1,0.638
Malawi,Malaria_RDT,2838107,41,92.18013054,2.407879414,Flood,0.950101087,54.01859362,0.030072778,Ocean,137856.2151,11843.97737,RDC,2024,3,0.822
Uganda,Contraceptive,80257,30,82.91673439,3.255360763,Conflict,0.761752469,54.75678533,0.159780463,Land,88551.89986,21767.94952,COE,2023,5,0.621
Zambia,Contraceptive,4651731,59,88.47300888,7.514444986,COVID_Lockdown,0.81326657,40.23141773,0.112289277,Ocean,55098.12067,12822.58848,3PL,2024,5,0.589
Ethiopia,Malaria_RDT,1035257,68,87.50282736,4.227574907,COVID_Lockdown,0.792242198,35.59681777,0.166407429,Air,97491.38408,17732.84361,RDC,2023,5,0.627
Kenya,LLIN,1151267,37,93.34696032,1.278392512,Conflict,0.743821954,38.89986378,0.000951808,Ocean,117321.5025,14346.90994,RDC,2024,4,0.893
Nigeria,HIV_ARV,2105845,44,73.44942539,4.74922439,None,0.784018196,46.61711885,0.149837704,Land,142636.9929,11582.74441,3PL,2023,1,0.526
Malawi,Maternal_Health,468829,62,91.56433684,1.736470905,Conflict,0.767503962,43.32446146,0.010303119,Air,122923.4538,5145.595683,COE,2023,4,0.854
Malawi,Contraceptive,2685466,58,84.66241164,2.876380478,None,0.967842153,18.04982871,0.190019744,Ocean,91728.09225,8044.565616,3PL,2021,1,0.62
Malawi,Maternal_Health,3488780,84,82.2838553,4.848127703,Flood,0.914912853,38.5780056,0.140547898,Ocean,102252.3317,17706.94216,RDC,2023,4,0.593
Mozambique,Malaria_RDT,4165345,65,82.14098986,8.165634395,Port_Closure,0.791669459,56.9667632,0.064034458,Ocean,63321.66927,16009.34918,3PL,2024,2,0.56
Kenya,Maternal_Health,4788202,63,79.50046842,11.06997423,Conflict,0.921368325,39.98425029,0.063970099,Ocean,108908.4997,15370.6097,Public_Depot,2021,4,0.47
Malawi,Malaria_RDT,1596933,47,82.92940796,9.087846864,Port_Closure,0.706420586,66.69448712,0.172298476,Ocean,113019.2113,19216.61297,RDC,2024,3,0.478
Kenya,Maternal_Health,375329,60,80.60132973,4.784431284,None,0.852692166,28.46754822,0.180568026,Ocean,10082.29144,9083.140826,COE,2023,1,0.555
Ghana,HIV_ARV,3006151,69,86.90108585,11.7720494,Port_Closure,0.772597023,44.18237643,0.178314656,Ocean,89280.36578,11111.89018,Public_Depot,2023,2,0.434
Malawi,HIV_ARV,1277222,53,88.94968816,6.674808033,None,0.733153401,28.17590425,0.161748059,Land,129702.6326,11382.53486,3PL,2024,1,0.58
Nigeria,HIV_ARV,3417851,53,84.71713295,2.060934382,COVID_Lockdown,0.956289973,29.73309335,0.163806404,Ocean,64862.99081,7645.001036,COE,2022,5,0.66
Kenya,HIV_ARV,1593812,56,93.49861603,5.283649557,Port_Closure,0.757808755,29.84467529,0.114553581,Land,21235.59375,9803.348688,Public_Depot,2021,3,0.682
Kenya,HIV_ARV,915256,48,83.25789357,3.029250059,Port_Closure,0.938493417,66.5161597,0.005646211,Ocean,84169.90405,8710.00092,3PL,2021,2,0.744
Nigeria,HIV_ARV,50917,57,84.45568789,1.256282221,COVID_Lockdown,0.819834576,36.97427092,0.017354656,Air,117281.2319,6720.558798,Public_Depot,2023,5,0.795
Malawi,Malaria_RDT,4523447,57,83.63529679,1.477328668,Flood,0.704144323,31.56833958,0.12991065,Ocean,97018.3402,9412.298432,RDC,2021,4,0.692
Nigeria,Contraceptive,312091,69,88.99309437,4.558297465,None,0.91243452,39.96750249,0.080233032,Ocean,85808.13363,12736.71099,COE,2024,1,0.694
Kenya,Maternal_Health,453157,53,89.49786751,7.262617972,None,0.87294433,37.33102735,0.113461926,Land,57230.72244,20148.40363,Public_Depot,2023,1,0.601
Nigeria,HIV_ARV,299265,61,88.47683442,8.204609767,Port_Closure,0.799809846,49.73741599,0.046215525,Land,52052.67898,8923.009469,RDC,2021,2,0.613
Kenya,Malaria_RDT,1434822,53,85.37945673,1.26584625,Conflict,0.781648321,15.52875962,0.129883435,Ocean,90483.14504,17293.85103,3PL,2020,4,0.712
Kenya,Malaria_RDT,1857402,61,79.2968857,4.090223953,Conflict,0.721370463,28.54463061,0.048565909,Land,83244.11283,13884.72897,RDC,2021,5,0.652
Ghana,Malaria_RDT,1999902,52,84.4027971,6.459772039,COVID_Lockdown,0.973013423,50.15806593,0.09216256,Air,110575.2187,14747.88171,3PL,2024,5,0.601
Zambia,Contraceptive,1185371,60,93.39069857,5.455575787,None,0.843255617,34.13645672,0.09574398,Land,98218.03653,13579.14596,COE,2021,1,0.691
Kenya,Maternal_Health,378821,62,91.06618944,7.083639101,None,0.72480211,30.94058532,0.035533646,Ocean,62708.08321,5585.97908,RDC,2022,1,0.671
Malawi,Contraceptive,709987,44,87.47025198,3.695918886,None,0.951917118,30.40358317,0.175241545,Land,92683.98552,8793.348737,RDC,2022,1,0.633
Ethiopia,LLIN,293877,66,84.07773971,8.818745705,Conflict,0.78086162,48.68373788,0.105164211,Land,87712.65937,15294.31821,3PL,2023,4,0.531
Mozambique,Malaria_RDT,3395026,53,85.93190761,4.987273935,None,0.759044788,48.15958196,0.173356756,Ocean,35076.46732,13184.75958,Public_Depot,2022,1,0.592
Uganda,LLIN,1597419,50,84.0999788,7.273172407,None,0.781471857,51.49144114,0.052507139,Ocean,72426.0937,6417.185682,3PL,2024,1,0.604
Zambia,HIV_ARV,970759,47,91.96525844,3.857678856,Port_Closure,0.863725723,26.04762431,0.034467189,Ocean,86801.93111,12130.11461,Public_Depot,2020,3,0.774
Zambia,HIV_ARV,1811369,57,81.80516501,5.175172831,Port_Closure,0.721476381,25.3381389,0.00360333,Ocean,81598.93917,15369.45047,3PL,2020,2,0.674
Zambia,Contraceptive,3298140,54,90.61834641,0.211922446,Flood,0.839709504,53.64819722,0.018772932,Land,94472.21353,7984.693052,COE,2023,3,0.883
Ghana,Maternal_Health,2263697,58,83.35398714,2.48973419,Port_Closure,0.959765599,42.46148771,0.029494121,Air,87350.51597,11413.45019,Public_Depot,2023,2,0.742
Kenya,LLIN,1517172,58,92.60463415,4.377608934,Port_Closure,0.754569763,32.72865194,0.015771112,Air,95220.59574,19073.45918,RDC,2022,3,0.778
Ghana,Maternal_Health,1908997,61,88.13387962,5.30018463,Port_Closure,0.796044744,38.11409207,0.179375859,Ocean,90006.10648,15357.26606,Public_Depot,2024,2,0.595
Kenya,Contraceptive,1468826,82,82.253063,13.04360465,Conflict,0.81487537,25.18800989,0.182287662,Ocean,84303.16252,19346.64345,3PL,2022,4,0.38
Malawi,HIV_ARV,4530967,55,84.45343793,3.854300022,None,0.870004006,33.64474735,0.187472534,Ocean,89786.30719,11494.61217,3PL,2024,1,0.598
Ghana,Maternal_Health,1479290,47,89.55820303,0.870079304,None,0.966583731,41.91057647,0.191972167,Air,74153.92135,17326.74031,Public_Depot,2024,1,0.703
Ghana,Maternal_Health,2170711,34,83.50428588,10.10745416,None,0.81441637,44.25366303,0.098367001,Ocean,72529.38525,8873.708234,RDC,2020,1,0.499
Mozambique,HIV_ARV,571244,43,86.11068243,8.236513253,None,0.720054324,38.95082885,0.106004927,Ocean,87951.99189,16321.29866,COE,2024,1,0.558
Ethiopia,LLIN,1449769,67,83.43527915,1.53046339,Conflict,0.80090575,37.72353953,0.026166086,Ocean,24729.21447,10140.17001,RDC,2021,5,0.771
Ghana,HIV_ARV,2545389,62,94.79558574,6.39578621,None,0.75512477,48.79908313,0.027410408,Ocean,73874.83572,14828.63702,Public_Depot,2024,1,0.725
Mozambique,Maternal_Health,4689059,41,95.65535946,7.50561927,COVID_Lockdown,0.889014599,38.78348417,0.154551288,Ocean,63814.83533,15030.82084,3PL,2020,5,0.606
Nigeria,LLIN,538051,79,93.31561977,5.49147534,None,0.708486012,34.63461677,0.171145817,Ocean,60108.54751,15752.93337,RDC,2022,1,0.632
Ethiopia,LLIN,875782,58,85.37813017,5.977465761,Conflict,0.784659692,30.8524358,0.156942886,Land,75543.25207,8967.633339,3PL,2024,4,0.576
Malawi,HIV_ARV,489439,59,83.98623677,3.103231495,Conflict,0.858100317,18.7888659,0.166915173,Ocean,44790.00382,14265.71915,3PL,2021,4,0.627
Ghana,Maternal_Health,3667597,77,82.1041821,6.511367997,Port_Closure,0.78042692,47.79902649,0.055314063,Land,75686.49981,13100.36542,RDC,2023,2,0.607
Uganda,Contraceptive,4659770,72,93.67860645,3.525937161,Flood,0.859788632,57.56301891,0.093213157,Ocean,91939.78283,18017.68165,Public_Depot,2022,3,0.75
Zambia,Maternal_Health,1314134,62,90.65361855,0,None,0.733266573,30.08187405,0.091839877,Land,116512.6119,10439.41021,RDC,2023,1,0.823
Nigeria,Malaria_RDT,1944554,63,90.89380441,5.588797916,Port_Closure,0.973413592,24.75935619,0.199056681,Ocean,150975.1938,7775.228811,COE,2021,2,0.592
Nigeria,Contraceptive,4765700,64,84.75036032,0,None,0.784362974,32.52730397,0.189835604,Land,30143.4828,6418.698008,3PL,2020,1,0.687
Malawi,LLIN,997272,52,77.21051258,8.04048249,Port_Closure,0.967670243,43.48640936,0.119697221,Land,56982.59327,11857.2791,3PL,2020,2,0.498
Mozambique,Contraceptive,4964082,57,78.36021195,1.60753957,Conflict,0.794492277,33.93640083,0.027594627,Ocean,75678.80804,11292.50448,Public_Depot,2022,5,0.721
Nigeria,LLIN,3181603,60,86.28817031,0,None,0.926733655,33.72769969,0.051719208,Land,89148.1,11797.50726,3PL,2024,1,0.818
Ethiopia,LLIN,3835961,53,83.38662872,0,Conflict,0.771394334,39.00492016,0.072752311,Ocean,95936.14337,11816.15061,3PL,2024,5,0.773
Ghana,Contraceptive,3169734,45,82.81149353,4.875570025,None,0.894232982,41.20970597,0.174642332,Air,66696.32379,18577.66268,3PL,2023,1,0.572
Ghana,LLIN,761943,52,87.72574187,5.559523437,Port_Closure,0.793877702,44.41902595,0.034126491,Ocean,10000,12411.93977,RDC,2020,3,0.69
Uganda,LLIN,2287300,45,91.06829915,0.762089551,COVID_Lockdown,0.847656147,36.45816579,0.043949383,Land,116038.1306,17525.14387,3PL,2024,5,0.849
Malawi,Malaria_RDT,4275389,55,82.49386466,1.782835236,Flood,0.895406102,36.24452552,0.069876938,Land,100079.9637,14537.12316,RDC,2024,3,0.722
Zambia,Maternal_Health,2671158,37,79.47195157,4.975793336,Flood,0.870775927,16.93616849,0.185382038,Ocean,106396.9994,9348.851708,Public_Depot,2020,3,0.54
Mozambique,Maternal_Health,3201478,58,82.61264412,7.916683274,Flood,0.867121372,51.22822747,0.100762418,Ocean,78560.44196,13033.86201,COE,2020,4,0.547
Zambia,Malaria_RDT,2488064,38,80.78018019,1.369753458,COVID_Lockdown,0.719047442,43.02843229,0.129367207,Land,95534.86023,19182.10617,3PL,2021,5,0.671
Nigeria,Contraceptive,4280207,50,88.96416308,6.137525788,None,0.772232281,58.13276553,0.077444661,Air,25010.31221,17060.67448,COE,2023,1,0.653
Malawi,HIV_ARV,2048173,60,85.97945623,0,Flood,0.865833394,46.13332887,0.037704422,Land,52888.8057,17810.03599,RDC,2020,3,0.827
Uganda,HIV_ARV,4856546,62,95.40244614,5.94766621,Port_Closure,0.70531199,39.1168408,0.044560107,Ocean,120827.7221,15019.30392,Public_Depot,2021,3,0.731
Zambia,HIV_ARV,4756797,61,89.6734256,7.267376243,None,0.772686834,22.16782572,0.160534244,Ocean,85927.41647,11090.94458,Public_Depot,2020,1,0.57
Ethiopia,Malaria_RDT,3623258,58,95.06928068,6.572619832,None,0.766463719,20.39484229,0.178696408,Ocean,141078.4386,19560.20416,RDC,2022,1,0.61
Ghana,Malaria_RDT,1540017,43,78.9806232,7.983193342,None,0.772458272,52.5801787,0.098615131,Ocean,55758.82653,15237.94954,COE,2022,1,0.522
Nigeria,LLIN,3152641,64,69.73570602,7.783227202,Port_Closure,0.855326755,46.73858156,0.071398905,Ocean,161564.413,16723.60788,3PL,2022,2,0.48
Uganda,HIV_ARV,919446,44,87.21496014,10.54079545,Conflict,0.868768503,57.58479923,0.161567027,Ocean,165861.3442,13434.1467,RDC,2020,5,0.474
Zambia,Contraceptive,691593,65,86.6161012,5.325855257,Conflict,0.963609418,51.17498007,0.134618955,Ocean,65652.38836,8866.454102,RDC,2024,5,0.616
Mozambique,Contraceptive,3701361,61,85.38607293,10.54967416,Port_Closure,0.811949004,35.54643131,0.008174795,Ocean,71366.99562,14579.7883,RDC,2024,2,0.549
Ethiopia,HIV_ARV,1517130,68,86.47898363,2.16770273,None,0.968707886,12.39899165,0.07014818,Ocean,122560.0574,19775.79233,RDC,2022,1,0.746
Ethiopia,HIV_ARV,1584227,55,80.37986908,4.383974769,None,0.88906676,47.25424261,0.136434596,Air,68116.6843,16233.01463,RDC,2023,1,0.593
Zambia,HIV_ARV,2347905,46,88.81589349,4.654990481,None,0.964671515,27.80680292,0.114735964,Ocean,77031.7827,15215.34131,Public_Depot,2021,1,0.664
Ghana,Malaria_RDT,4276405,42,89.6809662,1.871646622,Flood,0.941706909,37.78837556,0.195613462,Ocean,63003.86666,9560.448189,RDC,2022,3,0.676
Zambia,Malaria_RDT,4247079,43,80.00125641,0,None,0.899398909,44.94533133,0.173223076,Ocean,63811.63227,19092.17493,Public_Depot,2021,1,0.661
Nigeria,Malaria_RDT,2637551,38,84.2318179,7.607895085,Port_Closure,0.803270711,32.43225426,0.011947681,Ocean,88538.98175,18388.96108,COE,2021,2,0.621
Zambia,Maternal_Health,4159070,64,84.54068075,2.210197538,COVID_Lockdown,0.76992203,30.09799785,0.145153803,Land,76791.49114,5870.972381,3PL,2022,5,0.669
Ethiopia,Contraceptive,3448116,65,82.64594549,3.797512978,Flood,0.764493516,36.3138728,0.067265322,Ocean,22321.10321,16715.6619,Public_Depot,2024,3,0.673
Uganda,Contraceptive,2559907,60,80.19443805,9.753755794,Conflict,0.976130413,15.44583075,0.136416541,Land,128232.6539,12002.17675,3PL,2023,4,0.467
Zambia,LLIN,1856210,54,86.06252496,6.716255226,Flood,0.977986415,27.59572634,0.123444917,Ocean,132980.3474,14166.7072,3PL,2022,4,0.585
Ghana,Malaria_RDT,4039284,75,87.3040276,10.22063436,None,0.910201098,27.42230389,0.100610052,Land,100371.879,9729.624689,3PL,2021,1,0.518
Malawi,Maternal_Health,76616,54,82.94908946,5.361593102,None,0.956300835,37.16982415,0.170589911,Ocean,88772.87744,13483.07084,Public_Depot,2020,1,0.565
Uganda,Maternal_Health,4192887,57,80.54605701,6.666478182,Conflict,0.966508887,28.63410848,0.141737972,Ocean,56924.29096,8598.872915,Public_Depot,2020,4,0.538
Mozambique,Contraceptive,4990359,54,88.05278623,4.277985327,Flood,0.848351297,33.81014682,0.177911023,Land,71144.07345,9787.040487,Public_Depot,2021,3,0.621
Kenya,Malaria_RDT,1284215,51,82.16339762,2.453911104,Port_Closure,0.88242731,34.6604246,0.05632075,Ocean,117674.7743,15070.78111,COE,2022,2,0.712
Zambia,LLIN,3888187,61,84.45397243,6.655378862,None,0.821438804,65.53222792,0.069625505,Air,102937.5957,9972.714362,Public_Depot,2024,1,0.611
Ghana,Malaria_RDT,4451207,48,83.81961686,3.692296371,Flood,0.821362322,49.23485498,0.12439027,Ocean,98658.4415,14715.64606,COE,2022,4,0.644
Uganda,HIV_ARV,1088218,47,92.22854332,6.933565899,None,0.711144386,38.55540963,0.193292887,Air,99933.43617,13438.8794,Public_Depot,2023,1,0.572
Ghana,Malaria_RDT,402365,61,82.39284768,3.288592946,None,0.825808224,45.38893806,0.07431642,Land,116874.7691,22527.87254,Public_Depot,2020,1,0.679
Mozambique,HIV_ARV,2434775,50,94.6276329,4.473850242,None,0.895312045,51.04859246,0.00645873,Land,112374.7278,10412.80717,3PL,2021,1,0.8
Ethiopia,HIV_ARV,4159404,56,89.76150969,4.714152484,Port_Closure,0.822374828,43.45323339,0.089177591,Ocean,105682.1701,11655.12338,RDC,2024,2,0.689
Ghana,LLIN,411309,51,95.10449338,8.230895075,None,0.952998806,27.59332959,0.108785913,Ocean,74552.55416,10134.05233,3PL,2022,1,0.615
Uganda,Contraceptive,4300167,54,89.32319415,3.726954076,None,0.796443256,38.35588534,0.160197482,Land,135531.3236,18718.90845,Public_Depot,2023,1,0.657
Ghana,Malaria_RDT,3368843,48,84.89477776,8.560970359,Flood,0.738477794,28.28929189,0.145720096,Land,70452.43927,13425.89154,RDC,2022,4,0.518
Ghana,HIV_ARV,1967577,48,81.41316835,2.285444779,Port_Closure,0.93535202,36.05104992,0.192932536,Ocean,58937.17128,12354.47242,RDC,2023,3,0.607
Ghana,Malaria_RDT,2642806,46,84.22294305,5.809572775,Port_Closure,0.895444896,38.0936117,0.156536552,Ocean,68086.387,16081.19705,COE,2022,2,0.573
Nigeria,Contraceptive,1601899,63,93.43640513,2.937198117,Port_Closure,0.77012765,52.63095565,0.059725687,Ocean,49263.37462,9519.361537,RDC,2024,2,0.793
Nigeria,Contraceptive,827635,56,85.76030604,8.347237467,COVID_Lockdown,0.855570864,30.47055795,0.128276062,Land,102507.2775,7631.339247,COE,2024,5,0.54
Ethiopia,Maternal_Health,763340,64,89.30459694,2.544009513,None,0.816537178,29.50921397,0.134448239,Ocean,84593.10512,14140.59613,3PL,2021,1,0.707
Zambia,Contraceptive,328495,65,87.03485673,2.849801769,None,0.972269335,31.39679442,0.199604103,Ocean,118859.5069,13648.50437,COE,2024,1,0.63
Ghana,LLIN,3330931,50,87.24830589,1.2310927,Flood,0.876126306,32.69192709,0.027747582,Air,11608.6876,10054.09503,Public_Depot,2023,4,0.813
Mozambique,HIV_ARV,881257,63,87.44079842,5.309121843,None,0.745932886,36.18197628,0.038265101,Land,91326.8517,14422.44241,RDC,2021,1,0.692
Zambia,Maternal_Health,1896357,54,88.47670743,6.773146115,Port_Closure,0.845623051,43.95187999,0.031102729,Land,77293.78577,20399.44879,Public_Depot,2024,2,0.664
Mozambique,LLIN,1929262,53,81.92946254,6.449387551,Port_Closure,0.950141481,30.57870321,0.117812023,Ocean,74631.8702,14790.57456,RDC,2020,2,0.567
Zambia,Malaria_RDT,3693327,67,84.62547865,4.56728612,COVID_Lockdown,0.894734034,41.37870652,0.027060214,Ocean,53779.82581,5071.180458,RDC,2023,5,0.698
Ethiopia,HIV_ARV,1373173,60,87.54656667,3.018376605,Conflict,0.944311102,41.52702178,0.131201542,Land,86308.77815,18668.42882,3PL,2021,5,0.684
Ghana,Contraceptive,1772199,51,86.81743611,4.163960247,COVID_Lockdown,0.772615801,46.64410986,0.16075481,Air,62058.66296,20957.42968,COE,2023,5,0.627
Ghana,HIV_ARV,2749134,59,83.69397698,4.278411431,None,0.957621899,37.4707042,0.086558585,Air,130590.2218,15116.5333,3PL,2021,1,0.655
Kenya,Malaria_RDT,3080486,42,88.08300457,5.757831282,Conflict,0.919127286,49.9850155,0.112137016,Air,103811.9752,13685.27928,COE,2023,4,0.632
Mozambique,Maternal_Health,4030053,57,82.14429322,5.551558431,None,0.911384989,44.42837447,0.182544417,Ocean,114442.8866,6810.108198,3PL,2020,1,0.547
Zambia,Maternal_Health,750033,40,79.88496916,10.21915722,Flood,0.80049691,43.89015914,0.113913184,Air,32789.25343,9537.792254,3PL,2024,3,0.467
Zambia,Maternal_Health,3951403,45,87.47492884,5.118908195,Flood,0.957420838,33.39174472,0.04172111,Ocean,111569.1798,11772.25148,RDC,2022,4,0.695
Malawi,Contraceptive,184445,60,80.00754131,6.082402905,None,0.885014019,43.29476078,0.06863876,Ocean,108741.482,10062.23563,3PL,2022,1,0.594
Malawi,LLIN,4647855,28,87.40062001,5.214367419,Flood,0.947033448,44.22745459,0.105969161,Land,72810.4398,10962.37076,3PL,2022,3,0.646
Nigeria,LLIN,1895700,73,76.22659502,4.01979932,None,0.804681722,32.82892703,0.030979537,Ocean,79406.84562,13494.02043,COE,2021,1,0.64
Kenya,HIV_ARV,2716981,63,82.3750608,6.062223503,None,0.742239106,54.33138956,0.122503967,Ocean,55517.45389,10261.83068,3PL,2024,1,0.577
Uganda,Contraceptive,3870671,36,84.36211543,3.738018218,COVID_Lockdown,0.796377782,71.4820708,0.199849218,Ocean,75773.1602,19077.83232,RDC,2021,5,0.591
Malawi,Maternal_Health,4958951,78,77.96682413,4.825348246,None,0.832026661,32.1144293,0.130506993,Ocean,101938.7691,13297.75588,3PL,2021,1,0.569
Uganda,Maternal_Health,4137138,81,84.13663864,8.477805615,None,0.854688139,34.35777389,0.074482229,Land,64919.74626,15018.15084,Public_Depot,2021,1,0.559
Nigeria,Malaria_RDT,921535,53,91.92509819,3.543921715,Port_Closure,0.848134673,34.65969955,0.066349298,Air,86083.47711,15037.20168,Public_Depot,2021,3,0.757
Nigeria,Malaria_RDT,1833611,45,79.64845637,6.162031807,Conflict,0.858355832,24.28524889,0.186320665,Ocean,161368.7559,14530.58827,COE,2024,4,0.515
Nigeria,Maternal_Health,1792166,71,84.27313377,0,None,0.944094672,29.48451333,0.174302858,Ocean,55636.0622,13189.81246,COE,2022,1,0.696
Mozambique,Maternal_Health,1085408,51,94.51322335,4.443968268,None,0.749329361,50.28673572,0.094471724,Ocean,94964.09007,16997.88081,Public_Depot,2023,1,0.729
Mozambique,Contraceptive,1511312,56,80.69069568,3.523643811,Conflict,0.791654876,39.01583752,0.070682913,Ocean,53985.55615,17836.70239,3PL,2021,5,0.662
Ethiopia,LLIN,2625606,67,92.98611676,5.360781303,None,0.957696462,63.02819603,0.142092857,Air,40435.43793,4747.077592,3PL,2024,1,0.655
Ethiopia,Malaria_RDT,546440,53,84.6049736,4.291289671,None,0.862532879,36.53795148,0.062900495,Ocean,108978.837,7251.413106,COE,2020,1,0.679
Nigeria,LLIN,1521926,52,86.50956043,5.424553325,Conflict,0.869183062,44.99620992,0.023880646,Air,72793.82921,10828.811,RDC,2023,5,0.692
Kenya,Contraceptive,1502137,42,92.45741116,3.864001142,Port_Closure,0.838638138,29.14847392,0.062030442,Ocean,132981.3559,8537.688472,3PL,2021,2,0.756
Zambia,Maternal_Health,2923524,48,83.5745103,6.159004097,Conflict,0.859202644,38.67782443,0.086859196,Ocean,102035.9015,10059.74568,Public_Depot,2021,5,0.606
Mozambique,LLIN,2792455,52,89.15512837,0,None,0.757443122,41.05385338,0.051082275,Ocean,61425.9362,11188.68299,RDC,2023,1,0.846
Kenya,Maternal_Health,2319409,42,90.42298553,5.334236888,COVID_Lockdown,0.858591401,14.75098748,0.043362745,Ocean,58691.29127,11972.36837,RDC,2023,5,0.711
Ghana,Maternal_Health,1753820,43,82.74592996,2.188762251,COVID_Lockdown,0.989180207,30.10044998,0.001228033,Land,106618.2403,7035.39501,3PL,2021,5,0.766
Mozambique,HIV_ARV,345599,55,82.19284916,8.50359963,None,0.864153796,47.63116526,0.126168556,Ocean,53412.77763,11343.05192,RDC,2024,1,0.515
Mozambique,LLIN,1607009,36,84.85698452,2.140358042,None,0.712876715,46.9920092,0.122889788,Ocean,52571.32672,18690.70373,COE,2020,1,0.691
Ethiopia,LLIN,647904,46,85.01342329,7.985662052,COVID_Lockdown,0.930966337,25.01949551,0.037605048,Land,33423.79516,11994.41332,RDC,2024,5,0.6
Zambia,Maternal_Health,3807454,74,80.6052601,4.965402076,Port_Closure,0.814977874,35.66845808,0.188730014,Air,103701.6614,15367.91305,COE,2022,3,0.546
Zambia,Contraceptive,166841,51,82.79199751,0,Port_Closure,0.744566083,11.56463205,0.08191418,Ocean,60711.30647,12730.77726,3PL,2022,2,0.76
Malawi,HIV_ARV,219934,50,68.66547922,2.371197952,Flood,0.950130744,39.95875529,0.005095887,Land,95791.48689,13459.53499,RDC,2022,4,0.629
Uganda,Maternal_Health,3972750,51,84.32863658,7.543403072,Conflict,0.757412244,55.12359865,0.043954383,Ocean,45932.64113,12537.97476,Public_Depot,2021,5,0.603
Uganda,Malaria_RDT,1185270,51,90.4719709,7.373026475,Conflict,0.967022543,55.64346324,0.138413497,Air,35850.15667,15971.96937,Public_Depot,2020,5,0.588
Uganda,Malaria_RDT,287068,60,77.66655433,1.101947682,None,0.828120982,55.21682552,0.04032398,Ocean,106593.1052,9716.463631,COE,2020,1,0.718
Uganda,HIV_ARV,3689688,60,83.68427734,9.688567177,None,0.915409342,46.32361638,0.010782492,Air,80244.60987,13684.19541,COE,2021,1,0.56
Ghana,Contraceptive,4199287,51,98,4.926307379,Conflict,0.858628797,53.89845493,0.123541244,Ocean,64653.91546,10692.09623,3PL,2021,5,0.718
Ghana,Maternal_Health,1654243,52,85.88719979,7.654536963,Conflict,0.774421773,37.72884696,0.103670958,Ocean,70406.37611,15680.80744,RDC,2021,4,0.573
Mozambique,LLIN,901161,68,92.78397184,1.364475951,Flood,0.894616151,33.73755201,0.152253167,Air,70513.31965,8568.1437,COE,2020,3,0.751
Nigeria,HIV_ARV,4822945,39,80.94042339,3.632152951,COVID_Lockdown,0.97779464,53.68738263,0.154526278,Air,146028.0571,15602.20726,COE,2021,5,0.601
Ethiopia,Contraceptive,755356,54,88.24409203,6.247712811,Flood,0.92319472,43.46151474,0.191987051,Air,92962.94968,13834.22121,3PL,2023,3,0.565
Ethiopia,LLIN,1688846,56,80.08890885,4.060509641,None,0.875165219,18.45714911,0.011403509,Land,89169.77521,7941.171824,RDC,2023,1,0.685
Uganda,Malaria_RDT,4280987,47,88.00532307,0,Conflict,0.987282151,54.59893475,0.007797884,Ocean,62395.40128,19984.47953,RDC,2023,5,0.873
Mozambique,Malaria_RDT,3309819,53,90.21124117,4.427652989,Port_Closure,0.776944734,37.36179576,0.19743941,Ocean,108604.345,15231.35801,COE,2021,2,0.617
Malawi,LLIN,1509410,45,89.02487923,0,None,0.718079031,31.9944916,0.128969576,Air,50430.98102,8657.316273,RDC,2023,1,0.775
Kenya,HIV_ARV,374934,61,84.27531337,1.787922375,None,0.709317951,51.74685463,0.143074108,Air,100560.5469,13626.98491,RDC,2021,1,0.679
Nigeria,Malaria_RDT,1852466,41,87.37466783,0.791396622,Conflict,0.906099485,50.12878272,0.019296404,Ocean,100722.8458,6442.688331,RDC,2023,5,0.834
Mozambique,Maternal_Health,3871615,65,87.42245968,8.397666371,COVID_Lockdown,0.940767386,28.51743352,0.013962538,Ocean,115526.1619,6142.230098,Public_Depot,2021,5,0.621
Nigeria,LLIN,2432865,54,89.32994828,9.339065315,None,0.884179156,38.11494652,0.032050719,Ocean,25944.66312,17784.99374,RDC,2024,1,0.595
Nigeria,LLIN,847583,50,85.38116526,6.024691795,None,0.962457713,29.09885125,0.085439121,Land,118817.3303,8199.628446,Public_Depot,2022,1,0.624
Nigeria,Malaria_RDT,514310,44,90.655694,4.309793894,Port_Closure,0.902413054,29.41666332,0.022035237,Ocean,95614.26365,16149.3532,RDC,2024,2,0.759
Mozambique,HIV_ARV,3764755,65,93.173027,5.085016338,Conflict,0.807576847,10,0.089266748,Ocean,62370.50602,17669.02465,RDC,2022,5,0.705
Uganda,Maternal_Health,607242,48,84.41066277,8.395564505,Flood,0.752564905,27.83209651,0.112307181,Ocean,20223.7188,9063.891813,RDC,2022,4,0.54
Ethiopia,HIV_ARV,3177640,43,86.23219864,0,Port_Closure,0.968147769,37.94623253,6.66E-05,Land,72812.75655,21319.90503,COE,2023,3,0.862
Ethiopia,Contraceptive,818223,65,81.47592608,1.774694329,Flood,0.730043173,10,0.022849126,Land,90604.86383,13370.88393,COE,2022,4,0.749
Uganda,Contraceptive,4353677,45,87.70128662,8.012127208,None,0.857466637,23.53777059,0.075039038,Land,39395.50832,13193.43121,Public_Depot,2022,1,0.595
Nigeria,Malaria_RDT,4148535,54,87.73318864,8.636812934,Port_Closure,0.791062298,47.28462101,0.010665959,Land,59469.95176,9007.134993,RDC,2024,2,0.618
Kenya,Malaria_RDT,4803292,63,86.28993193,6.7691639,None,0.778710352,23.05236227,0.026705795,Ocean,47096.19232,9079.44514,Public_Depot,2022,1,0.65
Zambia,Malaria_RDT,1222304,56,86.66699827,1.865085302,Conflict,0.887292107,38.11320733,0.046359278,Ocean,71957.0927,4224.187915,RDC,2021,4,0.775
Mozambique,Contraceptive,1693909,72,95.60913195,7.968646943,None,0.767058712,20.15962117,0.085920283,Air,52351.89822,9892.584242,3PL,2021,1,0.642
Zambia,HIV_ARV,2049117,46,71.56638598,9.084298074,Flood,0.965745881,44.91325065,0.14296744,Ocean,150107.7015,17665.04996,Public_Depot,2023,4,0.428
Malawi,HIV_ARV,969134,52,83.51671561,7.154750803,None,0.817752734,36.09095201,0.026537722,Ocean,110910.5821,8927.117714,COE,2024,1,0.619
Uganda,Malaria_RDT,1905797,53,84.28138161,0,Port_Closure,0.896438851,28.98791011,0.147591714,Land,51832.95401,9275.030371,3PL,2020,2,0.718
Kenya,Maternal_Health,2979735,61,93.28456306,5.373784427,None,0.911049158,10,0.171012146,Air,56201.84156,7855.087645,COE,2024,1,0.635
Mozambique,HIV_ARV,4686440,67,88.37644405,6.755720193,None,0.898053091,29.27361334,0.130295753,Land,40573.00111,7554.943698,3PL,2020,1,0.596
Uganda,Contraceptive,561162,55,88.49842918,3.453148009,None,0.96198607,47.97690015,0.008745139,Land,80490.12546,16550.30146,3PL,2022,1,0.776
Nigeria,LLIN,2620725,53,92.29928095,5.560030772,Conflict,0.76702795,58.60070864,0.088130737,Ocean,138254.9263,8140.593786,3PL,2020,5,0.686
Ethiopia,LLIN,3461134,40,85.10021649,3.459622516,None,0.724955818,37.36890879,0.1320132,Land,120920.568,12473.02944,Public_Depot,2022,1,0.653
Zambia,LLIN,2476277,56,89.26163268,2.415219812,Flood,0.716085052,38.79901699,0.195702627,Ocean,90940.80319,11578.8408,Public_Depot,2024,4,0.66
Ghana,Maternal_Health,3250450,48,83.34617056,9.531772452,Port_Closure,0.954574804,31.87043692,0.190361678,Air,76174.54324,16826.47001,COE,2024,2,0.46
Ghana,Malaria_RDT,2329042,61,80.73346837,5.645206011,Port_Closure,0.982253244,54.75140034,0.079140631,Ocean,101543.2513,9654.827477,Public_Depot,2023,2,0.604
Kenya,Contraceptive,1367621,50,94.97083494,1.682061061,Port_Closure,0.787732697,37.11209174,0.123186214,Ocean,93394.48731,11276.25937,COE,2023,2,0.786
Nigeria,Maternal_Health,3687967,52,87.84515865,0.870199905,COVID_Lockdown,0.901119038,50.72474457,0.178163029,Land,97988.52756,8630.307484,RDC,2022,5,0.701
Malawi,Contraceptive,2417893,40,89.22331297,2.417053684,None,0.702584707,42.97850823,0.166209249,Ocean,90921.14327,10439.0581,COE,2022,1,0.684
Zambia,Contraceptive,1490351,36,80.59912658,2.433279876,None,0.754703138,41.47486353,0.095884367,Air,98344.32875,9394.547852,COE,2021,1,0.67
Nigeria,Malaria_RDT,1948917,73,88.55176323,5.439590834,COVID_Lockdown,0.899889571,27.75692767,0.052248266,Ocean,42381.96467,12421.16189,Public_Depot,2021,5,0.687
Zambia,LLIN,789574,56,94.89116373,6.456670167,None,0.71910727,61.39113561,0.027419989,Ocean,81390.07862,19403.44325,COE,2021,1,0.724
Kenya,Malaria_RDT,4121495,59,84.61274966,6.45346055,Conflict,0.835867914,57.59120423,0.097596031,Ocean,92005.5987,12185.90314,Public_Depot,2024,5,0.599
Kenya,Maternal_Health,375437,45,79.72100279,2.749664039,None,0.892149147,67.29034772,0.144569175,Air,71948.38864,17698.95943,COE,2020,1,0.619
Malawi,Maternal_Health,1866760,63,86.91988097,7.761892144,Flood,0.92212787,26.80732058,0.193953943,Ocean,47567.13055,16780.0356,RDC,2022,3,0.519
Ghana,Maternal_Health,2141013,61,80.82051547,8.683532945,None,0.831606615,43.16836601,0.172362981,Ocean,85156.75543,12829.58319,Public_Depot,2023,1,0.475
Nigeria,Malaria_RDT,3680623,46,78.21100652,4.220109899,COVID_Lockdown,0.882782371,30.48023151,0.040848191,Air,200000,16846.16074,Public_Depot,2022,5,0.645
Mozambique,Contraceptive,3731890,44,82.32617153,1.903787609,Port_Closure,0.856476933,45.32393943,0.143955625,Ocean,60306.99972,13922.68753,RDC,2020,2,0.66
Ghana,Contraceptive,922834,47,83.53701103,5.300847544,None,0.715168674,43.50667874,0.057820251,Ocean,80732.19908,7284.600321,Public_Depot,2022,1,0.648
Nigeria,HIV_ARV,4687370,54,81.06375103,11.48022874,None,0.915413359,35.03216263,0.136694519,Land,122841.5637,12844.47346,COE,2023,1,0.432
Ghana,Maternal_Health,669696,56,92.63233391,1.825107296,None,0.749984956,37.25656248,0.133161092,Ocean,138193.7301,13823.81641,3PL,2023,1,0.754
Mozambique,Contraceptive,4122250,55,95.44805002,3.421510091,Flood,0.709223604,65.08921792,0.054486121,Ocean,67501.31192,20051.87358,Public_Depot,2020,3,0.8
Ethiopia,HIV_ARV,4162732,67,89.09044008,5.172302181,None,0.830838696,38.37625326,0.046877724,Air,113938.4594,9273.363429,3PL,2023,1,0.703
Ethiopia,Contraceptive,4364366,47,87.92097746,6.624992074,None,0.9510349,13.56908012,0.020787553,Air,108737.5579,14831.30022,COE,2024,1,0.671
Malawi,Maternal_Health,1082499,44,85.28975944,0,Port_Closure,0.743740537,33.56618709,0.010107927,Air,69810.16854,8076.826397,RDC,2023,2,0.844
Ethiopia,LLIN,3870888,55,81.51833593,8.917663083,Port_Closure,0.703728685,26.85677114,0.171690212,Land,103748.7691,19171.66375,Public_Depot,2020,2,0.475
Ethiopia,Maternal_Health,3026030,38,94.01455116,8.876875846,None,0.731893978,28.96279408,0.009969879,Ocean,79807.8535,17894.83997,3PL,2020,1,0.655
Uganda,Malaria_RDT,2381348,61,85.68573251,3.725619078,None,0.805461143,48.51217131,0.017748233,Land,66196.69998,8204.306632,RDC,2022,1,0.737
Zambia,Contraceptive,4451913,55,83.68707264,13.11985488,Flood,0.868249842,50.69095271,0.047770407,Land,136571.9651,19964.59649,RDC,2023,4,0.448
Uganda,Contraceptive,2062755,51,91.07378312,8.683116149,COVID_Lockdown,0.755973519,29.88342862,0.177531666,Land,104479.9543,17308.35814,Public_Depot,2023,5,0.532
Uganda,Malaria_RDT,4527310,51,85.63207905,8.523349799,None,0.932569561,33.39178325,0.066588072,Ocean,34546.00606,18060.82277,3PL,2020,1,0.572
Malawi,Malaria_RDT,2856284,64,90.88647122,8.562659569,Conflict,0.918456165,31.6220938,0.038359911,Land,81168.35679,19279.57353,Public_Depot,2022,5,0.625
Uganda,LLIN,1900924,63,83.95125647,8.476148176,None,0.901800449,58.21725076,0.143111099,Ocean,69415.34455,17504.67564,COE,2022,1,0.516
Ethiopia,Contraceptive,2936569,52,91.08818463,4.934271535,None,0.841366244,51.04958623,0.063813951,Air,78680.58798,11654.86253,RDC,2024,1,0.712
Mozambique,Contraceptive,3400448,60,90.89883608,4.637120015,Port_Closure,0.805912917,48.1232888,0.066673328,Ocean,100478.7049,19009.27627,3PL,2024,2,0.717
Malawi,LLIN,1664099,63,92.62414211,2.169289797,None,0.80892012,27.61531224,0.147795319,Land,93802.15932,9426.988386,Public_Depot,2020,1,0.732
Malawi,HIV_ARV,1191452,58,82.4528758,3.267884689,Port_Closure,0.845890455,19.48888803,0.050330563,Air,128022.2619,9898.484474,RDC,2022,3,0.698
Kenya,LLIN,1280796,52,85.58480282,4.067306953,Conflict,0.722421259,54.76572742,0.17935201,Ocean,121655.5115,11178.62333,Public_Depot,2022,5,0.607
Malawi,Maternal_Health,163936,58,95.73885039,5.196380151,COVID_Lockdown,0.897868584,63.0270009,0.112284336,Land,48583.06387,14334.33892,3PL,2024,5,0.703
Kenya,Contraceptive,4260583,44,84.7679396,9.794888143,None,0.801937188,18.92116486,0.107566342,Ocean,82050.58653,9328.586296,COE,2024,1,0.51
Malawi,Malaria_RDT,3299479,55,90.05512899,0,None,0.765180046,66.89784142,0.052950447,Air,26596.35854,8208.940071,COE,2020,1,0.853
Zambia,Maternal_Health,3562305,52,97.45282509,9.034802828,COVID_Lockdown,0.78071485,38.72785416,0.167018868,Ocean,55099.38669,9335.738467,COE,2022,5,0.567
Ethiopia,Contraceptive,4330428,51,76.75479402,1.964372064,None,0.752285343,42.01809315,0.11454991,Land,22132.40844,11547.29562,Public_Depot,2020,1,0.635
Malawi,LLIN,1962493,37,84.60222181,4.68644047,Flood,0.961454745,24.18536867,0.03110331,Ocean,37960.14331,13281.94489,RDC,2024,4,0.692
Ethiopia,Maternal_Health,2483351,44,86.00935092,2.826806431,None,0.74902088,18.70289619,0.041259647,Ocean,127003.0919,9955.154007,COE,2023,1,0.747
Ethiopia,Contraceptive,2239063,50,77.0056067,10.56283073,None,0.956048574,12.83436544,0.093651182,Ocean,107581.2555,8154.025392,COE,2024,1,0.452
Ghana,HIV_ARV,3032202,63,83.72014391,3.500126687,None,0.865950585,52.36986847,0.155928364,Air,103511.7976,14559.25045,COE,2022,1,0.624
Malawi,HIV_ARV,2869182,57,81.14309361,6.56434378,Conflict,0.951560777,39.00716162,0.187859055,Air,120260.1314,20219.9469,COE,2020,4,0.515
Nigeria,Malaria_RDT,1043978,64,90.28842734,6.719800035,Conflict,0.837478623,45.52938889,0.132699726,Ocean,103381.179,11341.38669,3PL,2022,5,0.608
Ghana,Contraceptive,497244,67,77.33676322,1.51997975,None,0.969013779,53.59740343,0.10122865,Ocean,82456.79291,16567.79553,3PL,2024,1,0.66
Nigeria,HIV_ARV,2523188,58,95.44661311,4.709688944,Conflict,0.761332316,38.85040542,0.050146396,Ocean,67319.82226,13008.42101,RDC,2024,4,0.764
Ethiopia,LLIN,4482027,56,89.44948707,8.612978789,None,0.860860608,60.27359892,0.134573592,Land,135869.4584,15549.28999,3PL,2021,1,0.552
Ethiopia,Contraceptive,3529000,45,80.7308921,2.380295567,None,0.73649322,30.09503126,0.196447951,Air,124191.567,16261.23124,3PL,2024,1,0.597
Ghana,LLIN,888927,74,91.13209727,7.486896828,Conflict,0.829693883,34.9886473,0.095244495,Ocean,78416.13226,13019.43875,3PL,2022,5,0.619
Ghana,LLIN,132806,40,88.98489837,4.006760086,Port_Closure,0.865272072,29.166139,0.032428376,Ocean,107915.8945,9066.855581,Public_Depot,2020,3,0.746
Nigeria,HIV_ARV,4075345,56,85.80616188,8.490962069,None,0.875645814,50.02607508,0.020668116,Ocean,10000,8078.546238,3PL,2020,1,0.602
Kenya,Contraceptive,2879045,63,82.39271559,10.24249083,None,0.806003351,53.36272085,0.053851237,Land,109426.9784,17600.50142,Public_Depot,2021,1,0.513
Nigeria,Maternal_Health,1328673,63,88.73831641,0,COVID_Lockdown,0.722137336,34.56493055,0.113888404,Ocean,69976.32101,15522.22453,Public_Depot,2022,5,0.786
Ghana,HIV_ARV,4165741,43,86.61460183,0.98559473,Conflict,0.890044561,23.28223178,0.18936106,Air,166374.5784,16918.78442,3PL,2024,4,0.679
Mozambique,HIV_ARV,3507521,50,82.55379744,3.684471159,Conflict,0.84164524,54.76733601,0.059833017,Ocean,119518.6861,15705.25219,Public_Depot,2023,5,0.681
Ghana,Contraceptive,4734013,47,79.28372453,9.396273263,None,0.739694871,29.43101047,0.061078234,Ocean,25819.48228,17288.74404,COE,2020,1,0.511
Mozambique,Contraceptive,4681889,35,81.7470549,6.597398164,Conflict,0.971404031,35.16638856,0.096235932,Ocean,63661.0031,13887.81232,RDC,2022,5,0.576
Zambia,LLIN,3427932,56,83.48351072,1.265745203,None,0.977143912,27.12092061,0.183708467,Land,86817.41872,6922.534512,3PL,2021,1,0.653
Ghana,Contraceptive,2504698,47,91.81243642,7.036760976,COVID_Lockdown,0.948415821,43.44950274,0.08381101,Land,83726.84029,14125.11131,3PL,2023,5,0.644
Zambia,LLIN,2329023,70,90.30379475,2.258795802,None,0.944721807,30.76045507,0.044645878,Ocean,82371.82814,20172.96686,RDC,2022,1,0.798
Kenya,HIV_ARV,2488710,61,83.74966233,7.611595803,None,0.72861467,48.41688829,0.032626183,Ocean,114541.9519,14404.68711,3PL,2024,1,0.605
Nigeria,Malaria_RDT,548512,55,83.9440302,6.616894992,Port_Closure,0.988091832,33.28288288,0.091403074,Ocean,68776.66787,8081.887001,3PL,2020,2,0.594
Mozambique,Maternal_Health,3550967,50,90.9567614,2.245664557,Conflict,0.816110397,46.45413518,0.160135487,Air,82830.0616,15939.10561,RDC,2024,5,0.707
Nigeria,HIV_ARV,817442,56,87.33673375,4.802136699,Conflict,0.747305124,28.90378094,0.058270481,Air,130782.163,21671.15635,Public_Depot,2021,4,0.691
Zambia,Contraceptive,525278,52,87.2670738,8.674051285,None,0.935509501,54.71515453,0.102504528,Ocean,131266.5827,10766.91411,COE,2020,1,0.557
Mozambique,Maternal_Health,1980440,55,82.48312297,0,Port_Closure,0.765461923,34.00116878,0.120601654,Ocean,114332.1471,14304.08464,Public_Depot,2023,3,0.725
Nigeria,Malaria_RDT,429593,74,85.38290571,5.903326421,Conflict,0.852590843,41.08081845,0.090094082,Land,74508.18697,14901.43603,COE,2020,4,0.624
Ghana,Malaria_RDT,544955,44,86.02130834,1.679302034,None,0.737124659,25.74519545,0.038338048,Air,63780.25109,13814.44882,RDC,2024,1,0.781
Ethiopia,LLIN,1570180,53,85.54404127,4.951437172,Conflict,0.83764726,39.80703865,0.184349136,Ocean,83761.18416,16190.83721,Public_Depot,2022,5,0.583
Zambia,Maternal_Health,4890349,62,89.67033956,6.373286711,COVID_Lockdown,0.861861033,26.19055027,0.113089847,Air,85853.55208,11379.30095,Public_Depot,2022,5,0.626
Nigeria,LLIN,1676528,50,89.8267692,11.03950692,None,0.829317948,39.473261,0.145826877,Land,83940.14562,15507.1111,COE,2022,1,0.485
Zambia,HIV_ARV,2964611,70,81.40521083,4.921106657,None,0.720151179,28.46160518,0.127208601,Ocean,101688.8672,17669.79832,COE,2021,1,0.594
Uganda,Maternal_Health,2837976,61,83.49892742,9.396576978,None,0.840632319,38.13577457,0.199609604,Ocean,95819.98945,12056.79422,COE,2021,1,0.459
Zambia,HIV_ARV,1358014,47,82.56313233,2.47850544,None,0.835993425,45.59105226,0.091262027,Ocean,94567.21875,16222.23758,COE,2022,1,0.688
Mozambique,LLIN,2297680,57,92.94262883,3.514939811,Port_Closure,0.77586988,23.53193912,0.084994475,Air,70997.67992,11485.87884,3PL,2023,2,0.751
Uganda,Maternal_Health,4712315,47,97.26745265,6.761175788,Flood,0.967264464,39.4776574,0.072027973,Air,49031.88458,7492.266519,RDC,2024,3,0.699
Malawi,LLIN,2871839,47,83.68189312,5.605283145,Port_Closure,0.821159776,44.89971508,0.072325692,Land,105839.2635,7480.991995,COE,2023,2,0.631
Mozambique,Maternal_Health,4991064,53,85.16452377,4.014743355,None,0.950593581,44.84886061,0.055154042,Ocean,86820.73309,14844.77568,Public_Depot,2022,1,0.697
Ethiopia,LLIN,348783,67,90.21157416,3.933456663,Flood,0.731802511,63.02058893,0.196126025,Air,97264.31122,5495.349517,Public_Depot,2024,3,0.63
Uganda,Malaria_RDT,3426910,62,82.4639446,8.999883668,Flood,0.792474412,31.06589872,0.174156407,Ocean,98101.67005,13370.86326,Public_Depot,2021,3,0.477
Malawi,LLIN,3652571,54,90.32454164,4.134673487,COVID_Lockdown,0.751135948,39.9662979,0.063334601,Ocean,24195.60733,9837.213996,COE,2020,5,0.729
Ghana,Malaria_RDT,1187613,62,85.89565368,1.937452038,None,0.818439128,60.97266149,0.061045809,Air,136645.335,4224.278218,RDC,2020,1,0.754
Zambia,LLIN,3929928,57,77.28130149,2.435373127,Flood,0.732374639,23.5209254,0.020706797,Land,68046.92769,15729.80678,3PL,2024,4,0.695
Nigeria,Maternal_Health,3905288,43,79.4978321,7.009703407,COVID_Lockdown,0.827900094,12.42944189,0.175406172,Ocean,126218.3371,7387.212546,COE,2023,5,0.502
Kenya,Maternal_Health,2165226,53,84.31072966,11.76956735,Port_Closure,0.802622516,46.42685994,0.07435321,Land,97739.6876,22234.5289,COE,2024,2,0.474
Zambia,Maternal_Health,1390683,54,92.11474277,3.42805195,None,0.764761364,52.51868274,0.114523078,Ocean,52642.87426,19548.75678,3PL,2023,1,0.722
Malawi,Contraceptive,3680400,62,81.53732701,11.44587658,None,0.886232029,14.67972664,0.180075546,Ocean,63770.84288,12734.1638,RDC,2023,1,0.413
Zambia,HIV_ARV,2904119,49,83.32949699,4.967477697,Conflict,0.975764332,36.16238995,0.08162013,Ocean,64326.31854,4961.760245,COE,2020,5,0.639
Ethiopia,Maternal_Health,2723705,45,87.05562113,4.16056331,None,0.760062907,27.78476045,0.161373609,Air,66051.70018,14183.35373,Public_Depot,2021,1,0.629
Ghana,Malaria_RDT,3647170,54,77.65617522,2.269168785,COVID_Lockdown,0.906419344,43.71610334,0.086057125,Ocean,31919.32688,20338.13497,Public_Depot,2022,5,0.656
Kenya,Maternal_Health,3355610,48,87.49276641,4.405958599,Conflict,0.915290458,39.59382888,0.140188188,Ocean,61046.14251,17246.67119,COE,2021,5,0.642
Uganda,Contraceptive,503222,51,78.28129957,2.73157808,None,0.84445495,55.7073536,0.086236881,Ocean,114021.4552,17500.18768,RDC,2022,1,0.65
Uganda,Malaria_RDT,2138618,54,88.83592105,2.490857528,Port_Closure,0.96032382,23.86173549,0.078551827,Air,117092.668,19174.05281,Public_Depot,2020,2,0.751
Uganda,Contraceptive,4882094,51,81.95610959,0.043849197,None,0.980253119,44.63240132,0.198141848,Ocean,64712.2643,7986.068138,Public_Depot,2022,1,0.656
Malawi,Malaria_RDT,2649327,64,81.2897543,10.29835005,None,0.805051471,47.45934706,0.122469968,Ocean,28813.96315,17345.84353,3PL,2023,1,0.468
Mozambique,LLIN,4450852,69,87.36398312,8.193157825,Flood,0.888799656,40.60411161,0.073478236,Land,103927.553,20764.07834,RDC,2024,3,0.588
Mozambique,HIV_ARV,4695287,63,89.96995255,5.814801103,Flood,0.892041659,15.91727177,0.051563895,Air,52637.85783,10521.0123,COE,2022,4,0.688
Nigeria,HIV_ARV,2643157,37,87.88129928,4.567952115,None,0.817054303,44.98647822,0.007953274,Ocean,54979.19457,11391.73835,3PL,2021,1,0.739
Kenya,Contraceptive,2847909,48,87.0382175,4.983259107,Conflict,0.791869412,31.23213404,0.141313268,Ocean,76514.98251,19212.10511,3PL,2020,5,0.623
Uganda,HIV_ARV,2999311,53,87.10901105,2.669273213,None,0.970785817,19.08068198,0.074431486,Air,73705.93396,18578.83995,3PL,2020,1,0.735
Mozambique,Contraceptive,267314,36,87.91160944,1.5984455,Port_Closure,0.929094649,44.43043275,0.164250833,Ocean,61307.3828,9519.931106,RDC,2024,2,0.696
Malawi,Contraceptive,2685122,46,88.24018098,7.15224234,Port_Closure,0.733194724,49.2064201,0.072773692,Air,64018.09684,7823.772482,RDC,2023,2,0.623
Nigeria,Contraceptive,3516032,53,84.02859475,4.213331915,None,0.734766381,32.6152039,0.074665838,Ocean,69941.80886,12543.05247,RDC,2023,1,0.668
Ghana,HIV_ARV,798692,50,89.27251474,5.977207139,COVID_Lockdown,0.967537403,50.00609975,0.155836201,Ocean,63580.36859,7106.914241,COE,2020,5,0.603
Nigeria,Contraceptive,2432962,55,82.00904887,0.012683109,Flood,0.723608832,50.12657426,0.097893331,Ocean,65467.39244,9564.140446,RDC,2023,3,0.739
Mozambique,HIV_ARV,3516689,41,91.45696632,4.053713594,Port_Closure,0.89964219,39.79054793,0.176978954,Land,75828.10134,10267.07157,3PL,2024,2,0.651
Ethiopia,Contraceptive,2126775,50,89.91221824,1.539920587,Port_Closure,0.765759892,47.15606422,0.118027151,Land,95600.71943,17494.51423,Public_Depot,2020,2,0.752
Malawi,Maternal_Health,1664694,56,96.90450502,6.452167257,None,0.710203749,51.71631722,0.048128963,Land,92471.58191,18578.40268,COE,2023,1,0.724
Ethiopia,Contraceptive,631904,55,88.56924226,7.985833558,None,0.717294888,46.30055769,0.113654371,Ocean,68734.88341,17512.30231,COE,2022,1,0.576
Uganda,Malaria_RDT,4515669,59,90.54549843,9.379098168,Flood,0.80832141,12.55618209,0.000800335,Land,75499.19999,9704.272786,COE,2022,3,0.622
Ethiopia,Contraceptive,3338210,58,78.19730856,3.113060801,COVID_Lockdown,0.722500651,10,0.062479475,Ocean,125330.4725,12657.41887,3PL,2023,5,0.657
Uganda,LLIN,3931143,50,90.70848371,1.616302724,Conflict,0.873025368,52.79274999,0.041590468,Air,114599.0131,11191.23094,RDC,2022,5,0.823
Uganda,Contraceptive,4961077,56,91.88228011,3.744219176,None,0.887703808,31.73898868,0.130837571,Ocean,101446.5426,13853.07626,3PL,2024,1,0.699
Mozambique,Malaria_RDT,3196779,47,93.52360647,2.902061234,Port_Closure,0.808305886,34.04850337,0.027207717,Air,31860.04486,16006.29402,Public_Depot,2021,2,0.822
Ethiopia,Malaria_RDT,1995537,52,86.60233176,6.293700128,None,0.915434642,62.67992789,0.058019489,Land,88211.5159,11094.23673,RDC,2024,1,0.645
Uganda,HIV_ARV,2091381,44,84.29053312,0.791653124,None,0.842112331,31.19584139,0.066261711,Ocean,64735.82964,8941.423644,Public_Depot,2024,1,0.766
Kenya,Maternal_Health,128116,65,80.55242612,0,Port_Closure,0.824766266,38.33842851,0.000658646,Ocean,56304.66064,19294.44933,COE,2023,2,0.805
Ghana,Contraceptive,434370,52,81.00982019,3.960655108,Port_Closure,0.818026546,40.14962125,0.009353314,Ocean,74209.34991,17294.53926,COE,2024,2,0.697
Nigeria,HIV_ARV,2072643,65,85.87196663,7.179518193,None,0.825020881,37.44452127,0.062225226,Ocean,116412.2519,14358.24607,3PL,2023,1,0.613
Nigeria,Maternal_Health,3424659,58,77.24281001,1.917629927,Flood,0.980687418,56.12897708,0.044471291,Ocean,111648.3307,8745.470986,RDC,2020,4,0.691
Mozambique,Contraceptive,3502629,46,82.15890696,7.547339887,Flood,0.897608047,35.50476132,0.023381348,Land,66414.57522,16466.26714,COE,2023,3,0.601
Ethiopia,LLIN,569385,57,86.44761025,6.096013202,None,0.791410856,48.63220773,0.030832331,Ocean,87538.60969,12322.21601,3PL,2023,1,0.668
Ethiopia,Contraceptive,3578880,63,86.33601726,9.64038676,Conflict,0.912819362,40.84312704,0.167107392,Air,72353.199,4117.243606,Public_Depot,2020,5,0.488
Uganda,Malaria_RDT,1622138,54,81.15303123,2.593236001,None,0.795777543,51.60318811,0.136663915,Ocean,77798.00447,10894.83412,3PL,2021,1,0.64
Malawi,Malaria_RDT,2067337,55,79.83068345,0.1805844,Port_Closure,0.736457323,23.53660873,0.096823506,Ocean,114926.6768,14833.67278,RDC,2020,3,0.717
Zambia,LLIN,2373724,49,80.57743772,6.795625281,Conflict,0.837854504,12.95724809,0.181774955,Ocean,83105.35008,12135.39308,RDC,2023,5,0.51
Uganda,HIV_ARV,2278531,55,84.89573921,5.839623614,Port_Closure,0.917796919,40.35698784,0.005910558,Ocean,32284.40631,15037.57293,RDC,2022,2,0.68
Ghana,Maternal_Health,1679753,57,96.64898572,5.607494022,COVID_Lockdown,0.809521374,29.8305962,0.068986987,Air,89160.68875,14866.07141,COE,2023,5,0.732
Kenya,Contraceptive,276256,49,91.30169543,1.856516887,None,0.952060501,57.57855898,0.164676744,Ocean,139491.0644,8626.727432,3PL,2020,1,0.715
Nigeria,Malaria_RDT,470539,44,87.07097202,7.325451822,Port_Closure,0.812216284,39.00321295,0.125657799,Air,64000.03781,15736.2156,Public_Depot,2023,2,0.575
Uganda,HIV_ARV,3423307,67,88.76945383,3.099722579,Port_Closure,0.801453317,42.63729196,0.196337487,Ocean,131456.2772,16101.01623,RDC,2020,2,0.64
Zambia,LLIN,600242,61,91.07932437,5.606181436,Flood,0.989490735,36.31162043,0.188902985,Land,103523.9446,12877.96216,3PL,2024,4,0.601
Zambia,Malaria_RDT,3547831,49,89.37809325,3.621295665,Conflict,0.839916887,32.18391281,0.033988498,Land,120287.8103,13059.38228,COE,2021,5,0.759
Uganda,LLIN,2898439,57,84.45895013,6.063144771,Flood,0.933514151,40.69008087,0.194397399,Ocean,111263.2616,13040.28752,Public_Depot,2021,3,0.543
Mozambique,Contraceptive,4770553,40,81.77205897,1.414608646,Conflict,0.933446536,52.17670529,0.189106957,Ocean,90333.84188,19050.91988,Public_Depot,2020,5,0.632
Nigeria,Maternal_Health,2572919,35,85.37362915,6.499034922,None,0.968647108,36.24895761,0.074722189,Ocean,66602.66566,14530.3285,Public_Depot,2021,1,0.619
Mozambique,Malaria_RDT,2071835,65,91.02120833,6.972767779,None,0.724619566,35.40609233,0.196576058,Air,90270.22996,13499.86476,COE,2022,1,0.561
Kenya,Malaria_RDT,849687,57,84.64804412,5.347934475,Flood,0.77865388,49.65780214,0.00716883,Ocean,91995.45853,14880.65196,RDC,2022,4,0.691
Zambia,Contraceptive,3899091,54,80.47662185,9.931690176,Port_Closure,0.922646947,19.78403982,0.132150111,Air,114146.7884,14795.68894,COE,2021,2,0.467
Zambia,HIV_ARV,3581674,57,77.38276004,5.621480962,COVID_Lockdown,0.863154433,54.261668,0.053229561,Ocean,17469.69232,12604.58144,Public_Depot,2020,5,0.595
Ghana,Maternal_Health,2470872,87,85.39484619,7.75626128,None,0.862288333,30.32375467,0.025892619,Ocean,42103.8928,7659.099887,3PL,2022,1,0.617
Kenya,Malaria_RDT,2977503,63,80.87178879,5.277250393,None,0.748202438,51.33473375,0.115506985,Ocean,92089.09971,13434.86107,Public_Depot,2021,1,0.589
Zambia,Maternal_Health,4981767,44,83.81742057,7.488196592,Port_Closure,0.781534374,43.52614445,0.061270062,Ocean,94981.91473,15363.10779,3PL,2023,2,0.59
Kenya,Malaria_RDT,400679,38,93.28116264,0.400087053,Conflict,0.851186885,14.99271022,0.133365069,Air,58983.23175,14162.67202,COE,2022,5,0.798
Nigeria,Maternal_Health,4874574,65,85.73075144,5.098834392,COVID_Lockdown,0.780382596,40.14247222,0.10799621,Ocean,95718.33741,11006.80675,COE,2024,5,0.635
Ethiopia,LLIN,2476105,63,82.24769613,1.619193912,None,0.76098201,55.77137895,0.07851788,Land,105350.6713,12218.24813,COE,2022,1,0.717
Zambia,Malaria_RDT,4861671,60,87.5437564,5.421281587,None,0.725449256,36.35737414,0.036364432,Air,79158.73299,16971.75275,3PL,2021,1,0.691
Ghana,Maternal_Health,1154381,46,95.60477334,6.15257813,Port_Closure,0.745160543,37.45893091,0.120250039,Ocean,127886.6714,6257.453126,COE,2021,3,0.669
Nigeria,HIV_ARV,2066328,58,85.39651876,7.422492839,None,0.922971651,30.79107806,0.165846126,Ocean,133493.3327,10025.00936,RDC,2021,1,0.536
Uganda,LLIN,4482787,47,74.22236849,6.469729779,COVID_Lockdown,0.908445962,54.34613396,0.120000894,Ocean,88653.54336,13527.18197,Public_Depot,2020,5,0.512
Kenya,LLIN,320146,61,89.25038288,3.989441106,Port_Closure,0.713291768,34.44499664,0.122104511,Air,110226.1723,17158.55846,RDC,2020,3,0.679
Uganda,HIV_ARV,4351828,64,87.7321503,2.739213535,None,0.758952385,61.49836019,0.102367473,Ocean,34109.14634,20259.14033,3PL,2023,1,0.716
Mozambique,Maternal_Health,594026,49,86.45061178,0,None,0.862532051,53.86402056,0.077648023,Ocean,117201.1396,16558.02557,COE,2023,1,0.797
Nigeria,Contraceptive,3992863,66,84.90411371,5.206557734,None,0.793562075,55.98332398,0.091491608,Ocean,128979.5852,10628.92537,Public_Depot,2022,1,0.637
Uganda,HIV_ARV,4358080,56,81.96363913,8.413585143,Conflict,0.938742385,40.96208066,0.197908351,Ocean,54537.90108,5952.814509,COE,2021,5,0.473
Malawi,Maternal_Health,4424798,59,93.57487112,5.3251804,None,0.927646899,34.16408561,0.1499337,Land,103501.6707,20471.83589,COE,2023,1,0.654
Malawi,HIV_ARV,4522089,41,76.80845333,4.745744926,None,0.958558362,45.74110087,0.086111893,Land,28793.51431,9633.569006,Public_Depot,2021,1,0.591
Zambia,HIV_ARV,1440254,57,84.4551946,5.429171866,COVID_Lockdown,0.863250057,58.62389957,0.09145928,Ocean,61396.81415,13583.79983,Public_Depot,2022,5,0.628
Kenya,Malaria_RDT,318449,48,84.33829914,3.8368718,None,0.802102179,61.27888734,0.099926402,Air,69390.3699,12532.3614,RDC,2020,1,0.662
Ethiopia,Maternal_Health,2900774,59,90.26720901,5.584903658,Flood,0.875758762,17.71363707,0.131862839,Land,40757.40981,12723.62346,RDC,2023,3,0.638
Nigeria,Contraceptive,4480675,69,92.17830323,3.785109016,None,0.725849637,72.45756869,0.093191647,Ocean,77860.29074,8335.483126,RDC,2024,1,0.73
Zambia,Malaria_RDT,4225318,57,84.86633095,2.303355803,Port_Closure,0.702779945,43.02571115,0.137235824,Air,75881.15117,20184.34049,RDC,2024,2,0.676
Ghana,HIV_ARV,696275,45,86.96482926,4.774104216,None,0.704957121,49.34957466,0.065837561,Ocean,103503.3057,9500.550437,RDC,2024,1,0.683
Mozambique,HIV_ARV,174591,61,87.38993407,4.708691178,None,0.818187452,29.25660288,0.082127926,Air,39583.06704,13634.62645,3PL,2024,1,0.676
Kenya,HIV_ARV,689104,59,91.2666312,10.62551026,Port_Closure,0.766142502,28.42988194,0.172810625,Air,103700.2826,11219.43235,3PL,2024,3,0.488
Nigeria,Maternal_Health,2648133,75,91.16365224,2.582930021,None,0.745627935,22.73417024,0.065781131,Land,61324.95588,15454.75343,COE,2024,1,0.778
Malawi,Maternal_Health,4511213,57,83.30793228,4.521674888,Port_Closure,0.878444545,60.4438262,0.192887347,Ocean,46644.65496,12163.10846,COE,2024,2,0.571
Nigeria,Malaria_RDT,3347154,49,88.18950701,4.230004021,None,0.988577562,31.74311998,0.034500989,Air,79108.2478,11747.39072,RDC,2023,1,0.731
Ethiopia,Contraceptive,1384649,62,87.91625896,3.656951502,Flood,0.751548429,38.89728174,0.048335963,Ocean,107582.2933,17348.72316,COE,2024,3,0.735
Malawi,Malaria_RDT,1258468,53,85.42045027,6.539315717,COVID_Lockdown,0.858462213,36.38363752,0.09273595,Ocean,70473.71147,11706.26426,3PL,2024,5,0.606
Ethiopia,LLIN,1210152,55,87.86890867,11.71388905,None,0.734720979,27.75006776,0.159481745,Land,100417.1779,18643.80592,3PL,2022,1,0.45
Ghana,HIV_ARV,3791104,45,86.10093881,4.03751841,None,0.970928568,37.61254232,0.146315096,Air,93367.19202,8066.265748,COE,2023,1,0.636
Mozambique,HIV_ARV,1033667,53,86.789453,6.547683475,Conflict,0.784608999,41.05480012,0.034893204,Ocean,179039.9599,12002.46012,RDC,2022,5,0.655
Ghana,HIV_ARV,3273253,55,79.21996844,0,Flood,0.954718548,54.985335,0.047337005,Air,75622.4317,9561.183924,3PL,2021,4,0.755
Zambia,Malaria_RDT,2415885,53,81.41019314,3.81941141,None,0.782092167,27.29080796,0.115052598,Ocean,80005.28363,13123.21596,Public_Depot,2024,1,0.629
Zambia,Malaria_RDT,930096,49,90.08877755,9.665723419,Port_Closure,0.933755219,32.99798994,0.059032949,Ocean,118237.6764,7506.84671,Public_Depot,2020,3,0.575
Ghana,HIV_ARV,3640437,57,79.94706062,4.83505882,None,0.760720587,46.60128872,0.084465065,Air,83448.66102,15478.14484,COE,2024,1,0.614
Mozambique,Malaria_RDT,2251340,45,88.35054605,6.507020045,None,0.784908935,40.54469134,0.097318835,Ocean,92529.59106,15876.62485,RDC,2024,1,0.625
Ghana,Maternal_Health,2764766,43,85.59287009,3.131746592,COVID_Lockdown,0.755817856,40.76574075,0.118849201,Ocean,32300.61297,19024.80529,COE,2022,5,0.675
Mozambique,Maternal_Health,2974537,62,91.15327365,5.772671576,Conflict,0.776635365,28.34712125,0.050210265,Air,81342.52721,16389.64197,RDC,2021,4,0.699
Mozambique,Malaria_RDT,4834377,61,89.24400271,9.89832874,Flood,0.942111069,49.34154392,0.032628029,Ocean,63847.07543,16344.34947,RDC,2022,3,0.578
Uganda,HIV_ARV,1642173,41,83.73360415,1.519751113,None,0.885319424,56.96348747,0.079712678,Ocean,70614.77036,15722.88969,Public_Depot,2023,1,0.732
Malawi,Malaria_RDT,1677059,36,84.88375826,11.55962752,None,0.817705104,55.85399872,0.016405245,Ocean,92696.16127,12127.7878,3PL,2021,1,0.513
Kenya,Malaria_RDT,1124477,44,76.07231093,0.362167454,Conflict,0.981741098,37.67662374,0.105353034,Land,83352.7261,19475.53736,3PL,2021,5,0.672
Mozambique,Malaria_RDT,1523300,53,85.34800942,3.54349447,None,0.834809843,10,0.167921032,Land,108164.871,15217.30079,COE,2021,1,0.626
Ethiopia,LLIN,347584,66,79.64925629,2.492248446,None,0.981230392,42.80477002,0.023795132,Ocean,113619.5143,22895.24181,COE,2022,1,0.713
Mozambique,Maternal_Health,1455802,53,84.90646821,4.182617055,None,0.757010208,41.20372359,0.022546106,Ocean,79683.97808,20015.05434,RDC,2024,1,0.714
Mozambique,Contraceptive,942015,47,82.81040883,2.453291374,Port_Closure,0.962345144,27.78257672,0.01604356,Air,93984.41365,14386.45193,3PL,2024,3,0.748
Mozambique,Contraceptive,4825275,56,81.61685399,2.22584101,None,0.704008439,30.14011286,0.169572258,Air,23989.85682,14582.38336,RDC,2024,1,0.627
Uganda,LLIN,2533502,53,91.93862256,1.439760183,None,0.858137929,28.05331302,0.016140979,Ocean,94437.41092,16328.00896,Public_Depot,2024,1,0.861
Malawi,Malaria_RDT,2018067,41,79.61894551,6.932160886,Conflict,0.822685194,43.29429076,0.196692407,Ocean,116590.3722,19335.20963,Public_Depot,2024,4,0.492
Uganda,LLIN,1701348,41,81.18467443,4.286126012,Flood,0.852275475,30.13113255,0.071666259,Land,57707.44979,6860.285435,RDC,2023,4,0.646
Zambia,LLIN,2921259,41,82.50894478,3.501468741,None,0.860499001,41.98104951,0.065752432,Ocean,107665.2872,18249.64864,RDC,2020,1,0.681
Uganda,HIV_ARV,904741,79,83.59440971,5.846770732,Flood,0.812819093,68.51849357,0.01832635,Ocean,71440.79084,14492.89264,RDC,2021,4,0.661
Ethiopia,Maternal_Health,3402214,63,81.61610744,0.516093467,None,0.989477376,37.76992099,0.117128243,Air,67699.42526,17321.23339,RDC,2020,1,0.708
Ethiopia,Contraceptive,2073615,49,84.20425754,5.919117632,Port_Closure,0.983187085,26.07959694,0.117176442,Ocean,127725.6343,10122.87943,RDC,2023,3,0.597
Uganda,Malaria_RDT,3060087,66,87.51077158,4.718691797,Flood,0.978906159,22.55986642,0.098761165,Ocean,84013.17021,9942.446479,Public_Depot,2024,4,0.665
Malawi,Contraceptive,4694081,49,89.34929379,4.81088651,None,0.983934664,43.96082605,0.062204029,Land,111004.4724,14357.41778,Public_Depot,2023,1,0.704
Ghana,Contraceptive,191449,65,89.10653979,6.557500253,None,0.929973596,64.0347222,0.073716178,Ocean,26421.47535,16904.66903,Public_Depot,2023,1,0.645
Kenya,Maternal_Health,2725032,55,76.45898711,9.930572026,Flood,0.986691239,29.18080015,0.064100679,Ocean,66704.89838,8073.9454,COE,2020,3,0.479
Malawi,Contraceptive,4540224,48,87.90097947,5.968924226,COVID_Lockdown,0.958784465,14.14040635,0.085229282,Ocean,106347.9041,11405.2726,Public_Depot,2021,5,0.644
Uganda,Contraceptive,3068439,61,88.20949246,4.400376477,Port_Closure,0.820620465,60.48959095,0.068357621,Land,88732.28375,8209.155729,3PL,2022,3,0.701
Mozambique,LLIN,1678662,56,82.68800428,1.452066837,None,0.927585361,70.19505303,0.135103464,Air,79484.00053,14672.61617,3PL,2022,1,0.681
Nigeria,Maternal_Health,185370,58,94.33842103,0,None,0.964499675,49.08070888,0.059157294,Ocean,103119.3308,20974.3077,RDC,2021,1,0.888
Kenya,HIV_ARV,906636,57,91.43833116,5.383652501,None,0.906655761,45.16665196,0.070167646,Air,60059.34095,11659.81321,Public_Depot,2024,1,0.698
Kenya,Malaria_RDT,3019791,57,85.08487808,1.221099979,None,0.822606879,40.80070623,0.087091977,Ocean,121517.2275,16137.4403,RDC,2023,1,0.745
Ethiopia,Contraceptive,4082516,63,83.02015847,0,Port_Closure,0.71907917,48.17224922,0.000792367,Ocean,78622.5928,13486.22854,RDC,2024,2,0.83
Kenya,Malaria_RDT,4692681,80,94.2572223,3.947388731,Flood,0.934812112,47.61766159,0.098416515,Air,60527.82484,14475.68527,3PL,2023,4,0.738
Uganda,HIV_ARV,2994236,67,85.90493131,5.718445207,None,0.976295433,43.39584172,0.051163961,Ocean,62498.05551,10615.0676,3PL,2022,1,0.66
Mozambique,Malaria_RDT,4736134,57,86.42518529,7.23291145,None,0.805114345,28.57228933,0.011230091,Land,82553.50342,15618.94101,RDC,2021,1,0.649
Mozambique,HIV_ARV,966004,51,86.36228299,8.183752141,Port_Closure,0.744052755,43.33233881,0.18220426,Air,72205.6912,12195.15042,3PL,2020,2,0.514
Zambia,LLIN,1643786,52,97.51552236,7.627136491,None,0.794686113,38.81904093,0.064483747,Ocean,100784.7817,20166.80024,RDC,2020,1,0.68
Mozambique,Contraceptive,477244,42,84.91742368,7.707725089,COVID_Lockdown,0.868960484,30.37540904,0.085217053,Air,83608.91345,10956.42712,RDC,2021,5,0.577
Malawi,HIV_ARV,4748981,61,85.88179012,0.595789962,Port_Closure,0.791909411,43.30431975,0.165468632,Ocean,74320.53708,16915.07552,RDC,2022,2,0.702
Mozambique,Malaria_RDT,3605912,44,81.84468669,4.551213088,Conflict,0.877079432,34.16563189,0.033357794,Air,95601.80516,20894.41125,COE,2023,5,0.671
Ethiopia,Contraceptive,4763199,51,84.05250279,6.7395067,Conflict,0.980387147,40.81282269,0.170061762,Ocean,69113.75644,17754.72582,3PL,2020,5,0.541
Mozambique,LLIN,1325393,61,80.84303903,5.139123845,Conflict,0.894513003,45.47785925,0.04832759,Ocean,99740.019,9390.327416,3PL,2022,5,0.638
Zambia,Contraceptive,2564368,52,81.94633373,4.53455217,None,0.805171216,47.1778434,0.117807578,Air,94791.78459,9010.604048,Public_Depot,2021,1,0.614
Nigeria,HIV_ARV,2139319,50,76.95024171,5.08427006,COVID_Lockdown,0.971368362,34.4613025,0.137135676,Land,93557.28432,14813.15688,3PL,2024,5,0.551
Uganda,LLIN,2259821,43,90.40762285,5.736601995,None,0.864034228,45.4047023,0.181002789,Ocean,74261.56549,13247.34698,Public_Depot,2022,1,0.599
Ethiopia,Malaria_RDT,842330,67,86.78373169,4.769318884,None,0.737227996,48.19816848,0.121527599,Ocean,66111.72426,15061.89051,RDC,2022,1,0.641
Malawi,LLIN,4524843,46,87.19554646,2.461161928,Port_Closure,0.844704492,51.68662064,0.09064636,Ocean,109261.2241,17780.96628,COE,2024,2,0.728
Nigeria,LLIN,1792955,49,85.73780847,0,None,0.889554569,43.65832999,0.11445387,Ocean,103421.6293,13349.56414,RDC,2022,1,0.759
Ethiopia,Maternal_Health,316150,37,86.35883009,4.387918516,None,0.943093766,47.2641842,0.040416493,Ocean,54760.42878,10484.73729,RDC,2020,1,0.707
Ghana,LLIN,2836905,54,94.09569536,5.172448263,None,0.971578268,34.94319876,0.137814867,Air,72015.16705,13829.98749,RDC,2020,1,0.671
Kenya,LLIN,1895964,51,82.15613604,5.139738744,None,0.792050679,70.92303701,0.037376142,Ocean,125191.3091,19077.34951,Public_Depot,2020,1,0.655
Ghana,Contraceptive,539415,56,87.39178399,7.858763191,Flood,0.745098586,39.23065964,0.111449522,Land,114520.2254,13142.71714,COE,2022,4,0.573
Mozambique,Malaria_RDT,3094287,43,87.36495571,8.391818903,None,0.721410306,53.45421748,0.129520732,Ocean,49899.36635,21606.3602,RDC,2022,1,0.548
Nigeria,Contraceptive,3553548,62,91.70994614,4.687931589,Port_Closure,0.914122835,34.15888864,0.179716636,Land,85356.66743,16540.53796,Public_Depot,2022,2,0.635
Mozambique,Contraceptive,696012,36,88.19327406,4.709405491,COVID_Lockdown,0.930595893,44.49704648,0.090037965,Ocean,97570.13801,16159.5141,RDC,2021,5,0.677
Kenya,HIV_ARV,1685765,54,88.44459422,6.719385799,Port_Closure,0.818718207,44.04909131,0.155066645,Land,114809.0891,10818.47671,COE,2024,2,0.58
Ethiopia,Contraceptive,4969161,56,79.70865215,6.279645139,Flood,0.814818368,46.33376662,0.033506098,Ocean,88813.65835,12499.17259,RDC,2022,4,0.609
Kenya,Maternal_Health,2635181,55,81.95548824,3.672325395,COVID_Lockdown,0.976728739,29.8239657,0.031239296,Air,99515.81801,15089.29654,RDC,2024,5,0.697
Zambia,Maternal_Health,2319798,56,80.16555798,6.977041508,None,0.965837584,44.67330937,0.104959603,Ocean,112940.3105,12881.14459,3PL,2023,1,0.551
Kenya,HIV_ARV,4231726,62,73.62064101,4.560876773,Port_Closure,0.767647112,34.20550407,0.119268153,Ocean,116970.8244,18044.03596,Public_Depot,2020,2,0.55
Zambia,Malaria_RDT,3489289,68,87.98599668,4.624667784,Conflict,0.926434218,49.83348994,0.126468208,Ocean,79576.94938,13853.31321,COE,2021,5,0.65
Kenya,Malaria_RDT,2055534,53,84.6918558,6.300841385,COVID_Lockdown,0.880583115,29.46125296,0.149134808,Ocean,86366.76332,10640.76093,Public_Depot,2024,5,0.569
Uganda,Contraceptive,182659,45,87.99535844,4.096500141,Flood,0.744724594,43.67079738,0.058986298,Air,62258.43157,14411.80573,3PL,2020,4,0.715
Zambia,Contraceptive,2648475,60,86.1774464,5.284017522,None,0.803463604,39.66030773,0.124521544,Ocean,76806.12565,11715.58484,RDC,2021,1,0.622
Nigeria,Contraceptive,689872,52,87.20218158,5.892632919,COVID_Lockdown,0.751467153,62.25887022,0.037627824,Air,72777.62744,15901.35429,COE,2020,5,0.674
Mozambique,Malaria_RDT,3905798,67,92.69057706,7.451535678,None,0.785595251,53.41344802,0.043799542,Ocean,79341.42692,11114.38901,COE,2022,1,0.666
Malawi,LLIN,4991412,48,86.03647545,7.244421741,None,0.878437341,56.46996805,0.013461778,Ocean,82172.6137,20595.58959,Public_Depot,2022,1,0.644
Mozambique,Maternal_Health,3009470,46,89.34494609,5.80113343,None,0.808826987,30.74133868,0.149400117,Land,109400.8474,7247.449284,RDC,2020,1,0.613
Ghana,LLIN,986320,56,84.48878157,0,Port_Closure,0.814277261,35.39964401,0.101398594,Air,95479.68444,11902.90857,3PL,2021,3,0.759
Mozambique,LLIN,3936912,37,90.1239406,5.730052459,Conflict,0.856497715,39.95118024,0.047637141,Ocean,46601.88619,13975.08389,RDC,2020,5,0.694
Ethiopia,Malaria_RDT,4511902,50,79.80181173,6.193657787,Conflict,0.725295,53.73470502,0.111247545,Air,101511.7752,11315.73085,Public_Depot,2023,5,0.563
Uganda,LLIN,1697824,51,76.81221899,6.802786541,Flood,0.914251214,44.51291553,0.07084804,Land,68536.56332,4239.139542,COE,2021,4,0.552
Kenya,HIV_ARV,1200997,57,96.53330236,2.131925112,None,0.816495765,31.00986911,0.167441982,Land,52317.95804,21010.11809,COE,2021,1,0.747
Ghana,Contraceptive,3433973,45,95.18152076,0,Port_Closure,0.839315156,31.51710622,0.105629576,Ocean,50732.13676,16327.33346,RDC,2020,2,0.851
Ethiopia,HIV_ARV,4175903,46,76.27242752,7.418510032,Flood,0.982546921,54.30965852,0.005962145,Land,90093.34211,8394.768889,RDC,2024,4,0.571
Ethiopia,Maternal_Health,482829,66,85.81943337,1.32642022,Port_Closure,0.799866398,44.90008064,0.197019057,Ocean,116827.6167,8968.365044,RDC,2020,3,0.659
Zambia,Contraceptive,4461054,54,86.74958172,8.666508633,COVID_Lockdown,0.887983491,40.62953626,0.014859708,Air,78675.69824,7528.163446,RDC,2024,5,0.608
Mozambique,LLIN,4364896,63,89.61485791,3.264044343,Conflict,0.813826252,39.63535347,0.139191638,Ocean,113118.0116,12833.32925,3PL,2021,4,0.687
Nigeria,Maternal_Health,284000,49,94.69604448,1.918481125,Flood,0.959341988,50.74474793,0.087451168,Air,87570.20265,19292.32883,3PL,2022,3,0.809
Malawi,Contraceptive,2927429,54,80.69294874,6.048865918,None,0.945559317,27.34749754,0.049863561,Air,20331.67416,12243.06789,3PL,2022,1,0.612
Nigeria,LLIN,372137,57,80.96159087,6.848528255,Flood,0.770071039,40.62233286,0.135291647,Ocean,103364.4626,11577.80393,3PL,2020,4,0.54
Ghana,HIV_ARV,3073504,72,85.99414412,6.669734066,COVID_Lockdown,0.900606257,41.33945471,0.025179471,Ocean,68734.75231,17277.48216,Public_Depot,2024,5,0.652
Uganda,Contraceptive,2655221,52,81.18210983,6.504831218,None,0.718899879,25.04907821,0.17164934,Air,60683.87317,14691.62264,COE,2020,1,0.527
Nigeria,LLIN,3970367,53,72.42931611,2.876629078,Conflict,0.979323763,37.51118309,0.050122397,Ocean,103536.7302,13179.23168,COE,2023,4,0.622
Kenya,HIV_ARV,3413244,65,84.86379968,0.419270611,None,0.801207131,67.43829292,0.072290732,Ocean,89015.79623,16355.21518,Public_Depot,2020,1,0.776
Nigeria,Maternal_Health,4623957,51,90.28771954,3.831006814,Port_Closure,0.941234404,29.97990715,0.126528727,Ocean,82981.96432,6353.903883,Public_Depot,2020,2,0.688
Ghana,Maternal_Health,2350269,57,85.89766307,1.562876636,Flood,0.792345096,41.51247952,0.000205863,Air,87911.57089,15307.71976,3PL,2020,3,0.814
Malawi,Maternal_Health,4481373,65,89.1202263,6.297646055,Flood,0.883503515,15.07445734,0.094549723,Land,59587.26072,18556.41599,RDC,2020,3,0.638
Nigeria,Maternal_Health,616510,49,88.40503102,7.622743432,Conflict,0.98524133,38.33304989,0.178849784,Air,138098.8261,8476.747633,COE,2024,5,0.541
Kenya,Malaria_RDT,4031383,58,80.86507187,5.51808995,None,0.95425746,27.10750549,0.136083128,Ocean,90177.24843,11938.91974,Public_Depot,2024,1,0.57
Zambia,Contraceptive,1340894,72,86.34010772,4.997165557,None,0.746506114,35.77815044,0.077580073,Ocean,89759.197,5630.471886,RDC,2024,1,0.664
Uganda,Contraceptive,758092,64,78.37419675,4.068702264,Flood,0.858771646,45.11400136,0.132084886,Ocean,82388.5753,11696.47667,3PL,2023,3,0.588
Ghana,Malaria_RDT,1147996,57,83.44044669,7.941047809,None,0.801074217,26.49080897,0.187313885,Land,36503.85888,10848.93777,Public_Depot,2023,1,0.499
Zambia,LLIN,649792,52,86.25226592,0,Port_Closure,0.825958267,42.89241547,0.037561063,Ocean,64763.03321,20255.23866,COE,2020,2,0.83
Zambia,LLIN,1625326,48,85.99423667,1.38154688,None,0.797203107,30.64271645,0.106361602,Ocean,48286.81559,11584.93314,COE,2024,1,0.733
Zambia,Maternal_Health,2418756,45,79.54532562,10.48019991,None,0.797428182,23.97455968,0.046947516,Air,45410.25799,14614.40979,COE,2023,1,0.493
Ethiopia,HIV_ARV,4867911,70,80.55502257,1.235121888,Flood,0.857340441,51.79244858,0.170844928,Land,38753.1264,18807.03523,Public_Depot,2022,4,0.64
Uganda,LLIN,3976690,68,87.45479815,6.593110497,Flood,0.755669563,28.46310024,0.14421005,Ocean,65943.7442,4691.116492,COE,2020,3,0.584
Malawi,HIV_ARV,4908939,48,90.13696718,7.210370325,None,0.855844673,34.91393673,0.160215184,Ocean,85614.50948,13939.69348,3PL,2021,1,0.575
Mozambique,Contraceptive,718629,58,84.96516253,0,None,0.780899977,33.15114876,0.18860237,Ocean,42334.17037,9002.374492,COE,2024,1,0.689
Uganda,HIV_ARV,1752457,56,84.7148666,0,None,0.783805042,42.60260878,0.046461755,Air,105995.3045,9097.188707,3PL,2020,1,0.808
Ethiopia,Contraceptive,1221248,66,90.65638,8.794143022,Port_Closure,0.914236928,40.38762773,0.009743834,Ocean,93923.77444,9982.970522,COE,2020,2,0.635
Mozambique,Malaria_RDT,3654886,58,82.13966943,2.081169004,None,0.708582145,38.01721745,0.058180744,Air,78048.73529,11444.65116,3PL,2021,1,0.72
Uganda,Malaria_RDT,1433640,54,94.63514783,2.163105141,Port_Closure,0.810474271,31.49516374,0.079827862,Ocean,149862.7959,9289.895695,Public_Depot,2022,3,0.808
Zambia,Maternal_Health,563953,49,79.27363648,3.437371555,Flood,0.81818497,36.81636802,0.125031961,Land,77782.04927,11754.10753,3PL,2023,4,0.614
Ghana,LLIN,4288340,58,91.24248166,2.08855387,Flood,0.840681941,43.52609975,0.159540912,Ocean,108946.3122,17274.67465,Public_Depot,2023,4,0.713
Mozambique,Maternal_Health,4613653,51,88.69583922,6.578803036,None,0.894013197,41.41471473,0.069960658,Ocean,91283.97494,15345.31809,RDC,2021,1,0.644
Kenya,Contraceptive,735503,57,98,1.453887323,Flood,0.807209167,53.46122899,0.094699397,Air,128162.1221,24276.31046,3PL,2021,3,0.844
Kenya,Maternal_Health,472641,54,80.3941534,0,COVID_Lockdown,0.76180976,49.15612792,0.157093453,Air,117537.5436,14146.4594,Public_Depot,2023,5,0.678
Nigeria,HIV_ARV,1973217,51,74.32988571,8.469069552,None,0.956613124,53.27758065,0.045065745,Air,75999.96052,15800.08991,RDC,2022,1,0.509
Mozambique,Contraceptive,387283,45,92.24723184,1.601267701,None,0.984501202,56.24090215,0.043426386,Air,77089.57163,18430.02289,COE,2022,1,0.835
Ghana,Malaria_RDT,1628232,60,78.64333246,2.7439437,Port_Closure,0.705804261,42.2450269,0.117846598,Ocean,44757.54481,8669.324159,RDC,2020,2,0.63
Malawi,LLIN,4827421,55,89.07888246,7.489573804,None,0.858475387,50.24345703,0.087211366,Ocean,88478.64251,18338.39748,3PL,2021,1,0.61
Ethiopia,Contraceptive,441180,72,91.9107554,5.210731665,Flood,0.79909369,44.02830254,0.189779361,Ocean,104639.2218,9478.858765,RDC,2021,3,0.615
Zambia,Contraceptive,3749243,44,87.89880382,8.337023776,Conflict,0.780326977,55.92115139,0.071406109,Land,83143.84067,15104.53424,COE,2021,4,0.589
Nigeria,HIV_ARV,4878022,61,87.16090443,7.535426315,Port_Closure,0.797354853,18.94171889,0.151911121,Ocean,127018.1818,17055.27695,RDC,2023,2,0.554
Kenya,LLIN,2547934,54,88.00470017,3.639708063,Flood,0.885274549,36.21326452,0.116618549,Ocean,89353.34767,5603.236481,3PL,2023,3,0.683
Ethiopia,Malaria_RDT,628110,75,90.18710947,8.065759647,Flood,0.755307643,44.92088558,0.010915218,Ocean,122422.3274,11737.73056,3PL,2023,4,0.652
Ethiopia,Contraceptive,4268346,60,88.93534242,5.503319443,None,0.964729606,46.83952999,0.01687711,Land,80105.74198,12927.70644,Public_Depot,2022,1,0.714
Zambia,Contraceptive,4652606,58,79.91708097,3.204836274,None,0.835173212,39.78833608,0.040631298,Land,50213.87838,8722.671261,COE,2023,1,0.685
Malawi,HIV_ARV,2760864,54,95.12499861,5.871204869,Conflict,0.794417282,20.04999635,0.028630525,Land,66250.29445,14534.6132,COE,2020,4,0.743
Malawi,Maternal_Health,4991714,47,86.25554017,1.07161244,COVID_Lockdown,0.922004086,37.86930868,0.065874298,Ocean,84034.04482,19985.42742,RDC,2023,5,0.777
Mozambique,Malaria_RDT,4393699,58,88.59170793,7.501543107,Conflict,0.704740533,49.79445682,0.115797783,Air,62513.61284,9319.612111,COE,2022,5,0.587
Kenya,LLIN,3760879,41,89.55494509,7.112356365,COVID_Lockdown,0.825237331,36.21218514,0.120472509,Ocean,35348.01656,17946.82457,3PL,2021,5,0.601
Malawi,Contraceptive,3185609,41,91.77963901,5.361075324,None,0.803038044,41.11001941,0.117553557,Ocean,24929.92239,15166.56321,RDC,2020,1,0.665
Ghana,Contraceptive,985783,65,91.26053411,0,None,0.798080874,62.9985913,0.023521727,Ocean,115417.2284,7778.044352,Public_Depot,2022,1,0.891
Malawi,Malaria_RDT,2209932,37,86.65868413,8.463214361,None,0.797750695,37.75747184,0.120045082,Ocean,96559.98523,11533.24984,RDC,2024,1,0.547
Ethiopia,Maternal_Health,2956492,51,86.33733242,6.311278053,None,0.7090687,38.11141539,0.081949377,Air,93269.75525,14236.72431,RDC,2021,1,0.626
Zambia,Contraceptive,1815520,44,88.04305491,4.931124959,Conflict,0.744113757,42.33007454,0.180610533,Land,90050.70803,19548.01802,Public_Depot,2023,4,0.603
Ghana,Malaria_RDT,3584150,50,91.50030503,4.458000562,COVID_Lockdown,0.741146696,42.85046636,0.182396839,Ocean,68576.95094,16405.66236,RDC,2022,5,0.637
Mozambique,HIV_ARV,1791888,56,80.43689158,3.389842318,Conflict,0.986697046,41.61541612,0.153634765,Land,108830.0108,10454.77356,COE,2024,4,0.604
Kenya,Maternal_Health,3296434,64,89.22047711,3.966587712,Port_Closure,0.706428069,44.71840938,0.14062143,Ocean,32821.68162,14780.91802,RDC,2022,2,0.665
Mozambique,LLIN,172019,67,81.56838698,7.307650079,None,0.74845136,25.71921466,0.022990543,Ocean,22477.21317,1986.496265,RDC,2023,1,0.603
Ethiopia,Contraceptive,4616156,45,95.25606763,3.449821871,None,0.982510608,38.54554223,0.016938842,Ocean,78950.51485,16811.50161,RDC,2022,1,0.829
Ghana,Malaria_RDT,1815317,50,87.83657084,4.177093572,None,0.882194412,25.25946245,0.168166738,Ocean,88890.94504,10135.64432,3PL,2024,1,0.629
Ghana,HIV_ARV,229001,95,83.91986213,4.617220171,Flood,0.830693465,40.67160503,0.085403163,Ocean,58476.57475,8976.352261,3PL,2022,4,0.649
Ghana,LLIN,2942927,52,88.14358301,4.699408216,Port_Closure,0.722840671,47.25491025,0.090272455,Air,37200.11778,11941.45265,COE,2020,3,0.676
Ethiopia,Malaria_RDT,3295988,46,86.04600829,3.146564251,COVID_Lockdown,0.894201737,38.33563804,0.169558618,Air,102719.9558,8217.552,Public_Depot,2020,5,0.64
Ethiopia,Malaria_RDT,734494,47,85.19906519,4.489401668,Conflict,0.739962866,28.63793626,0.124286192,Land,72657.13891,12413.28675,3PL,2023,5,0.634
Mozambique,LLIN,3177022,52,76.95387372,6.029941838,None,0.894643975,34.82897757,0.035881448,Ocean,105822.6539,17414.39054,3PL,2024,1,0.593
Nigeria,HIV_ARV,3898189,51,80.87903498,2.285586201,None,0.983961184,61.61210932,0.042202646,Air,124171.1473,5302.866755,COE,2024,1,0.716
Mozambique,HIV_ARV,643731,52,85.2977345,4.503288148,Flood,0.854272071,57.39636385,0.001275434,Air,36892.44525,12911.62699,COE,2024,4,0.724
Kenya,Maternal_Health,2466826,54,77.5582293,10.79295262,None,0.76208455,33.49340916,0.142134019,Land,91399.54371,12570.63613,Public_Depot,2024,1,0.426
Zambia,Contraceptive,4904491,54,83.06411851,4.810566979,Conflict,0.881332288,33.43374277,0.097122332,Ocean,92487.79292,15276.7954,RDC,2024,5,0.63
Ghana,LLIN,4340447,45,83.50062619,2.208730865,Port_Closure,0.848749609,38.6946264,0.189992783,Land,107332.7707,12456.30894,RDC,2021,2,0.627
Nigeria,LLIN,3913741,58,82.10278687,1.857764548,None,0.854610676,54.87614095,0.14280256,Air,68997.6219,17022.81877,Public_Depot,2022,1,0.66
Zambia,LLIN,194771,56,89.86177407,1.204414784,Port_Closure,0.838651014,18.98849674,0.020630532,Air,86674.9208,18674.23874,Public_Depot,2024,2,0.845
Nigeria,HIV_ARV,1058923,59,81.59915341,9.881349685,Port_Closure,0.895384767,33.33793447,0.032308292,Ocean,107010.0334,17345.43602,Public_Depot,2020,3,0.53
Malawi,Contraceptive,3048111,37,86.44204406,8.024067169,Conflict,0.865864155,44.93582984,0.100344929,Ocean,98132.52643,10293.55979,COE,2022,4,0.57
Malawi,Maternal_Health,1870908,56,84.23418021,1.131124798,None,0.986228572,43.5505554,0.184974834,Ocean,131768.426,20979.00037,RDC,2023,1,0.661
Uganda,Malaria_RDT,4904977,35,85.40601368,5.641118883,Conflict,0.939500392,34.86820847,0.049450218,Ocean,58946.41091,8617.241738,Public_Depot,2023,4,0.659
Malawi,Malaria_RDT,1767534,53,94.03200376,8.674508176,Flood,0.77676253,36.97250189,0.16511604,Ocean,91210.73367,16093.84142,Public_Depot,2024,3,0.558
Mozambique,LLIN,161362,61,86.89843176,4.878595666,Flood,0.910469391,43.97153265,0.062454484,Land,82411.50544,17845.97121,RDC,2021,3,0.682
Malawi,Contraceptive,3966533,65,87.86516446,3.525157992,None,0.762147101,35.0752444,0.053979438,Ocean,78804.52379,21564.21456,RDC,2021,1,0.734
Ethiopia,HIV_ARV,2086503,58,82.17291456,11.72269895,Flood,0.926880458,27.23867205,0.18027855,Ocean,102644.1625,17276.50528,COE,2022,4,0.41
Ghana,Contraceptive,4420602,61,89.13074839,0,Port_Closure,0.742791716,37.77515229,0.009448318,Ocean,88469.33718,10214.15269,3PL,2021,2,0.883
Mozambique,Contraceptive,2730990,52,88.91984953,12.89774232,Port_Closure,0.837330612,42.27228054,0.132148208,Ocean,53021.49154,16919.28027,3PL,2023,2,0.44
Zambia,HIV_ARV,4717592,49,88.43804334,5.179997627,Conflict,0.929275798,14.50666025,0.008633503,Ocean,113581.2273,12711.35949,COE,2024,4,0.725
Uganda,LLIN,2412854,81,79.95411591,8.871290391,Port_Closure,0.781232684,44.70667811,0.160152757,Ocean,102707.7855,17662.22987,COE,2020,2,0.473
Uganda,Contraceptive,2459409,63,83.07376391,1.398160462,Conflict,0.942764546,51.69010803,0.165880871,Ocean,129240.7281,14024.39368,RDC,2023,5,0.661
Uganda,Malaria_RDT,3100999,43,93.16790032,2.823247106,None,0.886803706,35.71292753,0.178671315,Air,106813.5879,18968.02896,COE,2023,1,0.693
Zambia,HIV_ARV,1789122,37,82.56127767,1.760129772,Conflict,0.815281475,35.93061267,0.037218012,Ocean,78594.33225,13367.33018,COE,2022,4,0.748
Zambia,Maternal_Health,3101622,50,93.84994013,4.696906463,None,0.822790846,31.13899299,0.024899631,Land,78823.99656,17011.49133,Public_Depot,2021,1,0.772
Zambia,LLIN,2836281,66,83.26801711,5.92317842,Conflict,0.968537545,38.17138877,0.100707009,Land,116074.0249,10782.55029,COE,2020,5,0.601
Zambia,HIV_ARV,825292,55,86.74108077,8.20040599,COVID_Lockdown,0.76315939,33.30193766,0.054326524,Ocean,61986.64036,17986.31982,COE,2020,5,0.596
Uganda,Maternal_Health,3977352,32,85.06415383,0,None,0.901075158,57.37126686,0.121259494,Land,57853.38178,4667.261308,Public_Depot,2021,1,0.747
Uganda,Maternal_Health,2383647,53,81.77597359,5.470651813,Port_Closure,0.90511532,41.49527731,0.102749458,Ocean,91611.27418,16078.17809,RDC,2024,2,0.6
Nigeria,Contraceptive,3773234,54,81.8479551,7.684726604,Flood,0.967510411,14.22986114,0.028970422,Ocean,40177.46583,14728.07223,RDC,2021,4,0.591
Mozambique,Contraceptive,1960217,30,82.47878497,8.246557913,None,0.906817638,46.84641563,0.147854099,Ocean,95461.16041,13862.06072,COE,2024,1,0.51
Ghana,Contraceptive,1650741,55,86.74032141,3.678442155,Port_Closure,0.869495551,60.62967787,0.160756876,Ocean,99090.55255,4589.319028,COE,2020,3,0.639
Malawi,HIV_ARV,239073,44,90.45208762,3.715771408,None,0.961731536,46.1088166,0.192608604,Land,77608.18493,11282.81249,3PL,2022,1,0.64
Malawi,HIV_ARV,409281,36,86.41578326,4.72392638,Conflict,0.940448289,54.28019884,0.079107775,Ocean,127241.2485,18076.83181,Public_Depot,2023,5,0.67
Ethiopia,LLIN,3157548,71,85.83310882,5.558158113,Conflict,0.907865172,48.12617467,0.067546987,Ocean,118839.1693,9892.292537,3PL,2020,4,0.652
Uganda,Contraceptive,4464011,44,92.05189028,8.907793435,Flood,0.709447731,51.89180637,0.038452531,Ocean,61653.64419,7390.939068,COE,2020,3,0.622
Ethiopia,Maternal_Health,2388401,48,86.20669088,1.369713118,Flood,0.808320921,51.30751875,0.036173011,Ocean,104672.857,8960.732263,3PL,2020,3,0.793
Mozambique,Malaria_RDT,1135610,48,83.28568197,2.641238829,Flood,0.883248005,51.44502479,0.064210657,Land,114536.2455,18021.46348,3PL,2023,3,0.711
Mozambique,LLIN,4415693,55,81.01129461,1.005766068,None,0.851452652,43.8001131,0.19636334,Ocean,87483.06044,15097.02143,RDC,2024,1,0.629
Ethiopia,HIV_ARV,3908884,72,92.35223642,6.283262255,Port_Closure,0.792602315,19.41960601,0.018451735,Ocean,72045.65608,18952.51788,Public_Depot,2022,2,0.717
Uganda,LLIN,1109165,43,84.35301245,8.304104577,Port_Closure,0.741882935,26.92852293,0.05187324,Ocean,51736.38299,16048.47879,RDC,2022,2,0.578
Ethiopia,LLIN,3983817,51,83.10713103,0.737099737,COVID_Lockdown,0.860369009,27.14852172,0.017195679,Ocean,68253.16812,9791.763995,RDC,2022,5,0.797
Malawi,LLIN,3556172,56,82.67478388,5.266109921,Flood,0.782916097,10,0.054726279,Ocean,52404.75155,20566.95933,3PL,2024,3,0.644
Nigeria,LLIN,875963,46,92.07095278,8.08700972,Port_Closure,0.767570142,34.7828237,0.018480287,Ocean,112373.9842,10823.65764,Public_Depot,2021,3,0.66
Malawi,Malaria_RDT,626515,51,83.13513003,7.353640409,Conflict,0.815697886,56.98567892,0.101661773,Ocean,77345.79146,9954.89697,COE,2021,4,0.564
Kenya,Contraceptive,2412460,60,90.95231379,7.318261574,None,0.927792516,22.76348677,0.087671131,Land,100649.5534,14268.99113,Public_Depot,2022,1,0.627
Uganda,Maternal_Health,4337382,47,84.84796045,1.430373731,Flood,0.841477516,48.73690203,0.034810066,Ocean,122809.0566,14922.22083,RDC,2020,4,0.78
Uganda,LLIN,2100053,51,79.95809834,7.308303233,Port_Closure,0.762782741,46.34924754,0.034961579,Land,91365.36686,16601.17256,3PL,2020,3,0.584
Ghana,LLIN,809401,50,84.33754153,4.442223447,None,0.733901911,42.75962509,0.125221815,Land,120312.2459,11903.66983,COE,2023,1,0.629
Zambia,LLIN,2035681,53,85.83603433,8.210485444,Flood,0.844706306,54.19096651,0.077424268,Land,74483.22649,18889.1662,RDC,2021,4,0.575
Kenya,Contraceptive,2611913,57,85.42414604,6.347499666,Flood,0.930366256,39.50423076,0.011238987,Ocean,96593.67639,10643.63897,3PL,2020,4,0.666
Mozambique,HIV_ARV,1869231,60,85.30008149,2.55349771,Port_Closure,0.889317227,58.25829479,0.18403852,Land,91162.20824,8865.359078,RDC,2022,3,0.637
Uganda,HIV_ARV,4117784,74,84.39027528,5.836435867,Port_Closure,0.767323175,37.60610546,0.080990497,Air,63954.52856,5415.003886,3PL,2023,3,0.625
Ethiopia,Malaria_RDT,3385379,28,82.0749502,7.455548181,Flood,0.82664491,44.12036682,0.118209511,Air,75719.86283,12316.40024,Public_Depot,2021,3,0.544
Kenya,HIV_ARV,1599317,53,86.05368782,3.480907793,Conflict,0.948016805,38.30077556,0.17708239,Ocean,127455.6754,16585.23742,RDC,2023,5,0.626
Ghana,LLIN,4312511,41,88.7047421,5.386405976,Conflict,0.751520213,28.91442602,0.080431799,Ocean,74653.88471,16104.29233,Public_Depot,2020,5,0.669
Mozambique,LLIN,938698,51,78.6870212,0.990171269,None,0.854303365,23.84097396,0.164132008,Land,35120.87903,14476.37725,Public_Depot,2022,1,0.636
Zambia,LLIN,3536142,63,92.49531109,6.647095804,COVID_Lockdown,0.803307138,46.90290263,0.182950445,Ocean,74612.90922,11317.78162,3PL,2022,5,0.588
Zambia,Malaria_RDT,2258578,66,67.51689047,4.831208859,Flood,0.736012129,56.16744107,0.034813477,Ocean,62412.11651,18186.80699,COE,2022,3,0.547
Ghana,LLIN,1609657,67,86.37624287,7.742259178,Conflict,0.714472137,42.92985354,0.178498492,Ocean,98677.68397,13523.60753,Public_Depot,2020,4,0.526
Ghana,HIV_ARV,2281946,67,88.33043468,6.562600418,Flood,0.861202702,46.16742111,0.023966489,Land,103443.815,14769.90137,RDC,2024,4,0.674
Ethiopia,Contraceptive,3930323,53,82.98323595,3.778480418,None,0.706017173,21.3481397,0.055025482,Ocean,95743.86759,8505.267947,RDC,2022,1,0.685
Uganda,Contraceptive,595726,68,75.37082615,2.460893335,None,0.729999374,44.6230938,0.16164229,Land,72715.71788,5747.008141,3PL,2024,1,0.58
Zambia,Maternal_Health,2730259,70,85.5163795,1.770799498,Flood,0.800793642,15.044972,0.18013691,Ocean,86775.515,16642.91024,Public_Depot,2022,4,0.66
Mozambique,HIV_ARV,492244,56,86.84847962,3.477734002,Port_Closure,0.712620854,25.65303364,0.136827758,Ocean,75541.85353,23266.71062,COE,2024,3,0.663
Kenya,LLIN,540999,66,80.25640633,7.661290108,Flood,0.816129116,56.01031377,0.02096517,Ocean,41595.09797,14969.82614,COE,2021,3,0.585
Mozambique,Contraceptive,3239189,55,81.84933295,0,Port_Closure,0.737805857,40.1638005,0.104598455,Air,81636.94112,16666.02631,RDC,2021,2,0.733
Nigeria,HIV_ARV,4862066,69,90.81356048,1.892825667,None,0.801463196,41.27003197,0.114526822,Ocean,164099.8633,16579.9632,3PL,2022,1,0.753
Nigeria,Contraceptive,457407,53,86.5884088,7.57699828,None,0.929436309,46.64561522,0.056371946,Ocean,54122.47891,13492.17877,Public_Depot,2023,1,0.611
Ghana,LLIN,921158,48,78.45661505,8.986856809,Flood,0.88164566,49.57756253,0.198259161,Ocean,29354.65156,6984.077761,RDC,2023,3,0.441
Ethiopia,Contraceptive,1353306,43,88.24914959,2.05052395,None,0.829166313,36.75007037,0.067125591,Ocean,127718.3014,16136.31276,3PL,2020,1,0.767
Nigeria,Maternal_Health,470602,53,81.34740584,1.859572782,Flood,0.726631659,43.51500858,0.042050954,Air,98459.60714,19314.88963,COE,2021,4,0.731
Zambia,Maternal_Health,3882809,55,82.12618784,9.221480719,None,0.879553401,39.16585434,0.022027206,Ocean,93938.21413,15381.00749,RDC,2021,1,0.556
Mozambique,Contraceptive,1677650,45,86.98828696,4.629216741,Conflict,0.747475799,21.61618156,0.075700252,Ocean,74242.69921,12378.57064,3PL,2023,4,0.68
Mozambique,HIV_ARV,106635,52,86.52245014,2.316372863,None,0.72221004,35.74592214,0.138523738,Ocean,91787.5882,14986.22614,COE,2022,1,0.688
Ghana,HIV_ARV,2912349,49,83.98696729,8.133853668,None,0.892558845,44.95656826,0.046283419,Ocean,86553.02769,13059.12377,3PL,2020,1,0.584
Uganda,HIV_ARV,2393136,44,83.47895313,6.51044239,Flood,0.96449737,35.38020954,0.153908843,Land,124323,18582.20767,RDC,2021,4,0.553
Uganda,Contraceptive,4472888,65,84.74600481,7.20996208,Port_Closure,0.833572097,35.48910997,0.027080254,Ocean,112508.5623,14215.36277,Public_Depot,2020,2,0.626
Kenya,HIV_ARV,3614360,67,82.09703253,2.472681255,None,0.711888814,49.38638585,0.088093586,Ocean,103067.1744,16261.7645,3PL,2021,1,0.687
Ghana,LLIN,1770444,65,91.44506126,6.124476023,COVID_Lockdown,0.955286338,41.93342667,0.140474748,Ocean,64518.43151,17908.6173,Public_Depot,2024,5,0.626
Malawi,Maternal_Health,135166,54,78.1540315,8.738858483,None,0.719422392,44.22250183,0.027061881,Air,91868.78892,16282.13932,RDC,2024,1,0.539
Kenya,LLIN,2523006,54,84.79560703,6.922383082,Port_Closure,0.95157884,20.50331895,0.119568442,Ocean,66537.57257,13649.47754,COE,2020,2,0.574
Malawi,HIV_ARV,3493571,44,78.70297463,7.759609755,None,0.813627618,45.37984013,0.159790502,Ocean,121854.0253,7359.034188,3PL,2023,1,0.49
Uganda,LLIN,4028966,59,90.68000874,9.20942765,None,0.805964416,26.69869341,0.119109779,Air,63550.52626,15161.09103,COE,2023,1,0.554
Ghana,HIV_ARV,3914856,56,84.78844833,6.283009159,Port_Closure,0.85741124,39.70574659,0.102292785,Air,80964.67951,17120.23484,Public_Depot,2021,2,0.602
Malawi,Contraceptive,347883,83,80.71665704,3.304637218,None,0.977554597,27.24156017,0.167659911,Ocean,52397.18966,6985.52157,Public_Depot,2024,1,0.598
Ghana,LLIN,4407356,65,89.42523813,7.631333461,Conflict,0.960634758,51.19510537,0.19708407,Ocean,70055.94705,15078.82724,COE,2024,4,0.535
Ghana,Contraceptive,4202567,58,74.54034662,1.682883947,None,0.836395726,61.95529501,0.03626259,Ocean,69717.10823,13442.74343,RDC,2020,1,0.678
Uganda,Contraceptive,806079,54,87.40442013,4.333041518,Flood,0.901788737,38.22909803,0.138269268,Air,80418.42289,4342.528019,Public_Depot,2020,4,0.644
Kenya,Malaria_RDT,3683646,65,91.75644594,6.764237687,None,0.868324483,38.1173251,0.016131511,Land,58011.13815,14736.72168,RDC,2023,1,0.699
Kenya,HIV_ARV,1493401,45,86.89771779,0,None,0.901103858,52.36899599,0.008568205,Ocean,121468.8608,18931.92936,COE,2023,1,0.862
Ghana,Maternal_Health,665416,66,83.46744777,5.757390096,None,0.940504963,46.8626444,0.056163794,Air,79388.051,13517.95131,RDC,2023,1,0.637
Nigeria,HIV_ARV,4141373,44,79.78909019,5.898878216,Conflict,0.71000321,39.14460712,0.194183958,Ocean,68991.42032,5092.438725,Public_Depot,2022,4,0.517
Ethiopia,Maternal_Health,2308233,49,91.41257318,1.592195235,Flood,0.794470358,44.41851863,0.11043913,Land,108090.6023,14834.91778,COE,2024,3,0.77
Uganda,HIV_ARV,3061165,36,90.63710929,5.977581775,Conflict,0.978205441,64.35776158,0.053654269,Air,149871.9697,17789.01594,RDC,2024,4,0.687
Ethiopia,Contraceptive,2782406,61,82.77319085,5.569845504,Port_Closure,0.975307529,31.93755515,0.026517219,Air,72872.92217,9990.612191,RDC,2020,3,0.656
Ethiopia,LLIN,1236430,57,82.90681243,5.101915341,Conflict,0.703254058,32.96936809,0.184036681,Ocean,77645.37448,12439.17393,3PL,2024,4,0.561
Kenya,LLIN,4205304,49,91.9338355,8.568301411,Flood,0.758417638,49.53589933,0.072473316,Ocean,62851.19351,11920.52028,Public_Depot,2020,3,0.609
Kenya,Malaria_RDT,3859395,45,88.65806573,7.63672807,None,0.988193312,65.34921261,0.061339454,Air,104860.8531,13758.10895,3PL,2022,1,0.62
Nigeria,Maternal_Health,3957297,68,77.0670783,6.919948552,None,0.842919272,42.12659145,0.171592686,Ocean,113661.1482,11796.38677,RDC,2023,1,0.491
Ethiopia,Maternal_Health,2779737,53,85.02148798,1.927335412,Port_Closure,0.866131141,19.4852653,0.120880566,Ocean,83608.65919,18673.71667,Public_Depot,2022,2,0.699
Ethiopia,Maternal_Health,2709786,47,84.83721776,4.947975994,Flood,0.748261854,44.68458477,0.033727222,Ocean,71848.98527,18572.0874,COE,2023,4,0.685
Ghana,Contraceptive,1210714,74,87.23817236,8.553304219,None,0.959357327,33.70061748,0.084302106,Ocean,101018.8066,10857.95256,COE,2023,1,0.571
Kenya,Maternal_Health,362916,48,86.03023008,4.356014535,Flood,0.767066647,45.71394256,0.185646214,Air,107190.101,18670.53102,COE,2020,4,0.599
Ethiopia,LLIN,4185316,66,83.43644419,9.662786058,Port_Closure,0.754997813,23.68809795,0.180240715,Ocean,131621.274,6680.679697,RDC,2023,3,0.464
Mozambique,Contraceptive,4284453,43,86.89179826,7.007580219,Port_Closure,0.766155497,22.2905226,0.014021959,Ocean,67524.00335,10031.46411,RDC,2022,2,0.657
Nigeria,HIV_ARV,398844,51,83.76111169,10.12868169,None,0.966690294,36.43755302,0.053722639,Ocean,110570.0705,15769.67537,COE,2021,1,0.525
Malawi,Maternal_Health,3030342,60,98,1.798003331,Port_Closure,0.903825545,59.8269987,0.03090788,Land,88173.45957,13629.90359,3PL,2020,3,0.893
Mozambique,Maternal_Health,3674656,54,86.61363951,4.536027384,None,0.922892954,23.54059493,0.106762343,Land,32971.60798,13858.36817,3PL,2023,1,0.657
Mozambique,HIV_ARV,4372751,57,85.92650265,4.819606931,None,0.809340544,36.15585383,0.149996663,Ocean,130666.139,14793.12415,Public_Depot,2023,1,0.613
Malawi,Maternal_Health,2608845,49,95.21403779,6.818519919,Flood,0.963661334,22.43435304,0.059108642,Ocean,93924.41031,11346.39454,Public_Depot,2024,4,0.692
Uganda,HIV_ARV,1662033,39,79.17828303,2.784207254,None,0.928928306,43.47846636,0.151599215,Ocean,103204.1218,18294.61615,COE,2020,1,0.609
Uganda,Contraceptive,2981531,69,85.45013563,0.17717888,None,0.917673235,42.65805226,0.133743115,Ocean,113389.5255,16066.47233,RDC,2020,1,0.736
Nigeria,LLIN,3374024,50,81.25198456,6.134593121,None,0.981572682,22.91305034,0.145644442,Air,102881.6863,12880.72035,RDC,2022,1,0.552
Mozambique,HIV_ARV,4925217,57,89.17505028,3.900580256,Port_Closure,0.806197081,55.4527632,0.189648743,Ocean,55990.2229,17000.18166,Public_Depot,2021,3,0.629
Ethiopia,Malaria_RDT,3518282,62,83.52825259,3.587908875,None,0.877182358,16.9335246,0.084922372,Ocean,105240.3622,15120.59866,COE,2022,1,0.673
Kenya,HIV_ARV,1464474,58,88.90046868,2.921573254,None,0.963879613,58.91743491,0.068513605,Ocean,99898.91676,12327.19115,Public_Depot,2022,1,0.747
Nigeria,Maternal_Health,403039,47,88.54025499,5.371666274,Port_Closure,0.929357794,56.49362648,0.136769442,Land,34904.78425,12156.21343,3PL,2022,2,0.627
Ghana,Contraceptive,1411425,66,89.90186131,1.769427413,Port_Closure,0.863379898,43.66956302,0.161511428,Land,134981.1174,8702.10952,COE,2021,3,0.709
Malawi,Contraceptive,2340146,60,88.62259396,4.417412759,COVID_Lockdown,0.722101969,50.75333581,0.038289058,Air,73680.26452,10850.89125,COE,2022,5,0.727
Mozambique,HIV_ARV,3007498,56,84.87980303,2.513861055,None,0.889289797,37.86268322,0.16935992,Ocean,114867.0284,12557.70127,COE,2020,1,0.646
Nigeria,LLIN,1619720,56,79.01173647,3.172467758,None,0.852701111,21.51554775,0.011570498,Ocean,74919.99154,13635.01583,3PL,2021,1,0.698
Zambia,Malaria_RDT,1177787,71,91.04542471,6.061430554,Port_Closure,0.753412334,42.83782643,0.00127875,Land,69003.65639,9656.465764,COE,2023,2,0.726
Zambia,Contraceptive,1985657,47,93.04513712,6.954229586,None,0.955853406,21.14899071,0.03168543,Ocean,82632.34276,13461.21696,Public_Depot,2024,1,0.692
Uganda,Maternal_Health,2032539,59,81.31065844,4.08168522,Conflict,0.799542093,39.86943888,0.195733437,Air,148651.7367,11131.20194,3PL,2024,5,0.565
Malawi,Maternal_Health,3621387,49,89.67938681,7.903491181,Port_Closure,0.812369169,25.15788893,0.104713076,Ocean,145388.3014,10447.16837,RDC,2020,2,0.591
Kenya,LLIN,4964150,35,80.14818626,2.081859227,None,0.894996449,51.70496478,0.009313482,Ocean,68964.01016,15371.53932,Public_Depot,2024,1,0.739
Ethiopia,Contraceptive,1759813,35,87.01716087,0.440304185,Conflict,0.841751635,44.56202599,0.199435137,Ocean,122420.264,13988.7827,Public_Depot,2024,5,0.686
Kenya,HIV_ARV,959210,44,88.04710243,0.99102444,None,0.725891512,48.13966305,0.148982251,Land,85701.01902,12761.7768,Public_Depot,2024,1,0.725
Kenya,Maternal_Health,2002026,48,83.86890113,1.773779624,COVID_Lockdown,0.812358069,44.08350892,0.167601015,Ocean,145549.4471,15340.86386,3PL,2023,5,0.657
Kenya,LLIN,82766,76,86.47535718,1.061320298,Conflict,0.727395174,62.56976452,0.042588105,Air,119586.1286,8166.31667,Public_Depot,2024,5,0.799
Malawi,Contraceptive,4800014,61,90.24101586,11.06346175,Port_Closure,0.755317617,52.26879735,0.021089887,Land,93371.66342,8490.179982,3PL,2022,2,0.558
Kenya,Contraceptive,4518653,62,85.45291747,0.349337637,None,0.702080587,60.44346204,0.103016989,Land,87441.46166,11679.18068,COE,2020,1,0.758
Ghana,Contraceptive,4724110,48,82.62431248,7.81228671,None,0.752580794,29.1993959,0.154435137,Ocean,103251.6881,12586.57394,RDC,2020,1,0.517
Malawi,Contraceptive,1510235,55,79.88110394,4.924613453,None,0.795829733,33.48897631,0.12755613,Ocean,99505.2018,16057.20108,COE,2020,1,0.583
Ghana,Contraceptive,1508316,78,84.04617817,5.673801401,None,0.856083346,10.92026739,0.126211866,Land,51920.92957,10489.04543,Public_Depot,2023,1,0.595
Malawi,Maternal_Health,1477197,42,80.12639209,2.282810862,Port_Closure,0.966590391,35.2913435,0.151419217,Ocean,91234.40173,10573.84682,3PL,2023,3,0.628
Uganda,LLIN,4178784,59,84.11307989,5.976358175,COVID_Lockdown,0.856694792,39.57341299,0.045404165,Ocean,65449.56423,17355.82408,3PL,2024,5,0.643
Nigeria,Contraceptive,4683662,71,83.67378768,2.258244335,Port_Closure,0.904625027,45.2117448,0.132303856,Ocean,69109.18493,8667.042955,COE,2022,2,0.671
Zambia,Malaria_RDT,4982048,64,90.02052485,7.768298546,Flood,0.803726356,33.62869137,0.078422134,Ocean,118436.5659,17063.37947,Public_Depot,2024,4,0.615
Kenya,Malaria_RDT,3911460,73,86.36737508,8.016540434,Flood,0.91797293,48.83681344,0.013950697,Ocean,91112.46334,13034.75252,RDC,2020,3,0.624
Uganda,LLIN,3103380,57,98,4.595414189,Conflict,0.879935936,47.99611581,0.040428521,Air,71364.39536,9887.349061,3PL,2022,5,0.796
Nigeria,HIV_ARV,361385,61,75.93205382,4.791907684,None,0.833340264,34.31713468,0.158800748,Air,48643.91625,8615.709964,3PL,2020,1,0.537
Zambia,HIV_ARV,3657323,56,87.56685716,6.298171698,Port_Closure,0.756192951,28.49881474,0.17918614,Ocean,61718.61512,12252.74473,Public_Depot,2022,2,0.568
Mozambique,HIV_ARV,983476,60,83.74221857,6.144828284,Conflict,0.788026863,40.79089383,0.056564362,Land,83216.72029,15610.51102,3PL,2021,4,0.628
Ethiopia,Malaria_RDT,1978854,45,81.2197969,8.072439119,Conflict,0.880074365,41.19186621,0.038072188,Ocean,135575.7769,12945.1225,Public_Depot,2023,5,0.571
Ghana,HIV_ARV,859359,62,85.85115253,7.987537776,COVID_Lockdown,0.823556334,32.70713498,0.005344901,Ocean,53527.71476,16669.22198,Public_Depot,2023,5,0.627
Mozambique,Maternal_Health,2262809,57,85.47691534,4.913477208,Flood,0.957922101,36.8894975,0.189539478,Land,93842.92876,16554.33755,RDC,2020,3,0.579
Malawi,Contraceptive,3000214,55,91.38906409,3.568326545,None,0.768103679,22.98568971,0.136770985,Ocean,97213.57901,16221.46441,Public_Depot,2020,1,0.695
Zambia,Malaria_RDT,2251580,72,86.45629223,7.434859364,Port_Closure,0.721191069,48.14260665,0.191406021,Air,121679.1776,16391.56198,COE,2021,2,0.526
Mozambique,LLIN,1544139,52,82.53599206,4.531142753,None,0.870911087,48.33679426,0.172769837,Ocean,88746.32975,10866.11302,RDC,2024,1,0.58
Ethiopia,LLIN,3059828,67,87.67105282,5.341231827,Flood,0.956954744,40.58784644,0.068093319,Air,97239.32635,16125.16558,Public_Depot,2022,4,0.672
Uganda,Contraceptive,4202092,68,84.85174218,6.590948672,Port_Closure,0.805774319,49.18602413,0.022536609,Ocean,120462.9623,21524.32512,Public_Depot,2021,2,0.647
Zambia,Malaria_RDT,1840146,63,80.37260727,7.926670916,Flood,0.887836287,41.57387817,0.099811359,Ocean,61688.08891,16909.38783,RDC,2021,3,0.532
Mozambique,HIV_ARV,119518,45,84.75727315,5.782544426,COVID_Lockdown,0.76710966,59.39519284,0.00536276,Ocean,108736.1665,11449.15768,3PL,2020,5,0.681
Ghana,HIV_ARV,226355,58,87.15471039,3.238406162,Flood,0.861956857,24.44310035,0.029983326,Ocean,43180.92876,10680.03959,RDC,2020,3,0.754
Ghana,Maternal_Health,1966334,74,86.36141215,10.39103103,None,0.928169709,42.42148518,0.046686526,Ocean,86925.81515,13455.68298,3PL,2024,1,0.538
Nigeria,Maternal_Health,2814717,36,87.65156527,9.591025435,None,0.951439164,50.84018498,0.133129319,Land,77879.54565,16082.94999,RDC,2024,1,0.517
Mozambique,HIV_ARV,170243,53,83.36757395,1.945989928,Conflict,0.730484548,57.90520031,0.101975495,Ocean,63336.98599,13714.64333,RDC,2020,5,0.7
Kenya,LLIN,3249039,66,87.58805981,2.264685269,None,0.80334861,49.51090111,0.060483911,Land,114171.7963,8571.228179,COE,2023,1,0.761
Mozambique,LLIN,1747818,53,86.60057906,2.641959554,None,0.885496888,27.54423513,0.11295368,Ocean,115855.3573,16032.02735,RDC,2024,1,0.701
Uganda,Maternal_Health,2826374,63,86.64114692,7.545652675,None,0.710069632,20.13941518,0.02504053,Ocean,117070.8219,16752.84439,COE,2021,1,0.632
Zambia,Contraceptive,2368620,69,86.16178276,10.50542958,Port_Closure,0.900278408,37.96147529,0.151141625,Land,96392.21951,9488.896527,Public_Depot,2020,2,0.475
Zambia,HIV_ARV,3537379,57,96.88046605,3.481180198,None,0.853129826,44.34061972,0.142407028,Land,48022.60767,16843.29669,3PL,2022,1,0.734
Uganda,Maternal_Health,2610837,60,91.55063122,5.507805074,COVID_Lockdown,0.783684221,51.33682064,0.043300535,Ocean,75130.74259,13485.82844,3PL,2022,5,0.715
Mozambique,Maternal_Health,3724942,55,87.47695878,2.742182419,COVID_Lockdown,0.936249791,26.85436054,0.121278311,Land,115176.4151,14949.52193,COE,2023,5,0.698
Uganda,HIV_ARV,1134309,57,81.99896362,10.10057829,COVID_Lockdown,0.784114707,47.32885671,0.100660521,Ocean,114780.6552,15017.60897,3PL,2020,5,0.489
Ethiopia,HIV_ARV,2479151,76,84.5383375,7.474485026,None,0.987510363,10,0.012163262,Ocean,120900.8435,14152.22522,3PL,2021,1,0.627
Malawi,LLIN,91743,54,94.07894076,2.526093308,COVID_Lockdown,0.936747355,31.12607496,0.055630783,Ocean,94422.73094,11403.464,RDC,2023,5,0.814
Uganda,Contraceptive,220948,51,83.18531269,0,COVID_Lockdown,0.905314345,50.3233291,0.199896541,Land,79542.18209,14999.96116,COE,2021,5,0.666
Ghana,Contraceptive,3719021,65,85.17135183,8.112761173,COVID_Lockdown,0.717790792,25.7054725,0.019907132,Land,26035.75797,13184.27388,3PL,2022,5,0.609
Uganda,HIV_ARV,551793,46,84.89298337,3.282545581,Flood,0.962250008,26.75700267,0.101282261,Ocean,110879.4185,14317.98872,Public_Depot,2021,3,0.679
Zambia,Malaria_RDT,376284,48,87.83943639,7.528196508,Flood,0.929116039,33.69492372,0.169866751,Air,82025.63722,11908.68048,COE,2022,4,0.546
Ghana,Maternal_Health,1880314,48,83.81676761,5.881071011,None,0.766417273,42.12390653,0.060130375,Land,47386.6623,14580.52184,RDC,2024,1,0.633
Zambia,Maternal_Health,3827341,52,86.88429004,0,Conflict,0.813751973,26.61694089,0.052141728,Ocean,107881.8414,12998.11318,Public_Depot,2022,4,0.824
Nigeria,HIV_ARV,318508,52,83.92841553,2.579669805,None,0.77790315,39.61259563,0.17815861,Air,127586.6038,8990.98543,3PL,2022,1,0.63
Kenya,Malaria_RDT,4635315,61,92.5725535,3.937565938,None,0.98548065,34.81385789,0.060965989,Ocean,111018.1044,15147.6673,3PL,2023,1,0.755
Zambia,LLIN,1820403,51,82.56861188,2.972630032,COVID_Lockdown,0.947716969,53.895184,0.130298662,Ocean,105247.676,17321.38893,COE,2023,5,0.647
Ghana,HIV_ARV,4421272,62,90.88822422,5.348504855,Port_Closure,0.969765338,34.19463091,0.148062597,Air,113002.1291,14642.70048,3PL,2020,2,0.636
Nigeria,HIV_ARV,4979426,63,83.07432072,6.204144338,None,0.928744529,40.34007382,0.15772355,Ocean,10000,12317.8444,COE,2020,1,0.555
Zambia,Maternal_Health,1326485,48,81.73126836,10.36807981,COVID_Lockdown,0.83234099,41.9960454,0.198951927,Ocean,136634.8373,14633.70083,3PL,2022,5,0.428
Ethiopia,HIV_ARV,556995,63,82.49603627,6.416640431,COVID_Lockdown,0.759575932,34.9631525,0.160638414,Ocean,61247.89282,10360.52337,Public_Depot,2024,5,0.544
Uganda,HIV_ARV,2235454,64,77.44282136,9.473303197,None,0.760343246,49.23641577,0.131402431,Air,63880.18563,16211.15994,RDC,2020,1,0.46
Kenya,HIV_ARV,2122723,37,88.19299223,3.569549643,Conflict,0.743988026,51.73136293,0.179092712,Ocean,70866.92311,16576.33463,Public_Depot,2022,4,0.638
Zambia,Maternal_Health,2885743,57,80.18011945,8.495640241,None,0.85852837,34.13241328,0.181148927,Ocean,74297.06061,12899.54781,RDC,2023,1,0.471
Nigeria,LLIN,615635,49,84.21040236,3.856405729,None,0.966790292,43.51744367,0.194633292,Air,130012.2319,13541.34564,COE,2020,1,0.591
Ethiopia,LLIN,577409,68,89.80810799,2.248949596,None,0.98762144,28.86965271,0.155293053,Ocean,101314.995,8999.72661,3PL,2020,1,0.702
Mozambique,HIV_ARV,2230945,49,89.6467634,2.122169725,None,0.783316942,46.76562039,0.038985466,Land,64644.87479,15379.09432,Public_Depot,2022,1,0.801
Nigeria,Maternal_Health,1651028,41,78.84170542,0,None,0.902221217,42.79387675,0.141961218,Ocean,69185.42627,12150.6636,3PL,2022,1,0.676
Uganda,LLIN,337635,54,87.5527179,7.562247869,None,0.873158425,35.63271228,0.015025688,Ocean,159831.0912,2906.860295,COE,2021,1,0.645
Nigeria,LLIN,633510,46,91.70246991,1.129414891,COVID_Lockdown,0.841791474,43.95918885,0.063592586,Ocean,95591.05978,13524.23585,RDC,2021,5,0.826
Ethiopia,LLIN,4772340,63,82.81578545,9.224435704,Flood,0.893072907,47.11426798,0.023161502,Ocean,72045.27159,12632.51308,Public_Depot,2024,4,0.56
Nigeria,Maternal_Health,4828972,46,88.56786664,4.477338493,Conflict,0.807695276,54.76465376,0.189988521,Land,36344.01289,9032.778582,RDC,2020,4,0.61
Ethiopia,Maternal_Health,4995697,54,80.28360197,0.335405756,Flood,0.973900585,44.76978611,0.067750822,Ocean,34729.17493,16966.40682,RDC,2021,4,0.74
Zambia,HIV_ARV,3161500,70,87.92828477,1.646809511,None,0.904580172,50.66092439,0.142643129,Air,51493.38179,11347.01879,COE,2022,1,0.712
Malawi,Contraceptive,1743481,65,86.65635681,5.571904827,COVID_Lockdown,0.918718317,62.85826435,0.114263687,Ocean,87875.13634,10155.50583,RDC,2020,5,0.625
Ethiopia,LLIN,3111342,59,89.30573478,0,Conflict,0.770302408,27.59241112,0.021502283,Air,118282.4195,17492.25507,COE,2021,5,0.874
Ethiopia,Contraceptive,650198,53,88.99573043,6.769835021,None,0.748888781,54.05586956,0.11226889,Land,103482.2334,14692.60749,RDC,2024,1,0.612
Kenya,Maternal_Health,447891,58,79.23258195,0.451003136,None,0.81435883,29.45021675,0.132204709,Ocean,120221.8314,9168.731325,RDC,2024,1,0.677
Ethiopia,Maternal_Health,3131362,61,86.6827662,2.783071004,Flood,0.922335021,31.43859389,0.176303451,Ocean,101973.237,13030.53656,Public_Depot,2024,4,0.648
Ethiopia,Maternal_Health,4744505,45,93.26456822,5.596161006,Flood,0.972250814,39.85840393,0.014017128,Land,48224.6668,9942.670524,COE,2024,4,0.748
Mozambique,Contraceptive,3697965,63,75.07345589,6.402832071,Conflict,0.82392565,32.24763001,0.059126797,Air,97745.68232,8050.713895,3PL,2022,5,0.556
Malawi,Maternal_Health,1091566,43,90.83463057,7.393159389,None,0.92450547,30.24121552,0.138468189,Ocean,99028.69013,7759.579134,3PL,2024,1,0.59
Zambia,HIV_ARV,3774476,60,94.0085255,1.080361959,None,0.83641821,39.27514315,0.006866327,Ocean,81397.04641,15815.83821,3PL,2023,1,0.9
Uganda,Maternal_Health,1669282,43,78.5768224,4.074641621,Port_Closure,0.785616192,36.00101221,0.040710691,Ocean,75820.73157,9903.834599,Public_Depot,2024,2,0.651
Kenya,Malaria_RDT,3484078,74,82.64650464,8.278998506,Flood,0.914386894,32.01636733,0.043734079,Land,80551.97433,9146.824579,Public_Depot,2021,4,0.572
Mozambique,Contraceptive,3848196,62,88.58871661,4.075364102,None,0.931478619,28.56860741,0.133865283,Air,38607.48032,12175.76569,RDC,2020,1,0.663
Ghana,Malaria_RDT,1885295,39,81.56937442,5.882823354,None,0.75882383,57.10179151,0.057192136,Land,45035.06238,23348.51448,RDC,2021,1,0.618
Malawi,Maternal_Health,1120913,54,92.82289592,5.487317775,Port_Closure,0.788499156,25.59759647,0.119919132,Ocean,161252.9605,14948.8848,3PL,2020,2,0.667
Zambia,HIV_ARV,3347466,49,91.29448133,8.903711454,Flood,0.843485285,37.9878452,0.193069689,Ocean,47455.85038,16363.82221,RDC,2022,4,0.518
Zambia,LLIN,4491971,48,79.0751838,3.602272417,None,0.754091331,53.41507218,0.158648596,Ocean,32001.63133,9290.416396,RDC,2020,1,0.585
Ghana,Maternal_Health,4900825,56,82.2847095,0.830153214,Port_Closure,0.969361947,49.71456759,0.066580561,Ocean,63389.99409,14791.92064,Public_Depot,2023,2,0.747
Uganda,HIV_ARV,937099,45,89.84918411,2.09638433,Conflict,0.871486835,42.80457937,0.094479994,Ocean,98773.8539,13061.44721,3PL,2024,5,0.757
Ethiopia,Contraceptive,3103407,62,89.65329701,5.56653194,COVID_Lockdown,0.73514895,32.51629672,0.04013478,Ocean,101835.5573,10266.68872,COE,2021,5,0.701
Mozambique,Malaria_RDT,4195295,62,97.09220018,0.291377761,None,0.753368661,39.77495121,0.003144002,Land,54281.41163,12209.54373,3PL,2020,1,0.958
Nigeria,Malaria_RDT,1467231,58,81.60058897,3.366758045,None,0.97676305,26.51115561,0.05794308,Ocean,87897.47004,10509.97688,Public_Depot,2021,1,0.682
Kenya,Malaria_RDT,1581181,54,93.2960892,5.226249179,COVID_Lockdown,0.91406889,36.57838462,0.073881722,Ocean,68661.82538,13607.40567,3PL,2024,5,0.714
Nigeria,Contraceptive,457974,61,81.43043028,2.700223686,None,0.912977475,36.39678627,0.112873435,Land,90708.76837,12213.69914,COE,2022,1,0.657
Ghana,HIV_ARV,3654724,62,88.50160466,5.980559743,Flood,0.721024592,37.55556301,0.18881333,Land,76202.2436,10519.63943,RDC,2024,3,0.575
Zambia,Contraceptive,4377552,59,90.46171221,7.173235287,Flood,0.959636663,30.54388158,0.189570415,Ocean,64178.72511,12093.76833,3PL,2022,4,0.558
Uganda,Malaria_RDT,1201882,41,71.03049954,6.3647258,None,0.828683255,19.64942685,0.01401966,Land,65526.05189,16545.57559,Public_Depot,2021,1,0.552
Zambia,Maternal_Health,994131,47,90.55603149,0.35748512,Flood,0.891318024,55.02223906,0.122929136,Ocean,19026.08069,8451.472196,Public_Depot,2022,4,0.785
Kenya,LLIN,2521321,52,92.92284846,5.237546563,Flood,0.978309874,52.35723517,0.00847053,Ocean,78354.00094,10879.24923,3PL,2022,3,0.761
Zambia,Contraceptive,750270,40,91.47940877,5.472326921,Port_Closure,0.72900359,50.49585166,0.129616215,Land,82706.9314,14370.38518,RDC,2022,2,0.651
Zambia,Contraceptive,140417,57,96.26669405,3.857209645,None,0.839860173,44.5410311,0.023540612,Air,42745.07824,10646.92639,RDC,2022,1,0.819
Kenya,HIV_ARV,4672942,69,90.82588642,5.939933039,COVID_Lockdown,0.714387694,42.04435081,0.189280565,Land,74898.84037,18063.99163,Public_Depot,2022,5,0.591
Mozambique,HIV_ARV,1110560,67,83.31397449,5.832273727,Port_Closure,0.844868173,31.67577533,0.172867737,Land,77342.28622,17626.98732,Public_Depot,2020,3,0.555
Mozambique,Contraceptive,242458,62,92.19505567,4.727374289,Flood,0.773155229,32.95808436,0.004465766,Ocean,29395.7085,17839.43812,COE,2022,4,0.773
Kenya,Malaria_RDT,4768912,62,83.0301686,1.987184966,Conflict,0.964209003,57.46426564,0.156426345,Ocean,61853.99863,15624.65276,RDC,2022,5,0.654
Uganda,LLIN,1973782,77,86.41208962,4.920137143,Port_Closure,0.815562823,60.19488814,0.127179423,Ocean,60909.53683,16907.94239,3PL,2024,3,0.631
Ghana,HIV_ARV,4659409,63,90.15891637,10.60079278,Conflict,0.883823009,37.78295919,0.099073838,Ocean,90392.16414,13095.52697,Public_Depot,2024,5,0.525
Malawi,Malaria_RDT,3946937,64,88.24040412,3.823078913,COVID_Lockdown,0.949483307,40.0451701,0.120526897,Ocean,122356.7288,10738.80921,Public_Depot,2024,5,0.677
Zambia,Maternal_Health,1458791,40,92.75565996,8.141916375,None,0.985270639,48.78785866,0.135650012,Ocean,86416.42253,10969.82904,Public_Depot,2022,1,0.584
Uganda,HIV_ARV,2026850,68,98,5.116571062,Port_Closure,0.846107617,41.12159874,0.176891495,Land,119787.6272,6795.453797,Public_Depot,2024,2,0.669
Zambia,Malaria_RDT,4152553,58,80.31318029,2.597813074,COVID_Lockdown,0.832169734,42.02841466,0.153471532,Land,78325.82073,11602.51536,RDC,2020,5,0.621
Malawi,Malaria_RDT,3150618,54,84.35831941,4.110209905,None,0.721964497,39.28240886,0.115075564,Air,96137.26628,11840.06163,Public_Depot,2021,1,0.644
Ghana,LLIN,2781303,51,87.58189181,4.949388879,None,0.703694294,28.74596915,0.164923132,Ocean,87003.91437,12318.18811,RDC,2024,1,0.611
Mozambique,LLIN,96250,49,83.68404528,6.965634399,COVID_Lockdown,0.876552607,35.52385143,0.197384591,Air,157343.1674,23089.65658,COE,2024,5,0.516
Uganda,Maternal_Health,4055194,67,85.62146866,12.14013635,Conflict,0.718984662,38.39600507,0.060036404,Air,80429.4697,10098.07623,COE,2020,5,0.479
Ethiopia,Malaria_RDT,1400850,54,89.87909803,5.163993818,COVID_Lockdown,0.810309892,10,0.023684139,Land,108474.3579,12122.66139,3PL,2023,5,0.726
Ethiopia,Malaria_RDT,525147,49,89.21454166,1.307422306,None,0.701045866,41.05015913,0.146289652,Ocean,91081.72009,21618.32628,Public_Depot,2023,1,0.728
Malawi,LLIN,3067193,47,87.23666365,0.036267796,None,0.878415975,67.87079055,0.195719267,Ocean,118768.4246,10247.63677,3PL,2020,1,0.701
Ethiopia,HIV_ARV,3935850,56,86.73865252,3.734646292,None,0.823370397,34.84757106,0.023341184,Land,103964.4231,8882.399841,RDC,2024,1,0.742
Mozambique,HIV_ARV,2162368,51,84.88064933,1.6157363,Flood,0.736836023,40.39751422,0.086341452,Land,95222.19531,12236.7257,3PL,2021,3,0.734
Malawi,Contraceptive,2493445,49,93.0226142,6.673718893,Flood,0.785946606,29.91416834,0.012453528,Ocean,50750.51011,10235.37252,3PL,2024,4,0.714
Mozambique,LLIN,926336,41,94.31694418,6.695767171,None,0.865201603,26.87320852,0.155306389,Ocean,53393.4947,17369.38856,Public_Depot,2020,1,0.619
Ghana,Contraceptive,3880415,64,91.09407002,4.562073703,None,0.890446877,36.2788994,0.189741743,Land,66515.9876,13602.02207,RDC,2020,1,0.626
Zambia,LLIN,4948107,53,80.25311706,6.972159314,Flood,0.834077405,47.55751858,0.099798831,Ocean,76224.5703,8625.551494,RDC,2022,4,0.555
Ghana,Maternal_Health,4979107,44,84.68894785,5.194278043,Port_Closure,0.933148144,37.19495896,0.081904229,Air,88334.38747,14277.12599,Public_Depot,2020,2,0.643
Ghana,Malaria_RDT,2335221,52,86.9983298,10.60272139,None,0.732607719,35.5110729,0.181543805,Ocean,66588.05911,13775.60721,RDC,2022,1,0.46
Mozambique,Maternal_Health,3560043,60,81.29652736,6.878374839,COVID_Lockdown,0.72451826,45.94714858,0.026677678,Ocean,25683.94566,7507.149154,COE,2020,5,0.61
Malawi,LLIN,4358760,55,86.39541852,7.686851228,None,0.712830838,42.40116542,0.178316862,Ocean,115821.2578,14784.22778,Public_Depot,2022,1,0.528
Malawi,Malaria_RDT,3520431,56,86.11110896,0.655617768,Flood,0.855390073,43.35128609,0.078425201,Ocean,98419.1423,14997.47845,Public_Depot,2022,3,0.776
Ethiopia,HIV_ARV,4121867,55,91.42069087,1.486293658,Conflict,0.904807194,54.28353329,0.111881282,Ocean,86807.52957,7615.531882,Public_Depot,2024,5,0.772
Nigeria,HIV_ARV,3962487,42,83.5085478,6.436515278,Port_Closure,0.737851206,52.77561075,0.105658421,Ocean,122615.7496,8153.179229,COE,2022,2,0.587
Zambia,Contraceptive,1468060,64,91.81651444,0.352329475,None,0.88529423,57.94888033,0.123195835,Ocean,60890.16628,11599.75424,RDC,2023,1,0.796
Mozambique,LLIN,4278087,37,81.21315982,3.126572471,None,0.838314852,25.44602067,0.188424663,Ocean,81073.00256,10511.7131,COE,2020,1,0.59
Ethiopia,LLIN,4278456,59,81.91080401,8.538237839,Conflict,0.986329905,50.28706519,0.190225406,Ocean,89786.2819,15385.68699,COE,2021,5,0.475
Uganda,HIV_ARV,4689022,61,84.10318846,3.062432601,None,0.908067347,59.7498752,0.166229653,Ocean,72544.91956,11269.03789,COE,2020,1,0.63
Nigeria,Maternal_Health,198725,52,86.23935943,1.370801881,Flood,0.890667267,20.40812792,0.038308815,Land,61130.08396,12296.04724,3PL,2024,4,0.791
Nigeria,Malaria_RDT,541215,58,73.91743799,7.002629934,COVID_Lockdown,0.865430423,39.75886724,0.066703265,Ocean,111243.0997,8766.016762,RDC,2024,5,0.529
Mozambique,Maternal_Health,2318693,52,88.29648783,11.22059674,COVID_Lockdown,0.989236193,33.48079188,0.09756497,Ocean,93520.26457,16794.04721,RDC,2022,5,0.499
Kenya,Maternal_Health,3974152,58,94.54671266,2.574064529,Port_Closure,0.98433316,39.7079768,0.181092188,Ocean,103720.4832,9961.928196,Public_Depot,2024,2,0.708
Zambia,HIV_ARV,958017,64,89.25634784,8.672077394,Conflict,0.856053386,53.76373939,0.104172965,Land,60291.13961,8872.852543,Public_Depot,2024,5,0.568
Nigeria,HIV_ARV,371898,47,84.94665037,2.2004751,COVID_Lockdown,0.832003171,23.25117393,0.195487133,Ocean,109899.3655,13206.83139,3PL,2020,5,0.633
Mozambique,HIV_ARV,735338,61,80.57704459,4.662596657,None,0.834013328,42.93985258,0.196768234,Ocean,66301.86201,17294.56595,COE,2023,1,0.547
Mozambique,Contraceptive,3552415,71,76.93488882,4.792601181,None,0.824219293,33.22461453,0.119716852,Ocean,92416.58567,14811.89862,Public_Depot,2023,1,0.569
Ethiopia,Maternal_Health,104745,57,77.78488188,2.65405478,None,0.854105509,54.13169942,0.175499068,Air,144387.6403,10741.63443,RDC,2022,1,0.585
Uganda,LLIN,1733032,49,85.34580062,7.626185935,None,0.779339438,45.05121307,0.199844542,Air,110562.342,11379.58562,Public_Depot,2024,1,0.509
Kenya,Malaria_RDT,4882577,77,96.53455009,0.380837268,Conflict,0.968768747,38.1070407,0.169943304,Ocean,95176.57954,7602.310769,COE,2024,4,0.791
Zambia,Contraceptive,2168219,55,72.41463305,5.58514283,Port_Closure,0.842166724,31.38259637,0.131382203,Ocean,125514.8725,20699.17838,3PL,2023,3,0.512
Malawi,LLIN,2198185,57,89.50108945,8.222493735,Conflict,0.944182265,71.89506272,0.169026705,Ocean,67910.16256,19206.88991,COE,2022,4,0.54
Ghana,Maternal_Health,95256,57,82.61142294,7.376490408,Conflict,0.837838066,43.35866272,0.016531012,Ocean,99719.36621,14153.57972,Public_Depot,2024,5,0.613
Uganda,HIV_ARV,552264,59,84.3225252,6.473645182,Flood,0.908304179,22.96054634,0.126964264,Air,60044.45309,12951.50181,3PL,2022,3,0.577
Uganda,Maternal_Health,3396145,51,81.31150557,9.75589818,Flood,0.79769577,30.27109492,0.043304406,Ocean,74147.59741,8495.487873,3PL,2020,3,0.525
Ethiopia,Malaria_RDT,989695,56,79.16280604,4.341147899,None,0.881193989,44.95138348,0.02321273,Ocean,132721.4859,12416.59114,COE,2024,1,0.661
Malawi,Contraceptive,2233955,64,86.62818619,0.425821554,Conflict,0.844527719,31.2396847,0.17857425,Ocean,93209.93354,16564.70464,Public_Depot,2024,5,0.701
Nigeria,Contraceptive,1302390,51,87.31401743,5.405620657,Port_Closure,0.806463134,32.7159028,0.127928989,Air,127214.9892,15917.23058,COE,2024,2,0.624
Nigeria,Malaria_RDT,2265995,50,89.34170029,4.622713068,Port_Closure,0.955651316,51.83110981,0.048709309,Air,81921.76939,11197.60065,Public_Depot,2023,3,0.719
Ethiopia,LLIN,529809,52,77.57378147,0,None,0.732686388,50.76891563,0.07735646,Land,121624.0779,16202.95611,Public_Depot,2023,1,0.716
Mozambique,LLIN,2700432,44,90.36986167,1.624696218,COVID_Lockdown,0.841207713,33.14551523,0.194655309,Ocean,86551.81034,17628.34304,RDC,2024,5,0.688
Nigeria,Contraceptive,4225282,48,90.45903777,1.242121891,COVID_Lockdown,0.756367031,54.05026237,0.172436411,Ocean,89013.51296,13138.31713,3PL,2024,5,0.718
Kenya,Contraceptive,3567847,47,88.12246843,2.556401223,Port_Closure,0.949705976,31.47261377,0.003116359,Ocean,85725.74487,16927.46696,Public_Depot,2020,2,0.804
Zambia,HIV_ARV,1817413,54,83.89519191,3.946477208,Port_Closure,0.77350611,60.32249383,0.195960199,Ocean,95817.22457,19601.31299,COE,2020,3,0.586
Uganda,LLIN,4388586,63,87.54215434,4.061378116,Flood,0.883694799,46.45054963,0.073705895,Ocean,77233.92534,20661.13109,COE,2022,4,0.701
Uganda,Malaria_RDT,2623697,69,85.19775472,2.663585814,None,0.748013419,43.48218061,0.139083633,Ocean,43327.21888,10598.32711,RDC,2022,1,0.668
Kenya,LLIN,3650952,55,90.84258165,1.238184376,None,0.817424964,35.38235999,0.142535313,Ocean,83928.70097,14773.50818,RDC,2023,1,0.747
Malawi,HIV_ARV,2021277,59,84.16727851,6.132355126,Flood,0.960813587,32.69617955,0.182336887,Land,88972.22616,15813.53047,RDC,2021,3,0.548
Nigeria,Contraceptive,994740,57,86.54012215,5.349715584,None,0.748158689,12.08201958,0.177012175,Air,134045.9931,12924.35047,3PL,2020,1,0.585
Uganda,Contraceptive,3096555,34,77.30838998,5.440014496,Port_Closure,0.892326789,36.47025158,0.056345918,Ocean,17185.74961,17974.54137,RDC,2022,2,0.597
Ghana,HIV_ARV,1246311,43,87.52649895,10.33703366,Port_Closure,0.759308007,39.87405405,0.128707096,Ocean,133520.602,13223.44672,3PL,2020,3,0.5
Malawi,Malaria_RDT,4494041,62,82.25222775,5.488622161,None,0.820567225,18.08678176,0.078741085,Ocean,116447.9812,12388.67099,RDC,2020,1,0.619
Zambia,Contraceptive,192157,63,88.56233109,3.900026683,None,0.856778896,49.88060715,0.105108747,Ocean,105568.4873,7742.14536,3PL,2021,1,0.69
Zambia,Maternal_Health,2337319,63,89.94212448,4.682582023,None,0.867418861,38.07554216,0.110935705,Ocean,89627.4869,6239.781792,Public_Depot,2020,1,0.675
Uganda,Contraceptive,4838109,53,82.95013529,5.296457664,None,0.874728288,54.57654511,0.079268689,Ocean,54390.97438,11599.36032,RDC,2021,1,0.629
Ethiopia,Maternal_Health,1512603,35,86.15594151,6.847380045,Port_Closure,0.88563811,31.79607497,0.092778804,Land,143524.4953,1396.859671,3PL,2021,2,0.603
Malawi,HIV_ARV,1325029,44,86.87247456,4.865838719,Flood,0.778812922,54.83704938,0.041668454,Ocean,122039.2574,17977.999,Public_Depot,2020,4,0.697
Uganda,HIV_ARV,3070791,46,87.84031866,0,COVID_Lockdown,0.816396571,34.61162917,0.121529277,Ocean,92523.336,16554.65128,RDC,2020,5,0.772
Ethiopia,Contraceptive,186645,61,89.94928913,3.68975563,None,0.710822412,39.39657798,0.151791963,Land,93569.95429,15759.32908,Public_Depot,2022,1,0.669
Uganda,LLIN,1702131,51,89.29505588,5.004479526,Conflict,0.922939523,42.5873829,0.085948241,Ocean,81735.54421,17451.46511,RDC,2020,5,0.68
Ghana,Maternal_Health,1236837,71,84.10054846,8.912604697,None,0.942758856,39.50005878,0.195536018,Ocean,102831.9593,11898.05871,COE,2020,1,0.476
Malawi,Malaria_RDT,392221,69,93.99160965,2.642313062,Port_Closure,0.757778661,43.65228116,0.011445281,Ocean,83669.36368,13885.0491,3PL,2020,3,0.847
Mozambique,Contraceptive,2485919,71,89.75993738,0.094217418,Port_Closure,0.75841875,16.90541871,0.117832136,Air,94237.04713,11515.25659,COE,2022,2,0.789
Zambia,Malaria_RDT,1229580,45,93.02572196,5.19313162,Port_Closure,0.712190557,38.32734704,0.116720155,Ocean,98139.95774,17436.51314,3PL,2021,3,0.679
Uganda,Contraceptive,103687,59,87.73353362,7.598710765,Flood,0.981411309,39.03493722,0.007259256,Ocean,157909.1024,2793.355931,COE,2022,3,0.65
Ghana,LLIN,2540272,50,88.02902728,3.819731176,None,0.934084105,16.1622296,0.044914034,Land,57694.49796,17435.37644,RDC,2020,1,0.734
Ethiopia,LLIN,2679137,58,85.41404474,12.14914846,None,0.804603929,47.70964451,0.181108517,Ocean,89799.23471,5716.125977,COE,2024,1,0.416
Ethiopia,LLIN,4848757,46,83.78112761,11.4424942,Conflict,0.839753399,29.06375918,0.108902809,Air,121823.3563,12175.69597,RDC,2020,5,0.462
Zambia,LLIN,3925010,67,90.87669091,4.782581856,None,0.784670419,51.30795068,0.087277175,Land,109800.298,8801.671607,3PL,2022,1,0.697
Kenya,HIV_ARV,4826415,47,87.32295312,5.56013947,None,0.873200751,41.03141993,0.083099289,Ocean,105323.3736,12455.50468,RDC,2022,1,0.652
Uganda,HIV_ARV,2089660,35,85.34218077,9.106194423,None,0.90801944,33.10861747,0.177632166,Land,175339.6181,10788.82545,COE,2023,1,0.489
Malawi,Maternal_Health,2069450,75,80.88687507,4.730495819,None,0.829736859,52.0563047,0.073406235,Air,117637.2548,11460.97312,Public_Depot,2024,1,0.631
Nigeria,Malaria_RDT,4750858,59,93.77557769,2.587734448,Port_Closure,0.953342316,59.94240464,0.171833372,Land,66256.98372,15189.2507,3PL,2022,2,0.71
Ethiopia,Contraceptive,2021140,44,86.56312717,7.666795719,Port_Closure,0.8499375,40.46208081,0.06183852,Ocean,62812.9336,13899.06371,Public_Depot,2021,2,0.605
Malawi,Contraceptive,3911607,53,79.86638711,6.393238527,None,0.741833448,56.49863309,0.106300797,Land,83849.99583,16996.70272,Public_Depot,2020,1,0.562
Malawi,HIV_ARV,3578434,49,86.40711233,2.577965564,None,0.880464499,37.88648076,0.028763954,Ocean,71913.0601,14673.41785,Public_Depot,2021,1,0.767
Mozambique,Contraceptive,4174390,55,84.99539781,5.837492511,Flood,0.83404698,51.54786229,0.165006062,Air,87380.22288,6643.44958,Public_Depot,2022,4,0.572
Malawi,HIV_ARV,2706222,63,84.790268,4.519818444,Conflict,0.97134484,35.59027357,0.147194974,Ocean,95139.94362,22406.17467,Public_Depot,2022,5,0.614
Malawi,Maternal_Health,1177109,61,88.88129901,3.844712926,COVID_Lockdown,0.813649237,61.91070135,0.106018613,Ocean,93201.50301,5057.093008,COE,2021,5,0.693
Mozambique,Malaria_RDT,4484315,57,85.00230239,2.642481115,COVID_Lockdown,0.816831064,52.92768748,0.005180261,Ocean,11281.98422,14258.20592,RDC,2021,5,0.771
Ethiopia,Maternal_Health,1603744,55,84.47250474,5.364209335,COVID_Lockdown,0.888724283,45.6441369,0.096251466,Ocean,62331.5557,15943.5432,RDC,2023,5,0.627
Malawi,LLIN,4316988,65,92.81202368,4.202427899,Conflict,0.852826003,10,0.045039306,Ocean,106480.3696,14170.76521,Public_Depot,2020,5,0.762
Kenya,LLIN,1838220,35,77.30216512,5.85411973,Flood,0.808590464,45.3857997,0.082674859,Ocean,134308.9407,12199.73582,COE,2021,3,0.571
Kenya,LLIN,4061718,47,85.74308846,7.459512866,None,0.987034581,25.18080441,0.171285298,Ocean,72888.82672,18946.24771,Public_Depot,2020,1,0.534
Ghana,Maternal_Health,4063582,45,90.6442593,5.694699108,Flood,0.787633798,44.23903609,0.153920661,Ocean,73034.67628,17492.88204,Public_Depot,2024,4,0.621
Mozambique,Contraceptive,2922875,65,89.13466224,5.746053798,None,0.78048335,55.32999026,0.048390582,Ocean,82325.52657,12914.98969,3PL,2022,1,0.686
Ghana,Malaria_RDT,1880288,47,91.10024297,3.376468795,Conflict,0.950684012,48.2679636,0.196990687,Ocean,136739.6403,11203.755,COE,2021,5,0.649
Mozambique,LLIN,1891646,42,96.1078594,8.523068044,Port_Closure,0.700978154,50.30454887,0.180642101,Land,86611.48523,9730.48407,Public_Depot,2024,2,0.564
Uganda,LLIN,4019579,60,94.49475872,2.454412037,Flood,0.758363417,35.52371861,0.105734689,Air,17747.81164,10049.69619,RDC,2022,3,0.776
Uganda,LLIN,1646246,45,80.22232643,0.164023995,None,0.87122954,21.70479147,0.106030064,Ocean,138629.1671,12760.367,3PL,2023,1,0.713
Malawi,Malaria_RDT,1869239,51,77.94648292,1.787049558,Port_Closure,0.747110653,30.7426341,0.180253193,Ocean,105749.1612,6376.87161,Public_Depot,2022,2,0.601
Nigeria,LLIN,4955727,78,87.63426203,8.102791734,None,0.985883138,36.0431626,0.127228962,Air,46208.87005,12973.24428,Public_Depot,2021,1,0.558
Uganda,Malaria_RDT,2300618,62,79.22941159,6.376693461,None,0.834616731,39.83127256,0.107337682,Ocean,69664.22096,16212.92841,Public_Depot,2024,1,0.557
Nigeria,LLIN,4478622,52,76.3676534,8.935827869,None,0.873235582,55.22953556,0.149829705,Ocean,61132.484,10747.98645,COE,2024,1,0.456
Uganda,Maternal_Health,2519930,53,87.58121429,1.030845425,None,0.746508305,48.76693443,0.047019423,Ocean,78731.62681,12908.74619,Public_Depot,2024,1,0.806
Zambia,Maternal_Health,181936,64,88.83522663,11.96065466,Port_Closure,0.783919649,66.63670266,0.175675484,Land,129613.2381,14229.62333,RDC,2022,3,0.44
Uganda,Malaria_RDT,2029746,61,94.55570323,4.148947444,Port_Closure,0.878241187,27.98455207,0.106283048,Ocean,28988.70866,14937.75276,3PL,2020,2,0.728
Ghana,Maternal_Health,4892256,55,89.84215535,0,Conflict,0.859370478,53.96761388,0.120699859,Air,74697.7467,12199.52303,COE,2020,5,0.79
Ethiopia,Malaria_RDT,2519970,56,95.59780043,11.5873495,Port_Closure,0.927465544,50.50427293,0.017988774,Ocean,88334.50835,20042.67164,3PL,2022,2,0.576
Malawi,Maternal_Health,1346573,40,87.77777093,1.069693215,None,0.778077622,38.60125414,0.061901792,Air,82917.66545,13013.71049,RDC,2021,1,0.794
Ghana,Maternal_Health,3585647,38,80.31864881,3.806312859,COVID_Lockdown,0.889527223,28.46840754,0.085347067,Ocean,61099.08261,7682.399471,Public_Depot,2022,5,0.641
Ethiopia,Malaria_RDT,2628682,53,90.11093528,4.382743279,Port_Closure,0.784382897,32.61424996,0.082781905,Ocean,120697.9314,11457.91271,COE,2020,3,0.706
Kenya,Contraceptive,1554900,48,92.6715655,6.332249428,Port_Closure,0.87015826,32.03732555,0.155656873,Ocean,80236.35161,18192.5713,Public_Depot,2022,2,0.617
Ghana,Maternal_Health,3440664,60,87.95542199,2.626089572,Port_Closure,0.875458981,60.5280129,0.056464479,Land,76383.76361,17878.9072,COE,2024,3,0.757
Kenya,LLIN,1671788,56,93.25275233,8.117939686,Conflict,0.735333342,49.9390055,0.036421852,Ocean,95384.47935,6120.915528,Public_Depot,2021,4,0.655
Nigeria,Contraceptive,4654229,47,85.38374643,7.260908509,None,0.859103602,50.38787539,0.11652345,Ocean,76591.46176,11809.39698,RDC,2021,1,0.572
Nigeria,Malaria_RDT,241896,56,88.72949559,5.057200459,None,0.703462107,41.05208379,0.123002972,Air,68389.27809,10889.78229,RDC,2023,1,0.647
Zambia,Contraceptive,4657765,50,85.12833959,8.972988303,Conflict,0.845351118,37.25444778,0.024316661,Ocean,57234.42555,16116.40049,Public_Depot,2022,5,0.582
Uganda,HIV_ARV,1133329,75,97.89521796,4.796429837,None,0.902281348,44.04802959,0.000493701,Ocean,150701.8378,8447.710323,RDC,2024,1,0.822
Ghana,HIV_ARV,2430612,58,90.20630343,4.173062439,Conflict,0.721121491,41.22958432,0.183529816,Ocean,108797.4214,19239.94435,Public_Depot,2022,5,0.634
Kenya,Maternal_Health,283979,39,80.41647435,10.9943083,Port_Closure,0.972226137,38.84764364,0.015927399,Ocean,73530.41964,7120.470249,COE,2023,2,0.501
Ethiopia,Maternal_Health,4853290,73,95.26298734,5.887208127,Port_Closure,0.833039104,44.40026651,0.179573386,Ocean,123140.5077,12439.35494,RDC,2023,2,0.628
Nigeria,LLIN,328104,48,82.33410121,2.043045852,Conflict,0.97214072,27.20939991,0.079842975,Land,100704.3716,8180.941679,COE,2022,5,0.706
Uganda,Contraceptive,2048547,45,86.0684798,2.449192159,None,0.731145543,43.20411431,0.130611182,Ocean,86155.39349,15627.35394,Public_Depot,2022,1,0.687
Nigeria,HIV_ARV,4094630,76,88.34150398,5.056874422,Conflict,0.975471752,38.67040057,0.037122938,Land,54128.41934,4767.430425,COE,2022,5,0.707
Ethiopia,Maternal_Health,4175279,58,88.74995987,0,COVID_Lockdown,0.731667159,31.42460489,0.164783406,Ocean,60166.25751,12314.38913,3PL,2020,5,0.741
Uganda,Contraceptive,4841882,62,88.41861112,3.101031604,Port_Closure,0.833833782,47.68752721,0.036038677,Ocean,114054.2327,12235.6507,Public_Depot,2023,2,0.764
Uganda,Maternal_Health,4379454,62,80.33477247,4.698818035,COVID_Lockdown,0.972017699,61.54219227,0.07730183,Ocean,107567.2422,9415.989192,RDC,2021,5,0.625
Kenya,Maternal_Health,1045893,52,88.43517318,4.498407439,None,0.767485378,55.33683654,0.047605156,Air,43810.85255,17874.47738,RDC,2020,1,0.716
Kenya,HIV_ARV,3246247,49,91.50322969,1.227670257,Conflict,0.710087644,36.60862076,0.167501192,Ocean,72770.29095,19814.80255,3PL,2024,5,0.731
Ghana,HIV_ARV,1889050,50,91.35932015,3.654452626,None,0.930002096,47.97276976,0.171667163,Air,105398.7865,11388.52622,Public_Depot,2021,1,0.665
Ghana,Maternal_Health,2720492,71,79.49093703,8.539411691,None,0.872806255,50.12064176,0.074405778,Air,118371.9695,13517.39789,Public_Depot,2021,1,0.526
Mozambique,Malaria_RDT,2505257,57,82.72173559,7.919446491,None,0.849037146,41.43006116,0.061475694,Ocean,100432.8237,10530.86717,Public_Depot,2021,1,0.571
Malawi,Maternal_Health,3027299,68,80.77739177,5.286849184,None,0.709959581,39.71206236,0.154713075,Ocean,71310.15841,7947.839505,Public_Depot,2023,1,0.562
Mozambique,Maternal_Health,2984317,54,87.69906496,4.793270071,None,0.889437068,44.12511313,0.175702394,Ocean,92080.09094,8529.285324,COE,2024,1,0.607
Zambia,LLIN,4016914,47,78.24176109,4.515119755,COVID_Lockdown,0.749770772,70.15094601,0.124803999,Air,78676.72596,8634.976555,Public_Depot,2020,5,0.582
Nigeria,LLIN,3353481,40,80.38628614,5.708930188,Conflict,0.970047037,43.0878075,0.185480735,Ocean,96459.85519,17996.3866,COE,2024,4,0.53
Ghana,LLIN,4587454,61,82.67432505,5.307706534,None,0.898860816,24.79094929,0.076608763,Air,129342.8446,14720.18855,COE,2020,1,0.628
Kenya,Malaria_RDT,1596064,71,77.01604944,5.972422913,None,0.905039828,27.44448327,0.03037728,Ocean,61532.99447,9187.5583,RDC,2023,1,0.598
Ethiopia,Malaria_RDT,3290641,46,85.86100448,6.505382525,Conflict,0.767448279,37.94570099,0.035928596,Air,93429.76032,9544.931824,Public_Depot,2024,5,0.648
Kenya,Maternal_Health,2765548,60,75.4675238,1.366677532,None,0.955418613,25.03739352,0.13396639,Ocean,82098.00306,9011.788174,COE,2021,1,0.624
Nigeria,LLIN,829091,41,88.42672385,4.069193925,None,0.855942446,38.40978731,0.081505285,Ocean,77115.5825,5485.888026,Public_Depot,2024,1,0.702
Mozambique,Malaria_RDT,2416789,49,84.01489181,5.59373723,Port_Closure,0.948554412,66.70252797,0.03126292,Land,80804.94891,15076.59666,3PL,2023,3,0.662
Kenya,HIV_ARV,2216791,57,82.88008396,2.10249477,Port_Closure,0.778574768,33.86280915,0.058445371,Air,124407.7565,12490.99287,COE,2023,2,0.726
Malawi,Maternal_Health,3427180,37,83.69625689,2.978535937,None,0.919083897,26.9525998,0.106121014,Ocean,102385.6162,19839.05789,RDC,2023,1,0.674
Zambia,Contraceptive,1756930,54,85.69806954,4.346309877,Flood,0.866624402,37.50905946,0.024289053,Air,70625.52367,4665.892671,Public_Depot,2020,3,0.715
Nigeria,Maternal_Health,1014795,46,88.96433091,4.493496025,Flood,0.714041599,38.75261481,0.0006885,Air,104489.0307,16392.84576,RDC,2024,4,0.756
Mozambique,Contraceptive,2633236,61,92.58548637,5.649808361,None,0.817549274,28.13407117,0.183459609,Ocean,68236.45986,16747.80697,COE,2021,1,0.614
Malawi,LLIN,1628458,53,91.06952908,2.455907711,COVID_Lockdown,0.753334035,25.13961723,0.060972238,Ocean,31322.9581,17273.46986,COE,2021,5,0.785
Ethiopia,Contraceptive,1859771,64,97.15844161,7.904061365,Port_Closure,0.80416034,56.27501256,0.044299629,Ocean,15861.19997,13982.58068,RDC,2022,2,0.684
Mozambique,LLIN,319515,52,89.37648605,4.468772328,None,0.811171974,46.00916842,0.139696162,Land,100023.4677,16690.95864,Public_Depot,2023,1,0.654
Uganda,HIV_ARV,1670179,41,86.70157551,5.435593105,None,0.837729222,34.20711848,0.170680544,Ocean,76467.36315,14223.04804,COE,2021,1,0.589
Malawi,Contraceptive,3847267,40,83.7148409,3.890502675,None,0.874084228,26.13514395,0.126455753,Ocean,114923.3248,10005.86246,3PL,2023,1,0.636
Malawi,Maternal_Health,721986,35,83.88100522,5.706952251,Port_Closure,0.865583519,33.79070009,0.050896551,Ocean,96613.67256,11395.1509,RDC,2021,2,0.645
Zambia,LLIN,2384482,61,88.69519013,10.01366348,None,0.711307507,25.28756895,0.172327325,Ocean,92815.94844,11288.35878,COE,2024,1,0.489
Nigeria,Maternal_Health,3071786,80,81.00277929,3.862643472,Port_Closure,0.917699873,33.04621231,0.102085439,Ocean,71473.14763,17655.21489,Public_Depot,2022,2,0.634
Ethiopia,Malaria_RDT,187900,59,87.1448807,3.366510937,None,0.975263326,64.80289609,0.076238161,Ocean,100649.3255,18117.68712,COE,2023,1,0.715
Zambia,LLIN,4563962,71,85.90567552,2.509533335,Flood,0.801117574,42.86625456,0.120945224,Ocean,131553.1749,16258.1841,Public_Depot,2020,3,0.692
Mozambique,Contraceptive,4744668,66,82.35951472,4.821134451,Conflict,0.752126601,32.58380616,0.140122445,Land,24422.00233,13245.21605,Public_Depot,2020,4,0.594
Zambia,LLIN,1334283,49,80.74404854,4.786388959,Port_Closure,0.856600453,48.15442714,0.118765975,Land,80506.24226,4770.254569,COE,2021,2,0.598
Malawi,Maternal_Health,3868971,67,98,5.154329044,Flood,0.904424749,28.83948125,0.184049089,Ocean,125355.4717,16294.41753,3PL,2024,3,0.662
Nigeria,HIV_ARV,1553061,50,79.01714417,6.404767639,COVID_Lockdown,0.896882419,35.13250238,0.125603561,Ocean,50635.44052,16126.61867,Public_Depot,2023,5,0.543
Ghana,LLIN,563066,50,85.66120718,6.026504321,Flood,0.877511777,17.74994265,0.175716143,Land,89005.30516,14139.43833,RDC,2022,4,0.564
Zambia,Contraceptive,4058146,52,92.11291904,4.932435555,None,0.742407353,55.28882858,0.117391687,Ocean,64500.11999,14917.37117,Public_Depot,2024,1,0.679
Uganda,Malaria_RDT,2411331,53,88.64528432,10.8614047,Port_Closure,0.942679219,37.57924722,0.065935915,Air,76971.52777,9753.186846,Public_Depot,2021,2,0.528
Zambia,HIV_ARV,1208343,61,83.63232222,7.072040852,Conflict,0.823430253,30.1748261,0.106459363,Land,31803.68436,11626.54911,3PL,2024,4,0.571
Mozambique,Malaria_RDT,2581113,48,80.03926432,1.732220171,None,0.764225889,47.79388907,0.017267338,Air,114541.9649,9717.505987,Public_Depot,2022,1,0.741
Mozambique,LLIN,591529,63,86.64893222,0.364394043,None,0.725017181,27.4273402,0.046034927,Ocean,89517.909,12378.62381,COE,2024,1,0.817
Ethiopia,Maternal_Health,2724415,63,72.80242375,2.913052623,Port_Closure,0.820848543,28.15678464,0.153246332,Land,41667.5864,16508.18546,3PL,2023,2,0.557
Mozambique,Maternal_Health,4398530,58,86.8493353,5.45797514,Flood,0.879212184,35.45142423,0.132295122,Land,97558.64385,14754.91698,Public_Depot,2021,4,0.616
Kenya,Contraceptive,2203548,74,86.17413293,2.661501032,Conflict,0.892959536,25.62978563,0.033303742,Air,91240.0268,8822.541014,COE,2022,4,0.759
Nigeria,Maternal_Health,1591019,67,91.35060964,3.117118266,None,0.979193704,32.15861591,0.087603035,Ocean,64335.24409,20328.20682,COE,2021,1,0.747
Nigeria,HIV_ARV,168920,65,80.28330128,5.078201116,None,0.744412944,37.62210906,0.028398441,Air,144045.974,13692.2518,Public_Depot,2023,1,0.648
Ghana,Maternal_Health,456547,55,84.382643,3.974082023,COVID_Lockdown,0.985874363,38.70550342,0.171163571,Ocean,100482.8813,10303.78994,RDC,2022,5,0.607
Ghana,Contraceptive,1709090,58,88.18450823,0,None,0.889856005,24.10438583,0.02183394,Ocean,123706.6095,11795.6891,RDC,2022,1,0.863
Nigeria,LLIN,1707583,60,87.02783879,8.231529585,None,0.831726427,37.06804187,0.130846999,Ocean,80166.11562,10780.56124,Public_Depot,2021,1,0.549
Uganda,LLIN,113014,55,79.28676752,7.534870673,Port_Closure,0.957576325,46.96800784,0.1214,Land,36249.49601,13904.6454,Public_Depot,2024,3,0.522
Ghana,Maternal_Health,3759362,51,82.76249135,1.144637425,Conflict,0.901399125,48.96923609,0.094555329,Land,15291.96822,7708.858627,COE,2024,5,0.721
Ethiopia,Malaria_RDT,1285382,30,92.9995578,5.170673299,Conflict,0.801127992,34.02967862,0.055646925,Air,54583.66692,14177.37491,Public_Depot,2020,4,0.727
Mozambique,LLIN,4582889,62,87.29663193,1.650345409,COVID_Lockdown,0.956384852,37.73392856,0.0807913,Ocean,125436.1619,16360.30855,Public_Depot,2020,5,0.758
Nigeria,Maternal_Health,3241849,65,77.67941926,3.17361026,None,0.893318482,37.02616239,0.16127826,Ocean,69704.68032,15638.69939,COE,2022,1,0.583
Malawi,Contraceptive,3932506,43,90.41616073,6.458458853,None,0.902662833,23.29965264,0.152310163,Land,116235.9381,14059.45086,Public_Depot,2021,1,0.601
Ghana,Maternal_Health,2469493,61,78.00367637,7.430141352,None,0.959953068,33.51809712,0.147761823,Ocean,50006.6637,15302.57612,Public_Depot,2022,1,0.5
Nigeria,LLIN,406778,49,84.46489751,7.359928817,Conflict,0.8300407,49.55473957,0.149964717,Land,65122.5012,14569.37127,Public_Depot,2021,4,0.542
Kenya,Contraceptive,1347682,51,88.81638277,5.734517612,Port_Closure,0.890502191,49.74537751,0.028777275,Ocean,69445.27589,17186.62109,COE,2023,2,0.698
Zambia,Maternal_Health,3182293,68,92.0685294,8.825617209,None,0.915959816,44.94270493,0.01981929,Air,91754.71247,12041.93634,Public_Depot,2020,1,0.637
Mozambique,HIV_ARV,1591037,45,74.31037881,3.168314902,Flood,0.831642617,10,0.172299725,Land,44434.39396,9345.844218,RDC,2022,4,0.55
Nigeria,Contraceptive,4082371,45,89.55795054,3.834112509,None,0.724201114,30.6218478,0.167434914,Ocean,61168.885,14462.71026,Public_Depot,2023,1,0.65
Zambia,HIV_ARV,4904501,73,90.3086232,0,Port_Closure,0.923717533,45.61113321,0.136263661,Ocean,78005.47411,17335.1903,RDC,2024,2,0.78
Ghana,Malaria_RDT,2652352,53,83.21492266,4.720830447,Conflict,0.713866742,60.54871142,0.121181149,Ocean,44713.52334,11437.71438,Public_Depot,2020,5,0.616
Zambia,Contraceptive,1581817,67,86.45454545,6.739080392,None,0.908195176,39.825279,0.073374341,Land,32212.21146,19390.3703,COE,2021,1,0.621
Mozambique,HIV_ARV,2065074,39,70.74014136,5.855778836,None,0.96415381,41.15047488,0.044816518,Air,85856.86401,14526.38393,RDC,2024,1,0.544
Nigeria,LLIN,4770058,39,72.26009843,3.12793894,None,0.80062101,38.64217919,0.133531288,Air,45175.41189,16713.39569,Public_Depot,2024,1,0.561
Kenya,LLIN,4012931,45,91.5426636,7.533576819,None,0.729597918,24.3216893,0.182606928,Ocean,121438.143,8353.204695,Public_Depot,2023,1,0.56
Uganda,Malaria_RDT,4590334,50,83.30552386,4.778507743,None,0.767530557,44.22311692,0.087399315,Air,122263.0035,16163.60191,Public_Depot,2022,1,0.639
Ghana,Contraceptive,1852502,40,84.26893884,7.299280136,Flood,0.863061654,21.74382823,0.060642494,Air,67496.84054,14871.84743,Public_Depot,2022,4,0.599
Nigeria,Contraceptive,1512538,58,87.17338202,6.458449055,None,0.973371326,38.97710253,0.054148363,Ocean,103060.5542,21447.80128,COE,2023,1,0.647
Mozambique,Contraceptive,2076819,59,84.17033895,9.273526877,COVID_Lockdown,0.848561992,41.06859738,0.004741049,Land,87071.05003,15063.88592,3PL,2024,5,0.579
Ghana,Malaria_RDT,2124520,46,83.70653933,6.018090088,None,0.732693814,40.59157931,0.104063344,Ocean,117034.1005,15615.38065,RDC,2020,1,0.6
Ethiopia,Contraceptive,2482665,46,87.97244531,6.829828019,None,0.88205712,24.41911409,0.197647206,Ocean,71251.97462,9719.701888,Public_Depot,2024,1,0.545
Zambia,LLIN,3984053,48,78.52231871,4.769848734,None,0.912525032,31.49168017,0.163047543,Ocean,100313.03,14269.49004,COE,2023,1,0.553
Uganda,HIV_ARV,782722,43,91.79958826,3.49132955,Conflict,0.814052264,48.26483208,0.179494944,Ocean,94353.59662,17583.10903,3PL,2024,4,0.666
Mozambique,LLIN,1841396,26,84.84874988,6.472196623,Port_Closure,0.909239079,40.87429384,0.124232819,Air,92824.29556,11613.45054,COE,2024,2,0.583
Ethiopia,LLIN,1250847,54,80.9717075,9.508192093,Conflict,0.794198616,31.5703125,0.096289282,Ocean,66522.87552,10152.51236,Public_Depot,2024,4,0.5
Malawi,HIV_ARV,1084104,50,80.29895158,3.152358056,Conflict,0.928836144,27.14640323,0.198091401,Land,120571.2182,21035.16555,3PL,2024,5,0.576
Nigeria,LLIN,2500700,51,86.21325943,4.255591014,COVID_Lockdown,0.798910926,49.633723,0.089432422,Ocean,72761.14843,11889.47179,RDC,2020,5,0.674
Kenya,Malaria_RDT,3925416,44,84.46821145,5.079951306,Conflict,0.774271057,40.4123559,0.183366115,Ocean,72576.3499,16620.09976,RDC,2021,5,0.573
Ghana,HIV_ARV,4068293,63,78.25579963,7.05468893,None,0.954962608,26.43089973,0.152368962,Air,63395.20796,11088.59566,COE,2021,1,0.507
Zambia,LLIN,1266053,79,82.99082447,6.036373949,Conflict,0.859057292,37.73618775,0.066195685,Air,65206.73321,11248.37051,RDC,2022,5,0.619
Ghana,Maternal_Health,4151599,46,81.95400499,7.739189469,COVID_Lockdown,0.782695324,30.32670792,0.100612437,Ocean,77808.21569,12508.76063,RDC,2021,5,0.547
Uganda,LLIN,1744000,68,92.30928268,10.92172843,COVID_Lockdown,0.971175198,43.6165561,0.076865844,Land,98492.48114,15292.17642,3PL,2021,5,0.542
Nigeria,Malaria_RDT,1440598,58,86.65226207,3.08329607,None,0.900346841,55.04342527,0.027244655,Air,108500.6004,17672.52989,RDC,2021,1,0.756
Ghana,Contraceptive,4596925,55,93.84669714,6.829186934,Flood,0.764003116,27.02992576,0.071353316,Ocean,88859.18048,10756.78085,3PL,2024,4,0.673
Zambia,LLIN,2619849,51,82.45012888,5.961919335,None,0.878246283,41.88609031,0.177794577,Ocean,127488.1572,17482.52104,3PL,2024,1,0.543
Nigeria,Contraceptive,781658,54,84.54434056,5.057120652,None,0.952404061,41.6678141,0.150527137,Ocean,88530.14193,13553.37169,3PL,2020,1,0.597
Ghana,Maternal_Health,3846315,66,87.93276613,6.818255671,Flood,0.901884411,14.2657237,0.055516215,Land,31133.53565,12296.01782,RDC,2024,3,0.642
Kenya,LLIN,4929797,43,89.02066305,4.199590939,COVID_Lockdown,0.770980154,49.991397,0.073582663,Ocean,50366.17536,15237.90754,COE,2024,5,0.709
Mozambique,HIV_ARV,3825702,52,89.60495536,5.969137195,Port_Closure,0.888166015,65.18737087,0.123286785,Ocean,106000.6338,18716.47086,COE,2021,2,0.629
Nigeria,Contraceptive,4140284,67,81.56095224,1.084122711,Conflict,0.879556218,41.65643626,0.083227963,Ocean,75239.2748,15062.19201,RDC,2020,4,0.721
Mozambique,Maternal_Health,2449771,64,81.70160432,3.383554166,None,0.938044662,56.31544007,0.100608823,Ocean,73187.78431,10093.79074,3PL,2020,1,0.652
Malawi,HIV_ARV,2505918,43,84.22289864,8.142562442,None,0.751658453,24.94526755,0.139633682,Air,56066.0442,13584.74936,RDC,2021,1,0.528
Nigeria,HIV_ARV,3855721,53,93.40453432,8.027248948,Port_Closure,0.902894053,31.37482925,0.09345017,Air,72992.33106,15248.7101,Public_Depot,2021,2,0.62
Kenya,HIV_ARV,2416304,62,80.99658408,5.77829989,None,0.707937501,40.85491881,0.038193958,Ocean,73437.66962,10626.8866,COE,2020,1,0.629
Mozambique,HIV_ARV,360435,61,83.36537497,3.640850737,Conflict,0.901890837,29.75583928,0.104114787,Ocean,99717.9357,14123.63531,3PL,2023,5,0.656
Ethiopia,LLIN,208477,64,89.64928957,7.475797489,None,0.978526818,40.45717487,0.071223646,Ocean,77660.99405,10126.70045,RDC,2021,1,0.625
Zambia,LLIN,2445682,58,89.38177132,8.709462144,Port_Closure,0.750572597,52.04049646,0.058146846,Air,123295.0301,15536.85452,3PL,2021,2,0.597
Ethiopia,LLIN,3780370,60,88.77709184,3.76289939,Port_Closure,0.790276934,29.40322269,0.065621712,Land,65351.50889,18858.25744,Public_Depot,2020,3,0.725
Ghana,Maternal_Health,2487839,58,86.4042179,0.63494094,None,0.869032756,52.57023272,0.087800443,Ocean,91132.9633,12676.29595,3PL,2023,1,0.771
Kenya,Maternal_Health,3738173,70,80.67433189,6.347404776,COVID_Lockdown,0.912394563,16.92047535,0.177322629,Ocean,35326.89819,15981.60908,Public_Depot,2023,5,0.523
Ethiopia,Maternal_Health,1396652,50,82.54612036,7.741304832,Port_Closure,0.799867703,33.17481777,0.146811421,Ocean,104769.5798,17099.93555,COE,2022,3,0.523
Nigeria,Malaria_RDT,3978685,55,91.63245088,6.762450579,Port_Closure,0.892635103,37.63681387,0.133576388,Land,42376.43325,11283.94515,3PL,2023,2,0.615
Ghana,Maternal_Health,2030407,44,89.86818667,9.695237592,Conflict,0.96079085,28.87650441,0.094252042,Ocean,102100.7635,14693.26827,RDC,2021,4,0.551
Ghana,LLIN,3327746,42,79.32507546,9.707901997,None,0.910702048,33.34223858,0.000365989,Ocean,29780.88386,17553.94459,3PL,2024,1,0.536
Ethiopia,LLIN,851125,58,90.34728815,4.08380811,Conflict,0.906196588,56.75373795,0.068110142,Ocean,53993.92044,19547.3184,3PL,2020,4,0.727
Malawi,Malaria_RDT,2436537,47,92.54389219,5.596983157,None,0.810771491,54.87918286,0.162638408,Ocean,110136.1968,11886.8299,Public_Depot,2021,1,0.63
Ethiopia,Malaria_RDT,3048778,54,86.26915394,3.510395474,None,0.9643145,48.64041114,0.077634182,Air,131929.7302,8491.68825,Public_Depot,2020,1,0.703
Malawi,Maternal_Health,2743695,71,88.1314059,1.93380891,COVID_Lockdown,0.780423653,52.4945484,0.112763825,Ocean,10000,15334.53658,RDC,2023,5,0.732
Kenya,Contraceptive,1818693,70,91.05742593,2.109682086,Conflict,0.759531303,32.55555496,0.040947963,Ocean,52305.11107,13915.30039,COE,2020,4,0.812
Zambia,Malaria_RDT,2041161,77,82.52141802,7.15106406,None,0.805624941,25.32591489,0.183171548,Air,139886.1969,13121.3901,COE,2021,1,0.513
Ethiopia,HIV_ARV,3912949,71,97.64798902,5.908662562,Flood,0.888545304,30.30878982,0.184634087,Ocean,89260.58984,10922.62651,Public_Depot,2024,4,0.639
Uganda,LLIN,1360015,79,92.11538989,7.669882522,COVID_Lockdown,0.949886616,32.09178645,0.029214077,Ocean,54035.87541,16536.60197,RDC,2021,5,0.666
Malawi,HIV_ARV,3906600,59,88.62014074,12.59486423,None,0.738302847,32.6858204,0.14483179,Ocean,129310.8809,10645.43195,3PL,2022,1,0.44
Ethiopia,LLIN,4563257,45,85.82746078,6.49960281,None,0.936002631,46.3376655,0.015047702,Air,102562.6132,10298.77914,RDC,2020,1,0.662
Mozambique,LLIN,151894,44,88.47388722,2.636238263,Port_Closure,0.935718784,43.87813455,0.119709524,Ocean,88300.56145,12470.83519,RDC,2021,3,0.71
Nigeria,Malaria_RDT,1458277,68,78.19858751,8.105380462,None,0.870206613,37.89205682,0.03573073,Land,27485.41174,16715.52881,RDC,2023,1,0.55
Uganda,Malaria_RDT,2583200,55,96.41043884,2.580463123,None,0.920587902,38.63106828,0.02914105,Ocean,147879.6187,7574.402575,COE,2023,1,0.855
Uganda,HIV_ARV,1654592,56,91.64445787,10.24501065,Conflict,0.752745402,53.13906738,0.000823963,Ocean,92871.42889,8940.649495,3PL,2021,5,0.603
Malawi,LLIN,4524024,49,93.32006798,0,None,0.74917994,24.49812449,0.188171427,Land,75710.20964,9721.677574,RDC,2022,1,0.758
Mozambique,HIV_ARV,3617945,50,86.15378582,3.360353149,Conflict,0.95021201,49.4760768,0.165850498,Land,128852.2636,20932.96726,COE,2020,5,0.638
Mozambique,Contraceptive,3716569,58,84.19855402,6.866414819,Port_Closure,0.844463047,14.6644696,0.015495111,Ocean,57499.41741,14130.12539,COE,2022,3,0.639
Ghana,HIV_ARV,3279112,44,82.62846398,8.532562981,Port_Closure,0.771321792,33.20925205,0.119875122,Land,52193.33572,8828.833158,Public_Depot,2024,3,0.52
Malawi,Maternal_Health,1098966,57,90.06787304,2.969050621,Flood,0.899731804,58.1270413,0.046579647,Ocean,55803.43695,12476.19737,3PL,2021,3,0.774
Zambia,HIV_ARV,4650549,70,83.4372646,2.425226096,Port_Closure,0.958643798,43.61010271,0.052803176,Air,73602.70303,16092.68674,RDC,2022,3,0.726
Nigeria,Maternal_Health,4266794,33,85.06321533,5.445101575,None,0.883373567,34.40029954,0.174834064,Ocean,85803.12198,20999.80326,3PL,2024,1,0.575
Kenya,Maternal_Health,882307,39,88.73199563,10.72698155,None,0.800730062,50.98384428,0.022865149,Ocean,104204.2352,6846.529259,Public_Depot,2022,1,0.557
Uganda,Maternal_Health,2139632,61,82.70335842,0.3848671,Conflict,0.840138952,47.14124892,0.120298027,Ocean,47468.74532,8701.355763,Public_Depot,2024,5,0.718
Kenya,Contraceptive,1890875,68,91.21973382,4.057639708,None,0.918158144,46.65537803,0.080251107,Ocean,94098.56012,11646.70613,RDC,2023,1,0.726
Ethiopia,HIV_ARV,4849412,50,85.91129461,5.780555059,None,0.719575356,37.58368993,0.03816012,Ocean,66923.19468,11787.71107,COE,2023,1,0.667
Ethiopia,HIV_ARV,2418417,35,78.45940341,2.61215191,COVID_Lockdown,0.76297771,51.5193406,0.090383615,Ocean,81759.13191,11723.50589,Public_Depot,2021,5,0.652
Kenya,Contraceptive,4245843,69,82.64998661,2.601841347,COVID_Lockdown,0.834149124,32.27318025,0.188097857,Land,121274.3183,12551.0014,COE,2022,5,0.613
Ethiopia,LLIN,3605971,46,92.54092725,4.299825156,None,0.87522988,31.70579115,0.15632201,Ocean,99785.72874,21114.85533,Public_Depot,2023,1,0.669
Zambia,Malaria_RDT,4056389,51,81.31498743,5.878129478,None,0.798358021,62.49135584,0.02642228,Ocean,102283.2076,7937.092806,3PL,2020,1,0.637
Mozambique,HIV_ARV,362579,58,90.47038744,4.414815061,Flood,0.786533367,34.00100375,0.169885948,Air,66516.6358,13639.29197,RDC,2023,3,0.64
Ethiopia,Malaria_RDT,4123542,48,86.60836718,9.396696957,Conflict,0.712001417,15.61786484,0.187488106,Ocean,142764.1035,15243.90207,Public_Depot,2023,5,0.483
Ghana,Contraceptive,1613825,46,85.14149849,6.777811335,None,0.709454514,52.74994316,0.055392856,Ocean,105162.4252,7193.399793,3PL,2022,1,0.623
Ethiopia,LLIN,3568920,46,98,6.14949207,None,0.780821508,56.33562629,0.066683939,Ocean,72255.67491,18736.82274,Public_Depot,2024,1,0.727
Nigeria,LLIN,4078604,73,79.57891879,8.082960858,Conflict,0.853846769,37.17099636,0.025261985,Ocean,119232.7399,12372.71609,RDC,2020,5,0.567
Zambia,LLIN,3527794,66,82.29933198,6.202408674,COVID_Lockdown,0.861347734,14.86719972,0.068988021,Land,102068.3506,8665.207812,3PL,2020,5,0.608
Nigeria,Contraceptive,1574631,60,85.88284966,3.670440118,Conflict,0.843267973,39.33738508,0.134628159,Ocean,47109.68579,19187.07159,COE,2024,5,0.652
Nigeria,Maternal_Health,1241890,33,98,4.210542641,None,0.818865398,64.86761346,0.054431003,Ocean,91000.73698,15725.11561,Public_Depot,2022,1,0.797
Ghana,Maternal_Health,2395251,60,85.89449412,1.611691359,Port_Closure,0.773164561,42.4307094,0.001365002,Ocean,55954.91258,10829.37372,Public_Depot,2023,3,0.812
Zambia,Malaria_RDT,2942531,60,87.37126469,11.01463456,Flood,0.816201385,49.2322965,0.06770893,Ocean,23798.91004,15900.01633,3PL,2024,3,0.515
Zambia,Maternal_Health,2873978,42,84.3208225,7.792171909,None,0.74024039,49.92174448,0.090634806,Ocean,72019.24261,14550.83683,RDC,2020,1,0.568
Malawi,Maternal_Health,4233583,57,87.79314289,0,None,0.733425176,51.65552175,0.113271207,Air,119021.1483,6854.115186,Public_Depot,2020,1,0.778
Zambia,LLIN,956395,65,84.63091297,8.999385298,None,0.786983544,62.35035942,0.136765021,Air,129230.7469,7245.000388,3PL,2023,1,0.511
Zambia,LLIN,3878239,60,89.47661302,0.602202079,Port_Closure,0.988651151,52.96145205,0.012356869,Land,69678.26151,14346.97531,RDC,2023,2,0.866
Zambia,Malaria_RDT,4580734,48,89.87093663,6.562006934,Port_Closure,0.794684115,39.03139597,0.093950389,Ocean,76437.64273,5914.161495,Public_Depot,2021,2,0.636
Ghana,HIV_ARV,3473994,55,84.82947419,0,Conflict,0.971572353,26.60950918,0.053272493,Ocean,126884.0592,17021.74473,3PL,2024,5,0.803
Ethiopia,Malaria_RDT,4907018,62,80.37259981,3.715611976,Conflict,0.813756022,45.15657135,0.189593913,Land,105119.4956,7476.527153,RDC,2023,5,0.571
Malawi,Malaria_RDT,1994606,55,86.46784924,9.022800523,COVID_Lockdown,0.827312897,37.67857531,0.071979702,Ocean,99684.17488,16682.61643,Public_Depot,2021,5,0.561
Nigeria,Contraceptive,4855028,67,93.01060874,9.18990166,Conflict,0.931148236,48.60143649,0.02002474,Land,89184.29186,18694.12611,Public_Depot,2022,4,0.632
Zambia,Contraceptive,2357600,58,81.86669703,5.920326178,None,0.727155115,29.64555629,0.008298298,Land,106743.5202,14958.63375,RDC,2020,1,0.652
Uganda,Malaria_RDT,1020278,62,87.66958445,7.36239438,None,0.752870864,36.39265436,0.053081178,Land,84104.44458,1000,RDC,2024,1,0.626
Ethiopia,Malaria_RDT,545919,63,79.97129785,0.759289323,Port_Closure,0.982413677,40.13391629,0.035775748,Ocean,130885.4121,17481.29224,3PL,2022,2,0.752
Ethiopia,Malaria_RDT,3331837,44,80.80096333,6.614999818,None,0.846716029,28.72950706,0.129959925,Ocean,81413.59701,11253.78401,Public_Depot,2024,1,0.548
Nigeria,Maternal_Health,2998134,55,92.50182918,7.55291223,COVID_Lockdown,0.712849808,40.47832482,0.169393308,Air,80937.85207,12769.63603,Public_Depot,2024,5,0.575
Ghana,Contraceptive,2359608,51,89.45766691,12.70923751,None,0.713740413,49.44226963,0.062511741,Air,23334.15935,10026.82268,3PL,2023,1,0.483
Kenya,Malaria_RDT,1397203,65,87.74482565,3.130342101,None,0.963099798,62.92166085,0.115558291,Ocean,116742.9052,19728.47498,Public_Depot,2021,1,0.695
Kenya,LLIN,516589,59,74.39113368,5.048908451,Port_Closure,0.953275876,31.17628224,0.146061055,Air,56117.91308,13709.68369,Public_Depot,2024,2,0.528
Ethiopia,LLIN,2443365,53,83.23553564,5.234345335,Port_Closure,0.832935741,50.86991179,0.079697538,Ocean,13898.98397,11375.52001,Public_Depot,2022,2,0.632
Mozambique,Maternal_Health,1237018,42,89.03407002,7.095751201,Flood,0.747334405,16.26380235,0.013265122,Ocean,79633.60085,18357.70028,COE,2024,3,0.671
Mozambique,Maternal_Health,1742737,39,78.75467246,7.641532065,Port_Closure,0.940782536,39.9095255,0.045836982,Land,74851.92981,16518.06739,RDC,2021,2,0.56
Nigeria,HIV_ARV,2317357,58,84.23057305,8.182745335,None,0.794134031,40.8477929,0.176613162,Ocean,98495.47439,8470.313002,COE,2020,1,0.504
Kenya,HIV_ARV,1849971,47,89.83326855,7.963886478,None,0.821526936,49.77027369,0.164896053,Ocean,104474.1396,14336.10092,COE,2024,1,0.551
Ethiopia,HIV_ARV,1194337,61,78.44430643,0.556645122,COVID_Lockdown,0.89791815,33.76383871,0.017306506,Ocean,60167.72138,13881.18821,RDC,2022,5,0.757
Ghana,Maternal_Health,1474473,38,77.60356707,0,None,0.802485522,42.93709363,0.044789745,Ocean,166597.3643,7111.680426,COE,2020,1,0.741
Kenya,Maternal_Health,3300428,70,78.53085942,3.456870839,None,0.882314279,53.30100539,0.153833056,Ocean,78959.9235,16308.40087,3PL,2020,1,0.588
Ethiopia,Maternal_Health,3632334,61,87.67242606,4.893749466,Port_Closure,0.956731986,26.47326041,0.097179646,Ocean,34354.01415,12883.84338,COE,2023,2,0.662
Ethiopia,LLIN,623881,55,83.21500736,3.160196722,None,0.931238248,16.49774395,0.151993406,Ocean,132484.5075,21604.55303,3PL,2023,1,0.631
Zambia,Maternal_Health,1068454,71,90.39024313,3.620905571,Port_Closure,0.810667211,52.9542153,0.042218494,Land,106852.212,18639.06857,RDC,2024,2,0.761
Ghana,LLIN,3928551,64,86.60509193,3.991251717,Flood,0.783501601,28.02986351,0.190539628,Land,97265.86041,13888.42514,Public_Depot,2022,3,0.608
Zambia,HIV_ARV,4885925,50,95.40267359,6.732322998,Conflict,0.78279803,45.48341112,0.15672149,Ocean,71940.87886,12650.40742,RDC,2023,4,0.624
Nigeria,HIV_ARV,3351394,55,79.81258901,1.898923835,Flood,0.801091434,63.40105401,0.039490465,Ocean,86374.69348,4821.19366,RDC,2021,3,0.718
Zambia,HIV_ARV,2877364,35,87.65885853,4.76651669,None,0.843119926,50.03658107,0.11168984,Ocean,19942.66004,16369.35603,COE,2021,1,0.655
Uganda,Malaria_RDT,3404513,65,82.02392614,4.789479151,Port_Closure,0.820813269,28.34394661,0.022619426,Air,76868.45496,12726.46843,RDC,2020,3,0.674
Zambia,Malaria_RDT,2485678,52,89.0010635,6.664098016,None,0.738571166,22.45309169,0.072286963,Air,158703.5132,11130.28949,RDC,2020,1,0.642
